<?xml version="1.0" ?>
<root>
    <map>
        <width>64</width>
        <height>64</height>
        <agents>200</agents>
        <startx number="0">22</startx>
        <starty number="0">11</starty>
        <finishx number="0">36</finishx>
        <finishy number="0">32</finishy>
        <startx number="1">59</startx>
        <starty number="1">52</starty>
        <finishx number="1">37</finishx>
        <finishy number="1">37</finishy>
        <startx number="2">49</startx>
        <starty number="2">1</starty>
        <finishx number="2">16</finishx>
        <finishy number="2">51</finishy>
        <startx number="3">31</startx>
        <starty number="3">28</starty>
        <finishx number="3">35</finishx>
        <finishy number="3">46</finishy>
        <startx number="4">12</startx>
        <starty number="4">17</starty>
        <finishx number="4">59</finishx>
        <finishy number="4">2</finishy>
        <startx number="5">2</startx>
        <starty number="5">22</starty>
        <finishx number="5">18</finishx>
        <finishy number="5">6</finishy>
        <startx number="6">56</startx>
        <starty number="6">39</starty>
        <finishx number="6">45</finishx>
        <finishy number="6">20</finishy>
        <startx number="7">5</startx>
        <starty number="7">50</starty>
        <finishx number="7">55</finishx>
        <finishy number="7">24</finishy>
        <startx number="8">48</startx>
        <starty number="8">17</starty>
        <finishx number="8">2</finishx>
        <finishy number="8">0</finishy>
        <startx number="9">28</startx>
        <starty number="9">60</starty>
        <finishx number="9">20</finishx>
        <finishy number="9">37</finishy>
        <startx number="10">25</startx>
        <starty number="10">50</starty>
        <finishx number="10">10</finishx>
        <finishy number="10">26</finishy>
        <startx number="11">24</startx>
        <starty number="11">7</starty>
        <finishx number="11">50</finishx>
        <finishy number="11">62</finishy>
        <startx number="12">0</startx>
        <starty number="12">60</starty>
        <finishx number="12">25</finishx>
        <finishy number="12">63</finishy>
        <startx number="13">45</startx>
        <starty number="13">55</starty>
        <finishx number="13">15</finishx>
        <finishy number="13">38</finishy>
        <startx number="14">30</startx>
        <starty number="14">46</starty>
        <finishx number="14">17</finishx>
        <finishy number="14">49</finishy>
        <startx number="15">13</startx>
        <starty number="15">36</starty>
        <finishx number="15">26</finishx>
        <finishy number="15">18</finishy>
        <startx number="16">40</startx>
        <starty number="16">61</starty>
        <finishx number="16">21</finishx>
        <finishy number="16">3</finishy>
        <startx number="17">49</startx>
        <starty number="17">46</starty>
        <finishx number="17">40</finishx>
        <finishy number="17">56</finishy>
        <startx number="18">31</startx>
        <starty number="18">25</starty>
        <finishx number="18">52</finishx>
        <finishy number="18">5</finishy>
        <startx number="19">29</startx>
        <starty number="19">15</starty>
        <finishx number="19">42</finishx>
        <finishy number="19">55</finishy>
        <startx number="20">7</startx>
        <starty number="20">16</starty>
        <finishx number="20">19</finishx>
        <finishy number="20">3</finishy>
        <startx number="21">23</startx>
        <starty number="21">45</starty>
        <finishx number="21">48</finishx>
        <finishy number="21">56</finishy>
        <startx number="22">18</startx>
        <starty number="22">27</starty>
        <finishx number="22">38</finishx>
        <finishy number="22">50</finishy>
        <startx number="23">6</startx>
        <starty number="23">35</starty>
        <finishx number="23">58</finishx>
        <finishy number="23">44</finishy>
        <startx number="24">62</startx>
        <starty number="24">54</starty>
        <finishx number="24">7</finishx>
        <finishy number="24">48</finishy>
        <startx number="25">51</startx>
        <starty number="25">30</starty>
        <finishx number="25">49</finishx>
        <finishy number="25">19</finishy>
        <startx number="26">50</startx>
        <starty number="26">17</starty>
        <finishx number="26">59</finishx>
        <finishy number="26">15</finishy>
        <startx number="27">13</startx>
        <starty number="27">33</starty>
        <finishx number="27">42</finishx>
        <finishy number="27">39</finishy>
        <startx number="28">50</startx>
        <starty number="28">3</starty>
        <finishx number="28">59</finishx>
        <finishy number="28">63</finishy>
        <startx number="29">4</startx>
        <starty number="29">0</starty>
        <finishx number="29">49</finishx>
        <finishy number="29">14</finishy>
        <startx number="30">53</startx>
        <starty number="30">22</starty>
        <finishx number="30">17</finishx>
        <finishy number="30">62</finishy>
        <startx number="31">2</startx>
        <starty number="31">35</starty>
        <finishx number="31">15</finishx>
        <finishy number="31">54</finishy>
        <startx number="32">52</startx>
        <starty number="32">56</starty>
        <finishx number="32">40</finishx>
        <finishy number="32">50</finishy>
        <startx number="33">24</startx>
        <starty number="33">13</starty>
        <finishx number="33">13</finishx>
        <finishy number="33">31</finishy>
        <startx number="34">32</startx>
        <starty number="34">9</starty>
        <finishx number="34">62</finishx>
        <finishy number="34">25</finishy>
        <startx number="35">5</startx>
        <starty number="35">38</starty>
        <finishx number="35">52</finishx>
        <finishy number="35">59</finishy>
        <startx number="36">23</startx>
        <starty number="36">56</starty>
        <finishx number="36">1</finishx>
        <finishy number="36">49</finishy>
        <startx number="37">36</startx>
        <starty number="37">30</starty>
        <finishx number="37">59</finishx>
        <finishy number="37">39</finishy>
        <startx number="38">17</startx>
        <starty number="38">44</starty>
        <finishx number="38">20</finishx>
        <finishy number="38">25</finishy>
        <startx number="39">28</startx>
        <starty number="39">42</starty>
        <finishx number="39">49</finishx>
        <finishy number="39">9</finishy>
        <startx number="40">13</startx>
        <starty number="40">39</starty>
        <finishx number="40">4</finishx>
        <finishy number="40">53</finishy>
        <startx number="41">54</startx>
        <starty number="41">53</starty>
        <finishx number="41">62</finishx>
        <finishy number="41">41</finishy>
        <startx number="42">39</startx>
        <starty number="42">40</starty>
        <finishx number="42">57</finishx>
        <finishy number="42">61</finishy>
        <startx number="43">26</startx>
        <starty number="43">10</starty>
        <finishx number="43">16</finishx>
        <finishy number="43">41</finishy>
        <startx number="44">63</startx>
        <starty number="44">38</starty>
        <finishx number="44">16</finishx>
        <finishy number="44">11</finishy>
        <startx number="45">63</startx>
        <starty number="45">14</starty>
        <finishx number="45">12</finishx>
        <finishy number="45">26</finishy>
        <startx number="46">5</startx>
        <starty number="46">45</starty>
        <finishx number="46">19</finishx>
        <finishy number="46">61</finishy>
        <startx number="47">8</startx>
        <starty number="47">42</starty>
        <finishx number="47">5</finishx>
        <finishy number="47">10</finishy>
        <startx number="48">32</startx>
        <starty number="48">54</starty>
        <finishx number="48">16</finishx>
        <finishy number="48">22</finishy>
        <startx number="49">20</startx>
        <starty number="49">27</starty>
        <finishx number="49">36</finishx>
        <finishy number="49">11</finishy>
        <startx number="50">42</startx>
        <starty number="50">31</starty>
        <finishx number="50">38</finishx>
        <finishy number="50">13</finishy>
        <startx number="51">54</startx>
        <starty number="51">61</starty>
        <finishx number="51">5</finishx>
        <finishy number="51">14</finishy>
        <startx number="52">12</startx>
        <starty number="52">20</starty>
        <finishx number="52">41</finishx>
        <finishy number="52">5</finishy>
        <startx number="53">32</startx>
        <starty number="53">49</starty>
        <finishx number="53">57</finishx>
        <finishy number="53">2</finishy>
        <startx number="54">30</startx>
        <starty number="54">63</starty>
        <finishx number="54">54</finishx>
        <finishy number="54">5</finishy>
        <startx number="55">25</startx>
        <starty number="55">26</starty>
        <finishx number="55">5</finishx>
        <finishy number="55">3</finishy>
        <startx number="56">7</startx>
        <starty number="56">2</starty>
        <finishx number="56">38</finishx>
        <finishy number="56">24</finishy>
        <startx number="57">10</startx>
        <starty number="57">12</starty>
        <finishx number="57">35</finishx>
        <finishy number="57">5</finishy>
        <startx number="58">26</startx>
        <starty number="58">7</starty>
        <finishx number="58">34</finishx>
        <finishy number="58">19</finishy>
        <startx number="59">30</startx>
        <starty number="59">12</starty>
        <finishx number="59">53</finishx>
        <finishy number="59">45</finishy>
        <startx number="60">28</startx>
        <starty number="60">26</starty>
        <finishx number="60">58</finishx>
        <finishy number="60">10</finishy>
        <startx number="61">49</startx>
        <starty number="61">41</starty>
        <finishx number="61">5</finishx>
        <finishy number="61">5</finishy>
        <startx number="62">35</startx>
        <starty number="62">40</starty>
        <finishx number="62">24</finishx>
        <finishy number="62">5</finishy>
        <startx number="63">22</startx>
        <starty number="63">29</starty>
        <finishx number="63">20</finishx>
        <finishy number="63">8</finishy>
        <startx number="64">24</startx>
        <starty number="64">53</starty>
        <finishx number="64">15</finishx>
        <finishy number="64">33</finishy>
        <startx number="65">37</startx>
        <starty number="65">16</starty>
        <finishx number="65">62</finishx>
        <finishy number="65">36</finishy>
        <startx number="66">9</startx>
        <starty number="66">50</starty>
        <finishx number="66">33</finishx>
        <finishy number="66">38</finishy>
        <startx number="67">33</startx>
        <starty number="67">62</starty>
        <finishx number="67">46</finishx>
        <finishy number="67">6</finishy>
        <startx number="68">30</startx>
        <starty number="68">23</starty>
        <finishx number="68">1</finishx>
        <finishy number="68">52</finishy>
        <startx number="69">46</startx>
        <starty number="69">12</starty>
        <finishx number="69">49</finishx>
        <finishy number="69">30</finishy>
        <startx number="70">54</startx>
        <starty number="70">13</starty>
        <finishx number="70">56</finishx>
        <finishy number="70">0</finishy>
        <startx number="71">52</startx>
        <starty number="71">48</starty>
        <finishx number="71">13</finishx>
        <finishy number="71">41</finishy>
        <startx number="72">12</startx>
        <starty number="72">44</starty>
        <finishx number="72">53</finishx>
        <finishy number="72">27</finishy>
        <startx number="73">38</startx>
        <starty number="73">56</starty>
        <finishx number="73">61</finishx>
        <finishy number="73">7</finishy>
        <startx number="74">28</startx>
        <starty number="74">20</starty>
        <finishx number="74">15</finishx>
        <finishy number="74">17</finishy>
        <startx number="75">37</startx>
        <starty number="75">21</starty>
        <finishx number="75">43</finishx>
        <finishy number="75">4</finishy>
        <startx number="76">11</startx>
        <starty number="76">37</starty>
        <finishx number="76">22</finishx>
        <finishy number="76">6</finishy>
        <startx number="77">33</startx>
        <starty number="77">14</starty>
        <finishx number="77">25</finishx>
        <finishy number="77">58</finishy>
        <startx number="78">4</startx>
        <starty number="78">35</starty>
        <finishx number="78">6</finishx>
        <finishy number="78">56</finishy>
        <startx number="79">7</startx>
        <starty number="79">61</starty>
        <finishx number="79">59</finishx>
        <finishy number="79">31</finishy>
        <startx number="80">6</startx>
        <starty number="80">24</starty>
        <finishx number="80">45</finishx>
        <finishy number="80">57</finishy>
        <startx number="81">26</startx>
        <starty number="81">5</starty>
        <finishx number="81">49</finishx>
        <finishy number="81">22</finishy>
        <startx number="82">15</startx>
        <starty number="82">35</starty>
        <finishx number="82">19</finishx>
        <finishy number="82">11</finishy>
        <startx number="83">2</startx>
        <starty number="83">62</starty>
        <finishx number="83">10</finishx>
        <finishy number="83">15</finishy>
        <startx number="84">31</startx>
        <starty number="84">4</starty>
        <finishx number="84">26</finishx>
        <finishy number="84">36</finishy>
        <startx number="85">56</startx>
        <starty number="85">21</starty>
        <finishx number="85">9</finishx>
        <finishy number="85">37</finishy>
        <startx number="86">48</startx>
        <starty number="86">39</starty>
        <finishx number="86">18</finishx>
        <finishy number="86">33</finishy>
        <startx number="87">19</startx>
        <starty number="87">22</starty>
        <finishx number="87">57</finishx>
        <finishy number="87">18</finishy>
        <startx number="88">8</startx>
        <starty number="88">5</starty>
        <finishx number="88">12</finishx>
        <finishy number="88">47</finishy>
        <startx number="89">57</startx>
        <starty number="89">24</starty>
        <finishx number="89">50</finishx>
        <finishy number="89">54</finishy>
        <startx number="90">39</startx>
        <starty number="90">37</starty>
        <finishx number="90">6</finishx>
        <finishy number="90">32</finishy>
        <startx number="91">10</startx>
        <starty number="91">63</starty>
        <finishx number="91">25</finishx>
        <finishy number="91">55</finishy>
        <startx number="92">37</startx>
        <starty number="92">40</starty>
        <finishx number="92">9</finishx>
        <finishy number="92">2</finishy>
        <startx number="93">61</startx>
        <starty number="93">63</starty>
        <finishx number="93">26</finishx>
        <finishy number="93">39</finishy>
        <startx number="94">4</startx>
        <starty number="94">32</starty>
        <finishx number="94">18</finishx>
        <finishy number="94">1</finishy>
        <startx number="95">60</startx>
        <starty number="95">55</starty>
        <finishx number="95">3</finishx>
        <finishy number="95">16</finishy>
        <startx number="96">40</startx>
        <starty number="96">45</starty>
        <finishx number="96">37</finishx>
        <finishy number="96">8</finishy>
        <startx number="97">57</startx>
        <starty number="97">50</starty>
        <finishx number="97">53</finishx>
        <finishy number="97">40</finishy>
        <startx number="98">11</startx>
        <starty number="98">23</starty>
        <finishx number="98">26</finishx>
        <finishy number="98">21</finishy>
        <startx number="99">12</startx>
        <starty number="99">60</starty>
        <finishx number="99">43</finishx>
        <finishy number="99">7</finishy>
        <startx number="100">5</startx>
        <starty number="100">29</starty>
        <finishx number="100">28</finishx>
        <finishy number="100">63</finishy>
        <startx number="101">49</startx>
        <starty number="101">27</starty>
        <finishx number="101">16</finishx>
        <finishy number="101">1</finishy>
        <startx number="102">4</startx>
        <starty number="102">43</starty>
        <finishx number="102">25</finishx>
        <finishy number="102">2</finishy>
        <startx number="103">33</startx>
        <starty number="103">56</starty>
        <finishx number="103">14</finishx>
        <finishy number="103">49</finishy>
        <startx number="104">26</startx>
        <starty number="104">45</starty>
        <finishx number="104">36</finishx>
        <finishy number="104">19</finishy>
        <startx number="105">42</startx>
        <starty number="105">13</starty>
        <finishx number="105">52</finishx>
        <finishy number="105">43</finishy>
        <startx number="106">3</startx>
        <starty number="106">51</starty>
        <finishx number="106">62</finishx>
        <finishy number="106">9</finishy>
        <startx number="107">36</startx>
        <starty number="107">61</starty>
        <finishx number="107">39</finishx>
        <finishy number="107">0</finishy>
        <startx number="108">1</startx>
        <starty number="108">9</starty>
        <finishx number="108">24</finishx>
        <finishy number="108">61</finishy>
        <startx number="109">33</startx>
        <starty number="109">25</starty>
        <finishx number="109">40</finishx>
        <finishy number="109">13</finishy>
        <startx number="110">42</startx>
        <starty number="110">36</starty>
        <finishx number="110">1</finishx>
        <finishy number="110">20</finishy>
        <startx number="111">43</startx>
        <starty number="111">15</starty>
        <finishx number="111">46</finishx>
        <finishy number="111">38</finishy>
        <startx number="112">17</startx>
        <starty number="112">14</starty>
        <finishx number="112">42</finishx>
        <finishy number="112">21</finishy>
        <startx number="113">10</startx>
        <starty number="113">31</starty>
        <finishx number="113">52</finishx>
        <finishy number="113">37</finishy>
        <startx number="114">26</startx>
        <starty number="114">15</starty>
        <finishx number="114">54</finishx>
        <finishy number="114">3</finishy>
        <startx number="115">58</startx>
        <starty number="115">34</starty>
        <finishx number="115">63</finishx>
        <finishy number="115">60</finishy>
        <startx number="116">39</startx>
        <starty number="116">10</starty>
        <finishx number="116">20</finishx>
        <finishy number="116">43</finishy>
        <startx number="117">17</startx>
        <starty number="117">46</starty>
        <finishx number="117">10</finishx>
        <finishy number="117">53</finishy>
        <startx number="118">55</startx>
        <starty number="118">37</starty>
        <finishx number="118">52</finishx>
        <finishy number="118">24</finishy>
        <startx number="119">36</startx>
        <starty number="119">48</starty>
        <finishx number="119">42</finishx>
        <finishy number="119">61</finishy>
        <startx number="120">48</startx>
        <starty number="120">43</starty>
        <finishx number="120">7</finishx>
        <finishy number="120">0</finishy>
        <startx number="121">32</startx>
        <starty number="121">43</starty>
        <finishx number="121">27</finishx>
        <finishy number="121">1</finishy>
        <startx number="122">62</startx>
        <starty number="122">49</starty>
        <finishx number="122">34</finishx>
        <finishy number="122">3</finishy>
        <startx number="123">30</startx>
        <starty number="123">44</starty>
        <finishx number="123">33</finishx>
        <finishy number="123">6</finishy>
        <startx number="124">7</startx>
        <starty number="124">45</starty>
        <finishx number="124">10</finishx>
        <finishy number="124">18</finishy>
        <startx number="125">39</startx>
        <starty number="125">48</starty>
        <finishx number="125">18</finishx>
        <finishy number="125">38</finishy>
        <startx number="126">9</startx>
        <starty number="126">61</starty>
        <finishx number="126">44</finishx>
        <finishy number="126">26</finishy>
        <startx number="127">32</startx>
        <starty number="127">19</starty>
        <finishx number="127">11</finishx>
        <finishy number="127">50</finishy>
        <startx number="128">63</startx>
        <starty number="128">57</starty>
        <finishx number="128">46</finishx>
        <finishy number="128">9</finishy>
        <startx number="129">23</startx>
        <starty number="129">39</starty>
        <finishx number="129">28</finishx>
        <finishy number="129">28</finishy>
        <startx number="130">49</startx>
        <starty number="130">32</starty>
        <finishx number="130">55</finishx>
        <finishy number="130">45</finishy>
        <startx number="131">38</startx>
        <starty number="131">5</starty>
        <finishx number="131">46</finishx>
        <finishy number="131">63</finishy>
        <startx number="132">13</startx>
        <starty number="132">12</starty>
        <finishx number="132">16</finishx>
        <finishy number="132">28</finishy>
        <startx number="133">13</startx>
        <starty number="133">52</starty>
        <finishx number="133">10</finishx>
        <finishy number="133">55</finishy>
        <startx number="134">61</startx>
        <starty number="134">44</starty>
        <finishx number="134">54</finishx>
        <finishy number="134">56</finishy>
        <startx number="135">17</startx>
        <starty number="135">16</starty>
        <finishx number="135">44</finishx>
        <finishy number="135">60</finishy>
        <startx number="136">36</startx>
        <starty number="136">3</starty>
        <finishx number="136">3</finishx>
        <finishy number="136">8</finishy>
        <startx number="137">23</startx>
        <starty number="137">27</starty>
        <finishx number="137">14</finishx>
        <finishy number="137">46</finishy>
        <startx number="138">6</startx>
        <starty number="138">27</starty>
        <finishx number="138">30</finishx>
        <finishy number="138">54</finishy>
        <startx number="139">14</startx>
        <starty number="139">1</starty>
        <finishx number="139">58</finishx>
        <finishy number="139">48</finishy>
        <startx number="140">43</startx>
        <starty number="140">47</starty>
        <finishx number="140">8</finishx>
        <finishy number="140">21</finishy>
        <startx number="141">20</startx>
        <starty number="141">40</starty>
        <finishx number="141">22</finishx>
        <finishy number="141">61</finishy>
        <startx number="142">24</startx>
        <starty number="142">18</starty>
        <finishx number="142">55</finishx>
        <finishy number="142">43</finishy>
        <startx number="143">3</startx>
        <starty number="143">40</starty>
        <finishx number="143">54</finishx>
        <finishy number="143">34</finishy>
        <startx number="144">0</startx>
        <starty number="144">17</starty>
        <finishx number="144">57</finishx>
        <finishy number="144">56</finishy>
        <startx number="145">14</startx>
        <starty number="145">7</starty>
        <finishx number="145">24</finishx>
        <finishy number="145">29</finishy>
        <startx number="146">16</startx>
        <starty number="146">25</starty>
        <finishx number="146">61</finishx>
        <finishy number="146">52</finishy>
        <startx number="147">24</startx>
        <starty number="147">48</starty>
        <finishx number="147">30</finishx>
        <finishy number="147">60</finishy>
        <startx number="148">48</startx>
        <starty number="148">49</starty>
        <finishx number="148">41</finishx>
        <finishy number="148">58</finishy>
        <startx number="149">14</startx>
        <starty number="149">25</starty>
        <finishx number="149">7</finishx>
        <finishy number="149">50</finishy>
        <startx number="150">22</startx>
        <starty number="150">59</starty>
        <finishx number="150">51</finishx>
        <finishy number="150">19</finishy>
        <startx number="151">21</startx>
        <starty number="151">35</starty>
        <finishx number="151">44</finishx>
        <finishy number="151">49</finishy>
        <startx number="152">28</startx>
        <starty number="152">39</starty>
        <finishx number="152">54</finishx>
        <finishy number="152">59</finishy>
        <startx number="153">63</startx>
        <starty number="153">30</starty>
        <finishx number="153">57</finishx>
        <finishy number="153">53</finishy>
        <startx number="154">24</startx>
        <starty number="154">10</starty>
        <finishx number="154">32</finishx>
        <finishy number="154">46</finishy>
        <startx number="155">26</startx>
        <starty number="155">61</starty>
        <finishx number="155">22</finishx>
        <finishy number="155">51</finishy>
        <startx number="156">36</startx>
        <starty number="156">59</starty>
        <finishx number="156">43</finishx>
        <finishy number="156">10</finishy>
        <startx number="157">22</startx>
        <starty number="157">48</starty>
        <finishx number="157">43</finishx>
        <finishy number="157">44</finishy>
        <startx number="158">23</startx>
        <starty number="158">35</starty>
        <finishx number="158">36</finishx>
        <finishy number="158">24</finishy>
        <startx number="159">0</startx>
        <starty number="159">46</starty>
        <finishx number="159">39</finishx>
        <finishy number="159">8</finishy>
        <startx number="160">60</startx>
        <starty number="160">61</starty>
        <finishx number="160">44</finishx>
        <finishy number="160">36</finishy>
        <startx number="161">14</startx>
        <starty number="161">63</starty>
        <finishx number="161">8</finishx>
        <finishy number="161">12</finishy>
        <startx number="162">30</startx>
        <starty number="162">38</starty>
        <finishx number="162">58</finishx>
        <finishy number="162">7</finishy>
        <startx number="163">43</startx>
        <starty number="163">63</starty>
        <finishx number="163">62</finishx>
        <finishy number="163">1</finishy>
        <startx number="164">51</startx>
        <starty number="164">14</starty>
        <finishx number="164">3</finishx>
        <finishy number="164">19</finishy>
        <startx number="165">35</startx>
        <starty number="165">22</starty>
        <finishx number="165">48</finishx>
        <finishy number="165">35</finishy>
        <startx number="166">29</startx>
        <starty number="166">17</starty>
        <finishx number="166">38</finishx>
        <finishy number="166">26</finishy>
        <startx number="167">38</startx>
        <starty number="167">32</starty>
        <finishx number="167">44</finishx>
        <finishy number="167">17</finishy>
        <startx number="168">31</startx>
        <starty number="168">52</starty>
        <finishx number="168">50</finishx>
        <finishy number="168">43</finishy>
        <startx number="169">60</startx>
        <starty number="169">25</starty>
        <finishx number="169">34</finishx>
        <finishy number="169">30</finishy>
        <startx number="170">6</startx>
        <starty number="170">40</starty>
        <finishx number="170">28</finishx>
        <finishy number="170">55</finishy>
        <startx number="171">50</startx>
        <starty number="171">25</starty>
        <finishx number="171">15</finishx>
        <finishy number="171">4</finishy>
        <startx number="172">29</startx>
        <starty number="172">9</starty>
        <finishx number="172">13</finishx>
        <finishy number="172">28</finishy>
        <startx number="173">2</startx>
        <starty number="173">14</starty>
        <finishx number="173">62</finishx>
        <finishy number="173">20</finishy>
        <startx number="174">56</startx>
        <starty number="174">34</starty>
        <finishx number="174">7</finishx>
        <finishy number="174">37</finishy>
        <startx number="175">12</startx>
        <starty number="175">15</starty>
        <finishx number="175">56</finishx>
        <finishy number="175">5</finishy>
        <startx number="176">59</startx>
        <starty number="176">42</starty>
        <finishx number="176">17</finishx>
        <finishy number="176">30</finishy>
        <startx number="177">8</startx>
        <starty number="177">53</starty>
        <finishx number="177">23</finishx>
        <finishy number="177">21</finishy>
        <startx number="178">20</startx>
        <starty number="178">54</starty>
        <finishx number="178">18</finishx>
        <finishy number="178">25</finishy>
        <startx number="179">58</startx>
        <starty number="179">13</starty>
        <finishx number="179">32</finishx>
        <finishy number="179">60</finishy>
        <startx number="180">38</startx>
        <starty number="180">53</starty>
        <finishx number="180">61</finishx>
        <finishy number="180">4</finishy>
        <startx number="181">61</startx>
        <starty number="181">39</starty>
        <finishx number="181">26</finishx>
        <finishy number="181">47</finishy>
        <startx number="182">9</startx>
        <starty number="182">39</starty>
        <finishx number="182">30</finishx>
        <finishy number="182">49</finishy>
        <startx number="183">57</startx>
        <starty number="183">26</starty>
        <finishx number="183">51</finishx>
        <finishy number="183">8</finishy>
        <startx number="184">50</startx>
        <starty number="184">35</starty>
        <finishx number="184">31</finishx>
        <finishy number="184">41</finishy>
        <startx number="185">42</startx>
        <starty number="185">26</starty>
        <finishx number="185">55</finishx>
        <finishy number="185">50</finishy>
        <startx number="186">29</startx>
        <starty number="186">33</starty>
        <finishx number="186">23</finishx>
        <finishy number="186">37</finishy>
        <startx number="187">32</startx>
        <starty number="187">22</starty>
        <finishx number="187">0</finishx>
        <finishy number="187">57</finishy>
        <startx number="188">39</startx>
        <starty number="188">43</starty>
        <finishx number="188">44</finishx>
        <finishy number="188">31</finishy>
        <startx number="189">54</startx>
        <starty number="189">29</starty>
        <finishx number="189">37</finishx>
        <finishy number="189">43</finishy>
        <startx number="190">28</startx>
        <starty number="190">52</starty>
        <finishx number="190">1</finishx>
        <finishy number="190">25</finishy>
        <startx number="191">4</startx>
        <starty number="191">48</starty>
        <finishx number="191">0</finishx>
        <finishy number="191">62</finishy>
        <startx number="192">38</startx>
        <starty number="192">59</starty>
        <finishx number="192">35</finishx>
        <finishy number="192">8</finishy>
        <startx number="193">51</startx>
        <starty number="193">45</starty>
        <finishx number="193">45</finishx>
        <finishy number="193">1</finishy>
        <startx number="194">18</startx>
        <starty number="194">9</starty>
        <finishx number="194">0</finishx>
        <finishy number="194">6</finishy>
        <startx number="195">22</startx>
        <starty number="195">0</starty>
        <finishx number="195">24</finishx>
        <finishy number="195">24</finishy>
        <startx number="196">45</startx>
        <starty number="196">33</starty>
        <finishx number="196">61</finishx>
        <finishy number="196">28</finishy>
        <startx number="197">38</startx>
        <starty number="197">61</starty>
        <finishx number="197">20</finishx>
        <finishy number="197">5</finishy>
        <startx number="198">48</startx>
        <starty number="198">52</starty>
        <finishx number="198">15</finishx>
        <finishy number="198">14</finishy>
        <startx number="199">60</startx>
        <starty number="199">36</starty>
        <finishx number="199">44</finishx>
        <finishy number="199">42</finishy>
        <grid>
            <row>0 0 0 0 0 0 0 0 0 0 0 0 0 0 0 0 0 0 0 0 0 0 0 0 0 0 0 0 0 0 0 0 0 0 0 0 0 0 0 0 0 0 0 0 0 0 0 0 0 0 0 0 0 0 0 0 0 0 0 0 0 0 0 0</row>
            <row>0 0 0 0 0 0 0 0 0 0 0 0 0 0 0 0 0 0 0 0 0 0 0 0 0 0 0 0 0 0 0 0 0 0 0 0 0 0 0 0 0 0 0 0 0 0 0 0 0 0 0 0 0 0 0 0 0 0 0 0 0 0 0 0</row>
            <row>0 0 0 0 0 0 0 0 0 0 0 0 0 0 0 0 0 0 0 0 0 0 0 0 0 0 0 0 0 0 0 0 0 0 0 0 0 0 0 0 0 0 0 0 0 0 0 0 0 0 0 0 0 0 0 0 0 0 0 0 0 0 0 0</row>
            <row>0 0 0 0 0 0 0 0 0 0 0 0 0 0 0 0 0 0 0 0 0 0 0 0 0 0 0 0 0 0 0 0 0 0 0 0 0 0 0 0 0 0 0 0 0 0 0 0 0 0 0 0 0 0 0 0 0 0 0 0 0 0 0 0</row>
            <row>0 0 0 0 0 0 0 0 0 0 0 0 0 0 0 0 0 0 0 0 0 0 0 0 0 0 0 0 0 0 0 0 0 0 0 0 0 0 0 0 0 0 0 0 0 0 0 0 0 0 0 0 0 0 0 0 0 0 0 0 0 0 0 0</row>
            <row>0 0 0 0 0 0 0 0 0 0 0 0 0 0 0 0 0 0 0 0 0 0 0 0 0 0 0 0 0 0 0 0 0 0 0 0 0 0 0 0 0 0 0 0 0 0 0 0 0 0 0 0 0 0 0 0 0 0 0 0 0 0 0 0</row>
            <row>0 0 0 0 0 0 0 0 0 0 0 0 0 0 0 0 0 0 0 0 0 0 0 0 0 0 0 0 0 0 0 0 0 0 0 0 0 0 0 0 0 0 0 0 0 0 0 0 0 0 0 0 0 0 0 0 0 0 0 0 0 0 0 0</row>
            <row>0 0 0 0 0 0 0 0 0 0 0 0 0 0 0 0 0 0 0 0 0 0 0 0 0 0 0 0 0 0 0 0 0 0 0 0 0 0 0 0 0 0 0 0 0 0 0 0 0 0 0 0 0 0 0 0 0 0 0 0 0 0 0 0</row>
            <row>0 0 0 0 0 0 0 0 0 0 0 0 0 0 0 0 0 0 0 0 0 0 0 0 0 0 0 0 0 0 0 0 0 0 0 0 0 0 0 0 0 0 0 0 0 0 0 0 0 0 0 0 0 0 0 0 0 0 0 0 0 0 0 0</row>
            <row>0 0 0 0 0 0 0 0 0 0 0 0 0 0 0 0 0 0 0 0 0 0 0 0 0 0 0 0 0 0 0 0 0 0 0 0 0 0 0 0 0 0 0 0 0 0 0 0 0 0 0 0 0 0 0 0 0 0 0 0 0 0 0 0</row>
            <row>0 0 0 0 0 0 0 0 0 0 0 0 0 0 0 0 0 0 0 0 0 0 0 0 0 0 0 0 0 0 0 0 0 0 0 0 0 0 0 0 0 0 0 0 0 0 0 0 0 0 0 0 0 0 0 0 0 0 0 0 0 0 0 0</row>
            <row>0 0 0 0 0 0 0 0 0 0 0 0 0 0 0 0 0 0 0 0 0 0 0 0 0 0 0 0 0 0 0 0 0 0 0 0 0 0 0 0 0 0 0 0 0 0 0 0 0 0 0 0 0 0 0 0 0 0 0 0 0 0 0 0</row>
            <row>0 0 0 0 0 0 0 0 0 0 0 0 0 0 0 0 0 0 0 0 0 0 0 0 0 0 0 0 0 0 0 0 0 0 0 0 0 0 0 0 0 0 0 0 0 0 0 0 0 0 0 0 0 0 0 0 0 0 0 0 0 0 0 0</row>
            <row>0 0 0 0 0 0 0 0 0 0 0 0 0 0 0 0 0 0 0 0 0 0 0 0 0 0 0 0 0 0 0 0 0 0 0 0 0 0 0 0 0 0 0 0 0 0 0 0 0 0 0 0 0 0 0 0 0 0 0 0 0 0 0 0</row>
            <row>0 0 0 0 0 0 0 0 0 0 0 0 0 0 0 0 0 0 0 0 0 0 0 0 0 0 0 0 0 0 0 0 0 0 0 0 0 0 0 0 0 0 0 0 0 0 0 0 0 0 0 0 0 0 0 0 0 0 0 0 0 0 0 0</row>
            <row>0 0 0 0 0 0 0 0 0 0 0 0 0 0 0 0 0 0 0 0 0 0 0 0 0 0 0 0 0 0 0 0 0 0 0 0 0 0 0 0 0 0 0 0 0 0 0 0 0 0 0 0 0 0 0 0 0 0 0 0 0 0 0 0</row>
            <row>0 0 0 0 0 0 0 0 0 0 0 0 0 0 0 0 0 0 0 0 0 0 0 0 0 0 0 0 0 0 0 0 0 0 0 0 0 0 0 0 0 0 0 0 0 0 0 0 0 0 0 0 0 0 0 0 0 0 0 0 0 0 0 0</row>
            <row>0 0 0 0 0 0 0 0 0 0 0 0 0 0 0 0 0 0 0 0 0 0 0 0 0 0 0 0 0 0 0 0 0 0 0 0 0 0 0 0 0 0 0 0 0 0 0 0 0 0 0 0 0 0 0 0 0 0 0 0 0 0 0 0</row>
            <row>0 0 0 0 0 0 0 0 0 0 0 0 0 0 0 0 0 0 0 0 0 0 0 0 0 0 0 0 0 0 0 0 0 0 0 0 0 0 0 0 0 0 0 0 0 0 0 0 0 0 0 0 0 0 0 0 0 0 0 0 0 0 0 0</row>
            <row>0 0 0 0 0 0 0 0 0 0 0 0 0 0 0 0 0 0 0 0 0 0 0 0 0 0 0 0 0 0 0 0 0 0 0 0 0 0 0 0 0 0 0 0 0 0 0 0 0 0 0 0 0 0 0 0 0 0 0 0 0 0 0 0</row>
            <row>0 0 0 0 0 0 0 0 0 0 0 0 0 0 0 0 0 0 0 0 0 0 0 0 0 0 0 0 0 0 0 0 0 0 0 0 0 0 0 0 0 0 0 0 0 0 0 0 0 0 0 0 0 0 0 0 0 0 0 0 0 0 0 0</row>
            <row>0 0 0 0 0 0 0 0 0 0 0 0 0 0 0 0 0 0 0 0 0 0 0 0 0 0 0 0 0 0 0 0 0 0 0 0 0 0 0 0 0 0 0 0 0 0 0 0 0 0 0 0 0 0 0 0 0 0 0 0 0 0 0 0</row>
            <row>0 0 0 0 0 0 0 0 0 0 0 0 0 0 0 0 0 0 0 0 0 0 0 0 0 0 0 0 0 0 0 0 0 0 0 0 0 0 0 0 0 0 0 0 0 0 0 0 0 0 0 0 0 0 0 0 0 0 0 0 0 0 0 0</row>
            <row>0 0 0 0 0 0 0 0 0 0 0 0 0 0 0 0 0 0 0 0 0 0 0 0 0 0 0 0 0 0 0 0 0 0 0 0 0 0 0 0 0 0 0 0 0 0 0 0 0 0 0 0 0 0 0 0 0 0 0 0 0 0 0 0</row>
            <row>0 0 0 0 0 0 0 0 0 0 0 0 0 0 0 0 0 0 0 0 0 0 0 0 0 0 0 0 0 0 0 0 0 0 0 0 0 0 0 0 0 0 0 0 0 0 0 0 0 0 0 0 0 0 0 0 0 0 0 0 0 0 0 0</row>
            <row>0 0 0 0 0 0 0 0 0 0 0 0 0 0 0 0 0 0 0 0 0 0 0 0 0 0 0 0 0 0 0 0 0 0 0 0 0 0 0 0 0 0 0 0 0 0 0 0 0 0 0 0 0 0 0 0 0 0 0 0 0 0 0 0</row>
            <row>0 0 0 0 0 0 0 0 0 0 0 0 0 0 0 0 0 0 0 0 0 0 0 0 0 0 0 0 0 0 0 0 0 0 0 0 0 0 0 0 0 0 0 0 0 0 0 0 0 0 0 0 0 0 0 0 0 0 0 0 0 0 0 0</row>
            <row>0 0 0 0 0 0 0 0 0 0 0 0 0 0 0 0 0 0 0 0 0 0 0 0 0 0 0 0 0 0 0 0 0 0 0 0 0 0 0 0 0 0 0 0 0 0 0 0 0 0 0 0 0 0 0 0 0 0 0 0 0 0 0 0</row>
            <row>0 0 0 0 0 0 0 0 0 0 0 0 0 0 0 0 0 0 0 0 0 0 0 0 0 0 0 0 0 0 0 0 0 0 0 0 0 0 0 0 0 0 0 0 0 0 0 0 0 0 0 0 0 0 0 0 0 0 0 0 0 0 0 0</row>
            <row>0 0 0 0 0 0 0 0 0 0 0 0 0 0 0 0 0 0 0 0 0 0 0 0 0 0 0 0 0 0 0 0 0 0 0 0 0 0 0 0 0 0 0 0 0 0 0 0 0 0 0 0 0 0 0 0 0 0 0 0 0 0 0 0</row>
            <row>0 0 0 0 0 0 0 0 0 0 0 0 0 0 0 0 0 0 0 0 0 0 0 0 0 0 0 0 0 0 0 0 0 0 0 0 0 0 0 0 0 0 0 0 0 0 0 0 0 0 0 0 0 0 0 0 0 0 0 0 0 0 0 0</row>
            <row>0 0 0 0 0 0 0 0 0 0 0 0 0 0 0 0 0 0 0 0 0 0 0 0 0 0 0 0 0 0 0 0 0 0 0 0 0 0 0 0 0 0 0 0 0 0 0 0 0 0 0 0 0 0 0 0 0 0 0 0 0 0 0 0</row>
            <row>0 0 0 0 0 0 0 0 0 0 0 0 0 0 0 0 0 0 0 0 0 0 0 0 0 0 0 0 0 0 0 0 0 0 0 0 0 0 0 0 0 0 0 0 0 0 0 0 0 0 0 0 0 0 0 0 0 0 0 0 0 0 0 0</row>
            <row>0 0 0 0 0 0 0 0 0 0 0 0 0 0 0 0 0 0 0 0 0 0 0 0 0 0 0 0 0 0 0 0 0 0 0 0 0 0 0 0 0 0 0 0 0 0 0 0 0 0 0 0 0 0 0 0 0 0 0 0 0 0 0 0</row>
            <row>0 0 0 0 0 0 0 0 0 0 0 0 0 0 0 0 0 0 0 0 0 0 0 0 0 0 0 0 0 0 0 0 0 0 0 0 0 0 0 0 0 0 0 0 0 0 0 0 0 0 0 0 0 0 0 0 0 0 0 0 0 0 0 0</row>
            <row>0 0 0 0 0 0 0 0 0 0 0 0 0 0 0 0 0 0 0 0 0 0 0 0 0 0 0 0 0 0 0 0 0 0 0 0 0 0 0 0 0 0 0 0 0 0 0 0 0 0 0 0 0 0 0 0 0 0 0 0 0 0 0 0</row>
            <row>0 0 0 0 0 0 0 0 0 0 0 0 0 0 0 0 0 0 0 0 0 0 0 0 0 0 0 0 0 0 0 0 0 0 0 0 0 0 0 0 0 0 0 0 0 0 0 0 0 0 0 0 0 0 0 0 0 0 0 0 0 0 0 0</row>
            <row>0 0 0 0 0 0 0 0 0 0 0 0 0 0 0 0 0 0 0 0 0 0 0 0 0 0 0 0 0 0 0 0 0 0 0 0 0 0 0 0 0 0 0 0 0 0 0 0 0 0 0 0 0 0 0 0 0 0 0 0 0 0 0 0</row>
            <row>0 0 0 0 0 0 0 0 0 0 0 0 0 0 0 0 0 0 0 0 0 0 0 0 0 0 0 0 0 0 0 0 0 0 0 0 0 0 0 0 0 0 0 0 0 0 0 0 0 0 0 0 0 0 0 0 0 0 0 0 0 0 0 0</row>
            <row>0 0 0 0 0 0 0 0 0 0 0 0 0 0 0 0 0 0 0 0 0 0 0 0 0 0 0 0 0 0 0 0 0 0 0 0 0 0 0 0 0 0 0 0 0 0 0 0 0 0 0 0 0 0 0 0 0 0 0 0 0 0 0 0</row>
            <row>0 0 0 0 0 0 0 0 0 0 0 0 0 0 0 0 0 0 0 0 0 0 0 0 0 0 0 0 0 0 0 0 0 0 0 0 0 0 0 0 0 0 0 0 0 0 0 0 0 0 0 0 0 0 0 0 0 0 0 0 0 0 0 0</row>
            <row>0 0 0 0 0 0 0 0 0 0 0 0 0 0 0 0 0 0 0 0 0 0 0 0 0 0 0 0 0 0 0 0 0 0 0 0 0 0 0 0 0 0 0 0 0 0 0 0 0 0 0 0 0 0 0 0 0 0 0 0 0 0 0 0</row>
            <row>0 0 0 0 0 0 0 0 0 0 0 0 0 0 0 0 0 0 0 0 0 0 0 0 0 0 0 0 0 0 0 0 0 0 0 0 0 0 0 0 0 0 0 0 0 0 0 0 0 0 0 0 0 0 0 0 0 0 0 0 0 0 0 0</row>
            <row>0 0 0 0 0 0 0 0 0 0 0 0 0 0 0 0 0 0 0 0 0 0 0 0 0 0 0 0 0 0 0 0 0 0 0 0 0 0 0 0 0 0 0 0 0 0 0 0 0 0 0 0 0 0 0 0 0 0 0 0 0 0 0 0</row>
            <row>0 0 0 0 0 0 0 0 0 0 0 0 0 0 0 0 0 0 0 0 0 0 0 0 0 0 0 0 0 0 0 0 0 0 0 0 0 0 0 0 0 0 0 0 0 0 0 0 0 0 0 0 0 0 0 0 0 0 0 0 0 0 0 0</row>
            <row>0 0 0 0 0 0 0 0 0 0 0 0 0 0 0 0 0 0 0 0 0 0 0 0 0 0 0 0 0 0 0 0 0 0 0 0 0 0 0 0 0 0 0 0 0 0 0 0 0 0 0 0 0 0 0 0 0 0 0 0 0 0 0 0</row>
            <row>0 0 0 0 0 0 0 0 0 0 0 0 0 0 0 0 0 0 0 0 0 0 0 0 0 0 0 0 0 0 0 0 0 0 0 0 0 0 0 0 0 0 0 0 0 0 0 0 0 0 0 0 0 0 0 0 0 0 0 0 0 0 0 0</row>
            <row>0 0 0 0 0 0 0 0 0 0 0 0 0 0 0 0 0 0 0 0 0 0 0 0 0 0 0 0 0 0 0 0 0 0 0 0 0 0 0 0 0 0 0 0 0 0 0 0 0 0 0 0 0 0 0 0 0 0 0 0 0 0 0 0</row>
            <row>0 0 0 0 0 0 0 0 0 0 0 0 0 0 0 0 0 0 0 0 0 0 0 0 0 0 0 0 0 0 0 0 0 0 0 0 0 0 0 0 0 0 0 0 0 0 0 0 0 0 0 0 0 0 0 0 0 0 0 0 0 0 0 0</row>
            <row>0 0 0 0 0 0 0 0 0 0 0 0 0 0 0 0 0 0 0 0 0 0 0 0 0 0 0 0 0 0 0 0 0 0 0 0 0 0 0 0 0 0 0 0 0 0 0 0 0 0 0 0 0 0 0 0 0 0 0 0 0 0 0 0</row>
            <row>0 0 0 0 0 0 0 0 0 0 0 0 0 0 0 0 0 0 0 0 0 0 0 0 0 0 0 0 0 0 0 0 0 0 0 0 0 0 0 0 0 0 0 0 0 0 0 0 0 0 0 0 0 0 0 0 0 0 0 0 0 0 0 0</row>
            <row>0 0 0 0 0 0 0 0 0 0 0 0 0 0 0 0 0 0 0 0 0 0 0 0 0 0 0 0 0 0 0 0 0 0 0 0 0 0 0 0 0 0 0 0 0 0 0 0 0 0 0 0 0 0 0 0 0 0 0 0 0 0 0 0</row>
            <row>0 0 0 0 0 0 0 0 0 0 0 0 0 0 0 0 0 0 0 0 0 0 0 0 0 0 0 0 0 0 0 0 0 0 0 0 0 0 0 0 0 0 0 0 0 0 0 0 0 0 0 0 0 0 0 0 0 0 0 0 0 0 0 0</row>
            <row>0 0 0 0 0 0 0 0 0 0 0 0 0 0 0 0 0 0 0 0 0 0 0 0 0 0 0 0 0 0 0 0 0 0 0 0 0 0 0 0 0 0 0 0 0 0 0 0 0 0 0 0 0 0 0 0 0 0 0 0 0 0 0 0</row>
            <row>0 0 0 0 0 0 0 0 0 0 0 0 0 0 0 0 0 0 0 0 0 0 0 0 0 0 0 0 0 0 0 0 0 0 0 0 0 0 0 0 0 0 0 0 0 0 0 0 0 0 0 0 0 0 0 0 0 0 0 0 0 0 0 0</row>
            <row>0 0 0 0 0 0 0 0 0 0 0 0 0 0 0 0 0 0 0 0 0 0 0 0 0 0 0 0 0 0 0 0 0 0 0 0 0 0 0 0 0 0 0 0 0 0 0 0 0 0 0 0 0 0 0 0 0 0 0 0 0 0 0 0</row>
            <row>0 0 0 0 0 0 0 0 0 0 0 0 0 0 0 0 0 0 0 0 0 0 0 0 0 0 0 0 0 0 0 0 0 0 0 0 0 0 0 0 0 0 0 0 0 0 0 0 0 0 0 0 0 0 0 0 0 0 0 0 0 0 0 0</row>
            <row>0 0 0 0 0 0 0 0 0 0 0 0 0 0 0 0 0 0 0 0 0 0 0 0 0 0 0 0 0 0 0 0 0 0 0 0 0 0 0 0 0 0 0 0 0 0 0 0 0 0 0 0 0 0 0 0 0 0 0 0 0 0 0 0</row>
            <row>0 0 0 0 0 0 0 0 0 0 0 0 0 0 0 0 0 0 0 0 0 0 0 0 0 0 0 0 0 0 0 0 0 0 0 0 0 0 0 0 0 0 0 0 0 0 0 0 0 0 0 0 0 0 0 0 0 0 0 0 0 0 0 0</row>
            <row>0 0 0 0 0 0 0 0 0 0 0 0 0 0 0 0 0 0 0 0 0 0 0 0 0 0 0 0 0 0 0 0 0 0 0 0 0 0 0 0 0 0 0 0 0 0 0 0 0 0 0 0 0 0 0 0 0 0 0 0 0 0 0 0</row>
            <row>0 0 0 0 0 0 0 0 0 0 0 0 0 0 0 0 0 0 0 0 0 0 0 0 0 0 0 0 0 0 0 0 0 0 0 0 0 0 0 0 0 0 0 0 0 0 0 0 0 0 0 0 0 0 0 0 0 0 0 0 0 0 0 0</row>
            <row>0 0 0 0 0 0 0 0 0 0 0 0 0 0 0 0 0 0 0 0 0 0 0 0 0 0 0 0 0 0 0 0 0 0 0 0 0 0 0 0 0 0 0 0 0 0 0 0 0 0 0 0 0 0 0 0 0 0 0 0 0 0 0 0</row>
            <row>0 0 0 0 0 0 0 0 0 0 0 0 0 0 0 0 0 0 0 0 0 0 0 0 0 0 0 0 0 0 0 0 0 0 0 0 0 0 0 0 0 0 0 0 0 0 0 0 0 0 0 0 0 0 0 0 0 0 0 0 0 0 0 0</row>
            <row>0 0 0 0 0 0 0 0 0 0 0 0 0 0 0 0 0 0 0 0 0 0 0 0 0 0 0 0 0 0 0 0 0 0 0 0 0 0 0 0 0 0 0 0 0 0 0 0 0 0 0 0 0 0 0 0 0 0 0 0 0 0 0 0</row>
        </grid>
    </map>
    <algorithm>
        <allowanyangle>true</allowanyangle>
        <metrictype>euclid</metrictype>
        <breakingties>g-max</breakingties>
        <weight>1</weight>
    </algorithm>
    <options>
        <loglevel>1</loglevel>
        <logpath />
        <logfilename />
    </options>
</root>
