<?xml version="1.0" ?>
<root>
    <map>
        <width>64</width>
        <height>64</height>
        <agents>150</agents>
        <startx number="0">6</startx>
        <starty number="0">35</starty>
        <finishx number="0">51</finishx>
        <finishy number="0">11</finishy>
        <startx number="1">10</startx>
        <starty number="1">21</starty>
        <finishx number="1">42</finishx>
        <finishy number="1">61</finishy>
        <startx number="2">27</startx>
        <starty number="2">53</starty>
        <finishx number="2">55</finishx>
        <finishy number="2">47</finishy>
        <startx number="3">59</startx>
        <starty number="3">55</starty>
        <finishx number="3">19</finishx>
        <finishy number="3">14</finishy>
        <startx number="4">38</startx>
        <starty number="4">8</starty>
        <finishx number="4">26</finishx>
        <finishy number="4">2</finishy>
        <startx number="5">32</startx>
        <starty number="5">63</starty>
        <finishx number="5">38</finishx>
        <finishy number="5">19</finishy>
        <startx number="6">6</startx>
        <starty number="6">19</starty>
        <finishx number="6">9</finishx>
        <finishy number="6">24</finishy>
        <startx number="7">0</startx>
        <starty number="7">17</starty>
        <finishx number="7">44</finishx>
        <finishy number="7">63</finishy>
        <startx number="8">53</startx>
        <starty number="8">8</starty>
        <finishx number="8">13</finishx>
        <finishy number="8">25</finishy>
        <startx number="9">37</startx>
        <starty number="9">46</starty>
        <finishx number="9">34</finishx>
        <finishy number="9">33</finishy>
        <startx number="10">17</startx>
        <starty number="10">22</starty>
        <finishx number="10">10</finishx>
        <finishy number="10">34</finishy>
        <startx number="11">30</startx>
        <starty number="11">9</starty>
        <finishx number="11">7</finishx>
        <finishy number="11">16</finishy>
        <startx number="12">26</startx>
        <starty number="12">12</starty>
        <finishx number="12">14</finishx>
        <finishy number="12">22</finishy>
        <startx number="13">1</startx>
        <starty number="13">1</starty>
        <finishx number="13">54</finishx>
        <finishy number="13">19</finishy>
        <startx number="14">41</startx>
        <starty number="14">10</starty>
        <finishx number="14">0</finishx>
        <finishy number="14">25</finishy>
        <startx number="15">19</startx>
        <starty number="15">51</starty>
        <finishx number="15">36</finishx>
        <finishy number="15">59</finishy>
        <startx number="16">44</startx>
        <starty number="16">33</starty>
        <finishx number="16">8</finishx>
        <finishy number="16">42</finishy>
        <startx number="17">52</startx>
        <starty number="17">35</starty>
        <finishx number="17">13</finishx>
        <finishy number="17">17</finishy>
        <startx number="18">38</startx>
        <starty number="18">53</starty>
        <finishx number="18">57</finishx>
        <finishy number="18">10</finishy>
        <startx number="19">20</startx>
        <starty number="19">22</starty>
        <finishx number="19">46</finishx>
        <finishy number="19">63</finishy>
        <startx number="20">58</startx>
        <starty number="20">39</starty>
        <finishx number="20">34</finishx>
        <finishy number="20">1</finishy>
        <startx number="21">41</startx>
        <starty number="21">23</starty>
        <finishx number="21">2</finishx>
        <finishy number="21">40</finishy>
        <startx number="22">57</startx>
        <starty number="22">47</starty>
        <finishx number="22">61</finishx>
        <finishy number="22">36</finishy>
        <startx number="23">33</startx>
        <starty number="23">54</starty>
        <finishx number="23">22</finishx>
        <finishy number="23">45</finishy>
        <startx number="24">12</startx>
        <starty number="24">31</starty>
        <finishx number="24">50</finishx>
        <finishy number="24">35</finishy>
        <startx number="25">61</startx>
        <starty number="25">30</starty>
        <finishx number="25">0</finishx>
        <finishy number="25">49</finishy>
        <startx number="26">63</startx>
        <starty number="26">20</starty>
        <finishx number="26">35</finishx>
        <finishy number="26">45</finishy>
        <startx number="27">30</startx>
        <starty number="27">1</starty>
        <finishx number="27">40</finishx>
        <finishy number="27">39</finishy>
        <startx number="28">57</startx>
        <starty number="28">24</starty>
        <finishx number="28">47</finishx>
        <finishy number="28">14</finishy>
        <startx number="29">11</startx>
        <starty number="29">4</starty>
        <finishx number="29">0</finishx>
        <finishy number="29">28</finishy>
        <startx number="30">43</startx>
        <starty number="30">55</starty>
        <finishx number="30">28</finishx>
        <finishy number="30">23</finishy>
        <startx number="31">30</startx>
        <starty number="31">49</starty>
        <finishx number="31">55</finishx>
        <finishy number="31">0</finishy>
        <startx number="32">29</startx>
        <starty number="32">18</starty>
        <finishx number="32">19</finishx>
        <finishy number="32">1</finishy>
        <startx number="33">4</startx>
        <starty number="33">54</starty>
        <finishx number="33">41</finishx>
        <finishy number="33">58</finishy>
        <startx number="34">42</startx>
        <starty number="34">4</starty>
        <finishx number="34">35</finishx>
        <finishy number="34">43</finishy>
        <startx number="35">22</startx>
        <starty number="35">24</starty>
        <finishx number="35">35</finishx>
        <finishy number="35">27</finishy>
        <startx number="36">45</startx>
        <starty number="36">20</starty>
        <finishx number="36">11</finishx>
        <finishy number="36">39</finishy>
        <startx number="37">47</startx>
        <starty number="37">38</starty>
        <finishx number="37">26</finishx>
        <finishy number="37">31</finishy>
        <startx number="38">19</startx>
        <starty number="38">24</starty>
        <finishx number="38">51</finishx>
        <finishy number="38">32</finishy>
        <startx number="39">46</startx>
        <starty number="39">4</starty>
        <finishx number="39">9</finishx>
        <finishy number="39">2</finishy>
        <startx number="40">53</startx>
        <starty number="40">40</starty>
        <finishx number="40">58</finishx>
        <finishy number="40">5</finishy>
        <startx number="41">59</startx>
        <starty number="41">50</starty>
        <finishx number="41">41</finishx>
        <finishy number="41">2</finishy>
        <startx number="42">11</startx>
        <starty number="42">52</starty>
        <finishx number="42">8</finishx>
        <finishy number="42">10</finishy>
        <startx number="43">32</startx>
        <starty number="43">36</starty>
        <finishx number="43">46</finishx>
        <finishy number="43">31</finishy>
        <startx number="44">51</startx>
        <starty number="44">41</starty>
        <finishx number="44">62</finishx>
        <finishy number="44">17</finishy>
        <startx number="45">63</startx>
        <starty number="45">43</starty>
        <finishx number="45">52</finishx>
        <finishy number="45">54</finishy>
        <startx number="46">17</startx>
        <starty number="46">62</starty>
        <finishx number="46">52</finishx>
        <finishy number="46">13</finishy>
        <startx number="47">24</startx>
        <starty number="47">50</starty>
        <finishx number="47">13</finishx>
        <finishy number="47">10</finishy>
        <startx number="48">17</startx>
        <starty number="48">36</starty>
        <finishx number="48">58</finishx>
        <finishy number="48">26</finishy>
        <startx number="49">57</startx>
        <starty number="49">42</starty>
        <finishx number="49">20</finishx>
        <finishy number="49">16</finishy>
        <startx number="50">36</startx>
        <starty number="50">5</starty>
        <finishx number="50">59</finishx>
        <finishy number="50">47</finishy>
        <startx number="51">26</startx>
        <starty number="51">44</starty>
        <finishx number="51">42</finishx>
        <finishy number="51">42</finishy>
        <startx number="52">31</startx>
        <starty number="52">6</starty>
        <finishx number="52">7</finishx>
        <finishy number="52">13</finishy>
        <startx number="53">51</startx>
        <starty number="53">62</starty>
        <finishx number="53">23</finishx>
        <finishy number="53">48</finishy>
        <startx number="54">22</startx>
        <starty number="54">61</starty>
        <finishx number="54">36</finishx>
        <finishy number="54">54</finishy>
        <startx number="55">37</startx>
        <starty number="55">22</starty>
        <finishx number="55">33</finishx>
        <finishy number="55">3</finishy>
        <startx number="56">3</startx>
        <starty number="56">8</starty>
        <finishx number="56">10</finishx>
        <finishy number="56">47</finishy>
        <startx number="57">25</startx>
        <starty number="57">37</starty>
        <finishx number="57">19</finishx>
        <finishy number="57">19</finishy>
        <startx number="58">24</startx>
        <starty number="58">10</starty>
        <finishx number="58">37</finishx>
        <finishy number="58">50</finishy>
        <startx number="59">50</startx>
        <starty number="59">9</starty>
        <finishx number="59">26</finishx>
        <finishy number="59">56</finishy>
        <startx number="60">60</startx>
        <starty number="60">53</starty>
        <finishx number="60">14</finishx>
        <finishy number="60">7</finishy>
        <startx number="61">28</startx>
        <starty number="61">25</starty>
        <finishx number="61">2</finishx>
        <finishy number="61">27</finishy>
        <startx number="62">50</startx>
        <starty number="62">25</starty>
        <finishx number="62">12</finishx>
        <finishy number="62">49</finishy>
        <startx number="63">47</startx>
        <starty number="63">36</starty>
        <finishx number="63">44</finishx>
        <finishy number="63">47</finishy>
        <startx number="64">21</startx>
        <starty number="64">11</starty>
        <finishx number="64">45</finishx>
        <finishy number="64">49</finishy>
        <startx number="65">42</startx>
        <starty number="65">7</starty>
        <finishx number="65">7</finishx>
        <finishy number="65">29</finishy>
        <startx number="66">28</startx>
        <starty number="66">47</starty>
        <finishx number="66">7</finishx>
        <finishy number="66">3</finishy>
        <startx number="67">56</startx>
        <starty number="67">58</starty>
        <finishx number="67">12</finishx>
        <finishy number="67">36</finishy>
        <startx number="68">4</startx>
        <starty number="68">56</starty>
        <finishx number="68">31</finishx>
        <finishy number="68">60</finishy>
        <startx number="69">18</startx>
        <starty number="69">28</starty>
        <finishx number="69">26</finishx>
        <finishy number="69">50</finishy>
        <startx number="70">61</startx>
        <starty number="70">7</starty>
        <finishx number="70">46</finishx>
        <finishy number="70">41</finishy>
        <startx number="71">59</startx>
        <starty number="71">9</starty>
        <finishx number="71">55</finishx>
        <finishy number="71">61</finishy>
        <startx number="72">2</startx>
        <starty number="72">16</starty>
        <finishx number="72">48</finishx>
        <finishy number="72">31</finishy>
        <startx number="73">43</startx>
        <starty number="73">10</starty>
        <finishx number="73">3</finishx>
        <finishy number="73">19</finishy>
        <startx number="74">13</startx>
        <starty number="74">60</starty>
        <finishx number="74">16</finishx>
        <finishy number="74">28</finishy>
        <startx number="75">47</startx>
        <starty number="75">20</starty>
        <finishx number="75">58</finishx>
        <finishy number="75">15</finishy>
        <startx number="76">39</startx>
        <starty number="76">2</starty>
        <finishx number="76">54</finishx>
        <finishy number="76">14</finishy>
        <startx number="77">2</startx>
        <starty number="77">25</starty>
        <finishx number="77">60</finishx>
        <finishy number="77">15</finishy>
        <startx number="78">55</startx>
        <starty number="78">53</starty>
        <finishx number="78">47</finishx>
        <finishy number="78">9</finishy>
        <startx number="79">15</startx>
        <starty number="79">25</starty>
        <finishx number="79">0</finishx>
        <finishy number="79">62</finishy>
        <startx number="80">42</startx>
        <starty number="80">17</starty>
        <finishx number="80">34</finishx>
        <finishy number="80">41</finishy>
        <startx number="81">9</startx>
        <starty number="81">18</starty>
        <finishx number="81">1</finishx>
        <finishy number="81">43</finishy>
        <startx number="82">16</startx>
        <starty number="82">33</starty>
        <finishx number="82">22</finishx>
        <finishy number="82">40</finishy>
        <startx number="83">39</startx>
        <starty number="83">37</starty>
        <finishx number="83">5</finishx>
        <finishy number="83">6</finishy>
        <startx number="84">45</startx>
        <starty number="84">60</starty>
        <finishx number="84">63</finishx>
        <finishy number="84">54</finishy>
        <startx number="85">14</startx>
        <starty number="85">12</starty>
        <finishx number="85">3</finishx>
        <finishy number="85">14</finishy>
        <startx number="86">29</startx>
        <starty number="86">36</starty>
        <finishx number="86">2</finishx>
        <finishy number="86">22</finishy>
        <startx number="87">3</startx>
        <starty number="87">46</starty>
        <finishx number="87">20</finishx>
        <finishy number="87">53</finishy>
        <startx number="88">48</startx>
        <starty number="88">51</starty>
        <finishx number="88">19</finishx>
        <finishy number="88">41</finishy>
        <startx number="89">32</startx>
        <starty number="89">9</starty>
        <finishx number="89">53</finishx>
        <finishy number="89">42</finishy>
        <startx number="90">38</startx>
        <starty number="90">27</starty>
        <finishx number="90">59</finishx>
        <finishy number="90">36</finishy>
        <startx number="91">20</startx>
        <starty number="91">46</starty>
        <finishx number="91">59</finishx>
        <finishy number="91">1</finishy>
        <startx number="92">43</startx>
        <starty number="92">31</starty>
        <finishx number="92">16</finishx>
        <finishy number="92">19</finishy>
        <startx number="93">40</startx>
        <starty number="93">13</starty>
        <finishx number="93">1</finishx>
        <finishy number="93">46</finishy>
        <startx number="94">52</startx>
        <starty number="94">17</starty>
        <finishx number="94">42</finishx>
        <finishy number="94">53</finishy>
        <startx number="95">1</startx>
        <starty number="95">54</starty>
        <finishx number="95">50</finishx>
        <finishy number="95">57</finishy>
        <startx number="96">46</startx>
        <starty number="96">23</starty>
        <finishx number="96">40</finishx>
        <finishy number="96">18</finishy>
        <startx number="97">45</startx>
        <starty number="97">28</starty>
        <finishx number="97">18</finishx>
        <finishy number="97">11</finishy>
        <startx number="98">44</startx>
        <starty number="98">15</starty>
        <finishx number="98">38</finishx>
        <finishy number="98">32</finishy>
        <startx number="99">36</startx>
        <starty number="99">30</starty>
        <finishx number="99">59</finishx>
        <finishy number="99">58</finishy>
        <startx number="100">57</startx>
        <starty number="100">29</starty>
        <finishx number="100">34</finishx>
        <finishy number="100">51</finishy>
        <startx number="101">63</startx>
        <starty number="101">15</starty>
        <finishx number="101">60</finishx>
        <finishy number="101">20</finishy>
        <startx number="102">29</startx>
        <starty number="102">14</starty>
        <finishx number="102">47</finishx>
        <finishy number="102">59</finishy>
        <startx number="103">57</startx>
        <starty number="103">34</starty>
        <finishx number="103">8</finishx>
        <finishy number="103">50</finishy>
        <startx number="104">10</startx>
        <starty number="104">58</starty>
        <finishx number="104">48</finishx>
        <finishy number="104">54</finishy>
        <startx number="105">25</startx>
        <starty number="105">53</starty>
        <finishx number="105">5</finishx>
        <finishy number="105">32</finishy>
        <startx number="106">14</startx>
        <starty number="106">57</starty>
        <finishx number="106">32</finishx>
        <finishy number="106">49</finishy>
        <startx number="107">41</startx>
        <starty number="107">29</starty>
        <finishx number="107">38</finishx>
        <finishy number="107">48</finishy>
        <startx number="108">56</startx>
        <starty number="108">44</starty>
        <finishx number="108">21</finishx>
        <finishy number="108">37</finishy>
        <startx number="109">25</startx>
        <starty number="109">8</starty>
        <finishx number="109">32</finishx>
        <finishy number="109">17</finishy>
        <startx number="110">25</startx>
        <starty number="110">29</starty>
        <finishx number="110">60</finishx>
        <finishy number="110">23</finishy>
        <startx number="111">37</startx>
        <starty number="111">34</starty>
        <finishx number="111">41</finishx>
        <finishy number="111">63</finishy>
        <startx number="112">17</startx>
        <starty number="112">57</starty>
        <finishx number="112">22</finishx>
        <finishy number="112">32</finishy>
        <startx number="113">11</startx>
        <starty number="113">9</starty>
        <finishx number="113">41</finishx>
        <finishy number="113">47</finishy>
        <startx number="114">44</startx>
        <starty number="114">41</starty>
        <finishx number="114">24</finishx>
        <finishy number="114">13</finishy>
        <startx number="115">33</startx>
        <starty number="115">22</starty>
        <finishx number="115">50</finishx>
        <finishy number="115">46</finishy>
        <startx number="116">22</startx>
        <starty number="116">56</starty>
        <finishx number="116">62</finishx>
        <finishy number="116">28</finishy>
        <startx number="117">6</startx>
        <starty number="117">0</starty>
        <finishx number="117">46</finishx>
        <finishy number="117">57</finishy>
        <startx number="118">37</startx>
        <starty number="118">16</starty>
        <finishx number="118">63</finishx>
        <finishy number="118">9</finishy>
        <startx number="119">57</startx>
        <starty number="119">31</starty>
        <finishx number="119">14</finishx>
        <finishy number="119">55</finishy>
        <startx number="120">25</startx>
        <starty number="120">39</starty>
        <finishx number="120">1</finishx>
        <finishy number="120">3</finishy>
        <startx number="121">63</startx>
        <starty number="121">12</starty>
        <finishx number="121">11</finishx>
        <finishy number="121">23</finishy>
        <startx number="122">41</startx>
        <starty number="122">45</starty>
        <finishx number="122">17</finishx>
        <finishy number="122">54</finishy>
        <startx number="123">26</startx>
        <starty number="123">21</starty>
        <finishx number="123">23</finishx>
        <finishy number="123">15</finishy>
        <startx number="124">10</startx>
        <starty number="124">12</starty>
        <finishx number="124">27</finishx>
        <finishy number="124">37</finishy>
        <startx number="125">24</startx>
        <starty number="125">45</starty>
        <finishx number="125">47</finishx>
        <finishy number="125">28</finishy>
        <startx number="126">55</startx>
        <starty number="126">32</starty>
        <finishx number="126">19</finishx>
        <finishy number="126">3</finishy>
        <startx number="127">3</startx>
        <starty number="127">59</starty>
        <finishx number="127">9</finishx>
        <finishy number="127">31</finishy>
        <startx number="128">54</startx>
        <starty number="128">10</starty>
        <finishx number="128">4</finishx>
        <finishy number="128">27</finishy>
        <startx number="129">52</startx>
        <starty number="129">51</starty>
        <finishx number="129">59</finishx>
        <finishy number="129">18</finishy>
        <startx number="130">0</startx>
        <starty number="130">30</starty>
        <finishx number="130">41</finishx>
        <finishy number="130">21</finishy>
        <startx number="131">13</startx>
        <starty number="131">46</starty>
        <finishx number="131">31</finishx>
        <finishy number="131">14</finishy>
        <startx number="132">62</startx>
        <starty number="132">41</starty>
        <finishx number="132">57</finishx>
        <finishy number="132">18</finishy>
        <startx number="133">26</startx>
        <starty number="133">26</starty>
        <finishx number="133">1</finishx>
        <finishy number="133">6</finishy>
        <startx number="134">29</startx>
        <starty number="134">55</starty>
        <finishx number="134">39</finishx>
        <finishy number="134">24</finishy>
        <startx number="135">39</startx>
        <starty number="135">21</starty>
        <finishx number="135">18</finishx>
        <finishy number="135">17</finishy>
        <startx number="136">32</startx>
        <starty number="136">1</starty>
        <finishx number="136">23</finishx>
        <finishy number="136">58</finishy>
        <startx number="137">4</startx>
        <starty number="137">43</starty>
        <finishx number="137">24</finishx>
        <finishy number="137">18</finishy>
        <startx number="138">60</startx>
        <starty number="138">34</starty>
        <finishx number="138">46</finishx>
        <finishy number="138">52</finishy>
        <startx number="139">3</startx>
        <starty number="139">11</starty>
        <finishx number="139">52</finishx>
        <finishy number="139">38</finishy>
        <startx number="140">48</startx>
        <starty number="140">46</starty>
        <finishx number="140">52</finishx>
        <finishy number="140">0</finishy>
        <startx number="141">63</startx>
        <starty number="141">52</starty>
        <finishx number="141">8</finishx>
        <finishy number="141">63</finishy>
        <startx number="142">0</startx>
        <starty number="142">38</starty>
        <finishx number="142">4</finishx>
        <finishy number="142">35</finishy>
        <startx number="143">26</startx>
        <starty number="143">15</starty>
        <finishx number="143">1</finishx>
        <finishy number="143">57</finishy>
        <startx number="144">24</startx>
        <starty number="144">63</starty>
        <finishx number="144">16</finishx>
        <finishy number="144">17</finishy>
        <startx number="145">46</startx>
        <starty number="145">44</starty>
        <finishx number="145">4</finishx>
        <finishy number="145">22</finishy>
        <startx number="146">54</startx>
        <starty number="146">21</starty>
        <finishx number="146">21</finishx>
        <finishy number="146">0</finishy>
        <startx number="147">30</startx>
        <starty number="147">23</starty>
        <finishx number="147">59</finishx>
        <finishy number="147">63</finishy>
        <startx number="148">1</startx>
        <starty number="148">59</starty>
        <finishx number="148">27</finishx>
        <finishy number="148">9</finishy>
        <startx number="149">13</startx>
        <starty number="149">44</starty>
        <finishx number="149">36</finishx>
        <finishy number="149">0</finishy>
        <grid>
            <row>0 0 0 0 0 0 0 0 0 0 0 0 0 0 0 0 0 0 0 0 0 0 0 0 0 0 0 0 0 0 0 0 0 0 0 0 0 0 0 0 0 0 0 0 0 0 0 0 0 0 0 0 0 0 0 0 0 0 0 0 0 0 0 0</row>
            <row>0 0 0 0 0 0 0 0 0 0 0 0 0 0 0 0 0 0 0 0 0 0 0 0 0 0 0 0 0 0 0 0 0 0 0 0 0 0 0 0 0 0 0 0 0 0 0 0 0 0 0 0 0 0 0 0 0 0 0 0 0 0 0 0</row>
            <row>0 0 0 0 0 0 0 0 0 0 0 0 0 0 0 0 0 0 0 0 0 0 0 0 0 0 0 0 0 0 0 0 0 0 0 0 0 0 0 0 0 0 0 0 0 0 0 0 0 0 0 0 0 0 0 0 0 0 0 0 0 0 0 0</row>
            <row>0 0 0 0 0 0 0 0 0 0 0 0 0 0 0 0 0 0 0 0 0 0 0 0 0 0 0 0 0 0 0 0 0 0 0 0 0 0 0 0 0 0 0 0 0 0 0 0 0 0 0 0 0 0 0 0 0 0 0 0 0 0 0 0</row>
            <row>0 0 0 0 0 0 0 0 0 0 0 0 0 0 0 0 0 0 0 0 0 0 0 0 0 0 0 0 0 0 0 0 0 0 0 0 0 0 0 0 0 0 0 0 0 0 0 0 0 0 0 0 0 0 0 0 0 0 0 0 0 0 0 0</row>
            <row>0 0 0 0 0 0 0 0 0 0 0 0 0 0 0 0 0 0 0 0 0 0 0 0 0 0 0 0 0 0 0 0 0 0 0 0 0 0 0 0 0 0 0 0 0 0 0 0 0 0 0 0 0 0 0 0 0 0 0 0 0 0 0 0</row>
            <row>0 0 0 0 0 0 0 0 0 0 0 0 0 0 0 0 0 0 0 0 0 0 0 0 0 0 0 0 0 0 0 0 0 0 0 0 0 0 0 0 0 0 0 0 0 0 0 0 0 0 0 0 0 0 0 0 0 0 0 0 0 0 0 0</row>
            <row>0 0 0 0 0 0 0 0 0 0 0 0 0 0 0 0 0 0 0 0 0 0 0 0 0 0 0 0 0 0 0 0 0 0 0 0 0 0 0 0 0 0 0 0 0 0 0 0 0 0 0 0 0 0 0 0 0 0 0 0 0 0 0 0</row>
            <row>0 0 0 0 0 0 0 0 0 0 0 0 0 0 0 0 0 0 0 0 0 0 0 0 0 0 0 0 0 0 0 0 0 0 0 0 0 0 0 0 0 0 0 0 0 0 0 0 0 0 0 0 0 0 0 0 0 0 0 0 0 0 0 0</row>
            <row>0 0 0 0 0 0 0 0 0 0 0 0 0 0 0 0 0 0 0 0 0 0 0 0 0 0 0 0 0 0 0 0 0 0 0 0 0 0 0 0 0 0 0 0 0 0 0 0 0 0 0 0 0 0 0 0 0 0 0 0 0 0 0 0</row>
            <row>0 0 0 0 0 0 0 0 0 0 0 0 0 0 0 0 0 0 0 0 0 0 0 0 0 0 0 0 0 0 0 0 0 0 0 0 0 0 0 0 0 0 0 0 0 0 0 0 0 0 0 0 0 0 0 0 0 0 0 0 0 0 0 0</row>
            <row>0 0 0 0 0 0 0 0 0 0 0 0 0 0 0 0 0 0 0 0 0 0 0 0 0 0 0 0 0 0 0 0 0 0 0 0 0 0 0 0 0 0 0 0 0 0 0 0 0 0 0 0 0 0 0 0 0 0 0 0 0 0 0 0</row>
            <row>0 0 0 0 0 0 0 0 0 0 0 0 0 0 0 0 0 0 0 0 0 0 0 0 0 0 0 0 0 0 0 0 0 0 0 0 0 0 0 0 0 0 0 0 0 0 0 0 0 0 0 0 0 0 0 0 0 0 0 0 0 0 0 0</row>
            <row>0 0 0 0 0 0 0 0 0 0 0 0 0 0 0 0 0 0 0 0 0 0 0 0 0 0 0 0 0 0 0 0 0 0 0 0 0 0 0 0 0 0 0 0 0 0 0 0 0 0 0 0 0 0 0 0 0 0 0 0 0 0 0 0</row>
            <row>0 0 0 0 0 0 0 0 0 0 0 0 0 0 0 0 0 0 0 0 0 0 0 0 0 0 0 0 0 0 0 0 0 0 0 0 0 0 0 0 0 0 0 0 0 0 0 0 0 0 0 0 0 0 0 0 0 0 0 0 0 0 0 0</row>
            <row>0 0 0 0 0 0 0 0 0 0 0 0 0 0 0 0 0 0 0 0 0 0 0 0 0 0 0 0 0 0 0 0 0 0 0 0 0 0 0 0 0 0 0 0 0 0 0 0 0 0 0 0 0 0 0 0 0 0 0 0 0 0 0 0</row>
            <row>0 0 0 0 0 0 0 0 0 0 0 0 0 0 0 0 0 0 0 0 0 0 0 0 0 0 0 0 0 0 0 0 0 0 0 0 0 0 0 0 0 0 0 0 0 0 0 0 0 0 0 0 0 0 0 0 0 0 0 0 0 0 0 0</row>
            <row>0 0 0 0 0 0 0 0 0 0 0 0 0 0 0 0 0 0 0 0 0 0 0 0 0 0 0 0 0 0 0 0 0 0 0 0 0 0 0 0 0 0 0 0 0 0 0 0 0 0 0 0 0 0 0 0 0 0 0 0 0 0 0 0</row>
            <row>0 0 0 0 0 0 0 0 0 0 0 0 0 0 0 0 0 0 0 0 0 0 0 0 0 0 0 0 0 0 0 0 0 0 0 0 0 0 0 0 0 0 0 0 0 0 0 0 0 0 0 0 0 0 0 0 0 0 0 0 0 0 0 0</row>
            <row>0 0 0 0 0 0 0 0 0 0 0 0 0 0 0 0 0 0 0 0 0 0 0 0 0 0 0 0 0 0 0 0 0 0 0 0 0 0 0 0 0 0 0 0 0 0 0 0 0 0 0 0 0 0 0 0 0 0 0 0 0 0 0 0</row>
            <row>0 0 0 0 0 0 0 0 0 0 0 0 0 0 0 0 0 0 0 0 0 0 0 0 0 0 0 0 0 0 0 0 0 0 0 0 0 0 0 0 0 0 0 0 0 0 0 0 0 0 0 0 0 0 0 0 0 0 0 0 0 0 0 0</row>
            <row>0 0 0 0 0 0 0 0 0 0 0 0 0 0 0 0 0 0 0 0 0 0 0 0 0 0 0 0 0 0 0 0 0 0 0 0 0 0 0 0 0 0 0 0 0 0 0 0 0 0 0 0 0 0 0 0 0 0 0 0 0 0 0 0</row>
            <row>0 0 0 0 0 0 0 0 0 0 0 0 0 0 0 0 0 0 0 0 0 0 0 0 0 0 0 0 0 0 0 0 0 0 0 0 0 0 0 0 0 0 0 0 0 0 0 0 0 0 0 0 0 0 0 0 0 0 0 0 0 0 0 0</row>
            <row>0 0 0 0 0 0 0 0 0 0 0 0 0 0 0 0 0 0 0 0 0 0 0 0 0 0 0 0 0 0 0 0 0 0 0 0 0 0 0 0 0 0 0 0 0 0 0 0 0 0 0 0 0 0 0 0 0 0 0 0 0 0 0 0</row>
            <row>0 0 0 0 0 0 0 0 0 0 0 0 0 0 0 0 0 0 0 0 0 0 0 0 0 0 0 0 0 0 0 0 0 0 0 0 0 0 0 0 0 0 0 0 0 0 0 0 0 0 0 0 0 0 0 0 0 0 0 0 0 0 0 0</row>
            <row>0 0 0 0 0 0 0 0 0 0 0 0 0 0 0 0 0 0 0 0 0 0 0 0 0 0 0 0 0 0 0 0 0 0 0 0 0 0 0 0 0 0 0 0 0 0 0 0 0 0 0 0 0 0 0 0 0 0 0 0 0 0 0 0</row>
            <row>0 0 0 0 0 0 0 0 0 0 0 0 0 0 0 0 0 0 0 0 0 0 0 0 0 0 0 0 0 0 0 0 0 0 0 0 0 0 0 0 0 0 0 0 0 0 0 0 0 0 0 0 0 0 0 0 0 0 0 0 0 0 0 0</row>
            <row>0 0 0 0 0 0 0 0 0 0 0 0 0 0 0 0 0 0 0 0 0 0 0 0 0 0 0 0 0 0 0 0 0 0 0 0 0 0 0 0 0 0 0 0 0 0 0 0 0 0 0 0 0 0 0 0 0 0 0 0 0 0 0 0</row>
            <row>0 0 0 0 0 0 0 0 0 0 0 0 0 0 0 0 0 0 0 0 0 0 0 0 0 0 0 0 0 0 0 0 0 0 0 0 0 0 0 0 0 0 0 0 0 0 0 0 0 0 0 0 0 0 0 0 0 0 0 0 0 0 0 0</row>
            <row>0 0 0 0 0 0 0 0 0 0 0 0 0 0 0 0 0 0 0 0 0 0 0 0 0 0 0 0 0 0 0 0 0 0 0 0 0 0 0 0 0 0 0 0 0 0 0 0 0 0 0 0 0 0 0 0 0 0 0 0 0 0 0 0</row>
            <row>0 0 0 0 0 0 0 0 0 0 0 0 0 0 0 0 0 0 0 0 0 0 0 0 0 0 0 0 0 0 0 0 0 0 0 0 0 0 0 0 0 0 0 0 0 0 0 0 0 0 0 0 0 0 0 0 0 0 0 0 0 0 0 0</row>
            <row>0 0 0 0 0 0 0 0 0 0 0 0 0 0 0 0 0 0 0 0 0 0 0 0 0 0 0 0 0 0 0 0 0 0 0 0 0 0 0 0 0 0 0 0 0 0 0 0 0 0 0 0 0 0 0 0 0 0 0 0 0 0 0 0</row>
            <row>0 0 0 0 0 0 0 0 0 0 0 0 0 0 0 0 0 0 0 0 0 0 0 0 0 0 0 0 0 0 0 0 0 0 0 0 0 0 0 0 0 0 0 0 0 0 0 0 0 0 0 0 0 0 0 0 0 0 0 0 0 0 0 0</row>
            <row>0 0 0 0 0 0 0 0 0 0 0 0 0 0 0 0 0 0 0 0 0 0 0 0 0 0 0 0 0 0 0 0 0 0 0 0 0 0 0 0 0 0 0 0 0 0 0 0 0 0 0 0 0 0 0 0 0 0 0 0 0 0 0 0</row>
            <row>0 0 0 0 0 0 0 0 0 0 0 0 0 0 0 0 0 0 0 0 0 0 0 0 0 0 0 0 0 0 0 0 0 0 0 0 0 0 0 0 0 0 0 0 0 0 0 0 0 0 0 0 0 0 0 0 0 0 0 0 0 0 0 0</row>
            <row>0 0 0 0 0 0 0 0 0 0 0 0 0 0 0 0 0 0 0 0 0 0 0 0 0 0 0 0 0 0 0 0 0 0 0 0 0 0 0 0 0 0 0 0 0 0 0 0 0 0 0 0 0 0 0 0 0 0 0 0 0 0 0 0</row>
            <row>0 0 0 0 0 0 0 0 0 0 0 0 0 0 0 0 0 0 0 0 0 0 0 0 0 0 0 0 0 0 0 0 0 0 0 0 0 0 0 0 0 0 0 0 0 0 0 0 0 0 0 0 0 0 0 0 0 0 0 0 0 0 0 0</row>
            <row>0 0 0 0 0 0 0 0 0 0 0 0 0 0 0 0 0 0 0 0 0 0 0 0 0 0 0 0 0 0 0 0 0 0 0 0 0 0 0 0 0 0 0 0 0 0 0 0 0 0 0 0 0 0 0 0 0 0 0 0 0 0 0 0</row>
            <row>0 0 0 0 0 0 0 0 0 0 0 0 0 0 0 0 0 0 0 0 0 0 0 0 0 0 0 0 0 0 0 0 0 0 0 0 0 0 0 0 0 0 0 0 0 0 0 0 0 0 0 0 0 0 0 0 0 0 0 0 0 0 0 0</row>
            <row>0 0 0 0 0 0 0 0 0 0 0 0 0 0 0 0 0 0 0 0 0 0 0 0 0 0 0 0 0 0 0 0 0 0 0 0 0 0 0 0 0 0 0 0 0 0 0 0 0 0 0 0 0 0 0 0 0 0 0 0 0 0 0 0</row>
            <row>0 0 0 0 0 0 0 0 0 0 0 0 0 0 0 0 0 0 0 0 0 0 0 0 0 0 0 0 0 0 0 0 0 0 0 0 0 0 0 0 0 0 0 0 0 0 0 0 0 0 0 0 0 0 0 0 0 0 0 0 0 0 0 0</row>
            <row>0 0 0 0 0 0 0 0 0 0 0 0 0 0 0 0 0 0 0 0 0 0 0 0 0 0 0 0 0 0 0 0 0 0 0 0 0 0 0 0 0 0 0 0 0 0 0 0 0 0 0 0 0 0 0 0 0 0 0 0 0 0 0 0</row>
            <row>0 0 0 0 0 0 0 0 0 0 0 0 0 0 0 0 0 0 0 0 0 0 0 0 0 0 0 0 0 0 0 0 0 0 0 0 0 0 0 0 0 0 0 0 0 0 0 0 0 0 0 0 0 0 0 0 0 0 0 0 0 0 0 0</row>
            <row>0 0 0 0 0 0 0 0 0 0 0 0 0 0 0 0 0 0 0 0 0 0 0 0 0 0 0 0 0 0 0 0 0 0 0 0 0 0 0 0 0 0 0 0 0 0 0 0 0 0 0 0 0 0 0 0 0 0 0 0 0 0 0 0</row>
            <row>0 0 0 0 0 0 0 0 0 0 0 0 0 0 0 0 0 0 0 0 0 0 0 0 0 0 0 0 0 0 0 0 0 0 0 0 0 0 0 0 0 0 0 0 0 0 0 0 0 0 0 0 0 0 0 0 0 0 0 0 0 0 0 0</row>
            <row>0 0 0 0 0 0 0 0 0 0 0 0 0 0 0 0 0 0 0 0 0 0 0 0 0 0 0 0 0 0 0 0 0 0 0 0 0 0 0 0 0 0 0 0 0 0 0 0 0 0 0 0 0 0 0 0 0 0 0 0 0 0 0 0</row>
            <row>0 0 0 0 0 0 0 0 0 0 0 0 0 0 0 0 0 0 0 0 0 0 0 0 0 0 0 0 0 0 0 0 0 0 0 0 0 0 0 0 0 0 0 0 0 0 0 0 0 0 0 0 0 0 0 0 0 0 0 0 0 0 0 0</row>
            <row>0 0 0 0 0 0 0 0 0 0 0 0 0 0 0 0 0 0 0 0 0 0 0 0 0 0 0 0 0 0 0 0 0 0 0 0 0 0 0 0 0 0 0 0 0 0 0 0 0 0 0 0 0 0 0 0 0 0 0 0 0 0 0 0</row>
            <row>0 0 0 0 0 0 0 0 0 0 0 0 0 0 0 0 0 0 0 0 0 0 0 0 0 0 0 0 0 0 0 0 0 0 0 0 0 0 0 0 0 0 0 0 0 0 0 0 0 0 0 0 0 0 0 0 0 0 0 0 0 0 0 0</row>
            <row>0 0 0 0 0 0 0 0 0 0 0 0 0 0 0 0 0 0 0 0 0 0 0 0 0 0 0 0 0 0 0 0 0 0 0 0 0 0 0 0 0 0 0 0 0 0 0 0 0 0 0 0 0 0 0 0 0 0 0 0 0 0 0 0</row>
            <row>0 0 0 0 0 0 0 0 0 0 0 0 0 0 0 0 0 0 0 0 0 0 0 0 0 0 0 0 0 0 0 0 0 0 0 0 0 0 0 0 0 0 0 0 0 0 0 0 0 0 0 0 0 0 0 0 0 0 0 0 0 0 0 0</row>
            <row>0 0 0 0 0 0 0 0 0 0 0 0 0 0 0 0 0 0 0 0 0 0 0 0 0 0 0 0 0 0 0 0 0 0 0 0 0 0 0 0 0 0 0 0 0 0 0 0 0 0 0 0 0 0 0 0 0 0 0 0 0 0 0 0</row>
            <row>0 0 0 0 0 0 0 0 0 0 0 0 0 0 0 0 0 0 0 0 0 0 0 0 0 0 0 0 0 0 0 0 0 0 0 0 0 0 0 0 0 0 0 0 0 0 0 0 0 0 0 0 0 0 0 0 0 0 0 0 0 0 0 0</row>
            <row>0 0 0 0 0 0 0 0 0 0 0 0 0 0 0 0 0 0 0 0 0 0 0 0 0 0 0 0 0 0 0 0 0 0 0 0 0 0 0 0 0 0 0 0 0 0 0 0 0 0 0 0 0 0 0 0 0 0 0 0 0 0 0 0</row>
            <row>0 0 0 0 0 0 0 0 0 0 0 0 0 0 0 0 0 0 0 0 0 0 0 0 0 0 0 0 0 0 0 0 0 0 0 0 0 0 0 0 0 0 0 0 0 0 0 0 0 0 0 0 0 0 0 0 0 0 0 0 0 0 0 0</row>
            <row>0 0 0 0 0 0 0 0 0 0 0 0 0 0 0 0 0 0 0 0 0 0 0 0 0 0 0 0 0 0 0 0 0 0 0 0 0 0 0 0 0 0 0 0 0 0 0 0 0 0 0 0 0 0 0 0 0 0 0 0 0 0 0 0</row>
            <row>0 0 0 0 0 0 0 0 0 0 0 0 0 0 0 0 0 0 0 0 0 0 0 0 0 0 0 0 0 0 0 0 0 0 0 0 0 0 0 0 0 0 0 0 0 0 0 0 0 0 0 0 0 0 0 0 0 0 0 0 0 0 0 0</row>
            <row>0 0 0 0 0 0 0 0 0 0 0 0 0 0 0 0 0 0 0 0 0 0 0 0 0 0 0 0 0 0 0 0 0 0 0 0 0 0 0 0 0 0 0 0 0 0 0 0 0 0 0 0 0 0 0 0 0 0 0 0 0 0 0 0</row>
            <row>0 0 0 0 0 0 0 0 0 0 0 0 0 0 0 0 0 0 0 0 0 0 0 0 0 0 0 0 0 0 0 0 0 0 0 0 0 0 0 0 0 0 0 0 0 0 0 0 0 0 0 0 0 0 0 0 0 0 0 0 0 0 0 0</row>
            <row>0 0 0 0 0 0 0 0 0 0 0 0 0 0 0 0 0 0 0 0 0 0 0 0 0 0 0 0 0 0 0 0 0 0 0 0 0 0 0 0 0 0 0 0 0 0 0 0 0 0 0 0 0 0 0 0 0 0 0 0 0 0 0 0</row>
            <row>0 0 0 0 0 0 0 0 0 0 0 0 0 0 0 0 0 0 0 0 0 0 0 0 0 0 0 0 0 0 0 0 0 0 0 0 0 0 0 0 0 0 0 0 0 0 0 0 0 0 0 0 0 0 0 0 0 0 0 0 0 0 0 0</row>
            <row>0 0 0 0 0 0 0 0 0 0 0 0 0 0 0 0 0 0 0 0 0 0 0 0 0 0 0 0 0 0 0 0 0 0 0 0 0 0 0 0 0 0 0 0 0 0 0 0 0 0 0 0 0 0 0 0 0 0 0 0 0 0 0 0</row>
            <row>0 0 0 0 0 0 0 0 0 0 0 0 0 0 0 0 0 0 0 0 0 0 0 0 0 0 0 0 0 0 0 0 0 0 0 0 0 0 0 0 0 0 0 0 0 0 0 0 0 0 0 0 0 0 0 0 0 0 0 0 0 0 0 0</row>
            <row>0 0 0 0 0 0 0 0 0 0 0 0 0 0 0 0 0 0 0 0 0 0 0 0 0 0 0 0 0 0 0 0 0 0 0 0 0 0 0 0 0 0 0 0 0 0 0 0 0 0 0 0 0 0 0 0 0 0 0 0 0 0 0 0</row>
        </grid>
    </map>
    <algorithm>
        <allowanyangle>true</allowanyangle>
        <metrictype>euclid</metrictype>
        <breakingties>g-max</breakingties>
        <weight>1</weight>
    </algorithm>
    <options>
        <loglevel>1</loglevel>
        <logpath />
        <logfilename />
    </options>
</root>
