<?xml version="1.0" ?>
<root>
    <map>
        <width>64</width>
        <height>64</height>
        <agents>200</agents>
        <startx number="0">30</startx>
        <starty number="0">1</starty>
        <finishx number="0">62</finishx>
        <finishy number="0">63</finishy>
        <startx number="1">20</startx>
        <starty number="1">16</starty>
        <finishx number="1">34</finishx>
        <finishy number="1">54</finishy>
        <startx number="2">19</startx>
        <starty number="2">14</starty>
        <finishx number="2">52</finishx>
        <finishy number="2">51</finishy>
        <startx number="3">44</startx>
        <starty number="3">10</starty>
        <finishx number="3">4</finishx>
        <finishy number="3">59</finishy>
        <startx number="4">58</startx>
        <starty number="4">61</starty>
        <finishx number="4">60</finishx>
        <finishy number="4">52</finishy>
        <startx number="5">29</startx>
        <starty number="5">34</starty>
        <finishx number="5">26</finishx>
        <finishy number="5">44</finishy>
        <startx number="6">34</startx>
        <starty number="6">0</starty>
        <finishx number="6">42</finishx>
        <finishy number="6">7</finishy>
        <startx number="7">33</startx>
        <starty number="7">9</starty>
        <finishx number="7">14</finishx>
        <finishy number="7">60</finishy>
        <startx number="8">44</startx>
        <starty number="8">47</starty>
        <finishx number="8">26</finishx>
        <finishy number="8">50</finishy>
        <startx number="9">11</startx>
        <starty number="9">21</starty>
        <finishx number="9">51</finishx>
        <finishy number="9">35</finishy>
        <startx number="10">38</startx>
        <starty number="10">50</starty>
        <finishx number="10">29</finishx>
        <finishy number="10">25</finishy>
        <startx number="11">7</startx>
        <starty number="11">61</starty>
        <finishx number="11">62</finishx>
        <finishy number="11">36</finishy>
        <startx number="12">11</startx>
        <starty number="12">10</starty>
        <finishx number="12">52</finishx>
        <finishy number="12">14</finishy>
        <startx number="13">2</startx>
        <starty number="13">19</starty>
        <finishx number="13">47</finishx>
        <finishy number="13">33</finishy>
        <startx number="14">31</startx>
        <starty number="14">44</starty>
        <finishx number="14">27</finishx>
        <finishy number="14">58</finishy>
        <startx number="15">44</startx>
        <starty number="15">31</starty>
        <finishx number="15">29</finishx>
        <finishy number="15">44</finishy>
        <startx number="16">30</startx>
        <starty number="16">10</starty>
        <finishx number="16">13</finishx>
        <finishy number="16">22</finishy>
        <startx number="17">52</startx>
        <starty number="17">43</starty>
        <finishx number="17">4</finishx>
        <finishy number="17">19</finishy>
        <startx number="18">19</startx>
        <starty number="18">35</starty>
        <finishx number="18">16</finishx>
        <finishy number="18">56</finishy>
        <startx number="19">37</startx>
        <starty number="19">27</starty>
        <finishx number="19">24</finishx>
        <finishy number="19">2</finishy>
        <startx number="20">19</startx>
        <starty number="20">8</starty>
        <finishx number="20">14</finishx>
        <finishy number="20">25</finishy>
        <startx number="21">57</startx>
        <starty number="21">47</starty>
        <finishx number="21">9</finishx>
        <finishy number="21">42</finishy>
        <startx number="22">55</startx>
        <starty number="22">35</starty>
        <finishx number="22">14</finishx>
        <finishy number="22">57</finishy>
        <startx number="23">29</startx>
        <starty number="23">20</starty>
        <finishx number="23">39</finishx>
        <finishy number="23">58</finishy>
        <startx number="24">17</startx>
        <starty number="24">32</starty>
        <finishx number="24">35</finishx>
        <finishy number="24">27</finishy>
        <startx number="25">2</startx>
        <starty number="25">6</starty>
        <finishx number="25">42</finishx>
        <finishy number="25">50</finishy>
        <startx number="26">5</startx>
        <starty number="26">24</starty>
        <finishx number="26">63</finishx>
        <finishy number="26">4</finishy>
        <startx number="27">49</startx>
        <starty number="27">30</starty>
        <finishx number="27">18</finishx>
        <finishy number="27">52</finishy>
        <startx number="28">13</startx>
        <starty number="28">1</starty>
        <finishx number="28">20</finishx>
        <finishy number="28">38</finishy>
        <startx number="29">24</startx>
        <starty number="29">16</starty>
        <finishx number="29">16</finishx>
        <finishy number="29">38</finishy>
        <startx number="30">23</startx>
        <starty number="30">8</starty>
        <finishx number="30">62</finishx>
        <finishy number="30">1</finishy>
        <startx number="31">48</startx>
        <starty number="31">54</starty>
        <finishx number="31">22</finishx>
        <finishy number="31">56</finishy>
        <startx number="32">54</startx>
        <starty number="32">32</starty>
        <finishx number="32">37</finishx>
        <finishy number="32">59</finishy>
        <startx number="33">30</startx>
        <starty number="33">41</starty>
        <finishx number="33">62</finishx>
        <finishy number="33">33</finishy>
        <startx number="34">9</startx>
        <starty number="34">53</starty>
        <finishx number="34">36</finishx>
        <finishy number="34">0</finishy>
        <startx number="35">41</startx>
        <starty number="35">39</starty>
        <finishx number="35">9</finishx>
        <finishy number="35">58</finishy>
        <startx number="36">1</startx>
        <starty number="36">41</starty>
        <finishx number="36">12</finishx>
        <finishy number="36">12</finishy>
        <startx number="37">11</startx>
        <starty number="37">55</starty>
        <finishx number="37">17</finishx>
        <finishy number="37">11</finishy>
        <startx number="38">17</startx>
        <starty number="38">14</starty>
        <finishx number="38">52</finishx>
        <finishy number="38">32</finishy>
        <startx number="39">39</startx>
        <starty number="39">16</starty>
        <finishx number="39">60</finishx>
        <finishy number="39">55</finishy>
        <startx number="40">29</startx>
        <starty number="40">52</starty>
        <finishx number="40">2</finishx>
        <finishy number="40">59</finishy>
        <startx number="41">44</startx>
        <starty number="41">23</starty>
        <finishx number="41">2</finishx>
        <finishy number="41">35</finishy>
        <startx number="42">46</startx>
        <starty number="42">1</starty>
        <finishx number="42">41</finishx>
        <finishy number="42">4</finishy>
        <startx number="43">35</startx>
        <starty number="43">35</starty>
        <finishx number="43">46</finishx>
        <finishy number="43">25</finishy>
        <startx number="44">18</startx>
        <starty number="44">3</starty>
        <finishx number="44">49</finishx>
        <finishy number="44">62</finishy>
        <startx number="45">58</startx>
        <starty number="45">55</starty>
        <finishx number="45">33</finishx>
        <finishy number="45">19</finishy>
        <startx number="46">56</startx>
        <starty number="46">53</starty>
        <finishx number="46">49</finishx>
        <finishy number="46">22</finishy>
        <startx number="47">0</startx>
        <starty number="47">54</starty>
        <finishx number="47">9</finishx>
        <finishy number="47">16</finishy>
        <startx number="48">26</startx>
        <starty number="48">31</starty>
        <finishx number="48">49</finishx>
        <finishy number="48">46</finishy>
        <startx number="49">61</startx>
        <starty number="49">44</starty>
        <finishx number="49">18</finishx>
        <finishy number="49">19</finishy>
        <startx number="50">12</startx>
        <starty number="50">36</starty>
        <finishx number="50">42</finishx>
        <finishy number="50">53</finishy>
        <startx number="51">7</startx>
        <starty number="51">5</starty>
        <finishx number="51">21</finishx>
        <finishy number="51">58</finishy>
        <startx number="52">31</startx>
        <starty number="52">49</starty>
        <finishx number="52">17</finishx>
        <finishy number="52">62</finishy>
        <startx number="53">56</startx>
        <starty number="53">45</starty>
        <finishx number="53">33</finishx>
        <finishy number="53">25</finishy>
        <startx number="54">50</startx>
        <starty number="54">49</starty>
        <finishx number="54">43</finishx>
        <finishy number="54">44</finishy>
        <startx number="55">18</startx>
        <starty number="55">46</starty>
        <finishx number="55">30</finishx>
        <finishy number="55">17</finishy>
        <startx number="56">49</startx>
        <starty number="56">43</starty>
        <finishx number="56">11</finishx>
        <finishy number="56">4</finishy>
        <startx number="57">2</startx>
        <starty number="57">17</starty>
        <finishx number="57">54</finishx>
        <finishy number="57">56</finishy>
        <startx number="58">17</startx>
        <starty number="58">27</starty>
        <finishx number="58">61</finishx>
        <finishy number="58">46</finishy>
        <startx number="59">54</startx>
        <starty number="59">42</starty>
        <finishx number="59">60</finishx>
        <finishy number="59">20</finishy>
        <startx number="60">2</startx>
        <starty number="60">22</starty>
        <finishx number="60">36</finishx>
        <finishy number="60">61</finishy>
        <startx number="61">3</startx>
        <starty number="61">30</starty>
        <finishx number="61">42</finishx>
        <finishy number="61">15</finishy>
        <startx number="62">61</startx>
        <starty number="62">28</starty>
        <finishx number="62">32</finishx>
        <finishy number="62">6</finishy>
        <startx number="63">33</startx>
        <starty number="63">17</starty>
        <finishx number="63">25</finishx>
        <finishy number="63">7</finishy>
        <startx number="64">41</startx>
        <starty number="64">2</starty>
        <finishx number="64">5</finishx>
        <finishy number="64">40</finishy>
        <startx number="65">37</startx>
        <starty number="65">14</starty>
        <finishx number="65">24</finishx>
        <finishy number="65">50</finishy>
        <startx number="66">13</startx>
        <starty number="66">41</starty>
        <finishx number="66">7</finishx>
        <finishy number="66">16</finishy>
        <startx number="67">32</startx>
        <starty number="67">22</starty>
        <finishx number="67">11</finishx>
        <finishy number="67">63</finishy>
        <startx number="68">38</startx>
        <starty number="68">5</starty>
        <finishx number="68">59</finishx>
        <finishy number="68">23</finishy>
        <startx number="69">39</startx>
        <starty number="69">32</starty>
        <finishx number="69">52</finishx>
        <finishy number="69">30</finishy>
        <startx number="70">31</startx>
        <starty number="70">59</starty>
        <finishx number="70">26</finishx>
        <finishy number="70">36</finishy>
        <startx number="71">45</startx>
        <starty number="71">36</starty>
        <finishx number="71">58</finishx>
        <finishy number="71">7</finishy>
        <startx number="72">34</startx>
        <starty number="72">3</starty>
        <finishx number="72">23</finishx>
        <finishy number="72">37</finishy>
        <startx number="73">63</startx>
        <starty number="73">20</starty>
        <finishx number="73">59</finishx>
        <finishy number="73">45</finishy>
        <startx number="74">55</startx>
        <starty number="74">21</starty>
        <finishx number="74">30</finishx>
        <finishy number="74">39</finishy>
        <startx number="75">28</startx>
        <starty number="75">15</starty>
        <finishx number="75">63</finishx>
        <finishy number="75">60</finishy>
        <startx number="76">42</startx>
        <starty number="76">37</starty>
        <finishx number="76">8</finishx>
        <finishy number="76">18</finishy>
        <startx number="77">13</startx>
        <starty number="77">39</starty>
        <finishx number="77">22</finishx>
        <finishy number="77">0</finishy>
        <startx number="78">57</startx>
        <starty number="78">18</starty>
        <finishx number="78">27</finishx>
        <finishy number="78">26</finishy>
        <startx number="79">4</startx>
        <starty number="79">53</starty>
        <finishx number="79">56</finishx>
        <finishy number="79">37</finishy>
        <startx number="80">61</startx>
        <starty number="80">4</starty>
        <finishx number="80">26</finishx>
        <finishy number="80">55</finishy>
        <startx number="81">10</startx>
        <starty number="81">39</starty>
        <finishx number="81">30</finishx>
        <finishy number="81">63</finishy>
        <startx number="82">27</startx>
        <starty number="82">2</starty>
        <finishx number="82">4</finishx>
        <finishy number="82">49</finishy>
        <startx number="83">44</startx>
        <starty number="83">7</starty>
        <finishx number="83">21</finishx>
        <finishy number="83">35</finishy>
        <startx number="84">1</startx>
        <starty number="84">57</starty>
        <finishx number="84">48</finishx>
        <finishy number="84">14</finishy>
        <startx number="85">31</startx>
        <starty number="85">33</starty>
        <finishx number="85">23</finishx>
        <finishy number="85">5</finishy>
        <startx number="86">14</startx>
        <starty number="86">62</starty>
        <finishx number="86">28</finishx>
        <finishy number="86">60</finishy>
        <startx number="87">34</startx>
        <starty number="87">43</starty>
        <finishx number="87">27</finishx>
        <finishy number="87">13</finishy>
        <startx number="88">7</startx>
        <starty number="88">24</starty>
        <finishx number="88">55</finishx>
        <finishy number="88">5</finishy>
        <startx number="89">8</startx>
        <starty number="89">37</starty>
        <finishx number="89">63</finishx>
        <finishy number="89">44</finishy>
        <startx number="90">20</startx>
        <starty number="90">30</starty>
        <finishx number="90">25</finishx>
        <finishy number="90">53</finishy>
        <startx number="91">33</startx>
        <starty number="91">52</starty>
        <finishx number="91">49</finishx>
        <finishy number="91">16</finishy>
        <startx number="92">28</startx>
        <starty number="92">7</starty>
        <finishx number="92">38</finishx>
        <finishy number="92">61</finishy>
        <startx number="93">53</startx>
        <starty number="93">16</starty>
        <finishx number="93">4</finishx>
        <finishy number="93">6</finishy>
        <startx number="94">41</startx>
        <starty number="94">58</starty>
        <finishx number="94">39</finishx>
        <finishy number="94">56</finishy>
        <startx number="95">7</startx>
        <starty number="95">13</starty>
        <finishx number="95">57</finishx>
        <finishy number="95">2</finishy>
        <startx number="96">44</startx>
        <starty number="96">60</starty>
        <finishx number="96">8</finishx>
        <finishy number="96">10</finishy>
        <startx number="97">4</startx>
        <starty number="97">46</starty>
        <finishx number="97">34</finishx>
        <finishy number="97">13</finishy>
        <startx number="98">23</startx>
        <starty number="98">61</starty>
        <finishx number="98">55</finishx>
        <finishy number="98">26</finishy>
        <startx number="99">41</startx>
        <starty number="99">0</starty>
        <finishx number="99">8</finishx>
        <finishy number="99">31</finishy>
        <startx number="100">4</startx>
        <starty number="100">8</starty>
        <finishx number="100">26</finishx>
        <finishy number="100">47</finishy>
        <startx number="101">14</startx>
        <starty number="101">28</starty>
        <finishx number="101">11</finishx>
        <finishy number="101">31</finishy>
        <startx number="102">45</startx>
        <starty number="102">58</starty>
        <finishx number="102">15</finishx>
        <finishy number="102">52</finishy>
        <startx number="103">57</startx>
        <starty number="103">39</starty>
        <finishx number="103">53</finishx>
        <finishy number="103">37</finishy>
        <startx number="104">1</startx>
        <starty number="104">1</starty>
        <finishx number="104">15</finishx>
        <finishy number="104">17</finishy>
        <startx number="105">23</startx>
        <starty number="105">42</starty>
        <finishx number="105">19</finishx>
        <finishy number="105">62</finishy>
        <startx number="106">2</startx>
        <starty number="106">27</starty>
        <finishx number="106">59</finishx>
        <finishy number="106">37</finishy>
        <startx number="107">48</startx>
        <starty number="107">28</starty>
        <finishx number="107">22</finishx>
        <finishy number="107">19</finishy>
        <startx number="108">36</startx>
        <starty number="108">48</starty>
        <finishx number="108">49</finishx>
        <finishy number="108">59</finishy>
        <startx number="109">32</startx>
        <starty number="109">41</starty>
        <finishx number="109">46</finishx>
        <finishy number="109">28</finishy>
        <startx number="110">49</startx>
        <starty number="110">38</starty>
        <finishx number="110">31</finishx>
        <finishy number="110">57</finishy>
        <startx number="111">50</startx>
        <starty number="111">1</starty>
        <finishx number="111">29</finishx>
        <finishy number="111">57</finishy>
        <startx number="112">6</startx>
        <starty number="112">32</starty>
        <finishx number="112">21</finishx>
        <finishy number="112">51</finishy>
        <startx number="113">61</startx>
        <starty number="113">60</starty>
        <finishx number="113">58</finishx>
        <finishy number="113">34</finishy>
        <startx number="114">41</startx>
        <starty number="114">29</starty>
        <finishx number="114">52</finishx>
        <finishy number="114">53</finishy>
        <startx number="115">56</startx>
        <starty number="115">10</starty>
        <finishx number="115">12</finishx>
        <finishy number="115">47</finishy>
        <startx number="116">1</startx>
        <starty number="116">33</starty>
        <finishx number="116">47</finishx>
        <finishy number="116">49</finishy>
        <startx number="117">32</startx>
        <starty number="117">62</starty>
        <finishx number="117">58</finishx>
        <finishy number="117">10</finishy>
        <startx number="118">6</startx>
        <starty number="118">0</starty>
        <finishx number="118">0</finishx>
        <finishy number="118">11</finishy>
        <startx number="119">3</startx>
        <starty number="119">38</starty>
        <finishx number="119">15</finishx>
        <finishy number="119">4</finishy>
        <startx number="120">37</startx>
        <starty number="120">8</starty>
        <finishx number="120">48</finishx>
        <finishy number="120">6</finishy>
        <startx number="121">40</startx>
        <starty number="121">50</starty>
        <finishx number="121">24</finishx>
        <finishy number="121">13</finishy>
        <startx number="122">35</startx>
        <starty number="122">29</starty>
        <finishx number="122">22</finishx>
        <finishy number="122">10</finishy>
        <startx number="123">17</startx>
        <starty number="123">41</starty>
        <finishx number="123">63</finishx>
        <finishy number="123">17</finishy>
        <startx number="124">21</startx>
        <starty number="124">48</starty>
        <finishx number="124">62</finishx>
        <finishy number="124">55</finishy>
        <startx number="125">12</startx>
        <starty number="125">25</starty>
        <finishx number="125">37</finishx>
        <finishy number="125">53</finishy>
        <startx number="126">37</startx>
        <starty number="126">24</starty>
        <finishx number="126">30</finishx>
        <finishy number="126">7</finishy>
        <startx number="127">20</startx>
        <starty number="127">21</starty>
        <finishx number="127">6</finishx>
        <finishy number="127">42</finishy>
        <startx number="128">60</startx>
        <starty number="128">13</starty>
        <finishx number="128">38</finishx>
        <finishy number="128">40</finishy>
        <startx number="129">35</startx>
        <starty number="129">19</starty>
        <finishx number="129">5</finishx>
        <finishy number="129">56</finishy>
        <startx number="130">48</startx>
        <starty number="130">20</starty>
        <finishx number="130">60</finishx>
        <finishy number="130">7</finishy>
        <startx number="131">24</startx>
        <starty number="131">47</starty>
        <finishx number="131">51</finishx>
        <finishy number="131">16</finishy>
        <startx number="132">26</startx>
        <starty number="132">61</starty>
        <finishx number="132">29</finishx>
        <finishy number="132">28</finishy>
        <startx number="133">44</startx>
        <starty number="133">55</starty>
        <finishx number="133">33</finishx>
        <finishy number="133">27</finishy>
        <startx number="134">41</startx>
        <starty number="134">47</starty>
        <finishx number="134">29</finishx>
        <finishy number="134">22</finishy>
        <startx number="135">16</startx>
        <starty number="135">22</starty>
        <finishx number="135">22</finishx>
        <finishy number="135">45</finishy>
        <startx number="136">25</startx>
        <starty number="136">10</starty>
        <finishx number="136">33</finishx>
        <finishy number="136">30</finishy>
        <startx number="137">3</startx>
        <starty number="137">56</starty>
        <finishx number="137">47</finishx>
        <finishy number="137">38</finishy>
        <startx number="138">36</startx>
        <starty number="138">22</starty>
        <finishx number="138">44</finishx>
        <finishy number="138">34</finishy>
        <startx number="139">1</startx>
        <starty number="139">9</starty>
        <finishx number="139">27</finishx>
        <finishy number="139">63</finishy>
        <startx number="140">8</startx>
        <starty number="140">45</starty>
        <finishx number="140">23</finishx>
        <finishy number="140">21</finishy>
        <startx number="141">51</startx>
        <starty number="141">38</starty>
        <finishx number="141">16</finishx>
        <finishy number="141">7</finishy>
        <startx number="142">10</startx>
        <starty number="142">23</starty>
        <finishx number="142">55</finishx>
        <finishy number="142">3</finishy>
        <startx number="143">8</startx>
        <starty number="143">0</starty>
        <finishx number="143">46</finishx>
        <finishy number="143">12</finishy>
        <startx number="144">60</startx>
        <starty number="144">1</starty>
        <finishx number="144">33</finishx>
        <finishy number="144">56</finishy>
        <startx number="145">48</startx>
        <starty number="145">35</starty>
        <finishx number="145">58</finishx>
        <finishy number="145">50</finishy>
        <startx number="146">47</startx>
        <starty number="146">44</starty>
        <finishx number="146">16</finishx>
        <finishy number="146">9</finishy>
        <startx number="147">42</startx>
        <starty number="147">42</starty>
        <finishx number="147">40</finishx>
        <finishy number="147">10</finishy>
        <startx number="148">7</startx>
        <starty number="148">2</starty>
        <finishx number="148">36</finishx>
        <finishy number="148">40</finishy>
        <startx number="149">35</startx>
        <starty number="149">11</starty>
        <finishx number="149">50</finishx>
        <finishy number="149">6</finishy>
        <startx number="150">41</startx>
        <starty number="150">55</starty>
        <finishx number="150">53</finishx>
        <finishy number="150">19</finishy>
        <startx number="151">37</startx>
        <starty number="151">38</starty>
        <finishx number="151">31</finishx>
        <finishy number="151">20</finishy>
        <startx number="152">57</startx>
        <starty number="152">58</starty>
        <finishx number="152">20</finishx>
        <finishy number="152">53</finishy>
        <startx number="153">2</startx>
        <starty number="153">43</starty>
        <finishx number="153">50</finishx>
        <finishy number="153">54</finishy>
        <startx number="154">14</startx>
        <starty number="154">9</starty>
        <finishx number="154">41</finishx>
        <finishy number="154">21</finishy>
        <startx number="155">33</startx>
        <starty number="155">33</starty>
        <finishx number="155">10</finishx>
        <finishy number="155">18</finishy>
        <startx number="156">0</startx>
        <starty number="156">62</starty>
        <finishx number="156">38</finishx>
        <finishy number="156">42</finishy>
        <startx number="157">19</startx>
        <starty number="157">49</starty>
        <finishx number="157">0</finishx>
        <finishy number="157">27</finishy>
        <startx number="158">0</startx>
        <starty number="158">6</starty>
        <finishx number="158">54</finishx>
        <finishy number="158">59</finishy>
        <startx number="159">39</startx>
        <starty number="159">19</starty>
        <finishx number="159">44</finishx>
        <finishy number="159">12</finishy>
        <startx number="160">56</startx>
        <starty number="160">8</starty>
        <finishx number="160">18</finishx>
        <finishy number="160">30</finishy>
        <startx number="161">12</startx>
        <starty number="161">33</starty>
        <finishx number="161">56</finishx>
        <finishy number="161">16</finishy>
        <startx number="162">8</startx>
        <starty number="162">7</starty>
        <finishx number="162">13</finishx>
        <finishy number="162">15</finishy>
        <startx number="163">13</startx>
        <starty number="163">20</starty>
        <finishx number="163">50</finishx>
        <finishy number="163">14</finishy>
        <startx number="164">24</startx>
        <starty number="164">31</starty>
        <finishx number="164">5</finishx>
        <finishy number="164">61</finishy>
        <startx number="165">8</startx>
        <starty number="165">21</starty>
        <finishx number="165">15</finishx>
        <finishy number="165">49</finishy>
        <startx number="166">52</startx>
        <starty number="166">45</starty>
        <finishx number="166">54</finishx>
        <finishy number="166">13</finishy>
        <startx number="167">30</startx>
        <starty number="167">12</starty>
        <finishx number="167">60</finishx>
        <finishy number="167">18</finishy>
        <startx number="168">4</startx>
        <starty number="168">16</starty>
        <finishx number="168">52</finishx>
        <finishy number="168">61</finishy>
        <startx number="169">8</startx>
        <starty number="169">29</starty>
        <finishx number="169">28</finishx>
        <finishy number="169">55</finishy>
        <startx number="170">3</startx>
        <starty number="170">3</starty>
        <finishx number="170">56</finishx>
        <finishy number="170">32</finishy>
        <startx number="171">35</startx>
        <starty number="171">17</starty>
        <finishx number="171">11</finishx>
        <finishy number="171">58</finishy>
        <startx number="172">60</startx>
        <starty number="172">31</starty>
        <finishx number="172">11</finishx>
        <finishy number="172">42</finishy>
        <startx number="173">7</startx>
        <starty number="173">58</starty>
        <finishx number="173">19</finishx>
        <finishy number="173">5</finishy>
        <startx number="174">63</startx>
        <starty number="174">28</starty>
        <finishx number="174">9</finishx>
        <finishy number="174">2</finishy>
        <startx number="175">58</startx>
        <starty number="175">5</starty>
        <finishx number="175">20</finishx>
        <finishy number="175">3</finishy>
        <startx number="176">45</startx>
        <starty number="176">49</starty>
        <finishx number="176">2</finishx>
        <finishy number="176">46</finishy>
        <startx number="177">63</startx>
        <starty number="177">22</starty>
        <finishx number="177">40</finishx>
        <finishy number="177">26</finishy>
        <startx number="178">15</startx>
        <starty number="178">30</starty>
        <finishx number="178">53</finishx>
        <finishy number="178">3</finishy>
        <startx number="179">54</startx>
        <starty number="179">10</starty>
        <finishx number="179">24</finishx>
        <finishy number="179">18</finishy>
        <startx number="180">6</startx>
        <starty number="180">34</starty>
        <finishx number="180">8</finishx>
        <finishy number="180">39</finishy>
        <startx number="181">23</startx>
        <starty number="181">53</starty>
        <finishx number="181">20</finishx>
        <finishy number="181">11</finishy>
        <startx number="182">27</startx>
        <starty number="182">9</starty>
        <finishx number="182">40</finishx>
        <finishy number="182">37</finishy>
        <startx number="183">3</startx>
        <starty number="183">24</starty>
        <finishx number="183">7</finishx>
        <finishy number="183">26</finishy>
        <startx number="184">11</startx>
        <starty number="184">50</starty>
        <finishx number="184">32</finishx>
        <finishy number="184">12</finishy>
        <startx number="185">20</startx>
        <starty number="185">46</starty>
        <finishx number="185">7</finishx>
        <finishy number="185">51</finishy>
        <startx number="186">54</startx>
        <starty number="186">53</starty>
        <finishx number="186">63</finishx>
        <finishy number="186">7</finishy>
        <startx number="187">57</startx>
        <starty number="187">26</starty>
        <finishx number="187">61</finishx>
        <finishy number="187">39</finishy>
        <startx number="188">23</startx>
        <starty number="188">27</starty>
        <finishx number="188">26</finishx>
        <finishy number="188">4</finishy>
        <startx number="189">1</startx>
        <starty number="189">51</starty>
        <finishx number="189">23</finishx>
        <finishy number="189">23</finishy>
        <startx number="190">45</startx>
        <starty number="190">44</starty>
        <finishx number="190">21</finishx>
        <finishy number="190">40</finishy>
        <startx number="191">50</startx>
        <starty number="191">19</starty>
        <finishx number="191">63</finishx>
        <finishy number="191">39</finishy>
        <startx number="192">46</startx>
        <starty number="192">15</starty>
        <finishx number="192">42</finishx>
        <finishy number="192">18</finishy>
        <startx number="193">13</startx>
        <starty number="193">52</starty>
        <finishx number="193">22</finishx>
        <finishy number="193">13</finishy>
        <startx number="194">11</startx>
        <starty number="194">15</starty>
        <finishx number="194">20</finishx>
        <finishy number="194">32</finishy>
        <startx number="195">41</startx>
        <starty number="195">23</starty>
        <finishx number="195">16</finishx>
        <finishy number="195">20</finishy>
        <startx number="196">27</startx>
        <starty number="196">41</starty>
        <finishx number="196">0</finishx>
        <finishy number="196">25</finishy>
        <startx number="197">17</startx>
        <starty number="197">59</starty>
        <finishx number="197">31</finishx>
        <finishy number="197">51</finishy>
        <startx number="198">44</startx>
        <starty number="198">52</starty>
        <finishx number="198">60</finishx>
        <finishy number="198">41</finishy>
        <startx number="199">32</startx>
        <starty number="199">14</starty>
        <finishx number="199">49</finishx>
        <finishy number="199">8</finishy>
        <grid>
            <row>0 0 0 0 0 0 0 0 0 0 0 0 0 0 0 0 0 0 0 0 0 0 0 0 0 0 0 0 0 0 0 0 0 0 0 0 0 0 0 0 0 0 0 0 0 0 0 0 0 0 0 0 0 0 0 0 0 0 0 0 0 0 0 0</row>
            <row>0 0 0 0 0 0 0 0 0 0 0 0 0 0 0 0 0 0 0 0 0 0 0 0 0 0 0 0 0 0 0 0 0 0 0 0 0 0 0 0 0 0 0 0 0 0 0 0 0 0 0 0 0 0 0 0 0 0 0 0 0 0 0 0</row>
            <row>0 0 0 0 0 0 0 0 0 0 0 0 0 0 0 0 0 0 0 0 0 0 0 0 0 0 0 0 0 0 0 0 0 0 0 0 0 0 0 0 0 0 0 0 0 0 0 0 0 0 0 0 0 0 0 0 0 0 0 0 0 0 0 0</row>
            <row>0 0 0 0 0 0 0 0 0 0 0 0 0 0 0 0 0 0 0 0 0 0 0 0 0 0 0 0 0 0 0 0 0 0 0 0 0 0 0 0 0 0 0 0 0 0 0 0 0 0 0 0 0 0 0 0 0 0 0 0 0 0 0 0</row>
            <row>0 0 0 0 0 0 0 0 0 0 0 0 0 0 0 0 0 0 0 0 0 0 0 0 0 0 0 0 0 0 0 0 0 0 0 0 0 0 0 0 0 0 0 0 0 0 0 0 0 0 0 0 0 0 0 0 0 0 0 0 0 0 0 0</row>
            <row>0 0 0 0 0 0 0 0 0 0 0 0 0 0 0 0 0 0 0 0 0 0 0 0 0 0 0 0 0 0 0 0 0 0 0 0 0 0 0 0 0 0 0 0 0 0 0 0 0 0 0 0 0 0 0 0 0 0 0 0 0 0 0 0</row>
            <row>0 0 0 0 0 0 0 0 0 0 0 0 0 0 0 0 0 0 0 0 0 0 0 0 0 0 0 0 0 0 0 0 0 0 0 0 0 0 0 0 0 0 0 0 0 0 0 0 0 0 0 0 0 0 0 0 0 0 0 0 0 0 0 0</row>
            <row>0 0 0 0 0 0 0 0 0 0 0 0 0 0 0 0 0 0 0 0 0 0 0 0 0 0 0 0 0 0 0 0 0 0 0 0 0 0 0 0 0 0 0 0 0 0 0 0 0 0 0 0 0 0 0 0 0 0 0 0 0 0 0 0</row>
            <row>0 0 0 0 0 0 0 0 0 0 0 0 0 0 0 0 0 0 0 0 0 0 0 0 0 0 0 0 0 0 0 0 0 0 0 0 0 0 0 0 0 0 0 0 0 0 0 0 0 0 0 0 0 0 0 0 0 0 0 0 0 0 0 0</row>
            <row>0 0 0 0 0 0 0 0 0 0 0 0 0 0 0 0 0 0 0 0 0 0 0 0 0 0 0 0 0 0 0 0 0 0 0 0 0 0 0 0 0 0 0 0 0 0 0 0 0 0 0 0 0 0 0 0 0 0 0 0 0 0 0 0</row>
            <row>0 0 0 0 0 0 0 0 0 0 0 0 0 0 0 0 0 0 0 0 0 0 0 0 0 0 0 0 0 0 0 0 0 0 0 0 0 0 0 0 0 0 0 0 0 0 0 0 0 0 0 0 0 0 0 0 0 0 0 0 0 0 0 0</row>
            <row>0 0 0 0 0 0 0 0 0 0 0 0 0 0 0 0 0 0 0 0 0 0 0 0 0 0 0 0 0 0 0 0 0 0 0 0 0 0 0 0 0 0 0 0 0 0 0 0 0 0 0 0 0 0 0 0 0 0 0 0 0 0 0 0</row>
            <row>0 0 0 0 0 0 0 0 0 0 0 0 0 0 0 0 0 0 0 0 0 0 0 0 0 0 0 0 0 0 0 0 0 0 0 0 0 0 0 0 0 0 0 0 0 0 0 0 0 0 0 0 0 0 0 0 0 0 0 0 0 0 0 0</row>
            <row>0 0 0 0 0 0 0 0 0 0 0 0 0 0 0 0 0 0 0 0 0 0 0 0 0 0 0 0 0 0 0 0 0 0 0 0 0 0 0 0 0 0 0 0 0 0 0 0 0 0 0 0 0 0 0 0 0 0 0 0 0 0 0 0</row>
            <row>0 0 0 0 0 0 0 0 0 0 0 0 0 0 0 0 0 0 0 0 0 0 0 0 0 0 0 0 0 0 0 0 0 0 0 0 0 0 0 0 0 0 0 0 0 0 0 0 0 0 0 0 0 0 0 0 0 0 0 0 0 0 0 0</row>
            <row>0 0 0 0 0 0 0 0 0 0 0 0 0 0 0 0 0 0 0 0 0 0 0 0 0 0 0 0 0 0 0 0 0 0 0 0 0 0 0 0 0 0 0 0 0 0 0 0 0 0 0 0 0 0 0 0 0 0 0 0 0 0 0 0</row>
            <row>0 0 0 0 0 0 0 0 0 0 0 0 0 0 0 0 0 0 0 0 0 0 0 0 0 0 0 0 0 0 0 0 0 0 0 0 0 0 0 0 0 0 0 0 0 0 0 0 0 0 0 0 0 0 0 0 0 0 0 0 0 0 0 0</row>
            <row>0 0 0 0 0 0 0 0 0 0 0 0 0 0 0 0 0 0 0 0 0 0 0 0 0 0 0 0 0 0 0 0 0 0 0 0 0 0 0 0 0 0 0 0 0 0 0 0 0 0 0 0 0 0 0 0 0 0 0 0 0 0 0 0</row>
            <row>0 0 0 0 0 0 0 0 0 0 0 0 0 0 0 0 0 0 0 0 0 0 0 0 0 0 0 0 0 0 0 0 0 0 0 0 0 0 0 0 0 0 0 0 0 0 0 0 0 0 0 0 0 0 0 0 0 0 0 0 0 0 0 0</row>
            <row>0 0 0 0 0 0 0 0 0 0 0 0 0 0 0 0 0 0 0 0 0 0 0 0 0 0 0 0 0 0 0 0 0 0 0 0 0 0 0 0 0 0 0 0 0 0 0 0 0 0 0 0 0 0 0 0 0 0 0 0 0 0 0 0</row>
            <row>0 0 0 0 0 0 0 0 0 0 0 0 0 0 0 0 0 0 0 0 0 0 0 0 0 0 0 0 0 0 0 0 0 0 0 0 0 0 0 0 0 0 0 0 0 0 0 0 0 0 0 0 0 0 0 0 0 0 0 0 0 0 0 0</row>
            <row>0 0 0 0 0 0 0 0 0 0 0 0 0 0 0 0 0 0 0 0 0 0 0 0 0 0 0 0 0 0 0 0 0 0 0 0 0 0 0 0 0 0 0 0 0 0 0 0 0 0 0 0 0 0 0 0 0 0 0 0 0 0 0 0</row>
            <row>0 0 0 0 0 0 0 0 0 0 0 0 0 0 0 0 0 0 0 0 0 0 0 0 0 0 0 0 0 0 0 0 0 0 0 0 0 0 0 0 0 0 0 0 0 0 0 0 0 0 0 0 0 0 0 0 0 0 0 0 0 0 0 0</row>
            <row>0 0 0 0 0 0 0 0 0 0 0 0 0 0 0 0 0 0 0 0 0 0 0 0 0 0 0 0 0 0 0 0 0 0 0 0 0 0 0 0 0 0 0 0 0 0 0 0 0 0 0 0 0 0 0 0 0 0 0 0 0 0 0 0</row>
            <row>0 0 0 0 0 0 0 0 0 0 0 0 0 0 0 0 0 0 0 0 0 0 0 0 0 0 0 0 0 0 0 0 0 0 0 0 0 0 0 0 0 0 0 0 0 0 0 0 0 0 0 0 0 0 0 0 0 0 0 0 0 0 0 0</row>
            <row>0 0 0 0 0 0 0 0 0 0 0 0 0 0 0 0 0 0 0 0 0 0 0 0 0 0 0 0 0 0 0 0 0 0 0 0 0 0 0 0 0 0 0 0 0 0 0 0 0 0 0 0 0 0 0 0 0 0 0 0 0 0 0 0</row>
            <row>0 0 0 0 0 0 0 0 0 0 0 0 0 0 0 0 0 0 0 0 0 0 0 0 0 0 0 0 0 0 0 0 0 0 0 0 0 0 0 0 0 0 0 0 0 0 0 0 0 0 0 0 0 0 0 0 0 0 0 0 0 0 0 0</row>
            <row>0 0 0 0 0 0 0 0 0 0 0 0 0 0 0 0 0 0 0 0 0 0 0 0 0 0 0 0 0 0 0 0 0 0 0 0 0 0 0 0 0 0 0 0 0 0 0 0 0 0 0 0 0 0 0 0 0 0 0 0 0 0 0 0</row>
            <row>0 0 0 0 0 0 0 0 0 0 0 0 0 0 0 0 0 0 0 0 0 0 0 0 0 0 0 0 0 0 0 0 0 0 0 0 0 0 0 0 0 0 0 0 0 0 0 0 0 0 0 0 0 0 0 0 0 0 0 0 0 0 0 0</row>
            <row>0 0 0 0 0 0 0 0 0 0 0 0 0 0 0 0 0 0 0 0 0 0 0 0 0 0 0 0 0 0 0 0 0 0 0 0 0 0 0 0 0 0 0 0 0 0 0 0 0 0 0 0 0 0 0 0 0 0 0 0 0 0 0 0</row>
            <row>0 0 0 0 0 0 0 0 0 0 0 0 0 0 0 0 0 0 0 0 0 0 0 0 0 0 0 0 0 0 0 0 0 0 0 0 0 0 0 0 0 0 0 0 0 0 0 0 0 0 0 0 0 0 0 0 0 0 0 0 0 0 0 0</row>
            <row>0 0 0 0 0 0 0 0 0 0 0 0 0 0 0 0 0 0 0 0 0 0 0 0 0 0 0 0 0 0 0 0 0 0 0 0 0 0 0 0 0 0 0 0 0 0 0 0 0 0 0 0 0 0 0 0 0 0 0 0 0 0 0 0</row>
            <row>0 0 0 0 0 0 0 0 0 0 0 0 0 0 0 0 0 0 0 0 0 0 0 0 0 0 0 0 0 0 0 0 0 0 0 0 0 0 0 0 0 0 0 0 0 0 0 0 0 0 0 0 0 0 0 0 0 0 0 0 0 0 0 0</row>
            <row>0 0 0 0 0 0 0 0 0 0 0 0 0 0 0 0 0 0 0 0 0 0 0 0 0 0 0 0 0 0 0 0 0 0 0 0 0 0 0 0 0 0 0 0 0 0 0 0 0 0 0 0 0 0 0 0 0 0 0 0 0 0 0 0</row>
            <row>0 0 0 0 0 0 0 0 0 0 0 0 0 0 0 0 0 0 0 0 0 0 0 0 0 0 0 0 0 0 0 0 0 0 0 0 0 0 0 0 0 0 0 0 0 0 0 0 0 0 0 0 0 0 0 0 0 0 0 0 0 0 0 0</row>
            <row>0 0 0 0 0 0 0 0 0 0 0 0 0 0 0 0 0 0 0 0 0 0 0 0 0 0 0 0 0 0 0 0 0 0 0 0 0 0 0 0 0 0 0 0 0 0 0 0 0 0 0 0 0 0 0 0 0 0 0 0 0 0 0 0</row>
            <row>0 0 0 0 0 0 0 0 0 0 0 0 0 0 0 0 0 0 0 0 0 0 0 0 0 0 0 0 0 0 0 0 0 0 0 0 0 0 0 0 0 0 0 0 0 0 0 0 0 0 0 0 0 0 0 0 0 0 0 0 0 0 0 0</row>
            <row>0 0 0 0 0 0 0 0 0 0 0 0 0 0 0 0 0 0 0 0 0 0 0 0 0 0 0 0 0 0 0 0 0 0 0 0 0 0 0 0 0 0 0 0 0 0 0 0 0 0 0 0 0 0 0 0 0 0 0 0 0 0 0 0</row>
            <row>0 0 0 0 0 0 0 0 0 0 0 0 0 0 0 0 0 0 0 0 0 0 0 0 0 0 0 0 0 0 0 0 0 0 0 0 0 0 0 0 0 0 0 0 0 0 0 0 0 0 0 0 0 0 0 0 0 0 0 0 0 0 0 0</row>
            <row>0 0 0 0 0 0 0 0 0 0 0 0 0 0 0 0 0 0 0 0 0 0 0 0 0 0 0 0 0 0 0 0 0 0 0 0 0 0 0 0 0 0 0 0 0 0 0 0 0 0 0 0 0 0 0 0 0 0 0 0 0 0 0 0</row>
            <row>0 0 0 0 0 0 0 0 0 0 0 0 0 0 0 0 0 0 0 0 0 0 0 0 0 0 0 0 0 0 0 0 0 0 0 0 0 0 0 0 0 0 0 0 0 0 0 0 0 0 0 0 0 0 0 0 0 0 0 0 0 0 0 0</row>
            <row>0 0 0 0 0 0 0 0 0 0 0 0 0 0 0 0 0 0 0 0 0 0 0 0 0 0 0 0 0 0 0 0 0 0 0 0 0 0 0 0 0 0 0 0 0 0 0 0 0 0 0 0 0 0 0 0 0 0 0 0 0 0 0 0</row>
            <row>0 0 0 0 0 0 0 0 0 0 0 0 0 0 0 0 0 0 0 0 0 0 0 0 0 0 0 0 0 0 0 0 0 0 0 0 0 0 0 0 0 0 0 0 0 0 0 0 0 0 0 0 0 0 0 0 0 0 0 0 0 0 0 0</row>
            <row>0 0 0 0 0 0 0 0 0 0 0 0 0 0 0 0 0 0 0 0 0 0 0 0 0 0 0 0 0 0 0 0 0 0 0 0 0 0 0 0 0 0 0 0 0 0 0 0 0 0 0 0 0 0 0 0 0 0 0 0 0 0 0 0</row>
            <row>0 0 0 0 0 0 0 0 0 0 0 0 0 0 0 0 0 0 0 0 0 0 0 0 0 0 0 0 0 0 0 0 0 0 0 0 0 0 0 0 0 0 0 0 0 0 0 0 0 0 0 0 0 0 0 0 0 0 0 0 0 0 0 0</row>
            <row>0 0 0 0 0 0 0 0 0 0 0 0 0 0 0 0 0 0 0 0 0 0 0 0 0 0 0 0 0 0 0 0 0 0 0 0 0 0 0 0 0 0 0 0 0 0 0 0 0 0 0 0 0 0 0 0 0 0 0 0 0 0 0 0</row>
            <row>0 0 0 0 0 0 0 0 0 0 0 0 0 0 0 0 0 0 0 0 0 0 0 0 0 0 0 0 0 0 0 0 0 0 0 0 0 0 0 0 0 0 0 0 0 0 0 0 0 0 0 0 0 0 0 0 0 0 0 0 0 0 0 0</row>
            <row>0 0 0 0 0 0 0 0 0 0 0 0 0 0 0 0 0 0 0 0 0 0 0 0 0 0 0 0 0 0 0 0 0 0 0 0 0 0 0 0 0 0 0 0 0 0 0 0 0 0 0 0 0 0 0 0 0 0 0 0 0 0 0 0</row>
            <row>0 0 0 0 0 0 0 0 0 0 0 0 0 0 0 0 0 0 0 0 0 0 0 0 0 0 0 0 0 0 0 0 0 0 0 0 0 0 0 0 0 0 0 0 0 0 0 0 0 0 0 0 0 0 0 0 0 0 0 0 0 0 0 0</row>
            <row>0 0 0 0 0 0 0 0 0 0 0 0 0 0 0 0 0 0 0 0 0 0 0 0 0 0 0 0 0 0 0 0 0 0 0 0 0 0 0 0 0 0 0 0 0 0 0 0 0 0 0 0 0 0 0 0 0 0 0 0 0 0 0 0</row>
            <row>0 0 0 0 0 0 0 0 0 0 0 0 0 0 0 0 0 0 0 0 0 0 0 0 0 0 0 0 0 0 0 0 0 0 0 0 0 0 0 0 0 0 0 0 0 0 0 0 0 0 0 0 0 0 0 0 0 0 0 0 0 0 0 0</row>
            <row>0 0 0 0 0 0 0 0 0 0 0 0 0 0 0 0 0 0 0 0 0 0 0 0 0 0 0 0 0 0 0 0 0 0 0 0 0 0 0 0 0 0 0 0 0 0 0 0 0 0 0 0 0 0 0 0 0 0 0 0 0 0 0 0</row>
            <row>0 0 0 0 0 0 0 0 0 0 0 0 0 0 0 0 0 0 0 0 0 0 0 0 0 0 0 0 0 0 0 0 0 0 0 0 0 0 0 0 0 0 0 0 0 0 0 0 0 0 0 0 0 0 0 0 0 0 0 0 0 0 0 0</row>
            <row>0 0 0 0 0 0 0 0 0 0 0 0 0 0 0 0 0 0 0 0 0 0 0 0 0 0 0 0 0 0 0 0 0 0 0 0 0 0 0 0 0 0 0 0 0 0 0 0 0 0 0 0 0 0 0 0 0 0 0 0 0 0 0 0</row>
            <row>0 0 0 0 0 0 0 0 0 0 0 0 0 0 0 0 0 0 0 0 0 0 0 0 0 0 0 0 0 0 0 0 0 0 0 0 0 0 0 0 0 0 0 0 0 0 0 0 0 0 0 0 0 0 0 0 0 0 0 0 0 0 0 0</row>
            <row>0 0 0 0 0 0 0 0 0 0 0 0 0 0 0 0 0 0 0 0 0 0 0 0 0 0 0 0 0 0 0 0 0 0 0 0 0 0 0 0 0 0 0 0 0 0 0 0 0 0 0 0 0 0 0 0 0 0 0 0 0 0 0 0</row>
            <row>0 0 0 0 0 0 0 0 0 0 0 0 0 0 0 0 0 0 0 0 0 0 0 0 0 0 0 0 0 0 0 0 0 0 0 0 0 0 0 0 0 0 0 0 0 0 0 0 0 0 0 0 0 0 0 0 0 0 0 0 0 0 0 0</row>
            <row>0 0 0 0 0 0 0 0 0 0 0 0 0 0 0 0 0 0 0 0 0 0 0 0 0 0 0 0 0 0 0 0 0 0 0 0 0 0 0 0 0 0 0 0 0 0 0 0 0 0 0 0 0 0 0 0 0 0 0 0 0 0 0 0</row>
            <row>0 0 0 0 0 0 0 0 0 0 0 0 0 0 0 0 0 0 0 0 0 0 0 0 0 0 0 0 0 0 0 0 0 0 0 0 0 0 0 0 0 0 0 0 0 0 0 0 0 0 0 0 0 0 0 0 0 0 0 0 0 0 0 0</row>
            <row>0 0 0 0 0 0 0 0 0 0 0 0 0 0 0 0 0 0 0 0 0 0 0 0 0 0 0 0 0 0 0 0 0 0 0 0 0 0 0 0 0 0 0 0 0 0 0 0 0 0 0 0 0 0 0 0 0 0 0 0 0 0 0 0</row>
            <row>0 0 0 0 0 0 0 0 0 0 0 0 0 0 0 0 0 0 0 0 0 0 0 0 0 0 0 0 0 0 0 0 0 0 0 0 0 0 0 0 0 0 0 0 0 0 0 0 0 0 0 0 0 0 0 0 0 0 0 0 0 0 0 0</row>
            <row>0 0 0 0 0 0 0 0 0 0 0 0 0 0 0 0 0 0 0 0 0 0 0 0 0 0 0 0 0 0 0 0 0 0 0 0 0 0 0 0 0 0 0 0 0 0 0 0 0 0 0 0 0 0 0 0 0 0 0 0 0 0 0 0</row>
            <row>0 0 0 0 0 0 0 0 0 0 0 0 0 0 0 0 0 0 0 0 0 0 0 0 0 0 0 0 0 0 0 0 0 0 0 0 0 0 0 0 0 0 0 0 0 0 0 0 0 0 0 0 0 0 0 0 0 0 0 0 0 0 0 0</row>
            <row>0 0 0 0 0 0 0 0 0 0 0 0 0 0 0 0 0 0 0 0 0 0 0 0 0 0 0 0 0 0 0 0 0 0 0 0 0 0 0 0 0 0 0 0 0 0 0 0 0 0 0 0 0 0 0 0 0 0 0 0 0 0 0 0</row>
        </grid>
    </map>
    <algorithm>
        <allowanyangle>true</allowanyangle>
        <metrictype>euclid</metrictype>
        <breakingties>g-max</breakingties>
        <weight>1</weight>
    </algorithm>
    <options>
        <loglevel>1</loglevel>
        <logpath />
        <logfilename />
    </options>
</root>
