<?xml version="1.0" ?>
<root>
    <map>
        <width>64</width>
        <height>64</height>
        <agents>150</agents>
        <startx number="0">25</startx>
        <starty number="0">29</starty>
        <finishx number="0">44</finishx>
        <finishy number="0">52</finishy>
        <startx number="1">25</startx>
        <starty number="1">31</starty>
        <finishx number="1">33</finishx>
        <finishy number="1">36</finishy>
        <startx number="2">3</startx>
        <starty number="2">27</starty>
        <finishx number="2">29</finishx>
        <finishy number="2">41</finishy>
        <startx number="3">4</startx>
        <starty number="3">51</starty>
        <finishx number="3">29</finishx>
        <finishy number="3">33</finishy>
        <startx number="4">18</startx>
        <starty number="4">11</starty>
        <finishx number="4">34</finishx>
        <finishy number="4">1</finishy>
        <startx number="5">30</startx>
        <starty number="5">62</starty>
        <finishx number="5">39</finishx>
        <finishy number="5">7</finishy>
        <startx number="6">5</startx>
        <starty number="6">21</starty>
        <finishx number="6">45</finishx>
        <finishy number="6">62</finishy>
        <startx number="7">37</startx>
        <starty number="7">8</starty>
        <finishx number="7">25</finishx>
        <finishy number="7">34</finishy>
        <startx number="8">50</startx>
        <starty number="8">49</starty>
        <finishx number="8">7</finishx>
        <finishy number="8">61</finishy>
        <startx number="9">17</startx>
        <starty number="9">0</starty>
        <finishx number="9">33</finishx>
        <finishy number="9">33</finishy>
        <startx number="10">59</startx>
        <starty number="10">42</starty>
        <finishx number="10">62</finishx>
        <finishy number="10">60</finishy>
        <startx number="11">23</startx>
        <starty number="11">13</starty>
        <finishx number="11">61</finishx>
        <finishy number="11">52</finishy>
        <startx number="12">50</startx>
        <starty number="12">6</starty>
        <finishx number="12">26</finishx>
        <finishy number="12">42</finishy>
        <startx number="13">14</startx>
        <starty number="13">17</starty>
        <finishx number="13">21</finishx>
        <finishy number="13">56</finishy>
        <startx number="14">53</startx>
        <starty number="14">24</starty>
        <finishx number="14">57</finishx>
        <finishy number="14">39</finishy>
        <startx number="15">45</startx>
        <starty number="15">10</starty>
        <finishx number="15">28</finishx>
        <finishy number="15">18</finishy>
        <startx number="16">19</startx>
        <starty number="16">56</starty>
        <finishx number="16">2</finishx>
        <finishy number="16">49</finishy>
        <startx number="17">27</startx>
        <starty number="17">20</starty>
        <finishx number="17">16</finishx>
        <finishy number="17">43</finishy>
        <startx number="18">7</startx>
        <starty number="18">42</starty>
        <finishx number="18">58</finishx>
        <finishy number="18">63</finishy>
        <startx number="19">42</startx>
        <starty number="19">58</starty>
        <finishx number="19">10</finishx>
        <finishy number="19">34</finishy>
        <startx number="20">16</startx>
        <starty number="20">38</starty>
        <finishx number="20">31</finishx>
        <finishy number="20">1</finishy>
        <startx number="21">57</startx>
        <starty number="21">34</starty>
        <finishx number="21">40</finishx>
        <finishy number="21">56</finishy>
        <startx number="22">58</startx>
        <starty number="22">50</starty>
        <finishx number="22">18</finishx>
        <finishy number="22">43</finishy>
        <startx number="23">30</startx>
        <starty number="23">22</starty>
        <finishx number="23">52</finishx>
        <finishy number="23">48</finishy>
        <startx number="24">45</startx>
        <starty number="24">49</starty>
        <finishx number="24">29</finishx>
        <finishy number="24">28</finishy>
        <startx number="25">51</startx>
        <starty number="25">40</starty>
        <finishx number="25">46</finishx>
        <finishy number="25">46</finishy>
        <startx number="26">37</startx>
        <starty number="26">14</starty>
        <finishx number="26">46</finishx>
        <finishy number="26">17</finishy>
        <startx number="27">18</startx>
        <starty number="27">8</starty>
        <finishx number="27">49</finishx>
        <finishy number="27">4</finishy>
        <startx number="28">49</startx>
        <starty number="28">62</starty>
        <finishx number="28">8</finishx>
        <finishy number="28">13</finishy>
        <startx number="29">6</startx>
        <starty number="29">19</starty>
        <finishx number="29">49</finishx>
        <finishy number="29">27</finishy>
        <startx number="30">59</startx>
        <starty number="30">1</starty>
        <finishx number="30">11</finishx>
        <finishy number="30">63</finishy>
        <startx number="31">24</startx>
        <starty number="31">53</starty>
        <finishx number="31">53</finishx>
        <finishy number="31">61</finishy>
        <startx number="32">27</startx>
        <starty number="32">63</starty>
        <finishx number="32">45</finishx>
        <finishy number="32">12</finishy>
        <startx number="33">47</startx>
        <starty number="33">62</starty>
        <finishx number="33">20</finishx>
        <finishy number="33">43</finishy>
        <startx number="34">34</startx>
        <starty number="34">30</starty>
        <finishx number="34">55</finishx>
        <finishy number="34">35</finishy>
        <startx number="35">19</startx>
        <starty number="35">3</starty>
        <finishx number="35">0</finishx>
        <finishy number="35">30</finishy>
        <startx number="36">46</startx>
        <starty number="36">23</starty>
        <finishx number="36">25</finishx>
        <finishy number="36">47</finishy>
        <startx number="37">15</startx>
        <starty number="37">59</starty>
        <finishx number="37">8</finishx>
        <finishy number="37">56</finishy>
        <startx number="38">34</startx>
        <starty number="38">46</starty>
        <finishx number="38">42</finishx>
        <finishy number="38">21</finishy>
        <startx number="39">56</startx>
        <starty number="39">42</starty>
        <finishx number="39">16</finishx>
        <finishy number="39">12</finishy>
        <startx number="40">29</startx>
        <starty number="40">52</starty>
        <finishx number="40">24</finishx>
        <finishy number="40">26</finishy>
        <startx number="41">24</startx>
        <starty number="41">61</starty>
        <finishx number="41">9</finishx>
        <finishy number="41">45</finishy>
        <startx number="42">27</startx>
        <starty number="42">50</starty>
        <finishx number="42">53</finishx>
        <finishy number="42">40</finishy>
        <startx number="43">50</startx>
        <starty number="43">46</starty>
        <finishx number="43">13</finishx>
        <finishy number="43">1</finishy>
        <startx number="44">42</startx>
        <starty number="44">50</starty>
        <finishx number="44">38</finishx>
        <finishy number="44">27</finishy>
        <startx number="45">59</startx>
        <starty number="45">18</starty>
        <finishx number="45">46</finishx>
        <finishy number="45">25</finishy>
        <startx number="46">39</startx>
        <starty number="46">5</starty>
        <finishx number="46">21</finishx>
        <finishy number="46">3</finishy>
        <startx number="47">9</startx>
        <starty number="47">0</starty>
        <finishx number="47">2</finishx>
        <finishy number="47">51</finishy>
        <startx number="48">53</startx>
        <starty number="48">18</starty>
        <finishx number="48">19</finishx>
        <finishy number="48">14</finishy>
        <startx number="49">23</startx>
        <starty number="49">5</starty>
        <finishx number="49">42</finishx>
        <finishy number="49">23</finishy>
        <startx number="50">18</startx>
        <starty number="50">51</starty>
        <finishx number="50">29</finishx>
        <finishy number="50">4</finishy>
        <startx number="51">21</startx>
        <starty number="51">27</starty>
        <finishx number="51">63</finishx>
        <finishy number="51">22</finishy>
        <startx number="52">44</startx>
        <starty number="52">44</starty>
        <finishx number="52">1</finishx>
        <finishy number="52">19</finishy>
        <startx number="53">39</startx>
        <starty number="53">16</starty>
        <finishx number="53">31</finishx>
        <finishy number="53">33</finishy>
        <startx number="54">54</startx>
        <starty number="54">21</starty>
        <finishx number="54">60</finishx>
        <finishy number="54">31</finishy>
        <startx number="55">32</startx>
        <starty number="55">14</starty>
        <finishx number="55">10</finishx>
        <finishy number="55">53</finishy>
        <startx number="56">15</startx>
        <starty number="56">49</starty>
        <finishx number="56">57</finishx>
        <finishy number="56">37</finishy>
        <startx number="57">24</startx>
        <starty number="57">0</starty>
        <finishx number="57">56</finishx>
        <finishy number="57">5</finishy>
        <startx number="58">55</startx>
        <starty number="58">53</starty>
        <finishx number="58">18</finishx>
        <finishy number="58">27</finishy>
        <startx number="59">34</startx>
        <starty number="59">56</starty>
        <finishx number="59">46</finishx>
        <finishy number="59">28</finishy>
        <startx number="60">19</startx>
        <starty number="60">32</starty>
        <finishx number="60">54</finishx>
        <finishy number="60">27</finishy>
        <startx number="61">42</startx>
        <starty number="61">7</starty>
        <finishx number="61">8</finishx>
        <finishy number="61">36</finishy>
        <startx number="62">38</startx>
        <starty number="62">19</starty>
        <finishx number="62">23</finishx>
        <finishy number="62">56</finishy>
        <startx number="63">13</startx>
        <starty number="63">50</starty>
        <finishx number="63">49</finishx>
        <finishy number="63">56</finishy>
        <startx number="64">52</startx>
        <starty number="64">21</starty>
        <finishx number="64">8</finishx>
        <finishy number="64">24</finishy>
        <startx number="65">58</startx>
        <starty number="65">15</starty>
        <finishx number="65">1</finishx>
        <finishy number="65">40</finishy>
        <startx number="66">46</startx>
        <starty number="66">7</starty>
        <finishx number="66">43</finishx>
        <finishy number="66">47</finishy>
        <startx number="67">13</startx>
        <starty number="67">28</starty>
        <finishx number="67">35</finishx>
        <finishy number="67">38</finishy>
        <startx number="68">2</startx>
        <starty number="68">46</starty>
        <finishx number="68">7</finishx>
        <finishy number="68">51</finishy>
        <startx number="69">13</startx>
        <starty number="69">20</starty>
        <finishx number="69">8</finishx>
        <finishy number="69">29</finishy>
        <startx number="70">37</startx>
        <starty number="70">22</starty>
        <finishx number="70">16</finishx>
        <finishy number="70">14</finishy>
        <startx number="71">10</startx>
        <starty number="71">31</starty>
        <finishx number="71">34</finishx>
        <finishy number="71">19</finishy>
        <startx number="72">19</startx>
        <starty number="72">19</starty>
        <finishx number="72">48</finishx>
        <finishy number="72">25</finishy>
        <startx number="73">17</startx>
        <starty number="73">62</starty>
        <finishx number="73">50</finishx>
        <finishy number="73">8</finishy>
        <startx number="74">5</startx>
        <starty number="74">11</starty>
        <finishx number="74">37</finishx>
        <finishy number="74">43</finishy>
        <startx number="75">57</startx>
        <starty number="75">29</starty>
        <finishx number="75">3</finishx>
        <finishy number="75">11</finishy>
        <startx number="76">56</startx>
        <starty number="76">0</starty>
        <finishx number="76">22</finishx>
        <finishy number="76">53</finishy>
        <startx number="77">54</startx>
        <starty number="77">32</starty>
        <finishx number="77">62</finishx>
        <finishy number="77">1</finishy>
        <startx number="78">9</startx>
        <starty number="78">60</starty>
        <finishx number="78">29</finishx>
        <finishy number="78">47</finishy>
        <startx number="79">12</startx>
        <starty number="79">4</starty>
        <finishx number="79">39</finishx>
        <finishy number="79">59</finishy>
        <startx number="80">63</startx>
        <starty number="80">41</starty>
        <finishx number="80">41</finishx>
        <finishy number="80">5</finishy>
        <startx number="81">45</startx>
        <starty number="81">39</starty>
        <finishx number="81">14</finishx>
        <finishy number="81">47</finishy>
        <startx number="82">23</startx>
        <starty number="82">58</starty>
        <finishx number="82">36</finishx>
        <finishy number="82">40</finishy>
        <startx number="83">31</startx>
        <starty number="83">49</starty>
        <finishx number="83">39</finishx>
        <finishy number="83">10</finishy>
        <startx number="84">63</startx>
        <starty number="84">38</starty>
        <finishx number="84">54</finishx>
        <finishy number="84">13</finishy>
        <startx number="85">36</startx>
        <starty number="85">45</starty>
        <finishx number="85">33</finishx>
        <finishy number="85">3</finishy>
        <startx number="86">33</startx>
        <starty number="86">11</starty>
        <finishx number="86">25</finishx>
        <finishy number="86">56</finishy>
        <startx number="87">50</startx>
        <starty number="87">11</starty>
        <finishx number="87">63</finishx>
        <finishy number="87">31</finishy>
        <startx number="88">0</startx>
        <starty number="88">59</starty>
        <finishx number="88">14</finishx>
        <finishy number="88">7</finishy>
        <startx number="89">45</startx>
        <starty number="89">34</starty>
        <finishx number="89">39</finishx>
        <finishy number="89">47</finishy>
        <startx number="90">21</startx>
        <starty number="90">10</starty>
        <finishx number="90">25</finishx>
        <finishy number="90">2</finishy>
        <startx number="91">25</startx>
        <starty number="91">39</starty>
        <finishx number="91">51</finishx>
        <finishy number="91">27</finishy>
        <startx number="92">50</startx>
        <starty number="92">25</starty>
        <finishx number="92">61</finishx>
        <finishy number="92">7</finishy>
        <startx number="93">16</startx>
        <starty number="93">17</starty>
        <finishx number="93">13</finishx>
        <finishy number="93">12</finishy>
        <startx number="94">9</startx>
        <starty number="94">50</starty>
        <finishx number="94">18</finishx>
        <finishy number="94">59</finishy>
        <startx number="95">59</startx>
        <starty number="95">58</starty>
        <finishx number="95">44</finishx>
        <finishy number="95">15</finishy>
        <startx number="96">34</startx>
        <starty number="96">25</starty>
        <finishx number="96">10</finishx>
        <finishy number="96">28</finishy>
        <startx number="97">12</startx>
        <starty number="97">25</starty>
        <finishx number="97">0</finishx>
        <finishy number="97">6</finishy>
        <startx number="98">49</startx>
        <starty number="98">20</starty>
        <finishx number="98">22</finishx>
        <finishy number="98">8</finishy>
        <startx number="99">32</startx>
        <starty number="99">47</starty>
        <finishx number="99">38</finishx>
        <finishy number="99">53</finishy>
        <startx number="100">28</startx>
        <starty number="100">14</starty>
        <finishx number="100">35</finishx>
        <finishy number="100">11</finishy>
        <startx number="101">31</startx>
        <starty number="101">57</starty>
        <finishx number="101">58</finishx>
        <finishy number="101">21</finishy>
        <startx number="102">16</startx>
        <starty number="102">28</starty>
        <finishx number="102">24</finishx>
        <finishy number="102">45</finishy>
        <startx number="103">50</startx>
        <starty number="103">33</starty>
        <finishx number="103">24</finishx>
        <finishy number="103">42</finishy>
        <startx number="104">43</startx>
        <starty number="104">29</starty>
        <finishx number="104">7</finishx>
        <finishy number="104">7</finishy>
        <startx number="105">62</startx>
        <starty number="105">12</starty>
        <finishx number="105">59</finishx>
        <finishy number="105">34</finishy>
        <startx number="106">50</startx>
        <starty number="106">51</starty>
        <finishx number="106">56</finishx>
        <finishy number="106">58</finishy>
        <startx number="107">4</startx>
        <starty number="107">37</starty>
        <finishx number="107">37</finishx>
        <finishy number="107">16</finishy>
        <startx number="108">9</startx>
        <starty number="108">7</starty>
        <finishx number="108">42</finishx>
        <finishy number="108">34</finishy>
        <startx number="109">24</startx>
        <starty number="109">37</starty>
        <finishx number="109">62</finishx>
        <finishy number="109">62</finishy>
        <startx number="110">16</startx>
        <starty number="110">19</starty>
        <finishx number="110">5</finishx>
        <finishy number="110">35</finishy>
        <startx number="111">48</startx>
        <starty number="111">43</starty>
        <finishx number="111">43</finishx>
        <finishy number="111">55</finishy>
        <startx number="112">38</startx>
        <starty number="112">29</starty>
        <finishx number="112">28</finishx>
        <finishy number="112">37</finishy>
        <startx number="113">29</startx>
        <starty number="113">60</starty>
        <finishx number="113">52</finishx>
        <finishy number="113">16</finishy>
        <startx number="114">41</startx>
        <starty number="114">47</starty>
        <finishx number="114">58</finishx>
        <finishy number="114">61</finishy>
        <startx number="115">34</startx>
        <starty number="115">16</starty>
        <finishx number="115">60</finishx>
        <finishy number="115">5</finishy>
        <startx number="116">19</startx>
        <starty number="116">5</starty>
        <finishx number="116">61</finishx>
        <finishy number="116">39</finishy>
        <startx number="117">49</startx>
        <starty number="117">59</starty>
        <finishx number="117">25</finishx>
        <finishy number="117">10</finishy>
        <startx number="118">31</startx>
        <starty number="118">36</starty>
        <finishx number="118">37</finishx>
        <finishy number="118">59</finishy>
        <startx number="119">52</startx>
        <starty number="119">54</starty>
        <finishx number="119">30</finishx>
        <finishy number="119">38</finishy>
        <startx number="120">35</startx>
        <starty number="120">35</starty>
        <finishx number="120">21</finishx>
        <finishy number="120">16</finishy>
        <startx number="121">27</startx>
        <starty number="121">10</starty>
        <finishx number="121">53</finishx>
        <finishy number="121">6</finishy>
        <startx number="122">38</startx>
        <starty number="122">51</starty>
        <finishx number="122">49</finishx>
        <finishy number="122">17</finishy>
        <startx number="123">54</startx>
        <starty number="123">29</starty>
        <finishx number="123">22</finishx>
        <finishy number="123">45</finishy>
        <startx number="124">17</startx>
        <starty number="124">22</starty>
        <finishx number="124">45</finishx>
        <finishy number="124">31</finishy>
        <startx number="125">40</startx>
        <starty number="125">61</starty>
        <finishx number="125">5</finishx>
        <finishy number="125">48</finishy>
        <startx number="126">34</startx>
        <starty number="126">8</starty>
        <finishx number="126">38</finishx>
        <finishy number="126">45</finishy>
        <startx number="127">21</startx>
        <starty number="127">0</starty>
        <finishx number="127">8</finishx>
        <finishy number="127">27</finishy>
        <startx number="128">54</startx>
        <starty number="128">8</starty>
        <finishx number="128">4</finishx>
        <finishy number="128">14</finishy>
        <startx number="129">56</startx>
        <starty number="129">16</starty>
        <finishx number="129">7</finishx>
        <finishy number="129">45</finishy>
        <startx number="130">61</startx>
        <starty number="130">47</starty>
        <finishx number="130">14</finishx>
        <finishy number="130">9</finishy>
        <startx number="131">46</startx>
        <starty number="131">36</starty>
        <finishx number="131">29</finishx>
        <finishy number="131">9</finishy>
        <startx number="132">4</startx>
        <starty number="132">3</starty>
        <finishx number="132">9</finishx>
        <finishy number="132">58</finishy>
        <startx number="133">18</startx>
        <starty number="133">17</starty>
        <finishx number="133">63</finishx>
        <finishy number="133">6</finishy>
        <startx number="134">11</startx>
        <starty number="134">7</starty>
        <finishx number="134">28</finishx>
        <finishy number="134">2</finishy>
        <startx number="135">15</startx>
        <starty number="135">41</starty>
        <finishx number="135">27</finishx>
        <finishy number="135">33</finishy>
        <startx number="136">63</startx>
        <starty number="136">57</starty>
        <finishx number="136">26</finishx>
        <finishy number="136">61</finishy>
        <startx number="137">34</startx>
        <starty number="137">54</starty>
        <finishx number="137">59</finishx>
        <finishy number="137">36</finishy>
        <startx number="138">62</startx>
        <starty number="138">54</starty>
        <finishx number="138">50</finishx>
        <finishy number="138">43</finishy>
        <startx number="139">40</startx>
        <starty number="139">50</starty>
        <finishx number="139">53</finishx>
        <finishy number="139">10</finishy>
        <startx number="140">3</startx>
        <starty number="140">8</starty>
        <finishx number="140">1</finishx>
        <finishy number="140">35</finishy>
        <startx number="141">26</startx>
        <starty number="141">23</starty>
        <finishx number="141">61</finishx>
        <finishy number="141">25</finishy>
        <startx number="142">63</startx>
        <starty number="142">47</starty>
        <finishx number="142">12</finishx>
        <finishy number="142">60</finishy>
        <startx number="143">61</startx>
        <starty number="143">20</starty>
        <finishx number="143">24</finishx>
        <finishy number="143">16</finishy>
        <startx number="144">27</startx>
        <starty number="144">31</starty>
        <finishx number="144">12</finishx>
        <finishy number="144">23</finishy>
        <startx number="145">59</startx>
        <starty number="145">7</starty>
        <finishx number="145">49</finishx>
        <finishy number="145">41</finishy>
        <startx number="146">48</startx>
        <starty number="146">49</starty>
        <finishx number="146">17</finishx>
        <finishy number="146">33</finishy>
        <startx number="147">50</startx>
        <starty number="147">14</starty>
        <finishx number="147">52</finishx>
        <finishy number="147">56</finishy>
        <startx number="148">40</startx>
        <starty number="148">39</starty>
        <finishx number="148">42</finishx>
        <finishy number="148">61</finishy>
        <startx number="149">0</startx>
        <starty number="149">43</starty>
        <finishx number="149">30</finishx>
        <finishy number="149">12</finishy>
        <grid>
            <row>0 0 0 0 0 0 0 0 0 0 0 0 0 0 0 0 0 0 0 0 0 0 0 0 0 0 0 0 0 0 0 0 0 0 0 0 0 0 0 0 0 0 0 0 0 0 0 0 0 0 0 0 0 0 0 0 0 0 0 0 0 0 0 0</row>
            <row>0 0 0 0 0 0 0 0 0 0 0 0 0 0 0 0 0 0 0 0 0 0 0 0 0 0 0 0 0 0 0 0 0 0 0 0 0 0 0 0 0 0 0 0 0 0 0 0 0 0 0 0 0 0 0 0 0 0 0 0 0 0 0 0</row>
            <row>0 0 0 0 0 0 0 0 0 0 0 0 0 0 0 0 0 0 0 0 0 0 0 0 0 0 0 0 0 0 0 0 0 0 0 0 0 0 0 0 0 0 0 0 0 0 0 0 0 0 0 0 0 0 0 0 0 0 0 0 0 0 0 0</row>
            <row>0 0 0 0 0 0 0 0 0 0 0 0 0 0 0 0 0 0 0 0 0 0 0 0 0 0 0 0 0 0 0 0 0 0 0 0 0 0 0 0 0 0 0 0 0 0 0 0 0 0 0 0 0 0 0 0 0 0 0 0 0 0 0 0</row>
            <row>0 0 0 0 0 0 0 0 0 0 0 0 0 0 0 0 0 0 0 0 0 0 0 0 0 0 0 0 0 0 0 0 0 0 0 0 0 0 0 0 0 0 0 0 0 0 0 0 0 0 0 0 0 0 0 0 0 0 0 0 0 0 0 0</row>
            <row>0 0 0 0 0 0 0 0 0 0 0 0 0 0 0 0 0 0 0 0 0 0 0 0 0 0 0 0 0 0 0 0 0 0 0 0 0 0 0 0 0 0 0 0 0 0 0 0 0 0 0 0 0 0 0 0 0 0 0 0 0 0 0 0</row>
            <row>0 0 0 0 0 0 0 0 0 0 0 0 0 0 0 0 0 0 0 0 0 0 0 0 0 0 0 0 0 0 0 0 0 0 0 0 0 0 0 0 0 0 0 0 0 0 0 0 0 0 0 0 0 0 0 0 0 0 0 0 0 0 0 0</row>
            <row>0 0 0 0 0 0 0 0 0 0 0 0 0 0 0 0 0 0 0 0 0 0 0 0 0 0 0 0 0 0 0 0 0 0 0 0 0 0 0 0 0 0 0 0 0 0 0 0 0 0 0 0 0 0 0 0 0 0 0 0 0 0 0 0</row>
            <row>0 0 0 0 0 0 0 0 0 0 0 0 0 0 0 0 0 0 0 0 0 0 0 0 0 0 0 0 0 0 0 0 0 0 0 0 0 0 0 0 0 0 0 0 0 0 0 0 0 0 0 0 0 0 0 0 0 0 0 0 0 0 0 0</row>
            <row>0 0 0 0 0 0 0 0 0 0 0 0 0 0 0 0 0 0 0 0 0 0 0 0 0 0 0 0 0 0 0 0 0 0 0 0 0 0 0 0 0 0 0 0 0 0 0 0 0 0 0 0 0 0 0 0 0 0 0 0 0 0 0 0</row>
            <row>0 0 0 0 0 0 0 0 0 0 0 0 0 0 0 0 0 0 0 0 0 0 0 0 0 0 0 0 0 0 0 0 0 0 0 0 0 0 0 0 0 0 0 0 0 0 0 0 0 0 0 0 0 0 0 0 0 0 0 0 0 0 0 0</row>
            <row>0 0 0 0 0 0 0 0 0 0 0 0 0 0 0 0 0 0 0 0 0 0 0 0 0 0 0 0 0 0 0 0 0 0 0 0 0 0 0 0 0 0 0 0 0 0 0 0 0 0 0 0 0 0 0 0 0 0 0 0 0 0 0 0</row>
            <row>0 0 0 0 0 0 0 0 0 0 0 0 0 0 0 0 0 0 0 0 0 0 0 0 0 0 0 0 0 0 0 0 0 0 0 0 0 0 0 0 0 0 0 0 0 0 0 0 0 0 0 0 0 0 0 0 0 0 0 0 0 0 0 0</row>
            <row>0 0 0 0 0 0 0 0 0 0 0 0 0 0 0 0 0 0 0 0 0 0 0 0 0 0 0 0 0 0 0 0 0 0 0 0 0 0 0 0 0 0 0 0 0 0 0 0 0 0 0 0 0 0 0 0 0 0 0 0 0 0 0 0</row>
            <row>0 0 0 0 0 0 0 0 0 0 0 0 0 0 0 0 0 0 0 0 0 0 0 0 0 0 0 0 0 0 0 0 0 0 0 0 0 0 0 0 0 0 0 0 0 0 0 0 0 0 0 0 0 0 0 0 0 0 0 0 0 0 0 0</row>
            <row>0 0 0 0 0 0 0 0 0 0 0 0 0 0 0 0 0 0 0 0 0 0 0 0 0 0 0 0 0 0 0 0 0 0 0 0 0 0 0 0 0 0 0 0 0 0 0 0 0 0 0 0 0 0 0 0 0 0 0 0 0 0 0 0</row>
            <row>0 0 0 0 0 0 0 0 0 0 0 0 0 0 0 0 0 0 0 0 0 0 0 0 0 0 0 0 0 0 0 0 0 0 0 0 0 0 0 0 0 0 0 0 0 0 0 0 0 0 0 0 0 0 0 0 0 0 0 0 0 0 0 0</row>
            <row>0 0 0 0 0 0 0 0 0 0 0 0 0 0 0 0 0 0 0 0 0 0 0 0 0 0 0 0 0 0 0 0 0 0 0 0 0 0 0 0 0 0 0 0 0 0 0 0 0 0 0 0 0 0 0 0 0 0 0 0 0 0 0 0</row>
            <row>0 0 0 0 0 0 0 0 0 0 0 0 0 0 0 0 0 0 0 0 0 0 0 0 0 0 0 0 0 0 0 0 0 0 0 0 0 0 0 0 0 0 0 0 0 0 0 0 0 0 0 0 0 0 0 0 0 0 0 0 0 0 0 0</row>
            <row>0 0 0 0 0 0 0 0 0 0 0 0 0 0 0 0 0 0 0 0 0 0 0 0 0 0 0 0 0 0 0 0 0 0 0 0 0 0 0 0 0 0 0 0 0 0 0 0 0 0 0 0 0 0 0 0 0 0 0 0 0 0 0 0</row>
            <row>0 0 0 0 0 0 0 0 0 0 0 0 0 0 0 0 0 0 0 0 0 0 0 0 0 0 0 0 0 0 0 0 0 0 0 0 0 0 0 0 0 0 0 0 0 0 0 0 0 0 0 0 0 0 0 0 0 0 0 0 0 0 0 0</row>
            <row>0 0 0 0 0 0 0 0 0 0 0 0 0 0 0 0 0 0 0 0 0 0 0 0 0 0 0 0 0 0 0 0 0 0 0 0 0 0 0 0 0 0 0 0 0 0 0 0 0 0 0 0 0 0 0 0 0 0 0 0 0 0 0 0</row>
            <row>0 0 0 0 0 0 0 0 0 0 0 0 0 0 0 0 0 0 0 0 0 0 0 0 0 0 0 0 0 0 0 0 0 0 0 0 0 0 0 0 0 0 0 0 0 0 0 0 0 0 0 0 0 0 0 0 0 0 0 0 0 0 0 0</row>
            <row>0 0 0 0 0 0 0 0 0 0 0 0 0 0 0 0 0 0 0 0 0 0 0 0 0 0 0 0 0 0 0 0 0 0 0 0 0 0 0 0 0 0 0 0 0 0 0 0 0 0 0 0 0 0 0 0 0 0 0 0 0 0 0 0</row>
            <row>0 0 0 0 0 0 0 0 0 0 0 0 0 0 0 0 0 0 0 0 0 0 0 0 0 0 0 0 0 0 0 0 0 0 0 0 0 0 0 0 0 0 0 0 0 0 0 0 0 0 0 0 0 0 0 0 0 0 0 0 0 0 0 0</row>
            <row>0 0 0 0 0 0 0 0 0 0 0 0 0 0 0 0 0 0 0 0 0 0 0 0 0 0 0 0 0 0 0 0 0 0 0 0 0 0 0 0 0 0 0 0 0 0 0 0 0 0 0 0 0 0 0 0 0 0 0 0 0 0 0 0</row>
            <row>0 0 0 0 0 0 0 0 0 0 0 0 0 0 0 0 0 0 0 0 0 0 0 0 0 0 0 0 0 0 0 0 0 0 0 0 0 0 0 0 0 0 0 0 0 0 0 0 0 0 0 0 0 0 0 0 0 0 0 0 0 0 0 0</row>
            <row>0 0 0 0 0 0 0 0 0 0 0 0 0 0 0 0 0 0 0 0 0 0 0 0 0 0 0 0 0 0 0 0 0 0 0 0 0 0 0 0 0 0 0 0 0 0 0 0 0 0 0 0 0 0 0 0 0 0 0 0 0 0 0 0</row>
            <row>0 0 0 0 0 0 0 0 0 0 0 0 0 0 0 0 0 0 0 0 0 0 0 0 0 0 0 0 0 0 0 0 0 0 0 0 0 0 0 0 0 0 0 0 0 0 0 0 0 0 0 0 0 0 0 0 0 0 0 0 0 0 0 0</row>
            <row>0 0 0 0 0 0 0 0 0 0 0 0 0 0 0 0 0 0 0 0 0 0 0 0 0 0 0 0 0 0 0 0 0 0 0 0 0 0 0 0 0 0 0 0 0 0 0 0 0 0 0 0 0 0 0 0 0 0 0 0 0 0 0 0</row>
            <row>0 0 0 0 0 0 0 0 0 0 0 0 0 0 0 0 0 0 0 0 0 0 0 0 0 0 0 0 0 0 0 0 0 0 0 0 0 0 0 0 0 0 0 0 0 0 0 0 0 0 0 0 0 0 0 0 0 0 0 0 0 0 0 0</row>
            <row>0 0 0 0 0 0 0 0 0 0 0 0 0 0 0 0 0 0 0 0 0 0 0 0 0 0 0 0 0 0 0 0 0 0 0 0 0 0 0 0 0 0 0 0 0 0 0 0 0 0 0 0 0 0 0 0 0 0 0 0 0 0 0 0</row>
            <row>0 0 0 0 0 0 0 0 0 0 0 0 0 0 0 0 0 0 0 0 0 0 0 0 0 0 0 0 0 0 0 0 0 0 0 0 0 0 0 0 0 0 0 0 0 0 0 0 0 0 0 0 0 0 0 0 0 0 0 0 0 0 0 0</row>
            <row>0 0 0 0 0 0 0 0 0 0 0 0 0 0 0 0 0 0 0 0 0 0 0 0 0 0 0 0 0 0 0 0 0 0 0 0 0 0 0 0 0 0 0 0 0 0 0 0 0 0 0 0 0 0 0 0 0 0 0 0 0 0 0 0</row>
            <row>0 0 0 0 0 0 0 0 0 0 0 0 0 0 0 0 0 0 0 0 0 0 0 0 0 0 0 0 0 0 0 0 0 0 0 0 0 0 0 0 0 0 0 0 0 0 0 0 0 0 0 0 0 0 0 0 0 0 0 0 0 0 0 0</row>
            <row>0 0 0 0 0 0 0 0 0 0 0 0 0 0 0 0 0 0 0 0 0 0 0 0 0 0 0 0 0 0 0 0 0 0 0 0 0 0 0 0 0 0 0 0 0 0 0 0 0 0 0 0 0 0 0 0 0 0 0 0 0 0 0 0</row>
            <row>0 0 0 0 0 0 0 0 0 0 0 0 0 0 0 0 0 0 0 0 0 0 0 0 0 0 0 0 0 0 0 0 0 0 0 0 0 0 0 0 0 0 0 0 0 0 0 0 0 0 0 0 0 0 0 0 0 0 0 0 0 0 0 0</row>
            <row>0 0 0 0 0 0 0 0 0 0 0 0 0 0 0 0 0 0 0 0 0 0 0 0 0 0 0 0 0 0 0 0 0 0 0 0 0 0 0 0 0 0 0 0 0 0 0 0 0 0 0 0 0 0 0 0 0 0 0 0 0 0 0 0</row>
            <row>0 0 0 0 0 0 0 0 0 0 0 0 0 0 0 0 0 0 0 0 0 0 0 0 0 0 0 0 0 0 0 0 0 0 0 0 0 0 0 0 0 0 0 0 0 0 0 0 0 0 0 0 0 0 0 0 0 0 0 0 0 0 0 0</row>
            <row>0 0 0 0 0 0 0 0 0 0 0 0 0 0 0 0 0 0 0 0 0 0 0 0 0 0 0 0 0 0 0 0 0 0 0 0 0 0 0 0 0 0 0 0 0 0 0 0 0 0 0 0 0 0 0 0 0 0 0 0 0 0 0 0</row>
            <row>0 0 0 0 0 0 0 0 0 0 0 0 0 0 0 0 0 0 0 0 0 0 0 0 0 0 0 0 0 0 0 0 0 0 0 0 0 0 0 0 0 0 0 0 0 0 0 0 0 0 0 0 0 0 0 0 0 0 0 0 0 0 0 0</row>
            <row>0 0 0 0 0 0 0 0 0 0 0 0 0 0 0 0 0 0 0 0 0 0 0 0 0 0 0 0 0 0 0 0 0 0 0 0 0 0 0 0 0 0 0 0 0 0 0 0 0 0 0 0 0 0 0 0 0 0 0 0 0 0 0 0</row>
            <row>0 0 0 0 0 0 0 0 0 0 0 0 0 0 0 0 0 0 0 0 0 0 0 0 0 0 0 0 0 0 0 0 0 0 0 0 0 0 0 0 0 0 0 0 0 0 0 0 0 0 0 0 0 0 0 0 0 0 0 0 0 0 0 0</row>
            <row>0 0 0 0 0 0 0 0 0 0 0 0 0 0 0 0 0 0 0 0 0 0 0 0 0 0 0 0 0 0 0 0 0 0 0 0 0 0 0 0 0 0 0 0 0 0 0 0 0 0 0 0 0 0 0 0 0 0 0 0 0 0 0 0</row>
            <row>0 0 0 0 0 0 0 0 0 0 0 0 0 0 0 0 0 0 0 0 0 0 0 0 0 0 0 0 0 0 0 0 0 0 0 0 0 0 0 0 0 0 0 0 0 0 0 0 0 0 0 0 0 0 0 0 0 0 0 0 0 0 0 0</row>
            <row>0 0 0 0 0 0 0 0 0 0 0 0 0 0 0 0 0 0 0 0 0 0 0 0 0 0 0 0 0 0 0 0 0 0 0 0 0 0 0 0 0 0 0 0 0 0 0 0 0 0 0 0 0 0 0 0 0 0 0 0 0 0 0 0</row>
            <row>0 0 0 0 0 0 0 0 0 0 0 0 0 0 0 0 0 0 0 0 0 0 0 0 0 0 0 0 0 0 0 0 0 0 0 0 0 0 0 0 0 0 0 0 0 0 0 0 0 0 0 0 0 0 0 0 0 0 0 0 0 0 0 0</row>
            <row>0 0 0 0 0 0 0 0 0 0 0 0 0 0 0 0 0 0 0 0 0 0 0 0 0 0 0 0 0 0 0 0 0 0 0 0 0 0 0 0 0 0 0 0 0 0 0 0 0 0 0 0 0 0 0 0 0 0 0 0 0 0 0 0</row>
            <row>0 0 0 0 0 0 0 0 0 0 0 0 0 0 0 0 0 0 0 0 0 0 0 0 0 0 0 0 0 0 0 0 0 0 0 0 0 0 0 0 0 0 0 0 0 0 0 0 0 0 0 0 0 0 0 0 0 0 0 0 0 0 0 0</row>
            <row>0 0 0 0 0 0 0 0 0 0 0 0 0 0 0 0 0 0 0 0 0 0 0 0 0 0 0 0 0 0 0 0 0 0 0 0 0 0 0 0 0 0 0 0 0 0 0 0 0 0 0 0 0 0 0 0 0 0 0 0 0 0 0 0</row>
            <row>0 0 0 0 0 0 0 0 0 0 0 0 0 0 0 0 0 0 0 0 0 0 0 0 0 0 0 0 0 0 0 0 0 0 0 0 0 0 0 0 0 0 0 0 0 0 0 0 0 0 0 0 0 0 0 0 0 0 0 0 0 0 0 0</row>
            <row>0 0 0 0 0 0 0 0 0 0 0 0 0 0 0 0 0 0 0 0 0 0 0 0 0 0 0 0 0 0 0 0 0 0 0 0 0 0 0 0 0 0 0 0 0 0 0 0 0 0 0 0 0 0 0 0 0 0 0 0 0 0 0 0</row>
            <row>0 0 0 0 0 0 0 0 0 0 0 0 0 0 0 0 0 0 0 0 0 0 0 0 0 0 0 0 0 0 0 0 0 0 0 0 0 0 0 0 0 0 0 0 0 0 0 0 0 0 0 0 0 0 0 0 0 0 0 0 0 0 0 0</row>
            <row>0 0 0 0 0 0 0 0 0 0 0 0 0 0 0 0 0 0 0 0 0 0 0 0 0 0 0 0 0 0 0 0 0 0 0 0 0 0 0 0 0 0 0 0 0 0 0 0 0 0 0 0 0 0 0 0 0 0 0 0 0 0 0 0</row>
            <row>0 0 0 0 0 0 0 0 0 0 0 0 0 0 0 0 0 0 0 0 0 0 0 0 0 0 0 0 0 0 0 0 0 0 0 0 0 0 0 0 0 0 0 0 0 0 0 0 0 0 0 0 0 0 0 0 0 0 0 0 0 0 0 0</row>
            <row>0 0 0 0 0 0 0 0 0 0 0 0 0 0 0 0 0 0 0 0 0 0 0 0 0 0 0 0 0 0 0 0 0 0 0 0 0 0 0 0 0 0 0 0 0 0 0 0 0 0 0 0 0 0 0 0 0 0 0 0 0 0 0 0</row>
            <row>0 0 0 0 0 0 0 0 0 0 0 0 0 0 0 0 0 0 0 0 0 0 0 0 0 0 0 0 0 0 0 0 0 0 0 0 0 0 0 0 0 0 0 0 0 0 0 0 0 0 0 0 0 0 0 0 0 0 0 0 0 0 0 0</row>
            <row>0 0 0 0 0 0 0 0 0 0 0 0 0 0 0 0 0 0 0 0 0 0 0 0 0 0 0 0 0 0 0 0 0 0 0 0 0 0 0 0 0 0 0 0 0 0 0 0 0 0 0 0 0 0 0 0 0 0 0 0 0 0 0 0</row>
            <row>0 0 0 0 0 0 0 0 0 0 0 0 0 0 0 0 0 0 0 0 0 0 0 0 0 0 0 0 0 0 0 0 0 0 0 0 0 0 0 0 0 0 0 0 0 0 0 0 0 0 0 0 0 0 0 0 0 0 0 0 0 0 0 0</row>
            <row>0 0 0 0 0 0 0 0 0 0 0 0 0 0 0 0 0 0 0 0 0 0 0 0 0 0 0 0 0 0 0 0 0 0 0 0 0 0 0 0 0 0 0 0 0 0 0 0 0 0 0 0 0 0 0 0 0 0 0 0 0 0 0 0</row>
            <row>0 0 0 0 0 0 0 0 0 0 0 0 0 0 0 0 0 0 0 0 0 0 0 0 0 0 0 0 0 0 0 0 0 0 0 0 0 0 0 0 0 0 0 0 0 0 0 0 0 0 0 0 0 0 0 0 0 0 0 0 0 0 0 0</row>
            <row>0 0 0 0 0 0 0 0 0 0 0 0 0 0 0 0 0 0 0 0 0 0 0 0 0 0 0 0 0 0 0 0 0 0 0 0 0 0 0 0 0 0 0 0 0 0 0 0 0 0 0 0 0 0 0 0 0 0 0 0 0 0 0 0</row>
            <row>0 0 0 0 0 0 0 0 0 0 0 0 0 0 0 0 0 0 0 0 0 0 0 0 0 0 0 0 0 0 0 0 0 0 0 0 0 0 0 0 0 0 0 0 0 0 0 0 0 0 0 0 0 0 0 0 0 0 0 0 0 0 0 0</row>
            <row>0 0 0 0 0 0 0 0 0 0 0 0 0 0 0 0 0 0 0 0 0 0 0 0 0 0 0 0 0 0 0 0 0 0 0 0 0 0 0 0 0 0 0 0 0 0 0 0 0 0 0 0 0 0 0 0 0 0 0 0 0 0 0 0</row>
        </grid>
    </map>
    <algorithm>
        <allowanyangle>true</allowanyangle>
        <metrictype>euclid</metrictype>
        <breakingties>g-max</breakingties>
        <weight>1</weight>
    </algorithm>
    <options>
        <loglevel>1</loglevel>
        <logpath />
        <logfilename />
    </options>
</root>
