<?xml version="1.0" ?>
<root>
    <map>
        <width>64</width>
        <height>64</height>
        <agents>150</agents>
        <startx number="0">63</startx>
        <starty number="0">41</starty>
        <finishx number="0">21</finishx>
        <finishy number="0">61</finishy>
        <startx number="1">44</startx>
        <starty number="1">45</starty>
        <finishx number="1">31</finishx>
        <finishy number="1">27</finishy>
        <startx number="2">27</startx>
        <starty number="2">20</starty>
        <finishx number="2">48</finishx>
        <finishy number="2">62</finishy>
        <startx number="3">32</startx>
        <starty number="3">59</starty>
        <finishx number="3">18</finishx>
        <finishy number="3">43</finishy>
        <startx number="4">49</startx>
        <starty number="4">30</starty>
        <finishx number="4">16</finishx>
        <finishy number="4">6</finishy>
        <startx number="5">60</startx>
        <starty number="5">52</starty>
        <finishx number="5">47</finishx>
        <finishy number="5">14</finishy>
        <startx number="6">46</startx>
        <starty number="6">4</starty>
        <finishx number="6">37</finishx>
        <finishy number="6">24</finishy>
        <startx number="7">52</startx>
        <starty number="7">56</starty>
        <finishx number="7">59</finishx>
        <finishy number="7">28</finishy>
        <startx number="8">11</startx>
        <starty number="8">44</starty>
        <finishx number="8">5</finishx>
        <finishy number="8">56</finishy>
        <startx number="9">2</startx>
        <starty number="9">30</starty>
        <finishx number="9">60</finishx>
        <finishy number="9">44</finishy>
        <startx number="10">26</startx>
        <starty number="10">31</starty>
        <finishx number="10">53</finishx>
        <finishy number="10">5</finishy>
        <startx number="11">51</startx>
        <starty number="11">17</starty>
        <finishx number="11">9</finishx>
        <finishy number="11">5</finishy>
        <startx number="12">62</startx>
        <starty number="12">63</starty>
        <finishx number="12">41</finishx>
        <finishy number="12">42</finishy>
        <startx number="13">18</startx>
        <starty number="13">62</starty>
        <finishx number="13">9</finishx>
        <finishy number="13">10</finishy>
        <startx number="14">1</startx>
        <starty number="14">32</starty>
        <finishx number="14">59</finishx>
        <finishy number="14">7</finishy>
        <startx number="15">41</startx>
        <starty number="15">53</starty>
        <finishx number="15">8</finishx>
        <finishy number="15">47</finishy>
        <startx number="16">49</startx>
        <starty number="16">22</starty>
        <finishx number="16">51</finishx>
        <finishy number="16">62</finishy>
        <startx number="17">43</startx>
        <starty number="17">17</starty>
        <finishx number="17">54</finishx>
        <finishy number="17">19</finishy>
        <startx number="18">16</startx>
        <starty number="18">57</starty>
        <finishx number="18">47</finishx>
        <finishy number="18">41</finishy>
        <startx number="19">53</startx>
        <starty number="19">54</starty>
        <finishx number="19">4</finishx>
        <finishy number="19">24</finishy>
        <startx number="20">6</startx>
        <starty number="20">29</starty>
        <finishx number="20">45</finishx>
        <finishy number="20">39</finishy>
        <startx number="21">60</startx>
        <starty number="21">18</starty>
        <finishx number="21">21</finishx>
        <finishy number="21">50</finishy>
        <startx number="22">61</startx>
        <starty number="22">33</starty>
        <finishx number="22">8</finishx>
        <finishy number="22">37</finishy>
        <startx number="23">4</startx>
        <starty number="23">3</starty>
        <finishx number="23">56</finishx>
        <finishy number="23">45</finishy>
        <startx number="24">35</startx>
        <starty number="24">27</starty>
        <finishx number="24">39</finishx>
        <finishy number="24">18</finishy>
        <startx number="25">41</startx>
        <starty number="25">24</starty>
        <finishx number="25">25</finishx>
        <finishy number="25">50</finishy>
        <startx number="26">47</startx>
        <starty number="26">55</starty>
        <finishx number="26">27</finishx>
        <finishy number="26">9</finishy>
        <startx number="27">48</startx>
        <starty number="27">17</starty>
        <finishx number="27">17</finishx>
        <finishy number="27">4</finishy>
        <startx number="28">2</startx>
        <starty number="28">46</starty>
        <finishx number="28">48</finishx>
        <finishy number="28">49</finishy>
        <startx number="29">19</startx>
        <starty number="29">35</starty>
        <finishx number="29">21</finishx>
        <finishy number="29">10</finishy>
        <startx number="30">50</startx>
        <starty number="30">43</starty>
        <finishx number="30">11</finishx>
        <finishy number="30">55</finishy>
        <startx number="31">13</startx>
        <starty number="31">34</starty>
        <finishx number="31">49</finishx>
        <finishy number="31">24</finishy>
        <startx number="32">27</startx>
        <starty number="32">2</starty>
        <finishx number="32">13</finishx>
        <finishy number="32">60</finishy>
        <startx number="33">52</startx>
        <starty number="33">38</starty>
        <finishx number="33">22</finishx>
        <finishy number="33">5</finishy>
        <startx number="34">16</startx>
        <starty number="34">60</starty>
        <finishx number="34">29</finishx>
        <finishy number="34">25</finishy>
        <startx number="35">59</startx>
        <starty number="35">2</starty>
        <finishx number="35">44</finishx>
        <finishy number="35">63</finishy>
        <startx number="36">32</startx>
        <starty number="36">57</starty>
        <finishx number="36">38</finishx>
        <finishy number="36">32</finishy>
        <startx number="37">18</startx>
        <starty number="37">57</starty>
        <finishx number="37">38</finishx>
        <finishy number="37">61</finishy>
        <startx number="38">11</startx>
        <starty number="38">15</starty>
        <finishx number="38">27</finishx>
        <finishy number="38">26</finishy>
        <startx number="39">12</startx>
        <starty number="39">31</starty>
        <finishx number="39">1</finishx>
        <finishy number="39">1</finishy>
        <startx number="40">1</startx>
        <starty number="40">17</starty>
        <finishx number="40">10</finishx>
        <finishy number="40">58</finishy>
        <startx number="41">24</startx>
        <starty number="41">34</starty>
        <finishx number="41">57</finishx>
        <finishy number="41">39</finishy>
        <startx number="42">10</startx>
        <starty number="42">18</starty>
        <finishx number="42">21</finishx>
        <finishy number="42">21</finishy>
        <startx number="43">33</startx>
        <starty number="43">14</starty>
        <finishx number="43">53</finishx>
        <finishy number="43">27</finishy>
        <startx number="44">33</startx>
        <starty number="44">30</starty>
        <finishx number="44">43</finishx>
        <finishy number="44">7</finishy>
        <startx number="45">63</startx>
        <starty number="45">59</starty>
        <finishx number="45">0</finishx>
        <finishy number="45">51</finishy>
        <startx number="46">5</startx>
        <starty number="46">22</starty>
        <finishx number="46">21</finishx>
        <finishy number="46">24</finishy>
        <startx number="47">49</startx>
        <starty number="47">1</starty>
        <finishx number="47">39</finishx>
        <finishy number="47">16</finishy>
        <startx number="48">22</startx>
        <starty number="48">16</starty>
        <finishx number="48">26</finishx>
        <finishy number="48">23</finishy>
        <startx number="49">6</startx>
        <starty number="49">26</starty>
        <finishx number="49">60</finishx>
        <finishy number="49">42</finishy>
        <startx number="50">24</startx>
        <starty number="50">18</starty>
        <finishx number="50">12</finishx>
        <finishy number="50">57</finishy>
        <startx number="51">39</startx>
        <starty number="51">29</starty>
        <finishx number="51">11</finishx>
        <finishy number="51">4</finishy>
        <startx number="52">11</startx>
        <starty number="52">52</starty>
        <finishx number="52">38</finishx>
        <finishy number="52">50</finishy>
        <startx number="53">29</startx>
        <starty number="53">7</starty>
        <finishx number="53">47</finishx>
        <finishy number="53">9</finishy>
        <startx number="54">27</startx>
        <starty number="54">17</starty>
        <finishx number="54">7</finishx>
        <finishy number="54">7</finishy>
        <startx number="55">29</startx>
        <starty number="55">49</starty>
        <finishx number="55">27</finishx>
        <finishy number="55">47</finishy>
        <startx number="56">13</startx>
        <starty number="56">36</starty>
        <finishx number="56">44</finishx>
        <finishy number="56">58</finishy>
        <startx number="57">9</startx>
        <starty number="57">53</starty>
        <finishx number="57">42</finishx>
        <finishy number="57">37</finishy>
        <startx number="58">11</startx>
        <starty number="58">2</starty>
        <finishx number="58">26</finishx>
        <finishy number="58">55</finishy>
        <startx number="59">51</startx>
        <starty number="59">3</starty>
        <finishx number="59">15</finishx>
        <finishy number="59">14</finishy>
        <startx number="60">1</startx>
        <starty number="60">38</starty>
        <finishx number="60">20</finishx>
        <finishy number="60">3</finishy>
        <startx number="61">22</startx>
        <starty number="61">59</starty>
        <finishx number="61">7</finishx>
        <finishy number="61">16</finishy>
        <startx number="62">36</startx>
        <starty number="62">51</starty>
        <finishx number="62">40</finishx>
        <finishy number="62">3</finishy>
        <startx number="63">54</startx>
        <starty number="63">35</starty>
        <finishx number="63">28</finishx>
        <finishy number="63">29</finishy>
        <startx number="64">53</startx>
        <starty number="64">16</starty>
        <finishx number="64">1</finishx>
        <finishy number="64">44</finishy>
        <startx number="65">14</startx>
        <starty number="65">17</starty>
        <finishx number="65">4</finishx>
        <finishy number="65">43</finishy>
        <startx number="66">11</startx>
        <starty number="66">23</starty>
        <finishx number="66">59</finishx>
        <finishy number="66">47</finishy>
        <startx number="67">34</startx>
        <starty number="67">49</starty>
        <finishx number="67">61</finishx>
        <finishy number="67">57</finishy>
        <startx number="68">36</startx>
        <starty number="68">3</starty>
        <finishx number="68">22</finishx>
        <finishy number="68">29</finishy>
        <startx number="69">57</startx>
        <starty number="69">10</starty>
        <finishx number="69">22</finishx>
        <finishy number="69">13</finishy>
        <startx number="70">12</startx>
        <starty number="70">39</starty>
        <finishx number="70">37</finishx>
        <finishy number="70">35</finishy>
        <startx number="71">63</startx>
        <starty number="71">25</starty>
        <finishx number="71">31</finishx>
        <finishy number="71">62</finishy>
        <startx number="72">57</startx>
        <starty number="72">21</starty>
        <finishx number="72">18</finishx>
        <finishy number="72">59</finishy>
        <startx number="73">21</startx>
        <starty number="73">8</starty>
        <finishx number="73">8</finishx>
        <finishy number="73">50</finishy>
        <startx number="74">28</startx>
        <starty number="74">23</starty>
        <finishx number="74">24</finishx>
        <finishy number="74">61</finishy>
        <startx number="75">63</startx>
        <starty number="75">49</starty>
        <finishx number="75">38</finishx>
        <finishy number="75">58</finishy>
        <startx number="76">27</startx>
        <starty number="76">12</starty>
        <finishx number="76">21</finishx>
        <finishy number="76">53</finishy>
        <startx number="77">48</startx>
        <starty number="77">38</starty>
        <finishx number="77">50</finishx>
        <finishy number="77">40</finishy>
        <startx number="78">35</startx>
        <starty number="78">62</starty>
        <finishx number="78">58</finishx>
        <finishy number="78">42</finishy>
        <startx number="79">43</startx>
        <starty number="79">42</starty>
        <finishx number="79">46</finishx>
        <finishy number="79">30</finishy>
        <startx number="80">14</startx>
        <starty number="80">1</starty>
        <finishx number="80">6</finishx>
        <finishy number="80">18</finishy>
        <startx number="81">18</startx>
        <starty number="81">9</starty>
        <finishx number="81">25</finishx>
        <finishy number="81">29</finishy>
        <startx number="82">31</startx>
        <starty number="82">44</starty>
        <finishx number="82">40</finishx>
        <finishy number="82">55</finishy>
        <startx number="83">11</startx>
        <starty number="83">50</starty>
        <finishx number="83">41</finishx>
        <finishy number="83">61</finishy>
        <startx number="84">36</startx>
        <starty number="84">16</starty>
        <finishx number="84">21</finishx>
        <finishy number="84">26</finishy>
        <startx number="85">32</startx>
        <starty number="85">9</starty>
        <finishx number="85">16</finishx>
        <finishy number="85">20</finishy>
        <startx number="86">54</startx>
        <starty number="86">8</starty>
        <finishx number="86">35</finishx>
        <finishy number="86">40</finishy>
        <startx number="87">45</startx>
        <starty number="87">7</starty>
        <finishx number="87">18</finishx>
        <finishy number="87">27</finishy>
        <startx number="88">19</startx>
        <starty number="88">40</starty>
        <finishx number="88">49</finishx>
        <finishy number="88">36</finishy>
        <startx number="89">55</startx>
        <starty number="89">5</starty>
        <finishx number="89">47</finishx>
        <finishy number="89">33</finishy>
        <startx number="90">53</startx>
        <starty number="90">24</starty>
        <finishx number="90">33</finishx>
        <finishy number="90">0</finishy>
        <startx number="91">6</startx>
        <starty number="91">40</starty>
        <finishx number="91">53</finishx>
        <finishy number="91">58</finishy>
        <startx number="92">59</startx>
        <starty number="92">20</starty>
        <finishx number="92">18</finishx>
        <finishy number="92">14</finishy>
        <startx number="93">33</startx>
        <starty number="93">46</starty>
        <finishx number="93">25</finishx>
        <finishy number="93">7</finishy>
        <startx number="94">1</startx>
        <starty number="94">22</starty>
        <finishx number="94">50</finishx>
        <finishy number="94">59</finishy>
        <startx number="95">63</startx>
        <starty number="95">9</starty>
        <finishx number="95">54</finishx>
        <finishy number="95">29</finishy>
        <startx number="96">13</startx>
        <starty number="96">4</starty>
        <finishx number="96">11</finishx>
        <finishy number="96">7</finishy>
        <startx number="97">36</startx>
        <starty number="97">46</starty>
        <finishx number="97">0</finishx>
        <finishy number="97">30</finishy>
        <startx number="98">18</startx>
        <starty number="98">38</starty>
        <finishx number="98">12</finishx>
        <finishy number="98">12</finishy>
        <startx number="99">1</startx>
        <starty number="99">41</starty>
        <finishx number="99">17</finishx>
        <finishy number="99">49</finishy>
        <startx number="100">53</startx>
        <starty number="100">21</starty>
        <finishx number="100">48</finishx>
        <finishy number="100">3</finishy>
        <startx number="101">29</startx>
        <starty number="101">36</starty>
        <finishx number="101">22</finishx>
        <finishy number="101">0</finishy>
        <startx number="102">47</startx>
        <starty number="102">46</starty>
        <finishx number="102">16</finishx>
        <finishy number="102">44</finishy>
        <startx number="103">3</startx>
        <starty number="103">59</starty>
        <finishx number="103">45</finishx>
        <finishy number="103">33</finishy>
        <startx number="104">49</startx>
        <starty number="104">14</starty>
        <finishx number="104">42</finishx>
        <finishy number="104">50</finishy>
        <startx number="105">4</startx>
        <starty number="105">37</starty>
        <finishx number="105">11</finishx>
        <finishy number="105">42</finishy>
        <startx number="106">60</startx>
        <starty number="106">4</starty>
        <finishx number="106">21</finishx>
        <finishy number="106">35</finishy>
        <startx number="107">41</startx>
        <starty number="107">5</starty>
        <finishx number="107">55</finishx>
        <finishy number="107">40</finishy>
        <startx number="108">58</startx>
        <starty number="108">44</starty>
        <finishx number="108">35</finishx>
        <finishy number="108">29</finishy>
        <startx number="109">40</startx>
        <starty number="109">58</starty>
        <finishx number="109">42</finishx>
        <finishy number="109">15</finishy>
        <startx number="110">48</startx>
        <starty number="110">20</starty>
        <finishx number="110">11</finishx>
        <finishy number="110">63</finishy>
        <startx number="111">1</startx>
        <starty number="111">54</starty>
        <finishx number="111">3</finishx>
        <finishy number="111">40</finishy>
        <startx number="112">26</startx>
        <starty number="112">52</starty>
        <finishx number="112">24</finishx>
        <finishy number="112">56</finishy>
        <startx number="113">0</startx>
        <starty number="113">62</starty>
        <finishx number="113">38</finishx>
        <finishy number="113">11</finishy>
        <startx number="114">20</startx>
        <starty number="114">13</starty>
        <finishx number="114">58</finishx>
        <finishy number="114">24</finishy>
        <startx number="115">5</startx>
        <starty number="115">62</starty>
        <finishx number="115">16</finishx>
        <finishy number="115">1</finishy>
        <startx number="116">38</startx>
        <starty number="116">54</starty>
        <finishx number="116">15</finishx>
        <finishy number="116">27</finishy>
        <startx number="117">24</startx>
        <starty number="117">26</starty>
        <finishx number="117">32</finishx>
        <finishy number="117">41</finishy>
        <startx number="118">33</startx>
        <starty number="118">24</starty>
        <finishx number="118">5</finishx>
        <finishy number="118">46</finishy>
        <startx number="119">63</startx>
        <starty number="119">38</starty>
        <finishx number="119">32</finishx>
        <finishy number="119">33</finishy>
        <startx number="120">38</startx>
        <starty number="120">40</starty>
        <finishx number="120">16</finishx>
        <finishy number="120">30</finishy>
        <startx number="121">29</startx>
        <starty number="121">33</starty>
        <finishx number="121">45</finishx>
        <finishy number="121">47</finishy>
        <startx number="122">22</startx>
        <starty number="122">37</starty>
        <finishx number="122">55</finishx>
        <finishy number="122">21</finishy>
        <startx number="123">18</startx>
        <starty number="123">1</starty>
        <finishx number="123">56</finishx>
        <finishy number="123">34</finishy>
        <startx number="124">25</startx>
        <starty number="124">47</starty>
        <finishx number="124">51</finishx>
        <finishy number="124">49</finishy>
        <startx number="125">13</startx>
        <starty number="125">44</starty>
        <finishx number="125">2</finishx>
        <finishy number="125">62</finishy>
        <startx number="126">9</startx>
        <starty number="126">45</starty>
        <finishx number="126">13</finishx>
        <finishy number="126">55</finishy>
        <startx number="127">6</startx>
        <starty number="127">13</starty>
        <finishx number="127">3</finishx>
        <finishy number="127">51</finishy>
        <startx number="128">36</startx>
        <starty number="128">8</starty>
        <finishx number="128">7</finishx>
        <finishy number="128">2</finishy>
        <startx number="129">40</startx>
        <starty number="129">7</starty>
        <finishx number="129">50</finishx>
        <finishy number="129">11</finishy>
        <startx number="130">31</startx>
        <starty number="130">35</starty>
        <finishx number="130">22</finishx>
        <finishy number="130">19</finishy>
        <startx number="131">57</startx>
        <starty number="131">61</starty>
        <finishx number="131">8</finishx>
        <finishy number="131">31</finishy>
        <startx number="132">53</startx>
        <starty number="132">32</starty>
        <finishx number="132">60</finishx>
        <finishy number="132">10</finishy>
        <startx number="133">0</startx>
        <starty number="133">27</starty>
        <finishx number="133">17</finishx>
        <finishy number="133">33</finishy>
        <startx number="134">41</startx>
        <starty number="134">34</starty>
        <finishx number="134">27</finishx>
        <finishy number="134">63</finishy>
        <startx number="135">48</startx>
        <starty number="135">59</starty>
        <finishx number="135">8</finishx>
        <finishy number="135">13</finishy>
        <startx number="136">5</startx>
        <starty number="136">32</starty>
        <finishx number="136">36</finishx>
        <finishy number="136">21</finishy>
        <startx number="137">32</startx>
        <starty number="137">11</starty>
        <finishx number="137">4</finishx>
        <finishy number="137">8</finishy>
        <startx number="138">44</startx>
        <starty number="138">15</starty>
        <finishx number="138">61</finishx>
        <finishy number="138">39</finishy>
        <startx number="139">44</startx>
        <starty number="139">49</starty>
        <finishx number="139">6</finishx>
        <finishy number="139">24</finishy>
        <startx number="140">55</startx>
        <starty number="140">13</starty>
        <finishx number="140">15</finishx>
        <finishy number="140">52</finishy>
        <startx number="141">30</startx>
        <starty number="141">38</starty>
        <finishx number="141">14</finishx>
        <finishy number="141">20</finishy>
        <startx number="142">61</startx>
        <starty number="142">7</starty>
        <finishx number="142">6</finishx>
        <finishy number="142">50</finishy>
        <startx number="143">61</startx>
        <starty number="143">49</starty>
        <finishx number="143">57</finishx>
        <finishy number="143">29</finishy>
        <startx number="144">32</startx>
        <starty number="144">17</starty>
        <finishx number="144">44</finishx>
        <finishy number="144">9</finishy>
        <startx number="145">49</startx>
        <starty number="145">33</starty>
        <finishx number="145">63</finishx>
        <finishy number="145">27</finishy>
        <startx number="146">3</startx>
        <starty number="146">14</starty>
        <finishx number="146">11</finishx>
        <finishy number="146">29</finishy>
        <startx number="147">54</startx>
        <starty number="147">42</starty>
        <finishx number="147">2</finishx>
        <finishy number="147">35</finishy>
        <startx number="148">33</startx>
        <starty number="148">51</starty>
        <finishx number="148">55</finishx>
        <finishy number="148">32</finishy>
        <startx number="149">0</startx>
        <starty number="149">14</starty>
        <finishx number="149">17</finishx>
        <finishy number="149">17</finishy>
        <grid>
            <row>0 0 0 0 0 0 0 0 0 0 0 0 0 0 0 0 0 0 0 0 0 0 0 0 0 0 0 0 0 0 0 0 0 0 0 0 0 0 0 0 0 0 0 0 0 0 0 0 0 0 0 0 0 0 0 0 0 0 0 0 0 0 0 0</row>
            <row>0 0 0 0 0 0 0 0 0 0 0 0 0 0 0 0 0 0 0 0 0 0 0 0 0 0 0 0 0 0 0 0 0 0 0 0 0 0 0 0 0 0 0 0 0 0 0 0 0 0 0 0 0 0 0 0 0 0 0 0 0 0 0 0</row>
            <row>0 0 0 0 0 0 0 0 0 0 0 0 0 0 0 0 0 0 0 0 0 0 0 0 0 0 0 0 0 0 0 0 0 0 0 0 0 0 0 0 0 0 0 0 0 0 0 0 0 0 0 0 0 0 0 0 0 0 0 0 0 0 0 0</row>
            <row>0 0 0 0 0 0 0 0 0 0 0 0 0 0 0 0 0 0 0 0 0 0 0 0 0 0 0 0 0 0 0 0 0 0 0 0 0 0 0 0 0 0 0 0 0 0 0 0 0 0 0 0 0 0 0 0 0 0 0 0 0 0 0 0</row>
            <row>0 0 0 0 0 0 0 0 0 0 0 0 0 0 0 0 0 0 0 0 0 0 0 0 0 0 0 0 0 0 0 0 0 0 0 0 0 0 0 0 0 0 0 0 0 0 0 0 0 0 0 0 0 0 0 0 0 0 0 0 0 0 0 0</row>
            <row>0 0 0 0 0 0 0 0 0 0 0 0 0 0 0 0 0 0 0 0 0 0 0 0 0 0 0 0 0 0 0 0 0 0 0 0 0 0 0 0 0 0 0 0 0 0 0 0 0 0 0 0 0 0 0 0 0 0 0 0 0 0 0 0</row>
            <row>0 0 0 0 0 0 0 0 0 0 0 0 0 0 0 0 0 0 0 0 0 0 0 0 0 0 0 0 0 0 0 0 0 0 0 0 0 0 0 0 0 0 0 0 0 0 0 0 0 0 0 0 0 0 0 0 0 0 0 0 0 0 0 0</row>
            <row>0 0 0 0 0 0 0 0 0 0 0 0 0 0 0 0 0 0 0 0 0 0 0 0 0 0 0 0 0 0 0 0 0 0 0 0 0 0 0 0 0 0 0 0 0 0 0 0 0 0 0 0 0 0 0 0 0 0 0 0 0 0 0 0</row>
            <row>0 0 0 0 0 0 0 0 0 0 0 0 0 0 0 0 0 0 0 0 0 0 0 0 0 0 0 0 0 0 0 0 0 0 0 0 0 0 0 0 0 0 0 0 0 0 0 0 0 0 0 0 0 0 0 0 0 0 0 0 0 0 0 0</row>
            <row>0 0 0 0 0 0 0 0 0 0 0 0 0 0 0 0 0 0 0 0 0 0 0 0 0 0 0 0 0 0 0 0 0 0 0 0 0 0 0 0 0 0 0 0 0 0 0 0 0 0 0 0 0 0 0 0 0 0 0 0 0 0 0 0</row>
            <row>0 0 0 0 0 0 0 0 0 0 0 0 0 0 0 0 0 0 0 0 0 0 0 0 0 0 0 0 0 0 0 0 0 0 0 0 0 0 0 0 0 0 0 0 0 0 0 0 0 0 0 0 0 0 0 0 0 0 0 0 0 0 0 0</row>
            <row>0 0 0 0 0 0 0 0 0 0 0 0 0 0 0 0 0 0 0 0 0 0 0 0 0 0 0 0 0 0 0 0 0 0 0 0 0 0 0 0 0 0 0 0 0 0 0 0 0 0 0 0 0 0 0 0 0 0 0 0 0 0 0 0</row>
            <row>0 0 0 0 0 0 0 0 0 0 0 0 0 0 0 0 0 0 0 0 0 0 0 0 0 0 0 0 0 0 0 0 0 0 0 0 0 0 0 0 0 0 0 0 0 0 0 0 0 0 0 0 0 0 0 0 0 0 0 0 0 0 0 0</row>
            <row>0 0 0 0 0 0 0 0 0 0 0 0 0 0 0 0 0 0 0 0 0 0 0 0 0 0 0 0 0 0 0 0 0 0 0 0 0 0 0 0 0 0 0 0 0 0 0 0 0 0 0 0 0 0 0 0 0 0 0 0 0 0 0 0</row>
            <row>0 0 0 0 0 0 0 0 0 0 0 0 0 0 0 0 0 0 0 0 0 0 0 0 0 0 0 0 0 0 0 0 0 0 0 0 0 0 0 0 0 0 0 0 0 0 0 0 0 0 0 0 0 0 0 0 0 0 0 0 0 0 0 0</row>
            <row>0 0 0 0 0 0 0 0 0 0 0 0 0 0 0 0 0 0 0 0 0 0 0 0 0 0 0 0 0 0 0 0 0 0 0 0 0 0 0 0 0 0 0 0 0 0 0 0 0 0 0 0 0 0 0 0 0 0 0 0 0 0 0 0</row>
            <row>0 0 0 0 0 0 0 0 0 0 0 0 0 0 0 0 0 0 0 0 0 0 0 0 0 0 0 0 0 0 0 0 0 0 0 0 0 0 0 0 0 0 0 0 0 0 0 0 0 0 0 0 0 0 0 0 0 0 0 0 0 0 0 0</row>
            <row>0 0 0 0 0 0 0 0 0 0 0 0 0 0 0 0 0 0 0 0 0 0 0 0 0 0 0 0 0 0 0 0 0 0 0 0 0 0 0 0 0 0 0 0 0 0 0 0 0 0 0 0 0 0 0 0 0 0 0 0 0 0 0 0</row>
            <row>0 0 0 0 0 0 0 0 0 0 0 0 0 0 0 0 0 0 0 0 0 0 0 0 0 0 0 0 0 0 0 0 0 0 0 0 0 0 0 0 0 0 0 0 0 0 0 0 0 0 0 0 0 0 0 0 0 0 0 0 0 0 0 0</row>
            <row>0 0 0 0 0 0 0 0 0 0 0 0 0 0 0 0 0 0 0 0 0 0 0 0 0 0 0 0 0 0 0 0 0 0 0 0 0 0 0 0 0 0 0 0 0 0 0 0 0 0 0 0 0 0 0 0 0 0 0 0 0 0 0 0</row>
            <row>0 0 0 0 0 0 0 0 0 0 0 0 0 0 0 0 0 0 0 0 0 0 0 0 0 0 0 0 0 0 0 0 0 0 0 0 0 0 0 0 0 0 0 0 0 0 0 0 0 0 0 0 0 0 0 0 0 0 0 0 0 0 0 0</row>
            <row>0 0 0 0 0 0 0 0 0 0 0 0 0 0 0 0 0 0 0 0 0 0 0 0 0 0 0 0 0 0 0 0 0 0 0 0 0 0 0 0 0 0 0 0 0 0 0 0 0 0 0 0 0 0 0 0 0 0 0 0 0 0 0 0</row>
            <row>0 0 0 0 0 0 0 0 0 0 0 0 0 0 0 0 0 0 0 0 0 0 0 0 0 0 0 0 0 0 0 0 0 0 0 0 0 0 0 0 0 0 0 0 0 0 0 0 0 0 0 0 0 0 0 0 0 0 0 0 0 0 0 0</row>
            <row>0 0 0 0 0 0 0 0 0 0 0 0 0 0 0 0 0 0 0 0 0 0 0 0 0 0 0 0 0 0 0 0 0 0 0 0 0 0 0 0 0 0 0 0 0 0 0 0 0 0 0 0 0 0 0 0 0 0 0 0 0 0 0 0</row>
            <row>0 0 0 0 0 0 0 0 0 0 0 0 0 0 0 0 0 0 0 0 0 0 0 0 0 0 0 0 0 0 0 0 0 0 0 0 0 0 0 0 0 0 0 0 0 0 0 0 0 0 0 0 0 0 0 0 0 0 0 0 0 0 0 0</row>
            <row>0 0 0 0 0 0 0 0 0 0 0 0 0 0 0 0 0 0 0 0 0 0 0 0 0 0 0 0 0 0 0 0 0 0 0 0 0 0 0 0 0 0 0 0 0 0 0 0 0 0 0 0 0 0 0 0 0 0 0 0 0 0 0 0</row>
            <row>0 0 0 0 0 0 0 0 0 0 0 0 0 0 0 0 0 0 0 0 0 0 0 0 0 0 0 0 0 0 0 0 0 0 0 0 0 0 0 0 0 0 0 0 0 0 0 0 0 0 0 0 0 0 0 0 0 0 0 0 0 0 0 0</row>
            <row>0 0 0 0 0 0 0 0 0 0 0 0 0 0 0 0 0 0 0 0 0 0 0 0 0 0 0 0 0 0 0 0 0 0 0 0 0 0 0 0 0 0 0 0 0 0 0 0 0 0 0 0 0 0 0 0 0 0 0 0 0 0 0 0</row>
            <row>0 0 0 0 0 0 0 0 0 0 0 0 0 0 0 0 0 0 0 0 0 0 0 0 0 0 0 0 0 0 0 0 0 0 0 0 0 0 0 0 0 0 0 0 0 0 0 0 0 0 0 0 0 0 0 0 0 0 0 0 0 0 0 0</row>
            <row>0 0 0 0 0 0 0 0 0 0 0 0 0 0 0 0 0 0 0 0 0 0 0 0 0 0 0 0 0 0 0 0 0 0 0 0 0 0 0 0 0 0 0 0 0 0 0 0 0 0 0 0 0 0 0 0 0 0 0 0 0 0 0 0</row>
            <row>0 0 0 0 0 0 0 0 0 0 0 0 0 0 0 0 0 0 0 0 0 0 0 0 0 0 0 0 0 0 0 0 0 0 0 0 0 0 0 0 0 0 0 0 0 0 0 0 0 0 0 0 0 0 0 0 0 0 0 0 0 0 0 0</row>
            <row>0 0 0 0 0 0 0 0 0 0 0 0 0 0 0 0 0 0 0 0 0 0 0 0 0 0 0 0 0 0 0 0 0 0 0 0 0 0 0 0 0 0 0 0 0 0 0 0 0 0 0 0 0 0 0 0 0 0 0 0 0 0 0 0</row>
            <row>0 0 0 0 0 0 0 0 0 0 0 0 0 0 0 0 0 0 0 0 0 0 0 0 0 0 0 0 0 0 0 0 0 0 0 0 0 0 0 0 0 0 0 0 0 0 0 0 0 0 0 0 0 0 0 0 0 0 0 0 0 0 0 0</row>
            <row>0 0 0 0 0 0 0 0 0 0 0 0 0 0 0 0 0 0 0 0 0 0 0 0 0 0 0 0 0 0 0 0 0 0 0 0 0 0 0 0 0 0 0 0 0 0 0 0 0 0 0 0 0 0 0 0 0 0 0 0 0 0 0 0</row>
            <row>0 0 0 0 0 0 0 0 0 0 0 0 0 0 0 0 0 0 0 0 0 0 0 0 0 0 0 0 0 0 0 0 0 0 0 0 0 0 0 0 0 0 0 0 0 0 0 0 0 0 0 0 0 0 0 0 0 0 0 0 0 0 0 0</row>
            <row>0 0 0 0 0 0 0 0 0 0 0 0 0 0 0 0 0 0 0 0 0 0 0 0 0 0 0 0 0 0 0 0 0 0 0 0 0 0 0 0 0 0 0 0 0 0 0 0 0 0 0 0 0 0 0 0 0 0 0 0 0 0 0 0</row>
            <row>0 0 0 0 0 0 0 0 0 0 0 0 0 0 0 0 0 0 0 0 0 0 0 0 0 0 0 0 0 0 0 0 0 0 0 0 0 0 0 0 0 0 0 0 0 0 0 0 0 0 0 0 0 0 0 0 0 0 0 0 0 0 0 0</row>
            <row>0 0 0 0 0 0 0 0 0 0 0 0 0 0 0 0 0 0 0 0 0 0 0 0 0 0 0 0 0 0 0 0 0 0 0 0 0 0 0 0 0 0 0 0 0 0 0 0 0 0 0 0 0 0 0 0 0 0 0 0 0 0 0 0</row>
            <row>0 0 0 0 0 0 0 0 0 0 0 0 0 0 0 0 0 0 0 0 0 0 0 0 0 0 0 0 0 0 0 0 0 0 0 0 0 0 0 0 0 0 0 0 0 0 0 0 0 0 0 0 0 0 0 0 0 0 0 0 0 0 0 0</row>
            <row>0 0 0 0 0 0 0 0 0 0 0 0 0 0 0 0 0 0 0 0 0 0 0 0 0 0 0 0 0 0 0 0 0 0 0 0 0 0 0 0 0 0 0 0 0 0 0 0 0 0 0 0 0 0 0 0 0 0 0 0 0 0 0 0</row>
            <row>0 0 0 0 0 0 0 0 0 0 0 0 0 0 0 0 0 0 0 0 0 0 0 0 0 0 0 0 0 0 0 0 0 0 0 0 0 0 0 0 0 0 0 0 0 0 0 0 0 0 0 0 0 0 0 0 0 0 0 0 0 0 0 0</row>
            <row>0 0 0 0 0 0 0 0 0 0 0 0 0 0 0 0 0 0 0 0 0 0 0 0 0 0 0 0 0 0 0 0 0 0 0 0 0 0 0 0 0 0 0 0 0 0 0 0 0 0 0 0 0 0 0 0 0 0 0 0 0 0 0 0</row>
            <row>0 0 0 0 0 0 0 0 0 0 0 0 0 0 0 0 0 0 0 0 0 0 0 0 0 0 0 0 0 0 0 0 0 0 0 0 0 0 0 0 0 0 0 0 0 0 0 0 0 0 0 0 0 0 0 0 0 0 0 0 0 0 0 0</row>
            <row>0 0 0 0 0 0 0 0 0 0 0 0 0 0 0 0 0 0 0 0 0 0 0 0 0 0 0 0 0 0 0 0 0 0 0 0 0 0 0 0 0 0 0 0 0 0 0 0 0 0 0 0 0 0 0 0 0 0 0 0 0 0 0 0</row>
            <row>0 0 0 0 0 0 0 0 0 0 0 0 0 0 0 0 0 0 0 0 0 0 0 0 0 0 0 0 0 0 0 0 0 0 0 0 0 0 0 0 0 0 0 0 0 0 0 0 0 0 0 0 0 0 0 0 0 0 0 0 0 0 0 0</row>
            <row>0 0 0 0 0 0 0 0 0 0 0 0 0 0 0 0 0 0 0 0 0 0 0 0 0 0 0 0 0 0 0 0 0 0 0 0 0 0 0 0 0 0 0 0 0 0 0 0 0 0 0 0 0 0 0 0 0 0 0 0 0 0 0 0</row>
            <row>0 0 0 0 0 0 0 0 0 0 0 0 0 0 0 0 0 0 0 0 0 0 0 0 0 0 0 0 0 0 0 0 0 0 0 0 0 0 0 0 0 0 0 0 0 0 0 0 0 0 0 0 0 0 0 0 0 0 0 0 0 0 0 0</row>
            <row>0 0 0 0 0 0 0 0 0 0 0 0 0 0 0 0 0 0 0 0 0 0 0 0 0 0 0 0 0 0 0 0 0 0 0 0 0 0 0 0 0 0 0 0 0 0 0 0 0 0 0 0 0 0 0 0 0 0 0 0 0 0 0 0</row>
            <row>0 0 0 0 0 0 0 0 0 0 0 0 0 0 0 0 0 0 0 0 0 0 0 0 0 0 0 0 0 0 0 0 0 0 0 0 0 0 0 0 0 0 0 0 0 0 0 0 0 0 0 0 0 0 0 0 0 0 0 0 0 0 0 0</row>
            <row>0 0 0 0 0 0 0 0 0 0 0 0 0 0 0 0 0 0 0 0 0 0 0 0 0 0 0 0 0 0 0 0 0 0 0 0 0 0 0 0 0 0 0 0 0 0 0 0 0 0 0 0 0 0 0 0 0 0 0 0 0 0 0 0</row>
            <row>0 0 0 0 0 0 0 0 0 0 0 0 0 0 0 0 0 0 0 0 0 0 0 0 0 0 0 0 0 0 0 0 0 0 0 0 0 0 0 0 0 0 0 0 0 0 0 0 0 0 0 0 0 0 0 0 0 0 0 0 0 0 0 0</row>
            <row>0 0 0 0 0 0 0 0 0 0 0 0 0 0 0 0 0 0 0 0 0 0 0 0 0 0 0 0 0 0 0 0 0 0 0 0 0 0 0 0 0 0 0 0 0 0 0 0 0 0 0 0 0 0 0 0 0 0 0 0 0 0 0 0</row>
            <row>0 0 0 0 0 0 0 0 0 0 0 0 0 0 0 0 0 0 0 0 0 0 0 0 0 0 0 0 0 0 0 0 0 0 0 0 0 0 0 0 0 0 0 0 0 0 0 0 0 0 0 0 0 0 0 0 0 0 0 0 0 0 0 0</row>
            <row>0 0 0 0 0 0 0 0 0 0 0 0 0 0 0 0 0 0 0 0 0 0 0 0 0 0 0 0 0 0 0 0 0 0 0 0 0 0 0 0 0 0 0 0 0 0 0 0 0 0 0 0 0 0 0 0 0 0 0 0 0 0 0 0</row>
            <row>0 0 0 0 0 0 0 0 0 0 0 0 0 0 0 0 0 0 0 0 0 0 0 0 0 0 0 0 0 0 0 0 0 0 0 0 0 0 0 0 0 0 0 0 0 0 0 0 0 0 0 0 0 0 0 0 0 0 0 0 0 0 0 0</row>
            <row>0 0 0 0 0 0 0 0 0 0 0 0 0 0 0 0 0 0 0 0 0 0 0 0 0 0 0 0 0 0 0 0 0 0 0 0 0 0 0 0 0 0 0 0 0 0 0 0 0 0 0 0 0 0 0 0 0 0 0 0 0 0 0 0</row>
            <row>0 0 0 0 0 0 0 0 0 0 0 0 0 0 0 0 0 0 0 0 0 0 0 0 0 0 0 0 0 0 0 0 0 0 0 0 0 0 0 0 0 0 0 0 0 0 0 0 0 0 0 0 0 0 0 0 0 0 0 0 0 0 0 0</row>
            <row>0 0 0 0 0 0 0 0 0 0 0 0 0 0 0 0 0 0 0 0 0 0 0 0 0 0 0 0 0 0 0 0 0 0 0 0 0 0 0 0 0 0 0 0 0 0 0 0 0 0 0 0 0 0 0 0 0 0 0 0 0 0 0 0</row>
            <row>0 0 0 0 0 0 0 0 0 0 0 0 0 0 0 0 0 0 0 0 0 0 0 0 0 0 0 0 0 0 0 0 0 0 0 0 0 0 0 0 0 0 0 0 0 0 0 0 0 0 0 0 0 0 0 0 0 0 0 0 0 0 0 0</row>
            <row>0 0 0 0 0 0 0 0 0 0 0 0 0 0 0 0 0 0 0 0 0 0 0 0 0 0 0 0 0 0 0 0 0 0 0 0 0 0 0 0 0 0 0 0 0 0 0 0 0 0 0 0 0 0 0 0 0 0 0 0 0 0 0 0</row>
            <row>0 0 0 0 0 0 0 0 0 0 0 0 0 0 0 0 0 0 0 0 0 0 0 0 0 0 0 0 0 0 0 0 0 0 0 0 0 0 0 0 0 0 0 0 0 0 0 0 0 0 0 0 0 0 0 0 0 0 0 0 0 0 0 0</row>
            <row>0 0 0 0 0 0 0 0 0 0 0 0 0 0 0 0 0 0 0 0 0 0 0 0 0 0 0 0 0 0 0 0 0 0 0 0 0 0 0 0 0 0 0 0 0 0 0 0 0 0 0 0 0 0 0 0 0 0 0 0 0 0 0 0</row>
            <row>0 0 0 0 0 0 0 0 0 0 0 0 0 0 0 0 0 0 0 0 0 0 0 0 0 0 0 0 0 0 0 0 0 0 0 0 0 0 0 0 0 0 0 0 0 0 0 0 0 0 0 0 0 0 0 0 0 0 0 0 0 0 0 0</row>
            <row>0 0 0 0 0 0 0 0 0 0 0 0 0 0 0 0 0 0 0 0 0 0 0 0 0 0 0 0 0 0 0 0 0 0 0 0 0 0 0 0 0 0 0 0 0 0 0 0 0 0 0 0 0 0 0 0 0 0 0 0 0 0 0 0</row>
        </grid>
    </map>
    <algorithm>
        <allowanyangle>true</allowanyangle>
        <metrictype>euclid</metrictype>
        <breakingties>g-max</breakingties>
        <weight>1</weight>
    </algorithm>
    <options>
        <loglevel>1</loglevel>
        <logpath />
        <logfilename />
    </options>
</root>
