<?xml version="1.0" ?>
<root>
    <map>
        <width>64</width>
        <height>64</height>
        <agents>150</agents>
        <startx number="0">44</startx>
        <starty number="0">55</starty>
        <finishx number="0">0</finishx>
        <finishy number="0">17</finishy>
        <startx number="1">13</startx>
        <starty number="1">36</starty>
        <finishx number="1">10</finishx>
        <finishy number="1">42</finishy>
        <startx number="2">12</startx>
        <starty number="2">12</starty>
        <finishx number="2">63</finishx>
        <finishy number="2">38</finishy>
        <startx number="3">0</startx>
        <starty number="3">33</starty>
        <finishx number="3">10</finishx>
        <finishy number="3">50</finishy>
        <startx number="4">38</startx>
        <starty number="4">16</starty>
        <finishx number="4">44</finishx>
        <finishy number="4">4</finishy>
        <startx number="5">18</startx>
        <starty number="5">46</starty>
        <finishx number="5">55</finishx>
        <finishy number="5">0</finishy>
        <startx number="6">5</startx>
        <starty number="6">0</starty>
        <finishx number="6">26</finishx>
        <finishy number="6">58</finishy>
        <startx number="7">44</startx>
        <starty number="7">33</starty>
        <finishx number="7">56</finishx>
        <finishy number="7">48</finishy>
        <startx number="8">32</startx>
        <starty number="8">28</starty>
        <finishx number="8">7</finishx>
        <finishy number="8">59</finishy>
        <startx number="9">8</startx>
        <starty number="9">42</starty>
        <finishx number="9">60</finishx>
        <finishy number="9">60</finishy>
        <startx number="10">25</startx>
        <starty number="10">8</starty>
        <finishx number="10">18</finishx>
        <finishy number="10">43</finishy>
        <startx number="11">13</startx>
        <starty number="11">6</starty>
        <finishx number="11">23</finishx>
        <finishy number="11">59</finishy>
        <startx number="12">31</startx>
        <starty number="12">46</starty>
        <finishx number="12">58</finishx>
        <finishy number="12">28</finishy>
        <startx number="13">0</startx>
        <starty number="13">38</starty>
        <finishx number="13">61</finishx>
        <finishy number="13">22</finishy>
        <startx number="14">41</startx>
        <starty number="14">55</starty>
        <finishx number="14">27</finishx>
        <finishy number="14">34</finishy>
        <startx number="15">18</startx>
        <starty number="15">0</starty>
        <finishx number="15">32</finishx>
        <finishy number="15">35</finishy>
        <startx number="16">43</startx>
        <starty number="16">42</starty>
        <finishx number="16">13</finishx>
        <finishy number="16">33</finishy>
        <startx number="17">8</startx>
        <starty number="17">13</starty>
        <finishx number="17">10</finishx>
        <finishy number="17">31</finishy>
        <startx number="18">4</startx>
        <starty number="18">19</starty>
        <finishx number="18">1</finishx>
        <finishy number="18">35</finishy>
        <startx number="19">45</startx>
        <starty number="19">50</starty>
        <finishx number="19">24</finishx>
        <finishy number="19">63</finishy>
        <startx number="20">54</startx>
        <starty number="20">29</starty>
        <finishx number="20">28</finishx>
        <finishy number="20">12</finishy>
        <startx number="21">53</startx>
        <starty number="21">37</starty>
        <finishx number="21">56</finishx>
        <finishy number="21">21</finishy>
        <startx number="22">52</startx>
        <starty number="22">40</starty>
        <finishx number="22">42</finishx>
        <finishy number="22">36</finishy>
        <startx number="23">42</startx>
        <starty number="23">21</starty>
        <finishx number="23">2</finishx>
        <finishy number="23">51</finishy>
        <startx number="24">16</startx>
        <starty number="24">46</starty>
        <finishx number="24">62</finishx>
        <finishy number="24">6</finishy>
        <startx number="25">59</startx>
        <starty number="25">39</starty>
        <finishx number="25">13</finishx>
        <finishy number="25">20</finishy>
        <startx number="26">51</startx>
        <starty number="26">1</starty>
        <finishx number="26">48</finishx>
        <finishy number="26">33</finishy>
        <startx number="27">25</startx>
        <starty number="27">53</starty>
        <finishx number="27">44</finishx>
        <finishy number="27">20</finishy>
        <startx number="28">50</startx>
        <starty number="28">62</starty>
        <finishx number="28">1</finishx>
        <finishy number="28">30</finishy>
        <startx number="29">56</startx>
        <starty number="29">29</starty>
        <finishx number="29">5</finishx>
        <finishy number="29">46</finishy>
        <startx number="30">25</startx>
        <starty number="30">34</starty>
        <finishx number="30">21</finishx>
        <finishy number="30">3</finishy>
        <startx number="31">44</startx>
        <starty number="31">61</starty>
        <finishx number="31">40</finishx>
        <finishy number="31">18</finishy>
        <startx number="32">46</startx>
        <starty number="32">47</starty>
        <finishx number="32">35</finishx>
        <finishy number="32">54</finishy>
        <startx number="33">29</startx>
        <starty number="33">39</starty>
        <finishx number="33">35</finishx>
        <finishy number="33">6</finishy>
        <startx number="34">11</startx>
        <starty number="34">60</starty>
        <finishx number="34">19</finishx>
        <finishy number="34">13</finishy>
        <startx number="35">27</startx>
        <starty number="35">60</starty>
        <finishx number="35">60</finishx>
        <finishy number="35">18</finishy>
        <startx number="36">60</startx>
        <starty number="36">12</starty>
        <finishx number="36">22</finishx>
        <finishy number="36">8</finishy>
        <startx number="37">53</startx>
        <starty number="37">10</starty>
        <finishx number="37">62</finishx>
        <finishy number="37">14</finishy>
        <startx number="38">1</startx>
        <starty number="38">6</starty>
        <finishx number="38">15</finishx>
        <finishy number="38">25</finishy>
        <startx number="39">49</startx>
        <starty number="39">1</starty>
        <finishx number="39">62</finishx>
        <finishy number="39">20</finishy>
        <startx number="40">35</startx>
        <starty number="40">22</starty>
        <finishx number="40">23</finishx>
        <finishy number="40">16</finishy>
        <startx number="41">47</startx>
        <starty number="41">4</starty>
        <finishx number="41">49</finishx>
        <finishy number="41">9</finishy>
        <startx number="42">11</startx>
        <starty number="42">44</starty>
        <finishx number="42">36</finishx>
        <finishy number="42">56</finishy>
        <startx number="43">57</startx>
        <starty number="43">53</starty>
        <finishx number="43">11</finishx>
        <finishy number="43">23</finishy>
        <startx number="44">18</startx>
        <starty number="44">54</starty>
        <finishx number="44">14</finishx>
        <finishy number="44">60</finishy>
        <startx number="45">57</startx>
        <starty number="45">2</starty>
        <finishx number="45">12</finishx>
        <finishy number="45">58</finishy>
        <startx number="46">23</startx>
        <starty number="46">29</starty>
        <finishx number="46">42</finishx>
        <finishy number="46">34</finishy>
        <startx number="47">26</startx>
        <starty number="47">20</starty>
        <finishx number="47">19</finishx>
        <finishy number="47">11</finishy>
        <startx number="48">4</startx>
        <starty number="48">41</starty>
        <finishx number="48">15</finishx>
        <finishy number="48">28</finishy>
        <startx number="49">33</startx>
        <starty number="49">12</starty>
        <finishx number="49">18</finishx>
        <finishy number="49">33</finishy>
        <startx number="50">54</startx>
        <starty number="50">3</starty>
        <finishx number="50">20</finishx>
        <finishy number="50">19</finishy>
        <startx number="51">28</startx>
        <starty number="51">23</starty>
        <finishx number="51">47</finishx>
        <finishy number="51">44</finishy>
        <startx number="52">1</startx>
        <starty number="52">57</starty>
        <finishx number="52">21</finishx>
        <finishy number="52">13</finishy>
        <startx number="53">35</startx>
        <starty number="53">19</starty>
        <finishx number="53">42</finishx>
        <finishy number="53">29</finishy>
        <startx number="54">55</startx>
        <starty number="54">23</starty>
        <finishx number="54">49</finishx>
        <finishy number="54">17</finishy>
        <startx number="55">41</startx>
        <starty number="55">23</starty>
        <finishx number="55">53</finishx>
        <finishy number="55">59</finishy>
        <startx number="56">12</startx>
        <starty number="56">39</starty>
        <finishx number="56">47</finishx>
        <finishy number="56">25</finishy>
        <startx number="57">32</startx>
        <starty number="57">4</starty>
        <finishx number="57">62</finishx>
        <finishy number="57">49</finishy>
        <startx number="58">31</startx>
        <starty number="58">51</starty>
        <finishx number="58">33</finishx>
        <finishy number="58">46</finishy>
        <startx number="59">26</startx>
        <starty number="59">28</starty>
        <finishx number="59">37</finishx>
        <finishy number="59">48</finishy>
        <startx number="60">60</startx>
        <starty number="60">4</starty>
        <finishx number="60">53</finishx>
        <finishy number="60">56</finishy>
        <startx number="61">1</startx>
        <starty number="61">49</starty>
        <finishx number="61">3</finishx>
        <finishy number="61">22</finishy>
        <startx number="62">63</startx>
        <starty number="62">62</starty>
        <finishx number="62">7</finishx>
        <finishy number="62">50</finishy>
        <startx number="63">27</startx>
        <starty number="63">18</starty>
        <finishx number="63">21</finishx>
        <finishy number="63">29</finishy>
        <startx number="64">58</startx>
        <starty number="64">55</starty>
        <finishx number="64">0</finishx>
        <finishy number="64">52</finishy>
        <startx number="65">60</startx>
        <starty number="65">36</starty>
        <finishx number="65">22</finishx>
        <finishy number="65">42</finishy>
        <startx number="66">4</startx>
        <starty number="66">35</starty>
        <finishx number="66">50</finishx>
        <finishy number="66">27</finishy>
        <startx number="67">52</startx>
        <starty number="67">19</starty>
        <finishx number="67">11</finishx>
        <finishy number="67">37</finishy>
        <startx number="68">8</startx>
        <starty number="68">40</starty>
        <finishx number="68">63</finishx>
        <finishy number="68">4</finishy>
        <startx number="69">18</startx>
        <starty number="69">40</starty>
        <finishx number="69">22</finishx>
        <finishy number="69">24</finishy>
        <startx number="70">33</startx>
        <starty number="70">44</starty>
        <finishx number="70">49</finishx>
        <finishy number="70">46</finishy>
        <startx number="71">28</startx>
        <starty number="71">55</starty>
        <finishx number="71">26</finishx>
        <finishy number="71">4</finishy>
        <startx number="72">8</startx>
        <starty number="72">3</starty>
        <finishx number="72">57</finishx>
        <finishy number="72">10</finishy>
        <startx number="73">38</startx>
        <starty number="73">19</starty>
        <finishx number="73">20</finishx>
        <finishy number="73">0</finishy>
        <startx number="74">51</startx>
        <starty number="74">21</starty>
        <finishx number="74">22</finishx>
        <finishy number="74">56</finishy>
        <startx number="75">47</startx>
        <starty number="75">36</starty>
        <finishx number="75">18</finishx>
        <finishy number="75">59</finishy>
        <startx number="76">47</startx>
        <starty number="76">49</starty>
        <finishx number="76">15</finishx>
        <finishy number="76">62</finishy>
        <startx number="77">5</startx>
        <starty number="77">11</starty>
        <finishx number="77">40</finishx>
        <finishy number="77">37</finishy>
        <startx number="78">4</startx>
        <starty number="78">43</starty>
        <finishx number="78">12</finishx>
        <finishy number="78">18</finishy>
        <startx number="79">32</startx>
        <starty number="79">17</starty>
        <finishx number="79">60</finishx>
        <finishy number="79">7</finishy>
        <startx number="80">26</startx>
        <starty number="80">15</starty>
        <finishx number="80">49</finishx>
        <finishy number="80">43</finishy>
        <startx number="81">8</startx>
        <starty number="81">29</starty>
        <finishx number="81">55</finishx>
        <finishy number="81">10</finishy>
        <startx number="82">9</startx>
        <starty number="82">10</starty>
        <finishx number="82">22</finishx>
        <finishy number="82">40</finishy>
        <startx number="83">31</startx>
        <starty number="83">41</starty>
        <finishx number="83">5</finishx>
        <finishy number="83">16</finishy>
        <startx number="84">22</startx>
        <starty number="84">53</starty>
        <finishx number="84">6</finishx>
        <finishy number="84">61</finishy>
        <startx number="85">1</startx>
        <starty number="85">3</starty>
        <finishx number="85">42</finishx>
        <finishy number="85">18</finishy>
        <startx number="86">17</startx>
        <starty number="86">62</starty>
        <finishx number="86">41</finishx>
        <finishy number="86">31</finishy>
        <startx number="87">45</startx>
        <starty number="87">63</starty>
        <finishx number="87">29</finishx>
        <finishy number="87">44</finishy>
        <startx number="88">19</startx>
        <starty number="88">62</starty>
        <finishx number="88">35</finishx>
        <finishy number="88">25</finishy>
        <startx number="89">14</startx>
        <starty number="89">31</starty>
        <finishx number="89">21</finishx>
        <finishy number="89">11</finishy>
        <startx number="90">61</startx>
        <starty number="90">10</starty>
        <finishx number="90">16</finishx>
        <finishy number="90">43</finishy>
        <startx number="91">19</startx>
        <starty number="91">51</starty>
        <finishx number="91">23</finishx>
        <finishy number="91">18</finishy>
        <startx number="92">48</startx>
        <starty number="92">41</starty>
        <finishx number="92">1</finishx>
        <finishy number="92">19</finishy>
        <startx number="93">22</startx>
        <starty number="93">51</starty>
        <finishx number="93">6</finishx>
        <finishy number="93">39</finishy>
        <startx number="94">43</startx>
        <starty number="94">52</starty>
        <finishx number="94">17</finishx>
        <finishy number="94">57</finishy>
        <startx number="95">18</startx>
        <starty number="95">22</starty>
        <finishx number="95">43</finishx>
        <finishy number="95">15</finishy>
        <startx number="96">59</startx>
        <starty number="96">49</starty>
        <finishx number="96">34</finishx>
        <finishy number="96">51</finishy>
        <startx number="97">2</startx>
        <starty number="97">46</starty>
        <finishx number="97">5</finishx>
        <finishy number="97">58</finishy>
        <startx number="98">51</startx>
        <starty number="98">6</starty>
        <finishx number="98">26</finishx>
        <finishy number="98">26</finishy>
        <startx number="99">47</startx>
        <starty number="99">9</starty>
        <finishx number="99">41</finishx>
        <finishy number="99">12</finishy>
        <startx number="100">38</startx>
        <starty number="100">51</starty>
        <finishx number="100">56</finishx>
        <finishy number="100">45</finishy>
        <startx number="101">42</startx>
        <starty number="101">26</starty>
        <finishx number="101">39</finishx>
        <finishy number="101">55</finishy>
        <startx number="102">23</startx>
        <starty number="102">34</starty>
        <finishx number="102">28</finishx>
        <finishy number="102">52</finishy>
        <startx number="103">16</startx>
        <starty number="103">17</starty>
        <finishx number="103">10</finishx>
        <finishy number="103">21</finishy>
        <startx number="104">0</startx>
        <starty number="104">46</starty>
        <finishx number="104">21</finishx>
        <finishy number="104">37</finishy>
        <startx number="105">63</startx>
        <starty number="105">31</starty>
        <finishx number="105">30</finishx>
        <finishy number="105">20</finishy>
        <startx number="106">44</startx>
        <starty number="106">58</starty>
        <finishx number="106">50</finishx>
        <finishy number="106">33</finishy>
        <startx number="107">10</startx>
        <starty number="107">26</starty>
        <finishx number="107">6</finishx>
        <finishy number="107">32</finishy>
        <startx number="108">10</startx>
        <starty number="108">52</starty>
        <finishx number="108">4</finishx>
        <finishy number="108">32</finishy>
        <startx number="109">7</startx>
        <starty number="109">16</starty>
        <finishx number="109">62</finishx>
        <finishy number="109">57</finishy>
        <startx number="110">5</startx>
        <starty number="110">8</starty>
        <finishx number="110">50</finishx>
        <finishy number="110">35</finishy>
        <startx number="111">27</startx>
        <starty number="111">9</starty>
        <finishx number="111">3</finishx>
        <finishy number="111">57</finishy>
        <startx number="112">59</startx>
        <starty number="112">52</starty>
        <finishx number="112">7</finishx>
        <finishy number="112">55</finishy>
        <startx number="113">47</startx>
        <starty number="113">52</starty>
        <finishx number="113">3</finishx>
        <finishy number="113">8</finishy>
        <startx number="114">63</startx>
        <starty number="114">44</starty>
        <finishx number="114">40</finishx>
        <finishy number="114">34</finishy>
        <startx number="115">37</startx>
        <starty number="115">62</starty>
        <finishx number="115">5</finishx>
        <finishy number="115">5</finishy>
        <startx number="116">45</startx>
        <starty number="116">12</starty>
        <finishx number="116">29</finishx>
        <finishy number="116">41</finishy>
        <startx number="117">38</startx>
        <starty number="117">29</starty>
        <finishx number="117">32</finishx>
        <finishy number="117">6</finishy>
        <startx number="118">63</startx>
        <starty number="118">33</starty>
        <finishx number="118">21</finishx>
        <finishy number="118">21</finishy>
        <startx number="119">38</startx>
        <starty number="119">45</starty>
        <finishx number="119">30</finishx>
        <finishy number="119">31</finishy>
        <startx number="120">48</startx>
        <starty number="120">19</starty>
        <finishx number="120">40</finishx>
        <finishy number="120">8</finishy>
        <startx number="121">8</startx>
        <starty number="121">32</starty>
        <finishx number="121">44</finishx>
        <finishy number="121">39</finishy>
        <startx number="122">54</startx>
        <starty number="122">53</starty>
        <finishx number="122">28</finishx>
        <finishy number="122">47</finishy>
        <startx number="123">39</startx>
        <starty number="123">53</starty>
        <finishx number="123">41</finishx>
        <finishy number="123">42</finishy>
        <startx number="124">7</startx>
        <starty number="124">26</starty>
        <finishx number="124">23</finishx>
        <finishy number="124">37</finishy>
        <startx number="125">2</startx>
        <starty number="125">40</starty>
        <finishx number="125">36</finishx>
        <finishy number="125">0</finishy>
        <startx number="126">47</startx>
        <starty number="126">12</starty>
        <finishx number="126">15</finishx>
        <finishy number="126">35</finishy>
        <startx number="127">9</startx>
        <starty number="127">37</starty>
        <finishx number="127">17</finishx>
        <finishy number="127">24</finishy>
        <startx number="128">42</startx>
        <starty number="128">63</starty>
        <finishx number="128">39</finishx>
        <finishy number="128">61</finishy>
        <startx number="129">56</startx>
        <starty number="129">63</starty>
        <finishx number="129">28</finishx>
        <finishy number="129">58</finishy>
        <startx number="130">0</startx>
        <starty number="130">1</starty>
        <finishx number="130">51</finishx>
        <finishy number="130">14</finishy>
        <startx number="131">32</startx>
        <starty number="131">33</starty>
        <finishx number="131">44</finishx>
        <finishy number="131">44</finishy>
        <startx number="132">41</startx>
        <starty number="132">2</starty>
        <finishx number="132">22</finishx>
        <finishy number="132">0</finishy>
        <startx number="133">8</startx>
        <starty number="133">47</starty>
        <finishx number="133">40</finishx>
        <finishy number="133">5</finishy>
        <startx number="134">12</startx>
        <starty number="134">52</starty>
        <finishx number="134">44</finishx>
        <finishy number="134">47</finishy>
        <startx number="135">5</startx>
        <starty number="135">2</starty>
        <finishx number="135">23</finishx>
        <finishy number="135">45</finishy>
        <startx number="136">32</startx>
        <starty number="136">62</starty>
        <finishx number="136">36</finishx>
        <finishy number="136">14</finishy>
        <startx number="137">32</startx>
        <starty number="137">9</starty>
        <finishx number="137">36</finishx>
        <finishy number="137">27</finishy>
        <startx number="138">39</startx>
        <starty number="138">10</starty>
        <finishx number="138">60</finishx>
        <finishy number="138">47</finishy>
        <startx number="139">11</startx>
        <starty number="139">63</starty>
        <finishx number="139">3</finishx>
        <finishy number="139">6</finishy>
        <startx number="140">47</startx>
        <starty number="140">28</starty>
        <finishx number="140">63</finishx>
        <finishy number="140">47</finishy>
        <startx number="141">3</startx>
        <starty number="141">11</starty>
        <finishx number="141">51</finishx>
        <finishy number="141">8</finishy>
        <startx number="142">5</startx>
        <starty number="142">21</starty>
        <finishx number="142">50</finishx>
        <finishy number="142">30</finishy>
        <startx number="143">5</startx>
        <starty number="143">51</starty>
        <finishx number="143">20</finishx>
        <finishy number="143">53</finishy>
        <startx number="144">14</startx>
        <starty number="144">15</starty>
        <finishx number="144">30</finishx>
        <finishy number="144">55</finishy>
        <startx number="145">13</startx>
        <starty number="145">44</starty>
        <finishx number="145">32</finishx>
        <finishy number="145">22</finishy>
        <startx number="146">36</startx>
        <starty number="146">29</starty>
        <finishx number="146">55</finishx>
        <finishy number="146">16</finishy>
        <startx number="147">1</startx>
        <starty number="147">27</starty>
        <finishx number="147">33</finishx>
        <finishy number="147">54</finishy>
        <startx number="148">13</startx>
        <starty number="148">4</starty>
        <finishx number="148">39</finishx>
        <finishy number="148">39</finishy>
        <startx number="149">54</startx>
        <starty number="149">61</starty>
        <finishx number="149">49</finishx>
        <finishy number="149">49</finishy>
        <grid>
            <row>0 0 0 0 0 0 0 0 0 0 0 0 0 0 0 0 0 0 0 0 0 0 0 0 0 0 0 0 0 0 0 0 0 0 0 0 0 0 0 0 0 0 0 0 0 0 0 0 0 0 0 0 0 0 0 0 0 0 0 0 0 0 0 0</row>
            <row>0 0 0 0 0 0 0 0 0 0 0 0 0 0 0 0 0 0 0 0 0 0 0 0 0 0 0 0 0 0 0 0 0 0 0 0 0 0 0 0 0 0 0 0 0 0 0 0 0 0 0 0 0 0 0 0 0 0 0 0 0 0 0 0</row>
            <row>0 0 0 0 0 0 0 0 0 0 0 0 0 0 0 0 0 0 0 0 0 0 0 0 0 0 0 0 0 0 0 0 0 0 0 0 0 0 0 0 0 0 0 0 0 0 0 0 0 0 0 0 0 0 0 0 0 0 0 0 0 0 0 0</row>
            <row>0 0 0 0 0 0 0 0 0 0 0 0 0 0 0 0 0 0 0 0 0 0 0 0 0 0 0 0 0 0 0 0 0 0 0 0 0 0 0 0 0 0 0 0 0 0 0 0 0 0 0 0 0 0 0 0 0 0 0 0 0 0 0 0</row>
            <row>0 0 0 0 0 0 0 0 0 0 0 0 0 0 0 0 0 0 0 0 0 0 0 0 0 0 0 0 0 0 0 0 0 0 0 0 0 0 0 0 0 0 0 0 0 0 0 0 0 0 0 0 0 0 0 0 0 0 0 0 0 0 0 0</row>
            <row>0 0 0 0 0 0 0 0 0 0 0 0 0 0 0 0 0 0 0 0 0 0 0 0 0 0 0 0 0 0 0 0 0 0 0 0 0 0 0 0 0 0 0 0 0 0 0 0 0 0 0 0 0 0 0 0 0 0 0 0 0 0 0 0</row>
            <row>0 0 0 0 0 0 0 0 0 0 0 0 0 0 0 0 0 0 0 0 0 0 0 0 0 0 0 0 0 0 0 0 0 0 0 0 0 0 0 0 0 0 0 0 0 0 0 0 0 0 0 0 0 0 0 0 0 0 0 0 0 0 0 0</row>
            <row>0 0 0 0 0 0 0 0 0 0 0 0 0 0 0 0 0 0 0 0 0 0 0 0 0 0 0 0 0 0 0 0 0 0 0 0 0 0 0 0 0 0 0 0 0 0 0 0 0 0 0 0 0 0 0 0 0 0 0 0 0 0 0 0</row>
            <row>0 0 0 0 0 0 0 0 0 0 0 0 0 0 0 0 0 0 0 0 0 0 0 0 0 0 0 0 0 0 0 0 0 0 0 0 0 0 0 0 0 0 0 0 0 0 0 0 0 0 0 0 0 0 0 0 0 0 0 0 0 0 0 0</row>
            <row>0 0 0 0 0 0 0 0 0 0 0 0 0 0 0 0 0 0 0 0 0 0 0 0 0 0 0 0 0 0 0 0 0 0 0 0 0 0 0 0 0 0 0 0 0 0 0 0 0 0 0 0 0 0 0 0 0 0 0 0 0 0 0 0</row>
            <row>0 0 0 0 0 0 0 0 0 0 0 0 0 0 0 0 0 0 0 0 0 0 0 0 0 0 0 0 0 0 0 0 0 0 0 0 0 0 0 0 0 0 0 0 0 0 0 0 0 0 0 0 0 0 0 0 0 0 0 0 0 0 0 0</row>
            <row>0 0 0 0 0 0 0 0 0 0 0 0 0 0 0 0 0 0 0 0 0 0 0 0 0 0 0 0 0 0 0 0 0 0 0 0 0 0 0 0 0 0 0 0 0 0 0 0 0 0 0 0 0 0 0 0 0 0 0 0 0 0 0 0</row>
            <row>0 0 0 0 0 0 0 0 0 0 0 0 0 0 0 0 0 0 0 0 0 0 0 0 0 0 0 0 0 0 0 0 0 0 0 0 0 0 0 0 0 0 0 0 0 0 0 0 0 0 0 0 0 0 0 0 0 0 0 0 0 0 0 0</row>
            <row>0 0 0 0 0 0 0 0 0 0 0 0 0 0 0 0 0 0 0 0 0 0 0 0 0 0 0 0 0 0 0 0 0 0 0 0 0 0 0 0 0 0 0 0 0 0 0 0 0 0 0 0 0 0 0 0 0 0 0 0 0 0 0 0</row>
            <row>0 0 0 0 0 0 0 0 0 0 0 0 0 0 0 0 0 0 0 0 0 0 0 0 0 0 0 0 0 0 0 0 0 0 0 0 0 0 0 0 0 0 0 0 0 0 0 0 0 0 0 0 0 0 0 0 0 0 0 0 0 0 0 0</row>
            <row>0 0 0 0 0 0 0 0 0 0 0 0 0 0 0 0 0 0 0 0 0 0 0 0 0 0 0 0 0 0 0 0 0 0 0 0 0 0 0 0 0 0 0 0 0 0 0 0 0 0 0 0 0 0 0 0 0 0 0 0 0 0 0 0</row>
            <row>0 0 0 0 0 0 0 0 0 0 0 0 0 0 0 0 0 0 0 0 0 0 0 0 0 0 0 0 0 0 0 0 0 0 0 0 0 0 0 0 0 0 0 0 0 0 0 0 0 0 0 0 0 0 0 0 0 0 0 0 0 0 0 0</row>
            <row>0 0 0 0 0 0 0 0 0 0 0 0 0 0 0 0 0 0 0 0 0 0 0 0 0 0 0 0 0 0 0 0 0 0 0 0 0 0 0 0 0 0 0 0 0 0 0 0 0 0 0 0 0 0 0 0 0 0 0 0 0 0 0 0</row>
            <row>0 0 0 0 0 0 0 0 0 0 0 0 0 0 0 0 0 0 0 0 0 0 0 0 0 0 0 0 0 0 0 0 0 0 0 0 0 0 0 0 0 0 0 0 0 0 0 0 0 0 0 0 0 0 0 0 0 0 0 0 0 0 0 0</row>
            <row>0 0 0 0 0 0 0 0 0 0 0 0 0 0 0 0 0 0 0 0 0 0 0 0 0 0 0 0 0 0 0 0 0 0 0 0 0 0 0 0 0 0 0 0 0 0 0 0 0 0 0 0 0 0 0 0 0 0 0 0 0 0 0 0</row>
            <row>0 0 0 0 0 0 0 0 0 0 0 0 0 0 0 0 0 0 0 0 0 0 0 0 0 0 0 0 0 0 0 0 0 0 0 0 0 0 0 0 0 0 0 0 0 0 0 0 0 0 0 0 0 0 0 0 0 0 0 0 0 0 0 0</row>
            <row>0 0 0 0 0 0 0 0 0 0 0 0 0 0 0 0 0 0 0 0 0 0 0 0 0 0 0 0 0 0 0 0 0 0 0 0 0 0 0 0 0 0 0 0 0 0 0 0 0 0 0 0 0 0 0 0 0 0 0 0 0 0 0 0</row>
            <row>0 0 0 0 0 0 0 0 0 0 0 0 0 0 0 0 0 0 0 0 0 0 0 0 0 0 0 0 0 0 0 0 0 0 0 0 0 0 0 0 0 0 0 0 0 0 0 0 0 0 0 0 0 0 0 0 0 0 0 0 0 0 0 0</row>
            <row>0 0 0 0 0 0 0 0 0 0 0 0 0 0 0 0 0 0 0 0 0 0 0 0 0 0 0 0 0 0 0 0 0 0 0 0 0 0 0 0 0 0 0 0 0 0 0 0 0 0 0 0 0 0 0 0 0 0 0 0 0 0 0 0</row>
            <row>0 0 0 0 0 0 0 0 0 0 0 0 0 0 0 0 0 0 0 0 0 0 0 0 0 0 0 0 0 0 0 0 0 0 0 0 0 0 0 0 0 0 0 0 0 0 0 0 0 0 0 0 0 0 0 0 0 0 0 0 0 0 0 0</row>
            <row>0 0 0 0 0 0 0 0 0 0 0 0 0 0 0 0 0 0 0 0 0 0 0 0 0 0 0 0 0 0 0 0 0 0 0 0 0 0 0 0 0 0 0 0 0 0 0 0 0 0 0 0 0 0 0 0 0 0 0 0 0 0 0 0</row>
            <row>0 0 0 0 0 0 0 0 0 0 0 0 0 0 0 0 0 0 0 0 0 0 0 0 0 0 0 0 0 0 0 0 0 0 0 0 0 0 0 0 0 0 0 0 0 0 0 0 0 0 0 0 0 0 0 0 0 0 0 0 0 0 0 0</row>
            <row>0 0 0 0 0 0 0 0 0 0 0 0 0 0 0 0 0 0 0 0 0 0 0 0 0 0 0 0 0 0 0 0 0 0 0 0 0 0 0 0 0 0 0 0 0 0 0 0 0 0 0 0 0 0 0 0 0 0 0 0 0 0 0 0</row>
            <row>0 0 0 0 0 0 0 0 0 0 0 0 0 0 0 0 0 0 0 0 0 0 0 0 0 0 0 0 0 0 0 0 0 0 0 0 0 0 0 0 0 0 0 0 0 0 0 0 0 0 0 0 0 0 0 0 0 0 0 0 0 0 0 0</row>
            <row>0 0 0 0 0 0 0 0 0 0 0 0 0 0 0 0 0 0 0 0 0 0 0 0 0 0 0 0 0 0 0 0 0 0 0 0 0 0 0 0 0 0 0 0 0 0 0 0 0 0 0 0 0 0 0 0 0 0 0 0 0 0 0 0</row>
            <row>0 0 0 0 0 0 0 0 0 0 0 0 0 0 0 0 0 0 0 0 0 0 0 0 0 0 0 0 0 0 0 0 0 0 0 0 0 0 0 0 0 0 0 0 0 0 0 0 0 0 0 0 0 0 0 0 0 0 0 0 0 0 0 0</row>
            <row>0 0 0 0 0 0 0 0 0 0 0 0 0 0 0 0 0 0 0 0 0 0 0 0 0 0 0 0 0 0 0 0 0 0 0 0 0 0 0 0 0 0 0 0 0 0 0 0 0 0 0 0 0 0 0 0 0 0 0 0 0 0 0 0</row>
            <row>0 0 0 0 0 0 0 0 0 0 0 0 0 0 0 0 0 0 0 0 0 0 0 0 0 0 0 0 0 0 0 0 0 0 0 0 0 0 0 0 0 0 0 0 0 0 0 0 0 0 0 0 0 0 0 0 0 0 0 0 0 0 0 0</row>
            <row>0 0 0 0 0 0 0 0 0 0 0 0 0 0 0 0 0 0 0 0 0 0 0 0 0 0 0 0 0 0 0 0 0 0 0 0 0 0 0 0 0 0 0 0 0 0 0 0 0 0 0 0 0 0 0 0 0 0 0 0 0 0 0 0</row>
            <row>0 0 0 0 0 0 0 0 0 0 0 0 0 0 0 0 0 0 0 0 0 0 0 0 0 0 0 0 0 0 0 0 0 0 0 0 0 0 0 0 0 0 0 0 0 0 0 0 0 0 0 0 0 0 0 0 0 0 0 0 0 0 0 0</row>
            <row>0 0 0 0 0 0 0 0 0 0 0 0 0 0 0 0 0 0 0 0 0 0 0 0 0 0 0 0 0 0 0 0 0 0 0 0 0 0 0 0 0 0 0 0 0 0 0 0 0 0 0 0 0 0 0 0 0 0 0 0 0 0 0 0</row>
            <row>0 0 0 0 0 0 0 0 0 0 0 0 0 0 0 0 0 0 0 0 0 0 0 0 0 0 0 0 0 0 0 0 0 0 0 0 0 0 0 0 0 0 0 0 0 0 0 0 0 0 0 0 0 0 0 0 0 0 0 0 0 0 0 0</row>
            <row>0 0 0 0 0 0 0 0 0 0 0 0 0 0 0 0 0 0 0 0 0 0 0 0 0 0 0 0 0 0 0 0 0 0 0 0 0 0 0 0 0 0 0 0 0 0 0 0 0 0 0 0 0 0 0 0 0 0 0 0 0 0 0 0</row>
            <row>0 0 0 0 0 0 0 0 0 0 0 0 0 0 0 0 0 0 0 0 0 0 0 0 0 0 0 0 0 0 0 0 0 0 0 0 0 0 0 0 0 0 0 0 0 0 0 0 0 0 0 0 0 0 0 0 0 0 0 0 0 0 0 0</row>
            <row>0 0 0 0 0 0 0 0 0 0 0 0 0 0 0 0 0 0 0 0 0 0 0 0 0 0 0 0 0 0 0 0 0 0 0 0 0 0 0 0 0 0 0 0 0 0 0 0 0 0 0 0 0 0 0 0 0 0 0 0 0 0 0 0</row>
            <row>0 0 0 0 0 0 0 0 0 0 0 0 0 0 0 0 0 0 0 0 0 0 0 0 0 0 0 0 0 0 0 0 0 0 0 0 0 0 0 0 0 0 0 0 0 0 0 0 0 0 0 0 0 0 0 0 0 0 0 0 0 0 0 0</row>
            <row>0 0 0 0 0 0 0 0 0 0 0 0 0 0 0 0 0 0 0 0 0 0 0 0 0 0 0 0 0 0 0 0 0 0 0 0 0 0 0 0 0 0 0 0 0 0 0 0 0 0 0 0 0 0 0 0 0 0 0 0 0 0 0 0</row>
            <row>0 0 0 0 0 0 0 0 0 0 0 0 0 0 0 0 0 0 0 0 0 0 0 0 0 0 0 0 0 0 0 0 0 0 0 0 0 0 0 0 0 0 0 0 0 0 0 0 0 0 0 0 0 0 0 0 0 0 0 0 0 0 0 0</row>
            <row>0 0 0 0 0 0 0 0 0 0 0 0 0 0 0 0 0 0 0 0 0 0 0 0 0 0 0 0 0 0 0 0 0 0 0 0 0 0 0 0 0 0 0 0 0 0 0 0 0 0 0 0 0 0 0 0 0 0 0 0 0 0 0 0</row>
            <row>0 0 0 0 0 0 0 0 0 0 0 0 0 0 0 0 0 0 0 0 0 0 0 0 0 0 0 0 0 0 0 0 0 0 0 0 0 0 0 0 0 0 0 0 0 0 0 0 0 0 0 0 0 0 0 0 0 0 0 0 0 0 0 0</row>
            <row>0 0 0 0 0 0 0 0 0 0 0 0 0 0 0 0 0 0 0 0 0 0 0 0 0 0 0 0 0 0 0 0 0 0 0 0 0 0 0 0 0 0 0 0 0 0 0 0 0 0 0 0 0 0 0 0 0 0 0 0 0 0 0 0</row>
            <row>0 0 0 0 0 0 0 0 0 0 0 0 0 0 0 0 0 0 0 0 0 0 0 0 0 0 0 0 0 0 0 0 0 0 0 0 0 0 0 0 0 0 0 0 0 0 0 0 0 0 0 0 0 0 0 0 0 0 0 0 0 0 0 0</row>
            <row>0 0 0 0 0 0 0 0 0 0 0 0 0 0 0 0 0 0 0 0 0 0 0 0 0 0 0 0 0 0 0 0 0 0 0 0 0 0 0 0 0 0 0 0 0 0 0 0 0 0 0 0 0 0 0 0 0 0 0 0 0 0 0 0</row>
            <row>0 0 0 0 0 0 0 0 0 0 0 0 0 0 0 0 0 0 0 0 0 0 0 0 0 0 0 0 0 0 0 0 0 0 0 0 0 0 0 0 0 0 0 0 0 0 0 0 0 0 0 0 0 0 0 0 0 0 0 0 0 0 0 0</row>
            <row>0 0 0 0 0 0 0 0 0 0 0 0 0 0 0 0 0 0 0 0 0 0 0 0 0 0 0 0 0 0 0 0 0 0 0 0 0 0 0 0 0 0 0 0 0 0 0 0 0 0 0 0 0 0 0 0 0 0 0 0 0 0 0 0</row>
            <row>0 0 0 0 0 0 0 0 0 0 0 0 0 0 0 0 0 0 0 0 0 0 0 0 0 0 0 0 0 0 0 0 0 0 0 0 0 0 0 0 0 0 0 0 0 0 0 0 0 0 0 0 0 0 0 0 0 0 0 0 0 0 0 0</row>
            <row>0 0 0 0 0 0 0 0 0 0 0 0 0 0 0 0 0 0 0 0 0 0 0 0 0 0 0 0 0 0 0 0 0 0 0 0 0 0 0 0 0 0 0 0 0 0 0 0 0 0 0 0 0 0 0 0 0 0 0 0 0 0 0 0</row>
            <row>0 0 0 0 0 0 0 0 0 0 0 0 0 0 0 0 0 0 0 0 0 0 0 0 0 0 0 0 0 0 0 0 0 0 0 0 0 0 0 0 0 0 0 0 0 0 0 0 0 0 0 0 0 0 0 0 0 0 0 0 0 0 0 0</row>
            <row>0 0 0 0 0 0 0 0 0 0 0 0 0 0 0 0 0 0 0 0 0 0 0 0 0 0 0 0 0 0 0 0 0 0 0 0 0 0 0 0 0 0 0 0 0 0 0 0 0 0 0 0 0 0 0 0 0 0 0 0 0 0 0 0</row>
            <row>0 0 0 0 0 0 0 0 0 0 0 0 0 0 0 0 0 0 0 0 0 0 0 0 0 0 0 0 0 0 0 0 0 0 0 0 0 0 0 0 0 0 0 0 0 0 0 0 0 0 0 0 0 0 0 0 0 0 0 0 0 0 0 0</row>
            <row>0 0 0 0 0 0 0 0 0 0 0 0 0 0 0 0 0 0 0 0 0 0 0 0 0 0 0 0 0 0 0 0 0 0 0 0 0 0 0 0 0 0 0 0 0 0 0 0 0 0 0 0 0 0 0 0 0 0 0 0 0 0 0 0</row>
            <row>0 0 0 0 0 0 0 0 0 0 0 0 0 0 0 0 0 0 0 0 0 0 0 0 0 0 0 0 0 0 0 0 0 0 0 0 0 0 0 0 0 0 0 0 0 0 0 0 0 0 0 0 0 0 0 0 0 0 0 0 0 0 0 0</row>
            <row>0 0 0 0 0 0 0 0 0 0 0 0 0 0 0 0 0 0 0 0 0 0 0 0 0 0 0 0 0 0 0 0 0 0 0 0 0 0 0 0 0 0 0 0 0 0 0 0 0 0 0 0 0 0 0 0 0 0 0 0 0 0 0 0</row>
            <row>0 0 0 0 0 0 0 0 0 0 0 0 0 0 0 0 0 0 0 0 0 0 0 0 0 0 0 0 0 0 0 0 0 0 0 0 0 0 0 0 0 0 0 0 0 0 0 0 0 0 0 0 0 0 0 0 0 0 0 0 0 0 0 0</row>
            <row>0 0 0 0 0 0 0 0 0 0 0 0 0 0 0 0 0 0 0 0 0 0 0 0 0 0 0 0 0 0 0 0 0 0 0 0 0 0 0 0 0 0 0 0 0 0 0 0 0 0 0 0 0 0 0 0 0 0 0 0 0 0 0 0</row>
            <row>0 0 0 0 0 0 0 0 0 0 0 0 0 0 0 0 0 0 0 0 0 0 0 0 0 0 0 0 0 0 0 0 0 0 0 0 0 0 0 0 0 0 0 0 0 0 0 0 0 0 0 0 0 0 0 0 0 0 0 0 0 0 0 0</row>
            <row>0 0 0 0 0 0 0 0 0 0 0 0 0 0 0 0 0 0 0 0 0 0 0 0 0 0 0 0 0 0 0 0 0 0 0 0 0 0 0 0 0 0 0 0 0 0 0 0 0 0 0 0 0 0 0 0 0 0 0 0 0 0 0 0</row>
            <row>0 0 0 0 0 0 0 0 0 0 0 0 0 0 0 0 0 0 0 0 0 0 0 0 0 0 0 0 0 0 0 0 0 0 0 0 0 0 0 0 0 0 0 0 0 0 0 0 0 0 0 0 0 0 0 0 0 0 0 0 0 0 0 0</row>
            <row>0 0 0 0 0 0 0 0 0 0 0 0 0 0 0 0 0 0 0 0 0 0 0 0 0 0 0 0 0 0 0 0 0 0 0 0 0 0 0 0 0 0 0 0 0 0 0 0 0 0 0 0 0 0 0 0 0 0 0 0 0 0 0 0</row>
        </grid>
    </map>
    <algorithm>
        <allowanyangle>true</allowanyangle>
        <metrictype>euclid</metrictype>
        <breakingties>g-max</breakingties>
        <weight>1</weight>
    </algorithm>
    <options>
        <loglevel>1</loglevel>
        <logpath />
        <logfilename />
    </options>
</root>
