<?xml version="1.0" ?>
<root>
    <map>
        <width>64</width>
        <height>64</height>
        <agents>100</agents>
        <startx number="0">28</startx>
        <starty number="0">20</starty>
        <finishx number="0">9</finishx>
        <finishy number="0">55</finishy>
        <startx number="1">3</startx>
        <starty number="1">48</starty>
        <finishx number="1">58</finishx>
        <finishy number="1">39</finishy>
        <startx number="2">8</startx>
        <starty number="2">47</starty>
        <finishx number="2">40</finishx>
        <finishy number="2">61</finishy>
        <startx number="3">28</startx>
        <starty number="3">31</starty>
        <finishx number="3">26</finishx>
        <finishy number="3">47</finishy>
        <startx number="4">57</startx>
        <starty number="4">18</starty>
        <finishx number="4">11</finishx>
        <finishy number="4">7</finishy>
        <startx number="5">33</startx>
        <starty number="5">49</starty>
        <finishx number="5">36</finishx>
        <finishy number="5">54</finishy>
        <startx number="6">33</startx>
        <starty number="6">43</starty>
        <finishx number="6">59</finishx>
        <finishy number="6">34</finishy>
        <startx number="7">31</startx>
        <starty number="7">57</starty>
        <finishx number="7">63</finishx>
        <finishy number="7">44</finishy>
        <startx number="8">59</startx>
        <starty number="8">2</starty>
        <finishx number="8">9</finishx>
        <finishy number="8">61</finishy>
        <startx number="9">48</startx>
        <starty number="9">6</starty>
        <finishx number="9">44</finishx>
        <finishy number="9">58</finishy>
        <startx number="10">45</startx>
        <starty number="10">33</starty>
        <finishx number="10">54</finishx>
        <finishy number="10">5</finishy>
        <startx number="11">16</startx>
        <starty number="11">14</starty>
        <finishx number="11">37</finishx>
        <finishy number="11">32</finishy>
        <startx number="12">29</startx>
        <starty number="12">15</starty>
        <finishx number="12">32</finishx>
        <finishy number="12">17</finishy>
        <startx number="13">38</startx>
        <starty number="13">53</starty>
        <finishx number="13">48</finishx>
        <finishy number="13">38</finishy>
        <startx number="14">4</startx>
        <starty number="14">29</starty>
        <finishx number="14">18</finishx>
        <finishy number="14">62</finishy>
        <startx number="15">41</startx>
        <starty number="15">5</starty>
        <finishx number="15">19</finishx>
        <finishy number="15">46</finishy>
        <startx number="16">1</startx>
        <starty number="16">1</starty>
        <finishx number="16">49</finishx>
        <finishy number="16">57</finishy>
        <startx number="17">34</startx>
        <starty number="17">41</starty>
        <finishx number="17">5</finishx>
        <finishy number="17">32</finishy>
        <startx number="18">21</startx>
        <starty number="18">32</starty>
        <finishx number="18">52</finishx>
        <finishy number="18">5</finishy>
        <startx number="19">6</startx>
        <starty number="19">5</starty>
        <finishx number="19">14</finishx>
        <finishy number="19">20</finishy>
        <startx number="20">50</startx>
        <starty number="20">62</starty>
        <finishx number="20">13</finishx>
        <finishy number="20">36</finishy>
        <startx number="21">27</startx>
        <starty number="21">42</starty>
        <finishx number="21">30</finishx>
        <finishy number="21">9</finishy>
        <startx number="22">61</startx>
        <starty number="22">60</starty>
        <finishx number="22">23</finishx>
        <finishy number="22">23</finishy>
        <startx number="23">0</startx>
        <starty number="23">36</starty>
        <finishx number="23">8</finishx>
        <finishy number="23">29</finishy>
        <startx number="24">54</startx>
        <starty number="24">19</starty>
        <finishx number="24">11</finishx>
        <finishy number="24">52</finishy>
        <startx number="25">22</startx>
        <starty number="25">11</starty>
        <finishx number="25">19</finishx>
        <finishy number="25">33</finishy>
        <startx number="26">43</startx>
        <starty number="26">47</starty>
        <finishx number="26">63</finishx>
        <finishy number="26">1</finishy>
        <startx number="27">31</startx>
        <starty number="27">49</starty>
        <finishx number="27">40</finishx>
        <finishy number="27">2</finishy>
        <startx number="28">21</startx>
        <starty number="28">45</starty>
        <finishx number="28">49</finishx>
        <finishy number="28">9</finishy>
        <startx number="29">19</startx>
        <starty number="29">0</starty>
        <finishx number="29">35</finishx>
        <finishy number="29">62</finishy>
        <startx number="30">19</startx>
        <starty number="30">38</starty>
        <finishx number="30">29</finishx>
        <finishy number="30">44</finishy>
        <startx number="31">30</startx>
        <starty number="31">36</starty>
        <finishx number="31">39</finishx>
        <finishy number="31">5</finishy>
        <startx number="32">24</startx>
        <starty number="32">42</starty>
        <finishx number="32">51</finishx>
        <finishy number="32">45</finishy>
        <startx number="33">56</startx>
        <starty number="33">5</starty>
        <finishx number="33">14</finishx>
        <finishy number="33">49</finishy>
        <startx number="34">35</startx>
        <starty number="34">46</starty>
        <finishx number="34">38</finishx>
        <finishy number="34">26</finishy>
        <startx number="35">36</startx>
        <starty number="35">24</starty>
        <finishx number="35">23</finishx>
        <finishy number="35">32</finishy>
        <startx number="36">49</startx>
        <starty number="36">1</starty>
        <finishx number="36">6</finishx>
        <finishy number="36">13</finishy>
        <startx number="37">34</startx>
        <starty number="37">30</starty>
        <finishx number="37">62</finishx>
        <finishy number="37">57</finishy>
        <startx number="38">53</startx>
        <starty number="38">27</starty>
        <finishx number="38">51</finishx>
        <finishy number="38">8</finishy>
        <startx number="39">52</startx>
        <starty number="39">11</starty>
        <finishx number="39">55</finishx>
        <finishy number="39">23</finishy>
        <startx number="40">47</startx>
        <starty number="40">15</starty>
        <finishx number="40">3</finishx>
        <finishy number="40">35</finishy>
        <startx number="41">47</startx>
        <starty number="41">35</starty>
        <finishx number="41">38</finishx>
        <finishy number="41">3</finishy>
        <startx number="42">16</startx>
        <starty number="42">51</starty>
        <finishx number="42">46</finishx>
        <finishy number="42">57</finishy>
        <startx number="43">1</startx>
        <starty number="43">59</starty>
        <finishx number="43">11</finishx>
        <finishy number="43">12</finishy>
        <startx number="44">42</startx>
        <starty number="44">24</starty>
        <finishx number="44">46</finishx>
        <finishy number="44">30</finishy>
        <startx number="45">62</startx>
        <starty number="45">38</starty>
        <finishx number="45">11</finishx>
        <finishy number="45">42</finishy>
        <startx number="46">42</startx>
        <starty number="46">12</starty>
        <finishx number="46">46</finishx>
        <finishy number="46">55</finishy>
        <startx number="47">35</startx>
        <starty number="47">0</starty>
        <finishx number="47">15</finishx>
        <finishy number="47">41</finishy>
        <startx number="48">6</startx>
        <starty number="48">53</starty>
        <finishx number="48">25</finishx>
        <finishy number="48">58</finishy>
        <startx number="49">4</startx>
        <starty number="49">17</starty>
        <finishx number="49">14</finishx>
        <finishy number="49">15</finishy>
        <startx number="50">30</startx>
        <starty number="50">20</starty>
        <finishx number="50">6</finishx>
        <finishy number="50">16</finishy>
        <startx number="51">61</startx>
        <starty number="51">44</starty>
        <finishx number="51">49</finishx>
        <finishy number="51">48</finishy>
        <startx number="52">48</startx>
        <starty number="52">33</starty>
        <finishx number="52">36</finishx>
        <finishy number="52">8</finishy>
        <startx number="53">13</startx>
        <starty number="53">60</starty>
        <finishx number="53">21</finishx>
        <finishy number="53">40</finishy>
        <startx number="54">45</startx>
        <starty number="54">63</starty>
        <finishx number="54">33</finishx>
        <finishy number="54">27</finishy>
        <startx number="55">27</startx>
        <starty number="55">34</starty>
        <finishx number="55">2</finishx>
        <finishy number="55">46</finishy>
        <startx number="56">32</startx>
        <starty number="56">54</starty>
        <finishx number="56">20</finishx>
        <finishy number="56">13</finishy>
        <startx number="57">46</startx>
        <starty number="57">60</starty>
        <finishx number="57">43</finishx>
        <finishy number="57">63</finishy>
        <startx number="58">56</startx>
        <starty number="58">58</starty>
        <finishx number="58">6</finishx>
        <finishy number="58">10</finishy>
        <startx number="59">30</startx>
        <starty number="59">31</starty>
        <finishx number="59">6</finishx>
        <finishy number="59">56</finishy>
        <startx number="60">24</startx>
        <starty number="60">56</starty>
        <finishx number="60">46</finishx>
        <finishy number="60">12</finishy>
        <startx number="61">59</startx>
        <starty number="61">18</starty>
        <finishx number="61">62</finishx>
        <finishy number="61">23</finishy>
        <startx number="62">52</startx>
        <starty number="62">24</starty>
        <finishx number="62">1</finishx>
        <finishy number="62">38</finishy>
        <startx number="63">49</startx>
        <starty number="63">28</starty>
        <finishx number="63">59</finishx>
        <finishy number="63">52</finishy>
        <startx number="64">60</startx>
        <starty number="64">28</starty>
        <finishx number="64">8</finishx>
        <finishy number="64">53</finishy>
        <startx number="65">41</startx>
        <starty number="65">15</starty>
        <finishx number="65">32</finishx>
        <finishy number="65">6</finishy>
        <startx number="66">2</startx>
        <starty number="66">62</starty>
        <finishx number="66">55</finishx>
        <finishy number="66">42</finishy>
        <startx number="67">4</startx>
        <starty number="67">14</starty>
        <finishx number="67">24</finishx>
        <finishy number="67">50</finishy>
        <startx number="68">48</startx>
        <starty number="68">20</starty>
        <finishx number="68">37</finishx>
        <finishy number="68">48</finishy>
        <startx number="69">30</startx>
        <starty number="69">4</starty>
        <finishx number="69">16</finishx>
        <finishy number="69">36</finishy>
        <startx number="70">22</startx>
        <starty number="70">48</starty>
        <finishx number="70">24</finishx>
        <finishy number="70">7</finishy>
        <startx number="71">25</startx>
        <starty number="71">23</starty>
        <finishx number="71">15</finishx>
        <finishy number="71">17</finishy>
        <startx number="72">56</startx>
        <starty number="72">13</starty>
        <finishx number="72">24</finishx>
        <finishy number="72">61</finishy>
        <startx number="73">58</startx>
        <starty number="73">7</starty>
        <finishx number="73">48</finishx>
        <finishy number="73">60</finishy>
        <startx number="74">16</startx>
        <starty number="74">46</starty>
        <finishx number="74">0</finishx>
        <finishy number="74">14</finishy>
        <startx number="75">44</startx>
        <starty number="75">17</starty>
        <finishx number="75">16</finishx>
        <finishy number="75">4</finishy>
        <startx number="76">14</startx>
        <starty number="76">9</starty>
        <finishx number="76">10</finishx>
        <finishy number="76">44</finishy>
        <startx number="77">27</startx>
        <starty number="77">13</starty>
        <finishx number="77">46</finishx>
        <finishy number="77">20</finishy>
        <startx number="78">22</startx>
        <starty number="78">5</starty>
        <finishx number="78">56</finishx>
        <finishy number="78">0</finishy>
        <startx number="79">14</startx>
        <starty number="79">39</starty>
        <finishx number="79">48</finishx>
        <finishy number="79">17</finishy>
        <startx number="80">52</startx>
        <starty number="80">35</starty>
        <finishx number="80">2</finishx>
        <finishy number="80">6</finishy>
        <startx number="81">47</startx>
        <starty number="81">1</starty>
        <finishx number="81">14</finishx>
        <finishy number="81">12</finishy>
        <startx number="82">25</startx>
        <starty number="82">63</starty>
        <finishx number="82">7</finishx>
        <finishy number="82">45</finishy>
        <startx number="83">12</startx>
        <starty number="83">63</starty>
        <finishx number="83">6</finishx>
        <finishy number="83">18</finishy>
        <startx number="84">29</startx>
        <starty number="84">63</starty>
        <finishx number="84">46</finishx>
        <finishy number="84">23</finishy>
        <startx number="85">38</startx>
        <starty number="85">21</starty>
        <finishx number="85">18</finishx>
        <finishy number="85">43</finishy>
        <startx number="86">35</startx>
        <starty number="86">27</starty>
        <finishx number="86">1</finishx>
        <finishy number="86">3</finishy>
        <startx number="87">28</startx>
        <starty number="87">10</starty>
        <finishx number="87">61</finishx>
        <finishy number="87">49</finishy>
        <startx number="88">40</startx>
        <starty number="88">29</starty>
        <finishx number="88">42</finishx>
        <finishy number="88">21</finishy>
        <startx number="89">2</startx>
        <starty number="89">40</starty>
        <finishx number="89">46</finishx>
        <finishy number="89">9</finishy>
        <startx number="90">38</startx>
        <starty number="90">45</starty>
        <finishx number="90">30</finishx>
        <finishy number="90">2</finishy>
        <startx number="91">61</startx>
        <starty number="91">55</starty>
        <finishx number="91">48</finishx>
        <finishy number="91">44</finishy>
        <startx number="92">16</startx>
        <starty number="92">12</starty>
        <finishx number="92">48</finishx>
        <finishy number="92">3</finishy>
        <startx number="93">0</startx>
        <starty number="93">17</starty>
        <finishx number="93">39</finishx>
        <finishy number="93">37</finishy>
        <startx number="94">21</startx>
        <starty number="94">27</starty>
        <finishx number="94">5</finishx>
        <finishy number="94">45</finishy>
        <startx number="95">24</startx>
        <starty number="95">53</starty>
        <finishx number="95">49</finishx>
        <finishy number="95">22</finishy>
        <startx number="96">3</startx>
        <starty number="96">59</starty>
        <finishx number="96">6</finishx>
        <finishy number="96">0</finishy>
        <startx number="97">46</startx>
        <starty number="97">17</starty>
        <finishx number="97">7</finishx>
        <finishy number="97">50</finishy>
        <startx number="98">26</startx>
        <starty number="98">53</starty>
        <finishx number="98">50</finishx>
        <finishy number="98">41</finishy>
        <startx number="99">61</startx>
        <starty number="99">4</starty>
        <finishx number="99">50</finishx>
        <finishy number="99">33</finishy>
        <grid>
            <row>0 0 0 0 0 0 0 0 0 0 0 0 0 0 0 0 0 0 0 0 0 0 0 0 0 0 0 0 0 0 0 0 0 0 0 0 0 0 0 0 0 0 0 0 0 0 0 0 0 0 0 0 0 0 0 0 0 0 0 0 0 0 0 0</row>
            <row>0 0 0 0 0 0 0 0 0 0 0 0 0 0 0 0 0 0 0 0 0 0 0 0 0 0 0 0 0 0 0 0 0 0 0 0 0 0 0 0 0 0 0 0 0 0 0 0 0 0 0 0 0 0 0 0 0 0 0 0 0 0 0 0</row>
            <row>0 0 0 0 0 0 0 0 0 0 0 0 0 0 0 0 0 0 0 0 0 0 0 0 0 0 0 0 0 0 0 0 0 0 0 0 0 0 0 0 0 0 0 0 0 0 0 0 0 0 0 0 0 0 0 0 0 0 0 0 0 0 0 0</row>
            <row>0 0 0 0 0 0 0 0 0 0 0 0 0 0 0 0 0 0 0 0 0 0 0 0 0 0 0 0 0 0 0 0 0 0 0 0 0 0 0 0 0 0 0 0 0 0 0 0 0 0 0 0 0 0 0 0 0 0 0 0 0 0 0 0</row>
            <row>0 0 0 0 0 0 0 0 0 0 0 0 0 0 0 0 0 0 0 0 0 0 0 0 0 0 0 0 0 0 0 0 0 0 0 0 0 0 0 0 0 0 0 0 0 0 0 0 0 0 0 0 0 0 0 0 0 0 0 0 0 0 0 0</row>
            <row>0 0 0 0 0 0 0 0 0 0 0 0 0 0 0 0 0 0 0 0 0 0 0 0 0 0 0 0 0 0 0 0 0 0 0 0 0 0 0 0 0 0 0 0 0 0 0 0 0 0 0 0 0 0 0 0 0 0 0 0 0 0 0 0</row>
            <row>0 0 0 0 0 0 0 0 0 0 0 0 0 0 0 0 0 0 0 0 0 0 0 0 0 0 0 0 0 0 0 0 0 0 0 0 0 0 0 0 0 0 0 0 0 0 0 0 0 0 0 0 0 0 0 0 0 0 0 0 0 0 0 0</row>
            <row>0 0 0 0 0 0 0 0 0 0 0 0 0 0 0 0 0 0 0 0 0 0 0 0 0 0 0 0 0 0 0 0 0 0 0 0 0 0 0 0 0 0 0 0 0 0 0 0 0 0 0 0 0 0 0 0 0 0 0 0 0 0 0 0</row>
            <row>0 0 0 0 0 0 0 0 0 0 0 0 0 0 0 0 0 0 0 0 0 0 0 0 0 0 0 0 0 0 0 0 0 0 0 0 0 0 0 0 0 0 0 0 0 0 0 0 0 0 0 0 0 0 0 0 0 0 0 0 0 0 0 0</row>
            <row>0 0 0 0 0 0 0 0 0 0 0 0 0 0 0 0 0 0 0 0 0 0 0 0 0 0 0 0 0 0 0 0 0 0 0 0 0 0 0 0 0 0 0 0 0 0 0 0 0 0 0 0 0 0 0 0 0 0 0 0 0 0 0 0</row>
            <row>0 0 0 0 0 0 0 0 0 0 0 0 0 0 0 0 0 0 0 0 0 0 0 0 0 0 0 0 0 0 0 0 0 0 0 0 0 0 0 0 0 0 0 0 0 0 0 0 0 0 0 0 0 0 0 0 0 0 0 0 0 0 0 0</row>
            <row>0 0 0 0 0 0 0 0 0 0 0 0 0 0 0 0 0 0 0 0 0 0 0 0 0 0 0 0 0 0 0 0 0 0 0 0 0 0 0 0 0 0 0 0 0 0 0 0 0 0 0 0 0 0 0 0 0 0 0 0 0 0 0 0</row>
            <row>0 0 0 0 0 0 0 0 0 0 0 0 0 0 0 0 0 0 0 0 0 0 0 0 0 0 0 0 0 0 0 0 0 0 0 0 0 0 0 0 0 0 0 0 0 0 0 0 0 0 0 0 0 0 0 0 0 0 0 0 0 0 0 0</row>
            <row>0 0 0 0 0 0 0 0 0 0 0 0 0 0 0 0 0 0 0 0 0 0 0 0 0 0 0 0 0 0 0 0 0 0 0 0 0 0 0 0 0 0 0 0 0 0 0 0 0 0 0 0 0 0 0 0 0 0 0 0 0 0 0 0</row>
            <row>0 0 0 0 0 0 0 0 0 0 0 0 0 0 0 0 0 0 0 0 0 0 0 0 0 0 0 0 0 0 0 0 0 0 0 0 0 0 0 0 0 0 0 0 0 0 0 0 0 0 0 0 0 0 0 0 0 0 0 0 0 0 0 0</row>
            <row>0 0 0 0 0 0 0 0 0 0 0 0 0 0 0 0 0 0 0 0 0 0 0 0 0 0 0 0 0 0 0 0 0 0 0 0 0 0 0 0 0 0 0 0 0 0 0 0 0 0 0 0 0 0 0 0 0 0 0 0 0 0 0 0</row>
            <row>0 0 0 0 0 0 0 0 0 0 0 0 0 0 0 0 0 0 0 0 0 0 0 0 0 0 0 0 0 0 0 0 0 0 0 0 0 0 0 0 0 0 0 0 0 0 0 0 0 0 0 0 0 0 0 0 0 0 0 0 0 0 0 0</row>
            <row>0 0 0 0 0 0 0 0 0 0 0 0 0 0 0 0 0 0 0 0 0 0 0 0 0 0 0 0 0 0 0 0 0 0 0 0 0 0 0 0 0 0 0 0 0 0 0 0 0 0 0 0 0 0 0 0 0 0 0 0 0 0 0 0</row>
            <row>0 0 0 0 0 0 0 0 0 0 0 0 0 0 0 0 0 0 0 0 0 0 0 0 0 0 0 0 0 0 0 0 0 0 0 0 0 0 0 0 0 0 0 0 0 0 0 0 0 0 0 0 0 0 0 0 0 0 0 0 0 0 0 0</row>
            <row>0 0 0 0 0 0 0 0 0 0 0 0 0 0 0 0 0 0 0 0 0 0 0 0 0 0 0 0 0 0 0 0 0 0 0 0 0 0 0 0 0 0 0 0 0 0 0 0 0 0 0 0 0 0 0 0 0 0 0 0 0 0 0 0</row>
            <row>0 0 0 0 0 0 0 0 0 0 0 0 0 0 0 0 0 0 0 0 0 0 0 0 0 0 0 0 0 0 0 0 0 0 0 0 0 0 0 0 0 0 0 0 0 0 0 0 0 0 0 0 0 0 0 0 0 0 0 0 0 0 0 0</row>
            <row>0 0 0 0 0 0 0 0 0 0 0 0 0 0 0 0 0 0 0 0 0 0 0 0 0 0 0 0 0 0 0 0 0 0 0 0 0 0 0 0 0 0 0 0 0 0 0 0 0 0 0 0 0 0 0 0 0 0 0 0 0 0 0 0</row>
            <row>0 0 0 0 0 0 0 0 0 0 0 0 0 0 0 0 0 0 0 0 0 0 0 0 0 0 0 0 0 0 0 0 0 0 0 0 0 0 0 0 0 0 0 0 0 0 0 0 0 0 0 0 0 0 0 0 0 0 0 0 0 0 0 0</row>
            <row>0 0 0 0 0 0 0 0 0 0 0 0 0 0 0 0 0 0 0 0 0 0 0 0 0 0 0 0 0 0 0 0 0 0 0 0 0 0 0 0 0 0 0 0 0 0 0 0 0 0 0 0 0 0 0 0 0 0 0 0 0 0 0 0</row>
            <row>0 0 0 0 0 0 0 0 0 0 0 0 0 0 0 0 0 0 0 0 0 0 0 0 0 0 0 0 0 0 0 0 0 0 0 0 0 0 0 0 0 0 0 0 0 0 0 0 0 0 0 0 0 0 0 0 0 0 0 0 0 0 0 0</row>
            <row>0 0 0 0 0 0 0 0 0 0 0 0 0 0 0 0 0 0 0 0 0 0 0 0 0 0 0 0 0 0 0 0 0 0 0 0 0 0 0 0 0 0 0 0 0 0 0 0 0 0 0 0 0 0 0 0 0 0 0 0 0 0 0 0</row>
            <row>0 0 0 0 0 0 0 0 0 0 0 0 0 0 0 0 0 0 0 0 0 0 0 0 0 0 0 0 0 0 0 0 0 0 0 0 0 0 0 0 0 0 0 0 0 0 0 0 0 0 0 0 0 0 0 0 0 0 0 0 0 0 0 0</row>
            <row>0 0 0 0 0 0 0 0 0 0 0 0 0 0 0 0 0 0 0 0 0 0 0 0 0 0 0 0 0 0 0 0 0 0 0 0 0 0 0 0 0 0 0 0 0 0 0 0 0 0 0 0 0 0 0 0 0 0 0 0 0 0 0 0</row>
            <row>0 0 0 0 0 0 0 0 0 0 0 0 0 0 0 0 0 0 0 0 0 0 0 0 0 0 0 0 0 0 0 0 0 0 0 0 0 0 0 0 0 0 0 0 0 0 0 0 0 0 0 0 0 0 0 0 0 0 0 0 0 0 0 0</row>
            <row>0 0 0 0 0 0 0 0 0 0 0 0 0 0 0 0 0 0 0 0 0 0 0 0 0 0 0 0 0 0 0 0 0 0 0 0 0 0 0 0 0 0 0 0 0 0 0 0 0 0 0 0 0 0 0 0 0 0 0 0 0 0 0 0</row>
            <row>0 0 0 0 0 0 0 0 0 0 0 0 0 0 0 0 0 0 0 0 0 0 0 0 0 0 0 0 0 0 0 0 0 0 0 0 0 0 0 0 0 0 0 0 0 0 0 0 0 0 0 0 0 0 0 0 0 0 0 0 0 0 0 0</row>
            <row>0 0 0 0 0 0 0 0 0 0 0 0 0 0 0 0 0 0 0 0 0 0 0 0 0 0 0 0 0 0 0 0 0 0 0 0 0 0 0 0 0 0 0 0 0 0 0 0 0 0 0 0 0 0 0 0 0 0 0 0 0 0 0 0</row>
            <row>0 0 0 0 0 0 0 0 0 0 0 0 0 0 0 0 0 0 0 0 0 0 0 0 0 0 0 0 0 0 0 0 0 0 0 0 0 0 0 0 0 0 0 0 0 0 0 0 0 0 0 0 0 0 0 0 0 0 0 0 0 0 0 0</row>
            <row>0 0 0 0 0 0 0 0 0 0 0 0 0 0 0 0 0 0 0 0 0 0 0 0 0 0 0 0 0 0 0 0 0 0 0 0 0 0 0 0 0 0 0 0 0 0 0 0 0 0 0 0 0 0 0 0 0 0 0 0 0 0 0 0</row>
            <row>0 0 0 0 0 0 0 0 0 0 0 0 0 0 0 0 0 0 0 0 0 0 0 0 0 0 0 0 0 0 0 0 0 0 0 0 0 0 0 0 0 0 0 0 0 0 0 0 0 0 0 0 0 0 0 0 0 0 0 0 0 0 0 0</row>
            <row>0 0 0 0 0 0 0 0 0 0 0 0 0 0 0 0 0 0 0 0 0 0 0 0 0 0 0 0 0 0 0 0 0 0 0 0 0 0 0 0 0 0 0 0 0 0 0 0 0 0 0 0 0 0 0 0 0 0 0 0 0 0 0 0</row>
            <row>0 0 0 0 0 0 0 0 0 0 0 0 0 0 0 0 0 0 0 0 0 0 0 0 0 0 0 0 0 0 0 0 0 0 0 0 0 0 0 0 0 0 0 0 0 0 0 0 0 0 0 0 0 0 0 0 0 0 0 0 0 0 0 0</row>
            <row>0 0 0 0 0 0 0 0 0 0 0 0 0 0 0 0 0 0 0 0 0 0 0 0 0 0 0 0 0 0 0 0 0 0 0 0 0 0 0 0 0 0 0 0 0 0 0 0 0 0 0 0 0 0 0 0 0 0 0 0 0 0 0 0</row>
            <row>0 0 0 0 0 0 0 0 0 0 0 0 0 0 0 0 0 0 0 0 0 0 0 0 0 0 0 0 0 0 0 0 0 0 0 0 0 0 0 0 0 0 0 0 0 0 0 0 0 0 0 0 0 0 0 0 0 0 0 0 0 0 0 0</row>
            <row>0 0 0 0 0 0 0 0 0 0 0 0 0 0 0 0 0 0 0 0 0 0 0 0 0 0 0 0 0 0 0 0 0 0 0 0 0 0 0 0 0 0 0 0 0 0 0 0 0 0 0 0 0 0 0 0 0 0 0 0 0 0 0 0</row>
            <row>0 0 0 0 0 0 0 0 0 0 0 0 0 0 0 0 0 0 0 0 0 0 0 0 0 0 0 0 0 0 0 0 0 0 0 0 0 0 0 0 0 0 0 0 0 0 0 0 0 0 0 0 0 0 0 0 0 0 0 0 0 0 0 0</row>
            <row>0 0 0 0 0 0 0 0 0 0 0 0 0 0 0 0 0 0 0 0 0 0 0 0 0 0 0 0 0 0 0 0 0 0 0 0 0 0 0 0 0 0 0 0 0 0 0 0 0 0 0 0 0 0 0 0 0 0 0 0 0 0 0 0</row>
            <row>0 0 0 0 0 0 0 0 0 0 0 0 0 0 0 0 0 0 0 0 0 0 0 0 0 0 0 0 0 0 0 0 0 0 0 0 0 0 0 0 0 0 0 0 0 0 0 0 0 0 0 0 0 0 0 0 0 0 0 0 0 0 0 0</row>
            <row>0 0 0 0 0 0 0 0 0 0 0 0 0 0 0 0 0 0 0 0 0 0 0 0 0 0 0 0 0 0 0 0 0 0 0 0 0 0 0 0 0 0 0 0 0 0 0 0 0 0 0 0 0 0 0 0 0 0 0 0 0 0 0 0</row>
            <row>0 0 0 0 0 0 0 0 0 0 0 0 0 0 0 0 0 0 0 0 0 0 0 0 0 0 0 0 0 0 0 0 0 0 0 0 0 0 0 0 0 0 0 0 0 0 0 0 0 0 0 0 0 0 0 0 0 0 0 0 0 0 0 0</row>
            <row>0 0 0 0 0 0 0 0 0 0 0 0 0 0 0 0 0 0 0 0 0 0 0 0 0 0 0 0 0 0 0 0 0 0 0 0 0 0 0 0 0 0 0 0 0 0 0 0 0 0 0 0 0 0 0 0 0 0 0 0 0 0 0 0</row>
            <row>0 0 0 0 0 0 0 0 0 0 0 0 0 0 0 0 0 0 0 0 0 0 0 0 0 0 0 0 0 0 0 0 0 0 0 0 0 0 0 0 0 0 0 0 0 0 0 0 0 0 0 0 0 0 0 0 0 0 0 0 0 0 0 0</row>
            <row>0 0 0 0 0 0 0 0 0 0 0 0 0 0 0 0 0 0 0 0 0 0 0 0 0 0 0 0 0 0 0 0 0 0 0 0 0 0 0 0 0 0 0 0 0 0 0 0 0 0 0 0 0 0 0 0 0 0 0 0 0 0 0 0</row>
            <row>0 0 0 0 0 0 0 0 0 0 0 0 0 0 0 0 0 0 0 0 0 0 0 0 0 0 0 0 0 0 0 0 0 0 0 0 0 0 0 0 0 0 0 0 0 0 0 0 0 0 0 0 0 0 0 0 0 0 0 0 0 0 0 0</row>
            <row>0 0 0 0 0 0 0 0 0 0 0 0 0 0 0 0 0 0 0 0 0 0 0 0 0 0 0 0 0 0 0 0 0 0 0 0 0 0 0 0 0 0 0 0 0 0 0 0 0 0 0 0 0 0 0 0 0 0 0 0 0 0 0 0</row>
            <row>0 0 0 0 0 0 0 0 0 0 0 0 0 0 0 0 0 0 0 0 0 0 0 0 0 0 0 0 0 0 0 0 0 0 0 0 0 0 0 0 0 0 0 0 0 0 0 0 0 0 0 0 0 0 0 0 0 0 0 0 0 0 0 0</row>
            <row>0 0 0 0 0 0 0 0 0 0 0 0 0 0 0 0 0 0 0 0 0 0 0 0 0 0 0 0 0 0 0 0 0 0 0 0 0 0 0 0 0 0 0 0 0 0 0 0 0 0 0 0 0 0 0 0 0 0 0 0 0 0 0 0</row>
            <row>0 0 0 0 0 0 0 0 0 0 0 0 0 0 0 0 0 0 0 0 0 0 0 0 0 0 0 0 0 0 0 0 0 0 0 0 0 0 0 0 0 0 0 0 0 0 0 0 0 0 0 0 0 0 0 0 0 0 0 0 0 0 0 0</row>
            <row>0 0 0 0 0 0 0 0 0 0 0 0 0 0 0 0 0 0 0 0 0 0 0 0 0 0 0 0 0 0 0 0 0 0 0 0 0 0 0 0 0 0 0 0 0 0 0 0 0 0 0 0 0 0 0 0 0 0 0 0 0 0 0 0</row>
            <row>0 0 0 0 0 0 0 0 0 0 0 0 0 0 0 0 0 0 0 0 0 0 0 0 0 0 0 0 0 0 0 0 0 0 0 0 0 0 0 0 0 0 0 0 0 0 0 0 0 0 0 0 0 0 0 0 0 0 0 0 0 0 0 0</row>
            <row>0 0 0 0 0 0 0 0 0 0 0 0 0 0 0 0 0 0 0 0 0 0 0 0 0 0 0 0 0 0 0 0 0 0 0 0 0 0 0 0 0 0 0 0 0 0 0 0 0 0 0 0 0 0 0 0 0 0 0 0 0 0 0 0</row>
            <row>0 0 0 0 0 0 0 0 0 0 0 0 0 0 0 0 0 0 0 0 0 0 0 0 0 0 0 0 0 0 0 0 0 0 0 0 0 0 0 0 0 0 0 0 0 0 0 0 0 0 0 0 0 0 0 0 0 0 0 0 0 0 0 0</row>
            <row>0 0 0 0 0 0 0 0 0 0 0 0 0 0 0 0 0 0 0 0 0 0 0 0 0 0 0 0 0 0 0 0 0 0 0 0 0 0 0 0 0 0 0 0 0 0 0 0 0 0 0 0 0 0 0 0 0 0 0 0 0 0 0 0</row>
            <row>0 0 0 0 0 0 0 0 0 0 0 0 0 0 0 0 0 0 0 0 0 0 0 0 0 0 0 0 0 0 0 0 0 0 0 0 0 0 0 0 0 0 0 0 0 0 0 0 0 0 0 0 0 0 0 0 0 0 0 0 0 0 0 0</row>
            <row>0 0 0 0 0 0 0 0 0 0 0 0 0 0 0 0 0 0 0 0 0 0 0 0 0 0 0 0 0 0 0 0 0 0 0 0 0 0 0 0 0 0 0 0 0 0 0 0 0 0 0 0 0 0 0 0 0 0 0 0 0 0 0 0</row>
            <row>0 0 0 0 0 0 0 0 0 0 0 0 0 0 0 0 0 0 0 0 0 0 0 0 0 0 0 0 0 0 0 0 0 0 0 0 0 0 0 0 0 0 0 0 0 0 0 0 0 0 0 0 0 0 0 0 0 0 0 0 0 0 0 0</row>
            <row>0 0 0 0 0 0 0 0 0 0 0 0 0 0 0 0 0 0 0 0 0 0 0 0 0 0 0 0 0 0 0 0 0 0 0 0 0 0 0 0 0 0 0 0 0 0 0 0 0 0 0 0 0 0 0 0 0 0 0 0 0 0 0 0</row>
            <row>0 0 0 0 0 0 0 0 0 0 0 0 0 0 0 0 0 0 0 0 0 0 0 0 0 0 0 0 0 0 0 0 0 0 0 0 0 0 0 0 0 0 0 0 0 0 0 0 0 0 0 0 0 0 0 0 0 0 0 0 0 0 0 0</row>
            <row>0 0 0 0 0 0 0 0 0 0 0 0 0 0 0 0 0 0 0 0 0 0 0 0 0 0 0 0 0 0 0 0 0 0 0 0 0 0 0 0 0 0 0 0 0 0 0 0 0 0 0 0 0 0 0 0 0 0 0 0 0 0 0 0</row>
        </grid>
    </map>
    <algorithm>
        <allowanyangle>true</allowanyangle>
        <metrictype>euclid</metrictype>
        <breakingties>g-max</breakingties>
        <weight>1</weight>
    </algorithm>
    <options>
        <loglevel>1</loglevel>
        <logpath />
        <logfilename />
    </options>
</root>
