<?xml version="1.0" ?>
<root>
    <map>
        <width>64</width>
        <height>64</height>
        <agents>100</agents>
        <startx number="0">21</startx>
        <starty number="0">6</starty>
        <finishx number="0">58</finishx>
        <finishy number="0">23</finishy>
        <startx number="1">36</startx>
        <starty number="1">37</starty>
        <finishx number="1">22</finishx>
        <finishy number="1">40</finishy>
        <startx number="2">13</startx>
        <starty number="2">1</starty>
        <finishx number="2">2</finishx>
        <finishy number="2">56</finishy>
        <startx number="3">47</startx>
        <starty number="3">12</starty>
        <finishx number="3">31</finishx>
        <finishy number="3">17</finishy>
        <startx number="4">52</startx>
        <starty number="4">21</starty>
        <finishx number="4">32</finishx>
        <finishy number="4">49</finishy>
        <startx number="5">63</startx>
        <starty number="5">25</starty>
        <finishx number="5">3</finishx>
        <finishy number="5">51</finishy>
        <startx number="6">25</startx>
        <starty number="6">5</starty>
        <finishx number="6">39</finishx>
        <finishy number="6">51</finishy>
        <startx number="7">16</startx>
        <starty number="7">9</starty>
        <finishx number="7">5</finishx>
        <finishy number="7">43</finishy>
        <startx number="8">58</startx>
        <starty number="8">15</starty>
        <finishx number="8">27</finishx>
        <finishy number="8">60</finishy>
        <startx number="9">53</startx>
        <starty number="9">8</starty>
        <finishx number="9">17</finishx>
        <finishy number="9">49</finishy>
        <startx number="10">63</startx>
        <starty number="10">20</starty>
        <finishx number="10">38</finishx>
        <finishy number="10">5</finishy>
        <startx number="11">12</startx>
        <starty number="11">28</starty>
        <finishx number="11">3</finishx>
        <finishy number="11">24</finishy>
        <startx number="12">40</startx>
        <starty number="12">39</starty>
        <finishx number="12">62</finishx>
        <finishy number="12">58</finishy>
        <startx number="13">26</startx>
        <starty number="13">0</starty>
        <finishx number="13">63</finishx>
        <finishy number="13">33</finishy>
        <startx number="14">38</startx>
        <starty number="14">45</starty>
        <finishx number="14">45</finishx>
        <finishy number="14">17</finishy>
        <startx number="15">27</startx>
        <starty number="15">50</starty>
        <finishx number="15">10</finishx>
        <finishy number="15">10</finishy>
        <startx number="16">43</startx>
        <starty number="16">25</starty>
        <finishx number="16">56</finishx>
        <finishy number="16">55</finishy>
        <startx number="17">23</startx>
        <starty number="17">53</starty>
        <finishx number="17">8</finishx>
        <finishy number="17">37</finishy>
        <startx number="18">0</startx>
        <starty number="18">17</starty>
        <finishx number="18">45</finishx>
        <finishy number="18">28</finishy>
        <startx number="19">18</startx>
        <starty number="19">14</starty>
        <finishx number="19">42</finishx>
        <finishy number="19">5</finishy>
        <startx number="20">10</startx>
        <starty number="20">21</starty>
        <finishx number="20">42</finishx>
        <finishy number="20">7</finishy>
        <startx number="21">28</startx>
        <starty number="21">26</starty>
        <finishx number="21">57</finishx>
        <finishy number="21">20</finishy>
        <startx number="22">5</startx>
        <starty number="22">51</starty>
        <finishx number="22">49</finishx>
        <finishy number="22">46</finishy>
        <startx number="23">23</startx>
        <starty number="23">13</starty>
        <finishx number="23">17</finishx>
        <finishy number="23">46</finishy>
        <startx number="24">50</startx>
        <starty number="24">8</starty>
        <finishx number="24">41</finishx>
        <finishy number="24">34</finishy>
        <startx number="25">8</startx>
        <starty number="25">21</starty>
        <finishx number="25">61</finishx>
        <finishy number="25">45</finishy>
        <startx number="26">2</startx>
        <starty number="26">0</starty>
        <finishx number="26">58</finishx>
        <finishy number="26">42</finishy>
        <startx number="27">34</startx>
        <starty number="27">46</starty>
        <finishx number="27">49</finishx>
        <finishy number="27">30</finishy>
        <startx number="28">63</startx>
        <starty number="28">44</starty>
        <finishx number="28">41</finishx>
        <finishy number="28">29</finishy>
        <startx number="29">50</startx>
        <starty number="29">3</starty>
        <finishx number="29">0</finishx>
        <finishy number="29">14</finishy>
        <startx number="30">2</startx>
        <starty number="30">38</starty>
        <finishx number="30">0</finishx>
        <finishy number="30">54</finishy>
        <startx number="31">49</startx>
        <starty number="31">24</starty>
        <finishx number="31">24</finishx>
        <finishy number="31">26</finishy>
        <startx number="32">27</startx>
        <starty number="32">2</starty>
        <finishx number="32">45</finishx>
        <finishy number="32">36</finishy>
        <startx number="33">3</startx>
        <starty number="33">11</starty>
        <finishx number="33">61</finishx>
        <finishy number="33">49</finishy>
        <startx number="34">59</startx>
        <starty number="34">1</starty>
        <finishx number="34">30</finishx>
        <finishy number="34">57</finishy>
        <startx number="35">45</startx>
        <starty number="35">15</starty>
        <finishx number="35">29</finishx>
        <finishy number="35">63</finishy>
        <startx number="36">53</startx>
        <starty number="36">40</starty>
        <finishx number="36">46</finishx>
        <finishy number="36">23</finishy>
        <startx number="37">29</startx>
        <starty number="37">4</starty>
        <finishx number="37">41</finishx>
        <finishy number="37">26</finishy>
        <startx number="38">27</startx>
        <starty number="38">37</starty>
        <finishx number="38">2</finishx>
        <finishy number="38">32</finishy>
        <startx number="39">41</startx>
        <starty number="39">21</starty>
        <finishx number="39">10</finishx>
        <finishy number="39">50</finishy>
        <startx number="40">55</startx>
        <starty number="40">16</starty>
        <finishx number="40">36</finishx>
        <finishy number="40">59</finishy>
        <startx number="41">47</startx>
        <starty number="41">52</starty>
        <finishx number="41">26</finishx>
        <finishy number="41">58</finishy>
        <startx number="42">31</startx>
        <starty number="42">14</starty>
        <finishx number="42">42</finishx>
        <finishy number="42">39</finishy>
        <startx number="43">28</startx>
        <starty number="43">34</starty>
        <finishx number="43">16</finishx>
        <finishy number="43">17</finishy>
        <startx number="44">51</startx>
        <starty number="44">38</starty>
        <finishx number="44">17</finishx>
        <finishy number="44">43</finishy>
        <startx number="45">39</startx>
        <starty number="45">48</starty>
        <finishx number="45">22</finishx>
        <finishy number="45">34</finishy>
        <startx number="46">60</startx>
        <starty number="46">20</starty>
        <finishx number="46">54</finishx>
        <finishy number="46">29</finishy>
        <startx number="47">48</startx>
        <starty number="47">22</starty>
        <finishx number="47">34</finishx>
        <finishy number="47">43</finishy>
        <startx number="48">46</startx>
        <starty number="48">7</starty>
        <finishx number="48">58</finishx>
        <finishy number="48">10</finishy>
        <startx number="49">21</startx>
        <starty number="49">26</starty>
        <finishx number="49">28</finishx>
        <finishy number="49">15</finishy>
        <startx number="50">37</startx>
        <starty number="50">22</starty>
        <finishx number="50">26</finishx>
        <finishy number="50">10</finishy>
        <startx number="51">31</startx>
        <starty number="51">54</starty>
        <finishx number="51">28</finishx>
        <finishy number="51">44</finishy>
        <startx number="52">35</startx>
        <starty number="52">27</starty>
        <finishx number="52">6</finishx>
        <finishy number="52">40</finishy>
        <startx number="53">17</startx>
        <starty number="53">22</starty>
        <finishx number="53">61</finishx>
        <finishy number="53">34</finishy>
        <startx number="54">54</startx>
        <starty number="54">18</starty>
        <finishx number="54">34</finishx>
        <finishy number="54">3</finishy>
        <startx number="55">41</startx>
        <starty number="55">63</starty>
        <finishx number="55">0</finishx>
        <finishy number="55">41</finishy>
        <startx number="56">18</startx>
        <starty number="56">3</starty>
        <finishx number="56">34</finishx>
        <finishy number="56">11</finishy>
        <startx number="57">27</startx>
        <starty number="57">17</starty>
        <finishx number="57">47</finishx>
        <finishy number="57">28</finishy>
        <startx number="58">58</startx>
        <starty number="58">45</starty>
        <finishx number="58">4</finishx>
        <finishy number="58">6</finishy>
        <startx number="59">39</startx>
        <starty number="59">21</starty>
        <finishx number="59">31</finishx>
        <finishy number="59">60</finishy>
        <startx number="60">46</startx>
        <starty number="60">25</starty>
        <finishx number="60">41</finishx>
        <finishy number="60">31</finishy>
        <startx number="61">5</startx>
        <starty number="61">48</starty>
        <finishx number="61">59</finishx>
        <finishy number="61">63</finishy>
        <startx number="62">4</startx>
        <starty number="62">32</starty>
        <finishx number="62">21</finishx>
        <finishy number="62">43</finishy>
        <startx number="63">40</startx>
        <starty number="63">61</starty>
        <finishx number="63">9</finishx>
        <finishy number="63">39</finishy>
        <startx number="64">24</startx>
        <starty number="64">56</starty>
        <finishx number="64">57</finishx>
        <finishy number="64">34</finishy>
        <startx number="65">15</startx>
        <starty number="65">49</starty>
        <finishx number="65">9</finishx>
        <finishy number="65">18</finishy>
        <startx number="66">55</startx>
        <starty number="66">8</starty>
        <finishx number="66">15</finishx>
        <finishy number="66">36</finishy>
        <startx number="67">20</startx>
        <starty number="67">24</starty>
        <finishx number="67">31</finishx>
        <finishy number="67">6</finishy>
        <startx number="68">7</startx>
        <starty number="68">13</starty>
        <finishx number="68">38</finishx>
        <finishy number="68">2</finishy>
        <startx number="69">30</startx>
        <starty number="69">1</starty>
        <finishx number="69">38</finishx>
        <finishy number="69">56</finishy>
        <startx number="70">30</startx>
        <starty number="70">38</starty>
        <finishx number="70">54</finishx>
        <finishy number="70">43</finishy>
        <startx number="71">62</startx>
        <starty number="71">12</starty>
        <finishx number="71">28</finishx>
        <finishy number="71">57</finishy>
        <startx number="72">7</startx>
        <starty number="72">24</starty>
        <finishx number="72">51</finishx>
        <finishy number="72">27</finishy>
        <startx number="73">6</startx>
        <starty number="73">19</starty>
        <finishx number="73">4</finishx>
        <finishy number="73">3</finishy>
        <startx number="74">8</startx>
        <starty number="74">61</starty>
        <finishx number="74">45</finishx>
        <finishy number="74">9</finishy>
        <startx number="75">4</startx>
        <starty number="75">27</starty>
        <finishx number="75">49</finishx>
        <finishy number="75">54</finishy>
        <startx number="76">6</startx>
        <starty number="76">56</starty>
        <finishx number="76">12</finishx>
        <finishy number="76">15</finishy>
        <startx number="77">18</startx>
        <starty number="77">54</starty>
        <finishx number="77">32</finishx>
        <finishy number="77">41</finishy>
        <startx number="78">17</startx>
        <starty number="78">41</starty>
        <finishx number="78">27</finishx>
        <finishy number="78">13</finishy>
        <startx number="79">40</startx>
        <starty number="79">19</starty>
        <finishx number="79">27</finishx>
        <finishy number="79">7</finishy>
        <startx number="80">9</startx>
        <starty number="80">26</starty>
        <finishx number="80">24</finishx>
        <finishy number="80">32</finishy>
        <startx number="81">33</startx>
        <starty number="81">30</starty>
        <finishx number="81">15</finishx>
        <finishy number="81">60</finishy>
        <startx number="82">37</startx>
        <starty number="82">61</starty>
        <finishx number="82">28</finishx>
        <finishy number="82">55</finishy>
        <startx number="83">46</startx>
        <starty number="83">47</starty>
        <finishx number="83">48</finishx>
        <finishy number="83">20</finishy>
        <startx number="84">58</startx>
        <starty number="84">18</starty>
        <finishx number="84">13</finishx>
        <finishy number="84">57</finishy>
        <startx number="85">31</startx>
        <starty number="85">12</starty>
        <finishx number="85">48</finishx>
        <finishy number="85">44</finishy>
        <startx number="86">62</startx>
        <starty number="86">15</starty>
        <finishx number="86">4</finishx>
        <finishy number="86">56</finishy>
        <startx number="87">31</startx>
        <starty number="87">46</starty>
        <finishx number="87">2</finishx>
        <finishy number="87">27</finishy>
        <startx number="88">56</startx>
        <starty number="88">39</starty>
        <finishx number="88">42</finishx>
        <finishy number="88">55</finishy>
        <startx number="89">11</startx>
        <starty number="89">18</starty>
        <finishx number="89">47</finishx>
        <finishy number="89">57</finishy>
        <startx number="90">15</startx>
        <starty number="90">1</starty>
        <finishx number="90">49</finishx>
        <finishy number="90">33</finishy>
        <startx number="91">12</startx>
        <starty number="91">4</starty>
        <finishx number="91">59</finishx>
        <finishy number="91">53</finishy>
        <startx number="92">8</startx>
        <starty number="92">58</starty>
        <finishx number="92">62</finishx>
        <finishy number="92">7</finishy>
        <startx number="93">41</startx>
        <starty number="93">10</starty>
        <finishx number="93">8</finishx>
        <finishy number="93">16</finishy>
        <startx number="94">61</startx>
        <starty number="94">25</starty>
        <finishx number="94">24</finishx>
        <finishy number="94">42</finishy>
        <startx number="95">19</startx>
        <starty number="95">33</starty>
        <finishx number="95">62</finishx>
        <finishy number="95">28</finishy>
        <startx number="96">12</startx>
        <starty number="96">33</starty>
        <finishx number="96">38</finishx>
        <finishy number="96">37</finishy>
        <startx number="97">63</startx>
        <starty number="97">4</starty>
        <finishx number="97">50</finishx>
        <finishy number="97">0</finishy>
        <startx number="98">5</startx>
        <starty number="98">13</starty>
        <finishx number="98">46</finishx>
        <finishy number="98">1</finishy>
        <startx number="99">10</startx>
        <starty number="99">15</starty>
        <finishx number="99">12</finishx>
        <finishy number="99">26</finishy>
        <grid>
            <row>0 0 0 0 0 0 0 0 0 0 0 0 0 0 0 0 0 0 0 0 0 0 0 0 0 0 0 0 0 0 0 0 0 0 0 0 0 0 0 0 0 0 0 0 0 0 0 0 0 0 0 0 0 0 0 0 0 0 0 0 0 0 0 0</row>
            <row>0 0 0 0 0 0 0 0 0 0 0 0 0 0 0 0 0 0 0 0 0 0 0 0 0 0 0 0 0 0 0 0 0 0 0 0 0 0 0 0 0 0 0 0 0 0 0 0 0 0 0 0 0 0 0 0 0 0 0 0 0 0 0 0</row>
            <row>0 0 0 0 0 0 0 0 0 0 0 0 0 0 0 0 0 0 0 0 0 0 0 0 0 0 0 0 0 0 0 0 0 0 0 0 0 0 0 0 0 0 0 0 0 0 0 0 0 0 0 0 0 0 0 0 0 0 0 0 0 0 0 0</row>
            <row>0 0 0 0 0 0 0 0 0 0 0 0 0 0 0 0 0 0 0 0 0 0 0 0 0 0 0 0 0 0 0 0 0 0 0 0 0 0 0 0 0 0 0 0 0 0 0 0 0 0 0 0 0 0 0 0 0 0 0 0 0 0 0 0</row>
            <row>0 0 0 0 0 0 0 0 0 0 0 0 0 0 0 0 0 0 0 0 0 0 0 0 0 0 0 0 0 0 0 0 0 0 0 0 0 0 0 0 0 0 0 0 0 0 0 0 0 0 0 0 0 0 0 0 0 0 0 0 0 0 0 0</row>
            <row>0 0 0 0 0 0 0 0 0 0 0 0 0 0 0 0 0 0 0 0 0 0 0 0 0 0 0 0 0 0 0 0 0 0 0 0 0 0 0 0 0 0 0 0 0 0 0 0 0 0 0 0 0 0 0 0 0 0 0 0 0 0 0 0</row>
            <row>0 0 0 0 0 0 0 0 0 0 0 0 0 0 0 0 0 0 0 0 0 0 0 0 0 0 0 0 0 0 0 0 0 0 0 0 0 0 0 0 0 0 0 0 0 0 0 0 0 0 0 0 0 0 0 0 0 0 0 0 0 0 0 0</row>
            <row>0 0 0 0 0 0 0 0 0 0 0 0 0 0 0 0 0 0 0 0 0 0 0 0 0 0 0 0 0 0 0 0 0 0 0 0 0 0 0 0 0 0 0 0 0 0 0 0 0 0 0 0 0 0 0 0 0 0 0 0 0 0 0 0</row>
            <row>0 0 0 0 0 0 0 0 0 0 0 0 0 0 0 0 0 0 0 0 0 0 0 0 0 0 0 0 0 0 0 0 0 0 0 0 0 0 0 0 0 0 0 0 0 0 0 0 0 0 0 0 0 0 0 0 0 0 0 0 0 0 0 0</row>
            <row>0 0 0 0 0 0 0 0 0 0 0 0 0 0 0 0 0 0 0 0 0 0 0 0 0 0 0 0 0 0 0 0 0 0 0 0 0 0 0 0 0 0 0 0 0 0 0 0 0 0 0 0 0 0 0 0 0 0 0 0 0 0 0 0</row>
            <row>0 0 0 0 0 0 0 0 0 0 0 0 0 0 0 0 0 0 0 0 0 0 0 0 0 0 0 0 0 0 0 0 0 0 0 0 0 0 0 0 0 0 0 0 0 0 0 0 0 0 0 0 0 0 0 0 0 0 0 0 0 0 0 0</row>
            <row>0 0 0 0 0 0 0 0 0 0 0 0 0 0 0 0 0 0 0 0 0 0 0 0 0 0 0 0 0 0 0 0 0 0 0 0 0 0 0 0 0 0 0 0 0 0 0 0 0 0 0 0 0 0 0 0 0 0 0 0 0 0 0 0</row>
            <row>0 0 0 0 0 0 0 0 0 0 0 0 0 0 0 0 0 0 0 0 0 0 0 0 0 0 0 0 0 0 0 0 0 0 0 0 0 0 0 0 0 0 0 0 0 0 0 0 0 0 0 0 0 0 0 0 0 0 0 0 0 0 0 0</row>
            <row>0 0 0 0 0 0 0 0 0 0 0 0 0 0 0 0 0 0 0 0 0 0 0 0 0 0 0 0 0 0 0 0 0 0 0 0 0 0 0 0 0 0 0 0 0 0 0 0 0 0 0 0 0 0 0 0 0 0 0 0 0 0 0 0</row>
            <row>0 0 0 0 0 0 0 0 0 0 0 0 0 0 0 0 0 0 0 0 0 0 0 0 0 0 0 0 0 0 0 0 0 0 0 0 0 0 0 0 0 0 0 0 0 0 0 0 0 0 0 0 0 0 0 0 0 0 0 0 0 0 0 0</row>
            <row>0 0 0 0 0 0 0 0 0 0 0 0 0 0 0 0 0 0 0 0 0 0 0 0 0 0 0 0 0 0 0 0 0 0 0 0 0 0 0 0 0 0 0 0 0 0 0 0 0 0 0 0 0 0 0 0 0 0 0 0 0 0 0 0</row>
            <row>0 0 0 0 0 0 0 0 0 0 0 0 0 0 0 0 0 0 0 0 0 0 0 0 0 0 0 0 0 0 0 0 0 0 0 0 0 0 0 0 0 0 0 0 0 0 0 0 0 0 0 0 0 0 0 0 0 0 0 0 0 0 0 0</row>
            <row>0 0 0 0 0 0 0 0 0 0 0 0 0 0 0 0 0 0 0 0 0 0 0 0 0 0 0 0 0 0 0 0 0 0 0 0 0 0 0 0 0 0 0 0 0 0 0 0 0 0 0 0 0 0 0 0 0 0 0 0 0 0 0 0</row>
            <row>0 0 0 0 0 0 0 0 0 0 0 0 0 0 0 0 0 0 0 0 0 0 0 0 0 0 0 0 0 0 0 0 0 0 0 0 0 0 0 0 0 0 0 0 0 0 0 0 0 0 0 0 0 0 0 0 0 0 0 0 0 0 0 0</row>
            <row>0 0 0 0 0 0 0 0 0 0 0 0 0 0 0 0 0 0 0 0 0 0 0 0 0 0 0 0 0 0 0 0 0 0 0 0 0 0 0 0 0 0 0 0 0 0 0 0 0 0 0 0 0 0 0 0 0 0 0 0 0 0 0 0</row>
            <row>0 0 0 0 0 0 0 0 0 0 0 0 0 0 0 0 0 0 0 0 0 0 0 0 0 0 0 0 0 0 0 0 0 0 0 0 0 0 0 0 0 0 0 0 0 0 0 0 0 0 0 0 0 0 0 0 0 0 0 0 0 0 0 0</row>
            <row>0 0 0 0 0 0 0 0 0 0 0 0 0 0 0 0 0 0 0 0 0 0 0 0 0 0 0 0 0 0 0 0 0 0 0 0 0 0 0 0 0 0 0 0 0 0 0 0 0 0 0 0 0 0 0 0 0 0 0 0 0 0 0 0</row>
            <row>0 0 0 0 0 0 0 0 0 0 0 0 0 0 0 0 0 0 0 0 0 0 0 0 0 0 0 0 0 0 0 0 0 0 0 0 0 0 0 0 0 0 0 0 0 0 0 0 0 0 0 0 0 0 0 0 0 0 0 0 0 0 0 0</row>
            <row>0 0 0 0 0 0 0 0 0 0 0 0 0 0 0 0 0 0 0 0 0 0 0 0 0 0 0 0 0 0 0 0 0 0 0 0 0 0 0 0 0 0 0 0 0 0 0 0 0 0 0 0 0 0 0 0 0 0 0 0 0 0 0 0</row>
            <row>0 0 0 0 0 0 0 0 0 0 0 0 0 0 0 0 0 0 0 0 0 0 0 0 0 0 0 0 0 0 0 0 0 0 0 0 0 0 0 0 0 0 0 0 0 0 0 0 0 0 0 0 0 0 0 0 0 0 0 0 0 0 0 0</row>
            <row>0 0 0 0 0 0 0 0 0 0 0 0 0 0 0 0 0 0 0 0 0 0 0 0 0 0 0 0 0 0 0 0 0 0 0 0 0 0 0 0 0 0 0 0 0 0 0 0 0 0 0 0 0 0 0 0 0 0 0 0 0 0 0 0</row>
            <row>0 0 0 0 0 0 0 0 0 0 0 0 0 0 0 0 0 0 0 0 0 0 0 0 0 0 0 0 0 0 0 0 0 0 0 0 0 0 0 0 0 0 0 0 0 0 0 0 0 0 0 0 0 0 0 0 0 0 0 0 0 0 0 0</row>
            <row>0 0 0 0 0 0 0 0 0 0 0 0 0 0 0 0 0 0 0 0 0 0 0 0 0 0 0 0 0 0 0 0 0 0 0 0 0 0 0 0 0 0 0 0 0 0 0 0 0 0 0 0 0 0 0 0 0 0 0 0 0 0 0 0</row>
            <row>0 0 0 0 0 0 0 0 0 0 0 0 0 0 0 0 0 0 0 0 0 0 0 0 0 0 0 0 0 0 0 0 0 0 0 0 0 0 0 0 0 0 0 0 0 0 0 0 0 0 0 0 0 0 0 0 0 0 0 0 0 0 0 0</row>
            <row>0 0 0 0 0 0 0 0 0 0 0 0 0 0 0 0 0 0 0 0 0 0 0 0 0 0 0 0 0 0 0 0 0 0 0 0 0 0 0 0 0 0 0 0 0 0 0 0 0 0 0 0 0 0 0 0 0 0 0 0 0 0 0 0</row>
            <row>0 0 0 0 0 0 0 0 0 0 0 0 0 0 0 0 0 0 0 0 0 0 0 0 0 0 0 0 0 0 0 0 0 0 0 0 0 0 0 0 0 0 0 0 0 0 0 0 0 0 0 0 0 0 0 0 0 0 0 0 0 0 0 0</row>
            <row>0 0 0 0 0 0 0 0 0 0 0 0 0 0 0 0 0 0 0 0 0 0 0 0 0 0 0 0 0 0 0 0 0 0 0 0 0 0 0 0 0 0 0 0 0 0 0 0 0 0 0 0 0 0 0 0 0 0 0 0 0 0 0 0</row>
            <row>0 0 0 0 0 0 0 0 0 0 0 0 0 0 0 0 0 0 0 0 0 0 0 0 0 0 0 0 0 0 0 0 0 0 0 0 0 0 0 0 0 0 0 0 0 0 0 0 0 0 0 0 0 0 0 0 0 0 0 0 0 0 0 0</row>
            <row>0 0 0 0 0 0 0 0 0 0 0 0 0 0 0 0 0 0 0 0 0 0 0 0 0 0 0 0 0 0 0 0 0 0 0 0 0 0 0 0 0 0 0 0 0 0 0 0 0 0 0 0 0 0 0 0 0 0 0 0 0 0 0 0</row>
            <row>0 0 0 0 0 0 0 0 0 0 0 0 0 0 0 0 0 0 0 0 0 0 0 0 0 0 0 0 0 0 0 0 0 0 0 0 0 0 0 0 0 0 0 0 0 0 0 0 0 0 0 0 0 0 0 0 0 0 0 0 0 0 0 0</row>
            <row>0 0 0 0 0 0 0 0 0 0 0 0 0 0 0 0 0 0 0 0 0 0 0 0 0 0 0 0 0 0 0 0 0 0 0 0 0 0 0 0 0 0 0 0 0 0 0 0 0 0 0 0 0 0 0 0 0 0 0 0 0 0 0 0</row>
            <row>0 0 0 0 0 0 0 0 0 0 0 0 0 0 0 0 0 0 0 0 0 0 0 0 0 0 0 0 0 0 0 0 0 0 0 0 0 0 0 0 0 0 0 0 0 0 0 0 0 0 0 0 0 0 0 0 0 0 0 0 0 0 0 0</row>
            <row>0 0 0 0 0 0 0 0 0 0 0 0 0 0 0 0 0 0 0 0 0 0 0 0 0 0 0 0 0 0 0 0 0 0 0 0 0 0 0 0 0 0 0 0 0 0 0 0 0 0 0 0 0 0 0 0 0 0 0 0 0 0 0 0</row>
            <row>0 0 0 0 0 0 0 0 0 0 0 0 0 0 0 0 0 0 0 0 0 0 0 0 0 0 0 0 0 0 0 0 0 0 0 0 0 0 0 0 0 0 0 0 0 0 0 0 0 0 0 0 0 0 0 0 0 0 0 0 0 0 0 0</row>
            <row>0 0 0 0 0 0 0 0 0 0 0 0 0 0 0 0 0 0 0 0 0 0 0 0 0 0 0 0 0 0 0 0 0 0 0 0 0 0 0 0 0 0 0 0 0 0 0 0 0 0 0 0 0 0 0 0 0 0 0 0 0 0 0 0</row>
            <row>0 0 0 0 0 0 0 0 0 0 0 0 0 0 0 0 0 0 0 0 0 0 0 0 0 0 0 0 0 0 0 0 0 0 0 0 0 0 0 0 0 0 0 0 0 0 0 0 0 0 0 0 0 0 0 0 0 0 0 0 0 0 0 0</row>
            <row>0 0 0 0 0 0 0 0 0 0 0 0 0 0 0 0 0 0 0 0 0 0 0 0 0 0 0 0 0 0 0 0 0 0 0 0 0 0 0 0 0 0 0 0 0 0 0 0 0 0 0 0 0 0 0 0 0 0 0 0 0 0 0 0</row>
            <row>0 0 0 0 0 0 0 0 0 0 0 0 0 0 0 0 0 0 0 0 0 0 0 0 0 0 0 0 0 0 0 0 0 0 0 0 0 0 0 0 0 0 0 0 0 0 0 0 0 0 0 0 0 0 0 0 0 0 0 0 0 0 0 0</row>
            <row>0 0 0 0 0 0 0 0 0 0 0 0 0 0 0 0 0 0 0 0 0 0 0 0 0 0 0 0 0 0 0 0 0 0 0 0 0 0 0 0 0 0 0 0 0 0 0 0 0 0 0 0 0 0 0 0 0 0 0 0 0 0 0 0</row>
            <row>0 0 0 0 0 0 0 0 0 0 0 0 0 0 0 0 0 0 0 0 0 0 0 0 0 0 0 0 0 0 0 0 0 0 0 0 0 0 0 0 0 0 0 0 0 0 0 0 0 0 0 0 0 0 0 0 0 0 0 0 0 0 0 0</row>
            <row>0 0 0 0 0 0 0 0 0 0 0 0 0 0 0 0 0 0 0 0 0 0 0 0 0 0 0 0 0 0 0 0 0 0 0 0 0 0 0 0 0 0 0 0 0 0 0 0 0 0 0 0 0 0 0 0 0 0 0 0 0 0 0 0</row>
            <row>0 0 0 0 0 0 0 0 0 0 0 0 0 0 0 0 0 0 0 0 0 0 0 0 0 0 0 0 0 0 0 0 0 0 0 0 0 0 0 0 0 0 0 0 0 0 0 0 0 0 0 0 0 0 0 0 0 0 0 0 0 0 0 0</row>
            <row>0 0 0 0 0 0 0 0 0 0 0 0 0 0 0 0 0 0 0 0 0 0 0 0 0 0 0 0 0 0 0 0 0 0 0 0 0 0 0 0 0 0 0 0 0 0 0 0 0 0 0 0 0 0 0 0 0 0 0 0 0 0 0 0</row>
            <row>0 0 0 0 0 0 0 0 0 0 0 0 0 0 0 0 0 0 0 0 0 0 0 0 0 0 0 0 0 0 0 0 0 0 0 0 0 0 0 0 0 0 0 0 0 0 0 0 0 0 0 0 0 0 0 0 0 0 0 0 0 0 0 0</row>
            <row>0 0 0 0 0 0 0 0 0 0 0 0 0 0 0 0 0 0 0 0 0 0 0 0 0 0 0 0 0 0 0 0 0 0 0 0 0 0 0 0 0 0 0 0 0 0 0 0 0 0 0 0 0 0 0 0 0 0 0 0 0 0 0 0</row>
            <row>0 0 0 0 0 0 0 0 0 0 0 0 0 0 0 0 0 0 0 0 0 0 0 0 0 0 0 0 0 0 0 0 0 0 0 0 0 0 0 0 0 0 0 0 0 0 0 0 0 0 0 0 0 0 0 0 0 0 0 0 0 0 0 0</row>
            <row>0 0 0 0 0 0 0 0 0 0 0 0 0 0 0 0 0 0 0 0 0 0 0 0 0 0 0 0 0 0 0 0 0 0 0 0 0 0 0 0 0 0 0 0 0 0 0 0 0 0 0 0 0 0 0 0 0 0 0 0 0 0 0 0</row>
            <row>0 0 0 0 0 0 0 0 0 0 0 0 0 0 0 0 0 0 0 0 0 0 0 0 0 0 0 0 0 0 0 0 0 0 0 0 0 0 0 0 0 0 0 0 0 0 0 0 0 0 0 0 0 0 0 0 0 0 0 0 0 0 0 0</row>
            <row>0 0 0 0 0 0 0 0 0 0 0 0 0 0 0 0 0 0 0 0 0 0 0 0 0 0 0 0 0 0 0 0 0 0 0 0 0 0 0 0 0 0 0 0 0 0 0 0 0 0 0 0 0 0 0 0 0 0 0 0 0 0 0 0</row>
            <row>0 0 0 0 0 0 0 0 0 0 0 0 0 0 0 0 0 0 0 0 0 0 0 0 0 0 0 0 0 0 0 0 0 0 0 0 0 0 0 0 0 0 0 0 0 0 0 0 0 0 0 0 0 0 0 0 0 0 0 0 0 0 0 0</row>
            <row>0 0 0 0 0 0 0 0 0 0 0 0 0 0 0 0 0 0 0 0 0 0 0 0 0 0 0 0 0 0 0 0 0 0 0 0 0 0 0 0 0 0 0 0 0 0 0 0 0 0 0 0 0 0 0 0 0 0 0 0 0 0 0 0</row>
            <row>0 0 0 0 0 0 0 0 0 0 0 0 0 0 0 0 0 0 0 0 0 0 0 0 0 0 0 0 0 0 0 0 0 0 0 0 0 0 0 0 0 0 0 0 0 0 0 0 0 0 0 0 0 0 0 0 0 0 0 0 0 0 0 0</row>
            <row>0 0 0 0 0 0 0 0 0 0 0 0 0 0 0 0 0 0 0 0 0 0 0 0 0 0 0 0 0 0 0 0 0 0 0 0 0 0 0 0 0 0 0 0 0 0 0 0 0 0 0 0 0 0 0 0 0 0 0 0 0 0 0 0</row>
            <row>0 0 0 0 0 0 0 0 0 0 0 0 0 0 0 0 0 0 0 0 0 0 0 0 0 0 0 0 0 0 0 0 0 0 0 0 0 0 0 0 0 0 0 0 0 0 0 0 0 0 0 0 0 0 0 0 0 0 0 0 0 0 0 0</row>
            <row>0 0 0 0 0 0 0 0 0 0 0 0 0 0 0 0 0 0 0 0 0 0 0 0 0 0 0 0 0 0 0 0 0 0 0 0 0 0 0 0 0 0 0 0 0 0 0 0 0 0 0 0 0 0 0 0 0 0 0 0 0 0 0 0</row>
            <row>0 0 0 0 0 0 0 0 0 0 0 0 0 0 0 0 0 0 0 0 0 0 0 0 0 0 0 0 0 0 0 0 0 0 0 0 0 0 0 0 0 0 0 0 0 0 0 0 0 0 0 0 0 0 0 0 0 0 0 0 0 0 0 0</row>
            <row>0 0 0 0 0 0 0 0 0 0 0 0 0 0 0 0 0 0 0 0 0 0 0 0 0 0 0 0 0 0 0 0 0 0 0 0 0 0 0 0 0 0 0 0 0 0 0 0 0 0 0 0 0 0 0 0 0 0 0 0 0 0 0 0</row>
            <row>0 0 0 0 0 0 0 0 0 0 0 0 0 0 0 0 0 0 0 0 0 0 0 0 0 0 0 0 0 0 0 0 0 0 0 0 0 0 0 0 0 0 0 0 0 0 0 0 0 0 0 0 0 0 0 0 0 0 0 0 0 0 0 0</row>
            <row>0 0 0 0 0 0 0 0 0 0 0 0 0 0 0 0 0 0 0 0 0 0 0 0 0 0 0 0 0 0 0 0 0 0 0 0 0 0 0 0 0 0 0 0 0 0 0 0 0 0 0 0 0 0 0 0 0 0 0 0 0 0 0 0</row>
        </grid>
    </map>
    <algorithm>
        <allowanyangle>true</allowanyangle>
        <metrictype>euclid</metrictype>
        <breakingties>g-max</breakingties>
        <weight>1</weight>
    </algorithm>
    <options>
        <loglevel>1</loglevel>
        <logpath />
        <logfilename />
    </options>
</root>
