<?xml version="1.0" ?>
<root>
    <map>
        <width>64</width>
        <height>64</height>
        <agents>250</agents>
        <startx number="0">60</startx>
        <starty number="0">4</starty>
        <finishx number="0">35</finishx>
        <finishy number="0">0</finishy>
        <startx number="1">61</startx>
        <starty number="1">23</starty>
        <finishx number="1">14</finishx>
        <finishy number="1">9</finishy>
        <startx number="2">24</startx>
        <starty number="2">23</starty>
        <finishx number="2">0</finishx>
        <finishy number="2">48</finishy>
        <startx number="3">12</startx>
        <starty number="3">10</starty>
        <finishx number="3">1</finishx>
        <finishy number="3">17</finishy>
        <startx number="4">4</startx>
        <starty number="4">40</starty>
        <finishx number="4">8</finishx>
        <finishy number="4">10</finishy>
        <startx number="5">59</startx>
        <starty number="5">23</starty>
        <finishx number="5">11</finishx>
        <finishy number="5">34</finishy>
        <startx number="6">57</startx>
        <starty number="6">26</starty>
        <finishx number="6">20</finishx>
        <finishy number="6">16</finishy>
        <startx number="7">62</startx>
        <starty number="7">31</starty>
        <finishx number="7">20</finishx>
        <finishy number="7">27</finishy>
        <startx number="8">39</startx>
        <starty number="8">34</starty>
        <finishx number="8">57</finishx>
        <finishy number="8">7</finishy>
        <startx number="9">54</startx>
        <starty number="9">13</starty>
        <finishx number="9">28</finishx>
        <finishy number="9">63</finishy>
        <startx number="10">46</startx>
        <starty number="10">1</starty>
        <finishx number="10">0</finishx>
        <finishy number="10">62</finishy>
        <startx number="11">46</startx>
        <starty number="11">49</starty>
        <finishx number="11">21</finishx>
        <finishy number="11">56</finishy>
        <startx number="12">0</startx>
        <starty number="12">30</starty>
        <finishx number="12">25</finishx>
        <finishy number="12">39</finishy>
        <startx number="13">2</startx>
        <starty number="13">27</starty>
        <finishx number="13">28</finishx>
        <finishy number="13">4</finishy>
        <startx number="14">33</startx>
        <starty number="14">54</starty>
        <finishx number="14">52</finishx>
        <finishy number="14">21</finishy>
        <startx number="15">6</startx>
        <starty number="15">8</starty>
        <finishx number="15">33</finishx>
        <finishy number="15">62</finishy>
        <startx number="16">53</startx>
        <starty number="16">56</starty>
        <finishx number="16">14</finishx>
        <finishy number="16">44</finishy>
        <startx number="17">5</startx>
        <starty number="17">61</starty>
        <finishx number="17">32</finishx>
        <finishy number="17">4</finishy>
        <startx number="18">52</startx>
        <starty number="18">46</starty>
        <finishx number="18">59</finishx>
        <finishy number="18">31</finishy>
        <startx number="19">20</startx>
        <starty number="19">59</starty>
        <finishx number="19">29</finishx>
        <finishy number="19">44</finishy>
        <startx number="20">55</startx>
        <starty number="20">23</starty>
        <finishx number="20">36</finishx>
        <finishy number="20">57</finishy>
        <startx number="21">1</startx>
        <starty number="21">1</starty>
        <finishx number="21">39</finishx>
        <finishy number="21">10</finishy>
        <startx number="22">2</startx>
        <starty number="22">24</starty>
        <finishx number="22">40</finishx>
        <finishy number="22">21</finishy>
        <startx number="23">56</startx>
        <starty number="23">61</starty>
        <finishx number="23">25</finishx>
        <finishy number="23">8</finishy>
        <startx number="24">19</startx>
        <starty number="24">32</starty>
        <finishx number="24">37</finishx>
        <finishy number="24">11</finishy>
        <startx number="25">51</startx>
        <starty number="25">25</starty>
        <finishx number="25">42</finishx>
        <finishy number="25">63</finishy>
        <startx number="26">50</startx>
        <starty number="26">35</starty>
        <finishx number="26">63</finishx>
        <finishy number="26">49</finishy>
        <startx number="27">61</startx>
        <starty number="27">41</starty>
        <finishx number="27">45</finishx>
        <finishy number="27">6</finishy>
        <startx number="28">47</startx>
        <starty number="28">44</starty>
        <finishx number="28">26</finishx>
        <finishy number="28">58</finishy>
        <startx number="29">10</startx>
        <starty number="29">31</starty>
        <finishx number="29">20</finishx>
        <finishy number="29">43</finishy>
        <startx number="30">16</startx>
        <starty number="30">46</starty>
        <finishx number="30">51</finishx>
        <finishy number="30">57</finishy>
        <startx number="31">25</startx>
        <starty number="31">2</starty>
        <finishx number="31">31</finishx>
        <finishy number="31">12</finishy>
        <startx number="32">47</startx>
        <starty number="32">57</starty>
        <finishx number="32">24</finishx>
        <finishy number="32">16</finishy>
        <startx number="33">52</startx>
        <starty number="33">0</starty>
        <finishx number="33">35</finishx>
        <finishy number="33">27</finishy>
        <startx number="34">59</startx>
        <starty number="34">15</starty>
        <finishx number="34">56</finishx>
        <finishy number="34">5</finishy>
        <startx number="35">24</startx>
        <starty number="35">42</starty>
        <finishx number="35">22</finishx>
        <finishy number="35">21</finishy>
        <startx number="36">58</startx>
        <starty number="36">53</starty>
        <finishx number="36">63</finishx>
        <finishy number="36">17</finishy>
        <startx number="37">23</startx>
        <starty number="37">51</starty>
        <finishx number="37">59</finishx>
        <finishy number="37">55</finishy>
        <startx number="38">39</startx>
        <starty number="38">40</starty>
        <finishx number="38">27</finishx>
        <finishy number="38">2</finishy>
        <startx number="39">60</startx>
        <starty number="39">7</starty>
        <finishx number="39">29</finishx>
        <finishy number="39">34</finishy>
        <startx number="40">3</startx>
        <starty number="40">30</starty>
        <finishx number="40">1</finishx>
        <finishy number="40">35</finishy>
        <startx number="41">7</startx>
        <starty number="41">32</starty>
        <finishx number="41">36</finishx>
        <finishy number="41">22</finishy>
        <startx number="42">32</startx>
        <starty number="42">1</starty>
        <finishx number="42">8</finishx>
        <finishy number="42">7</finishy>
        <startx number="43">26</startx>
        <starty number="43">21</starty>
        <finishx number="43">58</finishx>
        <finishy number="43">61</finishy>
        <startx number="44">7</startx>
        <starty number="44">2</starty>
        <finishx number="44">63</finishx>
        <finishy number="44">4</finishy>
        <startx number="45">35</startx>
        <starty number="45">19</starty>
        <finishx number="45">19</finishx>
        <finishy number="45">51</finishy>
        <startx number="46">8</startx>
        <starty number="46">0</starty>
        <finishx number="46">1</finishx>
        <finishy number="46">22</finishy>
        <startx number="47">44</startx>
        <starty number="47">52</starty>
        <finishx number="47">15</finishx>
        <finishy number="47">7</finishy>
        <startx number="48">6</startx>
        <starty number="48">43</starty>
        <finishx number="48">52</finishx>
        <finishy number="48">41</finishy>
        <startx number="49">5</startx>
        <starty number="49">22</starty>
        <finishx number="49">32</finishx>
        <finishy number="49">41</finishy>
        <startx number="50">12</startx>
        <starty number="50">52</starty>
        <finishx number="50">45</finishx>
        <finishy number="50">9</finishy>
        <startx number="51">52</startx>
        <starty number="51">48</starty>
        <finishx number="51">49</finishx>
        <finishy number="51">59</finishy>
        <startx number="52">49</startx>
        <starty number="52">11</starty>
        <finishx number="52">63</finishx>
        <finishy number="52">38</finishy>
        <startx number="53">63</startx>
        <starty number="53">60</starty>
        <finishx number="53">9</finishx>
        <finishy number="53">29</finishy>
        <startx number="54">9</startx>
        <starty number="54">42</starty>
        <finishx number="54">37</finishx>
        <finishy number="54">35</finishy>
        <startx number="55">42</startx>
        <starty number="55">29</starty>
        <finishx number="55">2</finishx>
        <finishy number="55">3</finishy>
        <startx number="56">63</startx>
        <starty number="56">22</starty>
        <finishx number="56">3</finishx>
        <finishy number="56">35</finishy>
        <startx number="57">41</startx>
        <starty number="57">58</starty>
        <finishx number="57">1</finishx>
        <finishy number="57">44</finishy>
        <startx number="58">47</startx>
        <starty number="58">4</starty>
        <finishx number="58">35</finishx>
        <finishy number="58">30</finishy>
        <startx number="59">24</startx>
        <starty number="59">59</starty>
        <finishx number="59">9</finishx>
        <finishy number="59">53</finishy>
        <startx number="60">34</startx>
        <starty number="60">59</starty>
        <finishx number="60">20</finishx>
        <finishy number="60">61</finishy>
        <startx number="61">53</startx>
        <starty number="61">58</starty>
        <finishx number="61">1</finishx>
        <finishy number="61">14</finishy>
        <startx number="62">31</startx>
        <starty number="62">22</starty>
        <finishx number="62">29</finishx>
        <finishy number="62">7</finishy>
        <startx number="63">54</startx>
        <starty number="63">61</starty>
        <finishx number="63">49</finishx>
        <finishy number="63">56</finishy>
        <startx number="64">43</startx>
        <starty number="64">58</starty>
        <finishx number="64">48</finishx>
        <finishy number="64">46</finishy>
        <startx number="65">20</startx>
        <starty number="65">21</starty>
        <finishx number="65">36</finishx>
        <finishy number="65">43</finishy>
        <startx number="66">60</startx>
        <starty number="66">25</starty>
        <finishx number="66">63</finishx>
        <finishy number="66">44</finishy>
        <startx number="67">46</startx>
        <starty number="67">17</starty>
        <finishx number="67">57</finishx>
        <finishy number="67">55</finishy>
        <startx number="68">47</startx>
        <starty number="68">6</starty>
        <finishx number="68">33</finishx>
        <finishy number="68">56</finishy>
        <startx number="69">14</startx>
        <starty number="69">46</starty>
        <finishx number="69">61</finishx>
        <finishy number="69">12</finishy>
        <startx number="70">20</startx>
        <starty number="70">5</starty>
        <finishx number="70">46</finishx>
        <finishy number="70">62</finishy>
        <startx number="71">56</startx>
        <starty number="71">48</starty>
        <finishx number="71">33</finishx>
        <finishy number="71">35</finishy>
        <startx number="72">63</startx>
        <starty number="72">57</starty>
        <finishx number="72">20</finishx>
        <finishy number="72">0</finishy>
        <startx number="73">8</startx>
        <starty number="73">39</starty>
        <finishx number="73">4</finishx>
        <finishy number="73">43</finishy>
        <startx number="74">59</startx>
        <starty number="74">17</starty>
        <finishx number="74">45</finishx>
        <finishy number="74">14</finishy>
        <startx number="75">52</startx>
        <starty number="75">62</starty>
        <finishx number="75">42</finishx>
        <finishy number="75">50</finishy>
        <startx number="76">40</startx>
        <starty number="76">4</starty>
        <finishx number="76">18</finishx>
        <finishy number="76">17</finishy>
        <startx number="77">34</startx>
        <starty number="77">9</starty>
        <finishx number="77">14</finishx>
        <finishy number="77">52</finishy>
        <startx number="78">22</startx>
        <starty number="78">0</starty>
        <finishx number="78">61</finishx>
        <finishy number="78">44</finishy>
        <startx number="79">37</startx>
        <starty number="79">0</starty>
        <finishx number="79">46</finishx>
        <finishy number="79">30</finishy>
        <startx number="80">33</startx>
        <starty number="80">51</starty>
        <finishx number="80">61</finishx>
        <finishy number="80">39</finishy>
        <startx number="81">32</startx>
        <starty number="81">25</starty>
        <finishx number="81">18</finishx>
        <finishy number="81">35</finishy>
        <startx number="82">24</startx>
        <starty number="82">53</starty>
        <finishx number="82">51</finishx>
        <finishy number="82">32</finishy>
        <startx number="83">40</startx>
        <starty number="83">37</starty>
        <finishx number="83">42</finishx>
        <finishy number="83">5</finishy>
        <startx number="84">33</startx>
        <starty number="84">14</starty>
        <finishx number="84">4</finishx>
        <finishy number="84">11</finishy>
        <startx number="85">56</startx>
        <starty number="85">13</starty>
        <finishx number="85">14</finishx>
        <finishy number="85">33</finishy>
        <startx number="86">31</startx>
        <starty number="86">17</starty>
        <finishx number="86">62</finishx>
        <finishy number="86">51</finishy>
        <startx number="87">21</startx>
        <starty number="87">24</starty>
        <finishx number="87">13</finishx>
        <finishy number="87">15</finishy>
        <startx number="88">43</startx>
        <starty number="88">26</starty>
        <finishx number="88">11</finishx>
        <finishy number="88">47</finishy>
        <startx number="89">50</startx>
        <starty number="89">38</starty>
        <finishx number="89">41</finishx>
        <finishy number="89">40</finishy>
        <startx number="90">8</startx>
        <starty number="90">24</starty>
        <finishx number="90">5</finishx>
        <finishy number="90">0</finishy>
        <startx number="91">32</startx>
        <starty number="91">9</starty>
        <finishx number="91">26</finishx>
        <finishy number="91">18</finishy>
        <startx number="92">13</startx>
        <starty number="92">39</starty>
        <finishx number="92">32</finishx>
        <finishy number="92">46</finishy>
        <startx number="93">13</startx>
        <starty number="93">25</starty>
        <finishx number="93">47</finishx>
        <finishy number="93">36</finishy>
        <startx number="94">54</startx>
        <starty number="94">32</starty>
        <finishx number="94">58</finishx>
        <finishy number="94">42</finishy>
        <startx number="95">27</startx>
        <starty number="95">23</starty>
        <finishx number="95">44</finishx>
        <finishy number="95">12</finishy>
        <startx number="96">49</startx>
        <starty number="96">52</starty>
        <finishx number="96">42</finishx>
        <finishy number="96">55</finishy>
        <startx number="97">17</startx>
        <starty number="97">6</starty>
        <finishx number="97">55</finishx>
        <finishy number="97">16</finishy>
        <startx number="98">12</startx>
        <starty number="98">7</starty>
        <finishx number="98">2</finishx>
        <finishy number="98">54</finishy>
        <startx number="99">36</startx>
        <starty number="99">25</starty>
        <finishx number="99">55</finishx>
        <finishy number="99">40</finishy>
        <startx number="100">44</startx>
        <starty number="100">4</starty>
        <finishx number="100">1</finishx>
        <finishy number="100">38</finishy>
        <startx number="101">39</startx>
        <starty number="101">23</starty>
        <finishx number="101">52</finishx>
        <finishy number="101">27</finishy>
        <startx number="102">56</startx>
        <starty number="102">31</starty>
        <finishx number="102">63</finishx>
        <finishy number="102">28</finishy>
        <startx number="103">10</startx>
        <starty number="103">63</starty>
        <finishx number="103">2</finishx>
        <finishy number="103">59</finishy>
        <startx number="104">16</startx>
        <starty number="104">22</starty>
        <finishx number="104">37</finishx>
        <finishy number="104">16</finishy>
        <startx number="105">63</startx>
        <starty number="105">6</starty>
        <finishx number="105">21</finishx>
        <finishy number="105">35</finishy>
        <startx number="106">52</startx>
        <starty number="106">3</starty>
        <finishx number="106">16</finishx>
        <finishy number="106">12</finishy>
        <startx number="107">28</startx>
        <starty number="107">18</starty>
        <finishx number="107">59</finishx>
        <finishy number="107">58</finishy>
        <startx number="108">55</startx>
        <starty number="108">42</starty>
        <finishx number="108">5</finishx>
        <finishy number="108">48</finishy>
        <startx number="109">12</startx>
        <starty number="109">41</starty>
        <finishx number="109">31</finishx>
        <finishy number="109">30</finishy>
        <startx number="110">34</startx>
        <starty number="110">43</starty>
        <finishx number="110">41</finishx>
        <finishy number="110">34</finishy>
        <startx number="111">12</startx>
        <starty number="111">50</starty>
        <finishx number="111">51</finishx>
        <finishy number="111">14</finishy>
        <startx number="112">21</startx>
        <starty number="112">32</starty>
        <finishx number="112">23</finishx>
        <finishy number="112">45</finishy>
        <startx number="113">63</startx>
        <starty number="113">54</starty>
        <finishx number="113">35</finishx>
        <finishy number="113">3</finishy>
        <startx number="114">31</startx>
        <starty number="114">14</starty>
        <finishx number="114">12</finishx>
        <finishy number="114">36</finishy>
        <startx number="115">21</startx>
        <starty number="115">40</starty>
        <finishx number="115">50</finishx>
        <finishy number="115">17</finishy>
        <startx number="116">54</startx>
        <starty number="116">37</starty>
        <finishx number="116">35</finishx>
        <finishy number="116">35</finishy>
        <startx number="117">60</startx>
        <starty number="117">28</starty>
        <finishx number="117">53</finishx>
        <finishy number="117">8</finishy>
        <startx number="118">61</startx>
        <starty number="118">33</starty>
        <finishx number="118">21</finishx>
        <finishy number="118">48</finishy>
        <startx number="119">17</startx>
        <starty number="119">54</starty>
        <finishx number="119">13</finishx>
        <finishy number="119">28</finishy>
        <startx number="120">5</startx>
        <starty number="120">59</starty>
        <finishx number="120">40</finishx>
        <finishy number="120">45</finishy>
        <startx number="121">29</startx>
        <starty number="121">60</starty>
        <finishx number="121">51</finishx>
        <finishy number="121">43</finishy>
        <startx number="122">48</startx>
        <starty number="122">28</starty>
        <finishx number="122">39</finishx>
        <finishy number="122">53</finishy>
        <startx number="123">58</startx>
        <starty number="123">13</starty>
        <finishx number="123">9</finishx>
        <finishy number="123">47</finishy>
        <startx number="124">10</startx>
        <starty number="124">7</starty>
        <finishx number="124">24</finishx>
        <finishy number="124">63</finishy>
        <startx number="125">50</startx>
        <starty number="125">30</starty>
        <finishx number="125">33</finishx>
        <finishy number="125">49</finishy>
        <startx number="126">41</startx>
        <starty number="126">7</starty>
        <finishx number="126">62</finishx>
        <finishy number="126">47</finishy>
        <startx number="127">56</startx>
        <starty number="127">63</starty>
        <finishx number="127">22</finishx>
        <finishy number="127">16</finishy>
        <startx number="128">4</startx>
        <starty number="128">45</starty>
        <finishx number="128">55</finishx>
        <finishy number="128">34</finishy>
        <startx number="129">17</startx>
        <starty number="129">43</starty>
        <finishx number="129">0</finishx>
        <finishy number="129">3</finishy>
        <startx number="130">7</startx>
        <starty number="130">37</starty>
        <finishx number="130">24</finishx>
        <finishy number="130">13</finishy>
        <startx number="131">53</startx>
        <starty number="131">19</starty>
        <finishx number="131">58</finishx>
        <finishy number="131">63</finishy>
        <startx number="132">52</startx>
        <starty number="132">6</starty>
        <finishx number="132">7</finishx>
        <finishy number="132">15</finishy>
        <startx number="133">45</startx>
        <starty number="133">57</starty>
        <finishx number="133">48</finishx>
        <finishy number="133">1</finishy>
        <startx number="134">31</startx>
        <starty number="134">52</starty>
        <finishx number="134">6</finishx>
        <finishy number="134">56</finishy>
        <startx number="135">17</startx>
        <starty number="135">9</starty>
        <finishx number="135">40</finishx>
        <finishy number="135">13</finishy>
        <startx number="136">39</startx>
        <starty number="136">48</starty>
        <finishx number="136">54</finishx>
        <finishy number="136">11</finishy>
        <startx number="137">3</startx>
        <starty number="137">8</starty>
        <finishx number="137">49</finishx>
        <finishy number="137">41</finishy>
        <startx number="138">8</startx>
        <starty number="138">5</starty>
        <finishx number="138">46</finishx>
        <finishy number="138">47</finishy>
        <startx number="139">22</startx>
        <starty number="139">11</starty>
        <finishx number="139">1</finishx>
        <finishy number="139">6</finishy>
        <startx number="140">25</startx>
        <starty number="140">26</starty>
        <finishx number="140">51</finishx>
        <finishy number="140">19</finishy>
        <startx number="141">37</startx>
        <starty number="141">29</starty>
        <finishx number="141">35</finishx>
        <finishy number="141">51</finishy>
        <startx number="142">12</startx>
        <starty number="142">60</starty>
        <finishx number="142">8</finishx>
        <finishy number="142">45</finishy>
        <startx number="143">47</startx>
        <starty number="143">25</starty>
        <finishx number="143">63</finishx>
        <finishy number="143">9</finishy>
        <startx number="144">48</startx>
        <starty number="144">9</starty>
        <finishx number="144">4</finishx>
        <finishy number="144">24</finishy>
        <startx number="145">4</startx>
        <starty number="145">18</starty>
        <finishx number="145">60</finishx>
        <finishy number="145">52</finishy>
        <startx number="146">25</startx>
        <starty number="146">5</starty>
        <finishx number="146">11</finishx>
        <finishy number="146">20</finishy>
        <startx number="147">19</startx>
        <starty number="147">46</starty>
        <finishx number="147">40</finishx>
        <finishy number="147">0</finishy>
        <startx number="148">57</startx>
        <starty number="148">28</starty>
        <finishx number="148">0</finishx>
        <finishy number="148">25</finishy>
        <startx number="149">16</startx>
        <starty number="149">57</starty>
        <finishx number="149">56</finishx>
        <finishy number="149">18</finishy>
        <startx number="150">20</startx>
        <starty number="150">38</starty>
        <finishx number="150">5</finishx>
        <finishy number="150">29</finishy>
        <startx number="151">29</startx>
        <starty number="151">1</starty>
        <finishx number="151">18</finishx>
        <finishy number="151">25</finishy>
        <startx number="152">13</startx>
        <starty number="152">22</starty>
        <finishx number="152">59</finishx>
        <finishy number="152">45</finishy>
        <startx number="153">4</startx>
        <starty number="153">32</starty>
        <finishx number="153">59</finishx>
        <finishy number="153">49</finishy>
        <startx number="154">23</startx>
        <starty number="154">29</starty>
        <finishx number="154">38</finishx>
        <finishy number="154">8</finishy>
        <startx number="155">55</startx>
        <starty number="155">2</starty>
        <finishx number="155">10</finishx>
        <finishy number="155">50</finishy>
        <startx number="156">2</startx>
        <starty number="156">40</starty>
        <finishx number="156">30</finishx>
        <finishy number="156">20</finishy>
        <startx number="157">48</startx>
        <starty number="157">14</starty>
        <finishx number="157">50</finishx>
        <finishy number="157">28</finishy>
        <startx number="158">30</startx>
        <starty number="158">36</starty>
        <finishx number="158">28</finishx>
        <finishy number="158">47</finishy>
        <startx number="159">39</startx>
        <starty number="159">29</starty>
        <finishx number="159">21</finishx>
        <finishy number="159">19</finishy>
        <startx number="160">26</startx>
        <starty number="160">50</starty>
        <finishx number="160">37</finishx>
        <finishy number="160">62</finishy>
        <startx number="161">57</startx>
        <starty number="161">50</starty>
        <finishx number="161">24</finishx>
        <finishy number="161">37</finishy>
        <startx number="162">41</startx>
        <starty number="162">61</starty>
        <finishx number="162">49</finishx>
        <finishy number="162">19</finishy>
        <startx number="163">52</startx>
        <starty number="163">16</starty>
        <finishx number="163">22</finishx>
        <finishy number="163">13</finishy>
        <startx number="164">17</startx>
        <starty number="164">51</starty>
        <finishx number="164">26</finishx>
        <finishy number="164">37</finishy>
        <startx number="165">27</startx>
        <starty number="165">52</starty>
        <finishx number="165">30</finishx>
        <finishy number="165">39</finishy>
        <startx number="166">24</startx>
        <starty number="166">32</starty>
        <finishx number="166">18</finishx>
        <finishy number="166">38</finishy>
        <startx number="167">25</startx>
        <starty number="167">56</starty>
        <finishx number="167">18</finishx>
        <finishy number="167">30</finishy>
        <startx number="168">43</startx>
        <starty number="168">44</starty>
        <finishx number="168">51</finishx>
        <finishy number="168">59</finishy>
        <startx number="169">39</startx>
        <starty number="169">2</starty>
        <finishx number="169">27</finishx>
        <finishy number="169">12</finishy>
        <startx number="170">36</startx>
        <starty number="170">45</starty>
        <finishx number="170">23</finishx>
        <finishy number="170">56</finishy>
        <startx number="171">61</startx>
        <starty number="171">55</starty>
        <finishx number="171">44</finishx>
        <finishy number="171">1</finishy>
        <startx number="172">53</startx>
        <starty number="172">35</starty>
        <finishx number="172">42</finishx>
        <finishy number="172">37</finishy>
        <startx number="173">38</startx>
        <starty number="173">56</starty>
        <finishx number="173">19</finishx>
        <finishy number="173">19</finishy>
        <startx number="174">14</startx>
        <starty number="174">12</starty>
        <finishx number="174">43</finishx>
        <finishy number="174">7</finishy>
        <startx number="175">37</startx>
        <starty number="175">19</starty>
        <finishx number="175">18</finishx>
        <finishy number="175">56</finishy>
        <startx number="176">12</startx>
        <starty number="176">63</starty>
        <finishx number="176">46</finishx>
        <finishy number="176">23</finishy>
        <startx number="177">1</startx>
        <starty number="177">52</starty>
        <finishx number="177">31</finishx>
        <finishy number="177">33</finishy>
        <startx number="178">43</startx>
        <starty number="178">60</starty>
        <finishx number="178">36</finishx>
        <finishy number="178">9</finishy>
        <startx number="179">5</startx>
        <starty number="179">16</starty>
        <finishx number="179">2</finishx>
        <finishy number="179">56</finishy>
        <startx number="180">53</startx>
        <starty number="180">29</starty>
        <finishx number="180">11</finishx>
        <finishy number="180">17</finishy>
        <startx number="181">9</startx>
        <starty number="181">56</starty>
        <finishx number="181">29</finishx>
        <finishy number="181">50</finishy>
        <startx number="182">27</startx>
        <starty number="182">34</starty>
        <finishx number="182">58</finishx>
        <finishy number="182">36</finishy>
        <startx number="183">61</startx>
        <starty number="183">9</starty>
        <finishx number="183">15</finishx>
        <finishy number="183">30</finishy>
        <startx number="184">2</startx>
        <starty number="184">11</starty>
        <finishx number="184">44</finishx>
        <finishy number="184">36</finishy>
        <startx number="185">48</startx>
        <starty number="185">17</starty>
        <finishx number="185">26</finishx>
        <finishy number="185">45</finishy>
        <startx number="186">10</startx>
        <starty number="186">10</starty>
        <finishx number="186">15</finishx>
        <finishy number="186">20</finishy>
        <startx number="187">58</startx>
        <starty number="187">47</starty>
        <finishx number="187">18</finishx>
        <finishy number="187">11</finishy>
        <startx number="188">2</startx>
        <starty number="188">46</starty>
        <finishx number="188">60</finishx>
        <finishy number="188">20</finishy>
        <startx number="189">36</startx>
        <starty number="189">32</starty>
        <finishx number="189">21</finishx>
        <finishy number="189">3</finishy>
        <startx number="190">41</startx>
        <starty number="190">2</starty>
        <finishx number="190">21</finishx>
        <finishy number="190">8</finishy>
        <startx number="191">6</startx>
        <starty number="191">53</starty>
        <finishx number="191">8</finishx>
        <finishy number="191">50</finishy>
        <startx number="192">32</startx>
        <starty number="192">38</starty>
        <finishx number="192">11</finishx>
        <finishy number="192">26</finishy>
        <startx number="193">7</startx>
        <starty number="193">58</starty>
        <finishx number="193">37</finishx>
        <finishy number="193">13</finishy>
        <startx number="194">4</startx>
        <starty number="194">27</starty>
        <finishx number="194">9</finishx>
        <finishy number="194">13</finishy>
        <startx number="195">14</startx>
        <starty number="195">57</starty>
        <finishx number="195">8</finishx>
        <finishy number="195">61</finishy>
        <startx number="196">40</startx>
        <starty number="196">56</starty>
        <finishx number="196">11</finishx>
        <finishy number="196">58</finishy>
        <startx number="197">12</startx>
        <starty number="197">4</starty>
        <finishx number="197">16</finishx>
        <finishy number="197">36</finishy>
        <startx number="198">41</startx>
        <starty number="198">18</starty>
        <finishx number="198">9</finishx>
        <finishy number="198">58</finishy>
        <startx number="199">3</startx>
        <starty number="199">48</starty>
        <finishx number="199">47</finishx>
        <finishy number="199">55</finishy>
        <startx number="200">50</startx>
        <starty number="200">3</starty>
        <finishx number="200">22</finishx>
        <finishy number="200">61</finishy>
        <startx number="201">23</startx>
        <starty number="201">48</starty>
        <finishx number="201">8</finishx>
        <finishy number="201">18</finishy>
        <startx number="202">33</startx>
        <starty number="202">30</starty>
        <finishx number="202">46</finishx>
        <finishy number="202">41</finishy>
        <startx number="203">26</startx>
        <starty number="203">42</starty>
        <finishx number="203">17</finishx>
        <finishy number="203">14</finishy>
        <startx number="204">26</startx>
        <starty number="204">28</starty>
        <finishx number="204">29</finishx>
        <finishy number="204">9</finishy>
        <startx number="205">42</startx>
        <starty number="205">47</starty>
        <finishx number="205">48</finishx>
        <finishy number="205">49</finishy>
        <startx number="206">16</startx>
        <starty number="206">1</starty>
        <finishx number="206">23</finishx>
        <finishy number="206">40</finishy>
        <startx number="207">44</startx>
        <starty number="207">39</starty>
        <finishx number="207">7</finishx>
        <finishy number="207">29</finishy>
        <startx number="208">37</startx>
        <starty number="208">37</starty>
        <finishx number="208">61</finishx>
        <finishy number="208">1</finishy>
        <startx number="209">52</startx>
        <starty number="209">51</starty>
        <finishx number="209">36</finishx>
        <finishy number="209">48</finishy>
        <startx number="210">14</startx>
        <starty number="210">36</starty>
        <finishx number="210">42</finishx>
        <finishy number="210">23</finishy>
        <startx number="211">39</startx>
        <starty number="211">43</starty>
        <finishx number="211">13</finishx>
        <finishy number="211">17</finishy>
        <startx number="212">23</startx>
        <starty number="212">35</starty>
        <finishx number="212">0</finishx>
        <finishy number="212">41</finishy>
        <startx number="213">43</startx>
        <starty number="213">41</starty>
        <finishx number="213">5</finishx>
        <finishy number="213">37</finishy>
        <startx number="214">23</startx>
        <starty number="214">8</starty>
        <finishx number="214">5</finishx>
        <finishy number="214">35</finishy>
        <startx number="215">58</startx>
        <starty number="215">39</starty>
        <finishx number="215">4</finishx>
        <finishy number="215">51</finishy>
        <startx number="216">34</startx>
        <starty number="216">6</starty>
        <finishx number="216">29</finishx>
        <finishy number="216">52</finishy>
        <startx number="217">60</startx>
        <starty number="217">60</starty>
        <finishx number="217">10</finishx>
        <finishy number="217">2</finishy>
        <startx number="218">63</startx>
        <starty number="218">25</starty>
        <finishx number="218">42</finishx>
        <finishy number="218">12</finishy>
        <startx number="219">34</startx>
        <starty number="219">46</starty>
        <finishx number="219">31</finishx>
        <finishy number="219">55</finishy>
        <startx number="220">43</startx>
        <starty number="220">10</starty>
        <finishx number="220">32</finishx>
        <finishy number="220">19</finishy>
        <startx number="221">40</startx>
        <starty number="221">16</starty>
        <finishx number="221">15</finishx>
        <finishy number="221">62</finishy>
        <startx number="222">63</startx>
        <starty number="222">12</starty>
        <finishx number="222">44</finishx>
        <finishy number="222">55</finishy>
        <startx number="223">41</startx>
        <starty number="223">52</starty>
        <finishx number="223">26</finishx>
        <finishy number="223">61</finishy>
        <startx number="224">54</startx>
        <starty number="224">53</starty>
        <finishx number="224">17</finishx>
        <finishy number="224">33</finishy>
        <startx number="225">53</startx>
        <starty number="225">43</starty>
        <finishx number="225">8</finishx>
        <finishy number="225">20</finishy>
        <startx number="226">28</startx>
        <starty number="226">36</starty>
        <finishx number="226">35</finishx>
        <finishy number="226">53</finishy>
        <startx number="227">10</startx>
        <starty number="227">39</starty>
        <finishx number="227">47</finishx>
        <finishy number="227">11</finishy>
        <startx number="228">43</startx>
        <starty number="228">20</starty>
        <finishx number="228">45</finishx>
        <finishy number="228">44</finishy>
        <startx number="229">10</startx>
        <starty number="229">45</starty>
        <finishx number="229">16</finishx>
        <finishy number="229">25</finishy>
        <startx number="230">54</startx>
        <starty number="230">50</starty>
        <finishx number="230">37</finishx>
        <finishy number="230">3</finishy>
        <startx number="231">32</startx>
        <starty number="231">27</starty>
        <finishx number="231">5</finishx>
        <finishy number="231">5</finishy>
        <startx number="232">30</startx>
        <starty number="232">28</starty>
        <finishx number="232">12</finishx>
        <finishy number="232">31</finishy>
        <startx number="233">10</startx>
        <starty number="233">5</starty>
        <finishx number="233">24</finishx>
        <finishy number="233">61</finishy>
        <startx number="234">61</startx>
        <starty number="234">17</starty>
        <finishx number="234">35</finishx>
        <finishy number="234">14</finishy>
        <startx number="235">14</startx>
        <starty number="235">49</starty>
        <finishx number="235">44</finishx>
        <finishy number="235">33</finishy>
        <startx number="236">10</startx>
        <starty number="236">15</starty>
        <finishx number="236">46</finishx>
        <finishy number="236">20</finishy>
        <startx number="237">42</startx>
        <starty number="237">15</starty>
        <finishx number="237">6</finishx>
        <finishy number="237">18</finishy>
        <startx number="238">61</startx>
        <starty number="238">15</starty>
        <finishx number="238">49</finishx>
        <finishy number="238">44</finishy>
        <startx number="239">54</startx>
        <starty number="239">27</starty>
        <finishx number="239">18</finishx>
        <finishy number="239">41</finishy>
        <startx number="240">17</startx>
        <starty number="240">19</starty>
        <finishx number="240">49</finishx>
        <finishy number="240">25</finishy>
        <startx number="241">0</startx>
        <starty number="241">60</starty>
        <finishx number="241">57</finishx>
        <finishy number="241">23</finishy>
        <startx number="242">18</startx>
        <starty number="242">22</starty>
        <finishx number="242">35</finishx>
        <finishy number="242">41</finishy>
        <startx number="243">6</startx>
        <starty number="243">40</starty>
        <finishx number="243">0</finishx>
        <finishy number="243">54</finishy>
        <startx number="244">30</startx>
        <starty number="244">3</starty>
        <finishx number="244">5</finishx>
        <finishy number="244">13</finishy>
        <startx number="245">6</startx>
        <starty number="245">10</starty>
        <finishx number="245">22</finishx>
        <finishy number="245">43</finishy>
        <startx number="246">63</startx>
        <starty number="246">15</starty>
        <finishx number="246">32</finishx>
        <finishy number="246">43</finishy>
        <startx number="247">44</startx>
        <starty number="247">28</starty>
        <finishx number="247">63</finishx>
        <finishy number="247">33</finishy>
        <startx number="248">47</startx>
        <starty number="248">52</starty>
        <finishx number="248">55</finishx>
        <finishy number="248">45</finishy>
        <startx number="249">60</startx>
        <starty number="249">47</starty>
        <finishx number="249">25</finishx>
        <finishy number="249">34</finishy>
        <grid>
            <row>0 0 0 0 0 0 0 0 0 0 0 0 0 0 0 0 0 0 0 0 0 0 0 0 0 0 0 0 0 0 0 0 0 0 0 0 0 0 0 0 0 0 0 0 0 0 0 0 0 0 0 0 0 0 0 0 0 0 0 0 0 0 0 0</row>
            <row>0 0 0 0 0 0 0 0 0 0 0 0 0 0 0 0 0 0 0 0 0 0 0 0 0 0 0 0 0 0 0 0 0 0 0 0 0 0 0 0 0 0 0 0 0 0 0 0 0 0 0 0 0 0 0 0 0 0 0 0 0 0 0 0</row>
            <row>0 0 0 0 0 0 0 0 0 0 0 0 0 0 0 0 0 0 0 0 0 0 0 0 0 0 0 0 0 0 0 0 0 0 0 0 0 0 0 0 0 0 0 0 0 0 0 0 0 0 0 0 0 0 0 0 0 0 0 0 0 0 0 0</row>
            <row>0 0 0 0 0 0 0 0 0 0 0 0 0 0 0 0 0 0 0 0 0 0 0 0 0 0 0 0 0 0 0 0 0 0 0 0 0 0 0 0 0 0 0 0 0 0 0 0 0 0 0 0 0 0 0 0 0 0 0 0 0 0 0 0</row>
            <row>0 0 0 0 0 0 0 0 0 0 0 0 0 0 0 0 0 0 0 0 0 0 0 0 0 0 0 0 0 0 0 0 0 0 0 0 0 0 0 0 0 0 0 0 0 0 0 0 0 0 0 0 0 0 0 0 0 0 0 0 0 0 0 0</row>
            <row>0 0 0 0 0 0 0 0 0 0 0 0 0 0 0 0 0 0 0 0 0 0 0 0 0 0 0 0 0 0 0 0 0 0 0 0 0 0 0 0 0 0 0 0 0 0 0 0 0 0 0 0 0 0 0 0 0 0 0 0 0 0 0 0</row>
            <row>0 0 0 0 0 0 0 0 0 0 0 0 0 0 0 0 0 0 0 0 0 0 0 0 0 0 0 0 0 0 0 0 0 0 0 0 0 0 0 0 0 0 0 0 0 0 0 0 0 0 0 0 0 0 0 0 0 0 0 0 0 0 0 0</row>
            <row>0 0 0 0 0 0 0 0 0 0 0 0 0 0 0 0 0 0 0 0 0 0 0 0 0 0 0 0 0 0 0 0 0 0 0 0 0 0 0 0 0 0 0 0 0 0 0 0 0 0 0 0 0 0 0 0 0 0 0 0 0 0 0 0</row>
            <row>0 0 0 0 0 0 0 0 0 0 0 0 0 0 0 0 0 0 0 0 0 0 0 0 0 0 0 0 0 0 0 0 0 0 0 0 0 0 0 0 0 0 0 0 0 0 0 0 0 0 0 0 0 0 0 0 0 0 0 0 0 0 0 0</row>
            <row>0 0 0 0 0 0 0 0 0 0 0 0 0 0 0 0 0 0 0 0 0 0 0 0 0 0 0 0 0 0 0 0 0 0 0 0 0 0 0 0 0 0 0 0 0 0 0 0 0 0 0 0 0 0 0 0 0 0 0 0 0 0 0 0</row>
            <row>0 0 0 0 0 0 0 0 0 0 0 0 0 0 0 0 0 0 0 0 0 0 0 0 0 0 0 0 0 0 0 0 0 0 0 0 0 0 0 0 0 0 0 0 0 0 0 0 0 0 0 0 0 0 0 0 0 0 0 0 0 0 0 0</row>
            <row>0 0 0 0 0 0 0 0 0 0 0 0 0 0 0 0 0 0 0 0 0 0 0 0 0 0 0 0 0 0 0 0 0 0 0 0 0 0 0 0 0 0 0 0 0 0 0 0 0 0 0 0 0 0 0 0 0 0 0 0 0 0 0 0</row>
            <row>0 0 0 0 0 0 0 0 0 0 0 0 0 0 0 0 0 0 0 0 0 0 0 0 0 0 0 0 0 0 0 0 0 0 0 0 0 0 0 0 0 0 0 0 0 0 0 0 0 0 0 0 0 0 0 0 0 0 0 0 0 0 0 0</row>
            <row>0 0 0 0 0 0 0 0 0 0 0 0 0 0 0 0 0 0 0 0 0 0 0 0 0 0 0 0 0 0 0 0 0 0 0 0 0 0 0 0 0 0 0 0 0 0 0 0 0 0 0 0 0 0 0 0 0 0 0 0 0 0 0 0</row>
            <row>0 0 0 0 0 0 0 0 0 0 0 0 0 0 0 0 0 0 0 0 0 0 0 0 0 0 0 0 0 0 0 0 0 0 0 0 0 0 0 0 0 0 0 0 0 0 0 0 0 0 0 0 0 0 0 0 0 0 0 0 0 0 0 0</row>
            <row>0 0 0 0 0 0 0 0 0 0 0 0 0 0 0 0 0 0 0 0 0 0 0 0 0 0 0 0 0 0 0 0 0 0 0 0 0 0 0 0 0 0 0 0 0 0 0 0 0 0 0 0 0 0 0 0 0 0 0 0 0 0 0 0</row>
            <row>0 0 0 0 0 0 0 0 0 0 0 0 0 0 0 0 0 0 0 0 0 0 0 0 0 0 0 0 0 0 0 0 0 0 0 0 0 0 0 0 0 0 0 0 0 0 0 0 0 0 0 0 0 0 0 0 0 0 0 0 0 0 0 0</row>
            <row>0 0 0 0 0 0 0 0 0 0 0 0 0 0 0 0 0 0 0 0 0 0 0 0 0 0 0 0 0 0 0 0 0 0 0 0 0 0 0 0 0 0 0 0 0 0 0 0 0 0 0 0 0 0 0 0 0 0 0 0 0 0 0 0</row>
            <row>0 0 0 0 0 0 0 0 0 0 0 0 0 0 0 0 0 0 0 0 0 0 0 0 0 0 0 0 0 0 0 0 0 0 0 0 0 0 0 0 0 0 0 0 0 0 0 0 0 0 0 0 0 0 0 0 0 0 0 0 0 0 0 0</row>
            <row>0 0 0 0 0 0 0 0 0 0 0 0 0 0 0 0 0 0 0 0 0 0 0 0 0 0 0 0 0 0 0 0 0 0 0 0 0 0 0 0 0 0 0 0 0 0 0 0 0 0 0 0 0 0 0 0 0 0 0 0 0 0 0 0</row>
            <row>0 0 0 0 0 0 0 0 0 0 0 0 0 0 0 0 0 0 0 0 0 0 0 0 0 0 0 0 0 0 0 0 0 0 0 0 0 0 0 0 0 0 0 0 0 0 0 0 0 0 0 0 0 0 0 0 0 0 0 0 0 0 0 0</row>
            <row>0 0 0 0 0 0 0 0 0 0 0 0 0 0 0 0 0 0 0 0 0 0 0 0 0 0 0 0 0 0 0 0 0 0 0 0 0 0 0 0 0 0 0 0 0 0 0 0 0 0 0 0 0 0 0 0 0 0 0 0 0 0 0 0</row>
            <row>0 0 0 0 0 0 0 0 0 0 0 0 0 0 0 0 0 0 0 0 0 0 0 0 0 0 0 0 0 0 0 0 0 0 0 0 0 0 0 0 0 0 0 0 0 0 0 0 0 0 0 0 0 0 0 0 0 0 0 0 0 0 0 0</row>
            <row>0 0 0 0 0 0 0 0 0 0 0 0 0 0 0 0 0 0 0 0 0 0 0 0 0 0 0 0 0 0 0 0 0 0 0 0 0 0 0 0 0 0 0 0 0 0 0 0 0 0 0 0 0 0 0 0 0 0 0 0 0 0 0 0</row>
            <row>0 0 0 0 0 0 0 0 0 0 0 0 0 0 0 0 0 0 0 0 0 0 0 0 0 0 0 0 0 0 0 0 0 0 0 0 0 0 0 0 0 0 0 0 0 0 0 0 0 0 0 0 0 0 0 0 0 0 0 0 0 0 0 0</row>
            <row>0 0 0 0 0 0 0 0 0 0 0 0 0 0 0 0 0 0 0 0 0 0 0 0 0 0 0 0 0 0 0 0 0 0 0 0 0 0 0 0 0 0 0 0 0 0 0 0 0 0 0 0 0 0 0 0 0 0 0 0 0 0 0 0</row>
            <row>0 0 0 0 0 0 0 0 0 0 0 0 0 0 0 0 0 0 0 0 0 0 0 0 0 0 0 0 0 0 0 0 0 0 0 0 0 0 0 0 0 0 0 0 0 0 0 0 0 0 0 0 0 0 0 0 0 0 0 0 0 0 0 0</row>
            <row>0 0 0 0 0 0 0 0 0 0 0 0 0 0 0 0 0 0 0 0 0 0 0 0 0 0 0 0 0 0 0 0 0 0 0 0 0 0 0 0 0 0 0 0 0 0 0 0 0 0 0 0 0 0 0 0 0 0 0 0 0 0 0 0</row>
            <row>0 0 0 0 0 0 0 0 0 0 0 0 0 0 0 0 0 0 0 0 0 0 0 0 0 0 0 0 0 0 0 0 0 0 0 0 0 0 0 0 0 0 0 0 0 0 0 0 0 0 0 0 0 0 0 0 0 0 0 0 0 0 0 0</row>
            <row>0 0 0 0 0 0 0 0 0 0 0 0 0 0 0 0 0 0 0 0 0 0 0 0 0 0 0 0 0 0 0 0 0 0 0 0 0 0 0 0 0 0 0 0 0 0 0 0 0 0 0 0 0 0 0 0 0 0 0 0 0 0 0 0</row>
            <row>0 0 0 0 0 0 0 0 0 0 0 0 0 0 0 0 0 0 0 0 0 0 0 0 0 0 0 0 0 0 0 0 0 0 0 0 0 0 0 0 0 0 0 0 0 0 0 0 0 0 0 0 0 0 0 0 0 0 0 0 0 0 0 0</row>
            <row>0 0 0 0 0 0 0 0 0 0 0 0 0 0 0 0 0 0 0 0 0 0 0 0 0 0 0 0 0 0 0 0 0 0 0 0 0 0 0 0 0 0 0 0 0 0 0 0 0 0 0 0 0 0 0 0 0 0 0 0 0 0 0 0</row>
            <row>0 0 0 0 0 0 0 0 0 0 0 0 0 0 0 0 0 0 0 0 0 0 0 0 0 0 0 0 0 0 0 0 0 0 0 0 0 0 0 0 0 0 0 0 0 0 0 0 0 0 0 0 0 0 0 0 0 0 0 0 0 0 0 0</row>
            <row>0 0 0 0 0 0 0 0 0 0 0 0 0 0 0 0 0 0 0 0 0 0 0 0 0 0 0 0 0 0 0 0 0 0 0 0 0 0 0 0 0 0 0 0 0 0 0 0 0 0 0 0 0 0 0 0 0 0 0 0 0 0 0 0</row>
            <row>0 0 0 0 0 0 0 0 0 0 0 0 0 0 0 0 0 0 0 0 0 0 0 0 0 0 0 0 0 0 0 0 0 0 0 0 0 0 0 0 0 0 0 0 0 0 0 0 0 0 0 0 0 0 0 0 0 0 0 0 0 0 0 0</row>
            <row>0 0 0 0 0 0 0 0 0 0 0 0 0 0 0 0 0 0 0 0 0 0 0 0 0 0 0 0 0 0 0 0 0 0 0 0 0 0 0 0 0 0 0 0 0 0 0 0 0 0 0 0 0 0 0 0 0 0 0 0 0 0 0 0</row>
            <row>0 0 0 0 0 0 0 0 0 0 0 0 0 0 0 0 0 0 0 0 0 0 0 0 0 0 0 0 0 0 0 0 0 0 0 0 0 0 0 0 0 0 0 0 0 0 0 0 0 0 0 0 0 0 0 0 0 0 0 0 0 0 0 0</row>
            <row>0 0 0 0 0 0 0 0 0 0 0 0 0 0 0 0 0 0 0 0 0 0 0 0 0 0 0 0 0 0 0 0 0 0 0 0 0 0 0 0 0 0 0 0 0 0 0 0 0 0 0 0 0 0 0 0 0 0 0 0 0 0 0 0</row>
            <row>0 0 0 0 0 0 0 0 0 0 0 0 0 0 0 0 0 0 0 0 0 0 0 0 0 0 0 0 0 0 0 0 0 0 0 0 0 0 0 0 0 0 0 0 0 0 0 0 0 0 0 0 0 0 0 0 0 0 0 0 0 0 0 0</row>
            <row>0 0 0 0 0 0 0 0 0 0 0 0 0 0 0 0 0 0 0 0 0 0 0 0 0 0 0 0 0 0 0 0 0 0 0 0 0 0 0 0 0 0 0 0 0 0 0 0 0 0 0 0 0 0 0 0 0 0 0 0 0 0 0 0</row>
            <row>0 0 0 0 0 0 0 0 0 0 0 0 0 0 0 0 0 0 0 0 0 0 0 0 0 0 0 0 0 0 0 0 0 0 0 0 0 0 0 0 0 0 0 0 0 0 0 0 0 0 0 0 0 0 0 0 0 0 0 0 0 0 0 0</row>
            <row>0 0 0 0 0 0 0 0 0 0 0 0 0 0 0 0 0 0 0 0 0 0 0 0 0 0 0 0 0 0 0 0 0 0 0 0 0 0 0 0 0 0 0 0 0 0 0 0 0 0 0 0 0 0 0 0 0 0 0 0 0 0 0 0</row>
            <row>0 0 0 0 0 0 0 0 0 0 0 0 0 0 0 0 0 0 0 0 0 0 0 0 0 0 0 0 0 0 0 0 0 0 0 0 0 0 0 0 0 0 0 0 0 0 0 0 0 0 0 0 0 0 0 0 0 0 0 0 0 0 0 0</row>
            <row>0 0 0 0 0 0 0 0 0 0 0 0 0 0 0 0 0 0 0 0 0 0 0 0 0 0 0 0 0 0 0 0 0 0 0 0 0 0 0 0 0 0 0 0 0 0 0 0 0 0 0 0 0 0 0 0 0 0 0 0 0 0 0 0</row>
            <row>0 0 0 0 0 0 0 0 0 0 0 0 0 0 0 0 0 0 0 0 0 0 0 0 0 0 0 0 0 0 0 0 0 0 0 0 0 0 0 0 0 0 0 0 0 0 0 0 0 0 0 0 0 0 0 0 0 0 0 0 0 0 0 0</row>
            <row>0 0 0 0 0 0 0 0 0 0 0 0 0 0 0 0 0 0 0 0 0 0 0 0 0 0 0 0 0 0 0 0 0 0 0 0 0 0 0 0 0 0 0 0 0 0 0 0 0 0 0 0 0 0 0 0 0 0 0 0 0 0 0 0</row>
            <row>0 0 0 0 0 0 0 0 0 0 0 0 0 0 0 0 0 0 0 0 0 0 0 0 0 0 0 0 0 0 0 0 0 0 0 0 0 0 0 0 0 0 0 0 0 0 0 0 0 0 0 0 0 0 0 0 0 0 0 0 0 0 0 0</row>
            <row>0 0 0 0 0 0 0 0 0 0 0 0 0 0 0 0 0 0 0 0 0 0 0 0 0 0 0 0 0 0 0 0 0 0 0 0 0 0 0 0 0 0 0 0 0 0 0 0 0 0 0 0 0 0 0 0 0 0 0 0 0 0 0 0</row>
            <row>0 0 0 0 0 0 0 0 0 0 0 0 0 0 0 0 0 0 0 0 0 0 0 0 0 0 0 0 0 0 0 0 0 0 0 0 0 0 0 0 0 0 0 0 0 0 0 0 0 0 0 0 0 0 0 0 0 0 0 0 0 0 0 0</row>
            <row>0 0 0 0 0 0 0 0 0 0 0 0 0 0 0 0 0 0 0 0 0 0 0 0 0 0 0 0 0 0 0 0 0 0 0 0 0 0 0 0 0 0 0 0 0 0 0 0 0 0 0 0 0 0 0 0 0 0 0 0 0 0 0 0</row>
            <row>0 0 0 0 0 0 0 0 0 0 0 0 0 0 0 0 0 0 0 0 0 0 0 0 0 0 0 0 0 0 0 0 0 0 0 0 0 0 0 0 0 0 0 0 0 0 0 0 0 0 0 0 0 0 0 0 0 0 0 0 0 0 0 0</row>
            <row>0 0 0 0 0 0 0 0 0 0 0 0 0 0 0 0 0 0 0 0 0 0 0 0 0 0 0 0 0 0 0 0 0 0 0 0 0 0 0 0 0 0 0 0 0 0 0 0 0 0 0 0 0 0 0 0 0 0 0 0 0 0 0 0</row>
            <row>0 0 0 0 0 0 0 0 0 0 0 0 0 0 0 0 0 0 0 0 0 0 0 0 0 0 0 0 0 0 0 0 0 0 0 0 0 0 0 0 0 0 0 0 0 0 0 0 0 0 0 0 0 0 0 0 0 0 0 0 0 0 0 0</row>
            <row>0 0 0 0 0 0 0 0 0 0 0 0 0 0 0 0 0 0 0 0 0 0 0 0 0 0 0 0 0 0 0 0 0 0 0 0 0 0 0 0 0 0 0 0 0 0 0 0 0 0 0 0 0 0 0 0 0 0 0 0 0 0 0 0</row>
            <row>0 0 0 0 0 0 0 0 0 0 0 0 0 0 0 0 0 0 0 0 0 0 0 0 0 0 0 0 0 0 0 0 0 0 0 0 0 0 0 0 0 0 0 0 0 0 0 0 0 0 0 0 0 0 0 0 0 0 0 0 0 0 0 0</row>
            <row>0 0 0 0 0 0 0 0 0 0 0 0 0 0 0 0 0 0 0 0 0 0 0 0 0 0 0 0 0 0 0 0 0 0 0 0 0 0 0 0 0 0 0 0 0 0 0 0 0 0 0 0 0 0 0 0 0 0 0 0 0 0 0 0</row>
            <row>0 0 0 0 0 0 0 0 0 0 0 0 0 0 0 0 0 0 0 0 0 0 0 0 0 0 0 0 0 0 0 0 0 0 0 0 0 0 0 0 0 0 0 0 0 0 0 0 0 0 0 0 0 0 0 0 0 0 0 0 0 0 0 0</row>
            <row>0 0 0 0 0 0 0 0 0 0 0 0 0 0 0 0 0 0 0 0 0 0 0 0 0 0 0 0 0 0 0 0 0 0 0 0 0 0 0 0 0 0 0 0 0 0 0 0 0 0 0 0 0 0 0 0 0 0 0 0 0 0 0 0</row>
            <row>0 0 0 0 0 0 0 0 0 0 0 0 0 0 0 0 0 0 0 0 0 0 0 0 0 0 0 0 0 0 0 0 0 0 0 0 0 0 0 0 0 0 0 0 0 0 0 0 0 0 0 0 0 0 0 0 0 0 0 0 0 0 0 0</row>
            <row>0 0 0 0 0 0 0 0 0 0 0 0 0 0 0 0 0 0 0 0 0 0 0 0 0 0 0 0 0 0 0 0 0 0 0 0 0 0 0 0 0 0 0 0 0 0 0 0 0 0 0 0 0 0 0 0 0 0 0 0 0 0 0 0</row>
            <row>0 0 0 0 0 0 0 0 0 0 0 0 0 0 0 0 0 0 0 0 0 0 0 0 0 0 0 0 0 0 0 0 0 0 0 0 0 0 0 0 0 0 0 0 0 0 0 0 0 0 0 0 0 0 0 0 0 0 0 0 0 0 0 0</row>
            <row>0 0 0 0 0 0 0 0 0 0 0 0 0 0 0 0 0 0 0 0 0 0 0 0 0 0 0 0 0 0 0 0 0 0 0 0 0 0 0 0 0 0 0 0 0 0 0 0 0 0 0 0 0 0 0 0 0 0 0 0 0 0 0 0</row>
            <row>0 0 0 0 0 0 0 0 0 0 0 0 0 0 0 0 0 0 0 0 0 0 0 0 0 0 0 0 0 0 0 0 0 0 0 0 0 0 0 0 0 0 0 0 0 0 0 0 0 0 0 0 0 0 0 0 0 0 0 0 0 0 0 0</row>
            <row>0 0 0 0 0 0 0 0 0 0 0 0 0 0 0 0 0 0 0 0 0 0 0 0 0 0 0 0 0 0 0 0 0 0 0 0 0 0 0 0 0 0 0 0 0 0 0 0 0 0 0 0 0 0 0 0 0 0 0 0 0 0 0 0</row>
        </grid>
    </map>
    <algorithm>
        <allowanyangle>true</allowanyangle>
        <metrictype>euclid</metrictype>
        <breakingties>g-max</breakingties>
        <weight>1</weight>
    </algorithm>
    <options>
        <loglevel>1</loglevel>
        <logpath />
        <logfilename />
    </options>
</root>
