<?xml version="1.0" ?>
<root>
    <map>
        <width>64</width>
        <height>64</height>
        <agents>200</agents>
        <startx number="0">2</startx>
        <starty number="0">30</starty>
        <finishx number="0">7</finishx>
        <finishy number="0">40</finishy>
        <startx number="1">21</startx>
        <starty number="1">3</starty>
        <finishx number="1">50</finishx>
        <finishy number="1">9</finishy>
        <startx number="2">14</startx>
        <starty number="2">55</starty>
        <finishx number="2">7</finishx>
        <finishy number="2">21</finishy>
        <startx number="3">62</startx>
        <starty number="3">36</starty>
        <finishx number="3">5</finishx>
        <finishy number="3">5</finishy>
        <startx number="4">32</startx>
        <starty number="4">39</starty>
        <finishx number="4">62</finishx>
        <finishy number="4">60</finishy>
        <startx number="5">35</startx>
        <starty number="5">27</starty>
        <finishx number="5">51</finishx>
        <finishy number="5">54</finishy>
        <startx number="6">22</startx>
        <starty number="6">21</starty>
        <finishx number="6">13</finishx>
        <finishy number="6">12</finishy>
        <startx number="7">50</startx>
        <starty number="7">6</starty>
        <finishx number="7">18</finishx>
        <finishy number="7">52</finishy>
        <startx number="8">61</startx>
        <starty number="8">28</starty>
        <finishx number="8">53</finishx>
        <finishy number="8">8</finishy>
        <startx number="9">39</startx>
        <starty number="9">35</starty>
        <finishx number="9">46</finishx>
        <finishy number="9">15</finishy>
        <startx number="10">49</startx>
        <starty number="10">56</starty>
        <finishx number="10">30</finishx>
        <finishy number="10">46</finishy>
        <startx number="11">10</startx>
        <starty number="11">47</starty>
        <finishx number="11">15</finishx>
        <finishy number="11">9</finishy>
        <startx number="12">38</startx>
        <starty number="12">37</starty>
        <finishx number="12">55</finishx>
        <finishy number="12">15</finishy>
        <startx number="13">2</startx>
        <starty number="13">19</starty>
        <finishx number="13">7</finishx>
        <finishy number="13">45</finishy>
        <startx number="14">58</startx>
        <starty number="14">47</starty>
        <finishx number="14">30</finishx>
        <finishy number="14">4</finishy>
        <startx number="15">43</startx>
        <starty number="15">37</starty>
        <finishx number="15">22</finishx>
        <finishy number="15">13</finishy>
        <startx number="16">54</startx>
        <starty number="16">21</starty>
        <finishx number="16">39</finishx>
        <finishy number="16">48</finishy>
        <startx number="17">29</startx>
        <starty number="17">63</starty>
        <finishx number="17">33</finishx>
        <finishy number="17">27</finishy>
        <startx number="18">12</startx>
        <starty number="18">28</starty>
        <finishx number="18">28</finishx>
        <finishy number="18">1</finishy>
        <startx number="19">7</startx>
        <starty number="19">53</starty>
        <finishx number="19">62</finishx>
        <finishy number="19">33</finishy>
        <startx number="20">16</startx>
        <starty number="20">57</starty>
        <finishx number="20">59</finishx>
        <finishy number="20">12</finishy>
        <startx number="21">43</startx>
        <starty number="21">17</starty>
        <finishx number="21">60</finishx>
        <finishy number="21">47</finishy>
        <startx number="22">19</startx>
        <starty number="22">8</starty>
        <finishx number="22">36</finishx>
        <finishy number="22">0</finishy>
        <startx number="23">39</startx>
        <starty number="23">56</starty>
        <finishx number="23">10</finishx>
        <finishy number="23">20</finishy>
        <startx number="24">49</startx>
        <starty number="24">59</starty>
        <finishx number="24">14</finishx>
        <finishy number="24">25</finishy>
        <startx number="25">25</startx>
        <starty number="25">42</starty>
        <finishx number="25">17</finishx>
        <finishy number="25">59</finishy>
        <startx number="26">48</startx>
        <starty number="26">9</starty>
        <finishx number="26">7</finishx>
        <finishy number="26">61</finishy>
        <startx number="27">47</startx>
        <starty number="27">25</starty>
        <finishx number="27">2</finishx>
        <finishy number="27">46</finishy>
        <startx number="28">21</startx>
        <starty number="28">24</starty>
        <finishx number="28">10</finishx>
        <finishy number="28">2</finishy>
        <startx number="29">35</startx>
        <starty number="29">14</starty>
        <finishx number="29">46</finishx>
        <finishy number="29">6</finishy>
        <startx number="30">34</startx>
        <starty number="30">59</starty>
        <finishx number="30">24</finishx>
        <finishy number="30">27</finishy>
        <startx number="31">45</startx>
        <starty number="31">39</starty>
        <finishx number="31">7</finishx>
        <finishy number="31">29</finishy>
        <startx number="32">34</startx>
        <starty number="32">54</starty>
        <finishx number="32">49</finishx>
        <finishy number="32">27</finishy>
        <startx number="33">13</startx>
        <starty number="33">44</starty>
        <finishx number="33">2</finishx>
        <finishy number="33">40</finishy>
        <startx number="34">29</startx>
        <starty number="34">57</starty>
        <finishx number="34">2</finishx>
        <finishy number="34">28</finishy>
        <startx number="35">1</startx>
        <starty number="35">1</starty>
        <finishx number="35">22</finishx>
        <finishy number="35">32</finishy>
        <startx number="36">20</startx>
        <starty number="36">46</starty>
        <finishx number="36">31</finishx>
        <finishy number="36">1</finishy>
        <startx number="37">39</startx>
        <starty number="37">0</starty>
        <finishx number="37">37</finishx>
        <finishy number="37">30</finishy>
        <startx number="38">52</startx>
        <starty number="38">13</starty>
        <finishx number="38">40</finishx>
        <finishy number="38">10</finishy>
        <startx number="39">4</startx>
        <starty number="39">35</starty>
        <finishx number="39">32</finishx>
        <finishy number="39">55</finishy>
        <startx number="40">63</startx>
        <starty number="40">39</starty>
        <finishx number="40">41</finishx>
        <finishy number="40">55</finishy>
        <startx number="41">63</startx>
        <starty number="41">6</starty>
        <finishx number="41">17</finishx>
        <finishy number="41">4</finishy>
        <startx number="42">44</startx>
        <starty number="42">34</starty>
        <finishx number="42">28</finishx>
        <finishy number="42">18</finishy>
        <startx number="43">37</startx>
        <starty number="43">26</starty>
        <finishx number="43">47</finishx>
        <finishy number="43">41</finishy>
        <startx number="44">14</startx>
        <starty number="44">28</starty>
        <finishx number="44">32</finishx>
        <finishy number="44">33</finishy>
        <startx number="45">53</startx>
        <starty number="45">18</starty>
        <finishx number="45">7</finishx>
        <finishy number="45">11</finishy>
        <startx number="46">30</startx>
        <starty number="46">25</starty>
        <finishx number="46">22</finishx>
        <finishy number="46">29</finishy>
        <startx number="47">39</startx>
        <starty number="47">16</starty>
        <finishx number="47">22</finishx>
        <finishy number="47">43</finishy>
        <startx number="48">6</startx>
        <starty number="48">32</starty>
        <finishx number="48">47</finishx>
        <finishy number="48">38</finishy>
        <startx number="49">26</startx>
        <starty number="49">23</starty>
        <finishx number="49">54</finishx>
        <finishy number="49">29</finishy>
        <startx number="50">40</startx>
        <starty number="50">37</starty>
        <finishx number="50">49</finishx>
        <finishy number="50">30</finishy>
        <startx number="51">24</startx>
        <starty number="51">58</starty>
        <finishx number="51">19</finishx>
        <finishy number="51">6</finishy>
        <startx number="52">51</startx>
        <starty number="52">19</starty>
        <finishx number="52">6</finishx>
        <finishy number="52">37</finishy>
        <startx number="53">13</startx>
        <starty number="53">2</starty>
        <finishx number="53">27</finishx>
        <finishy number="53">7</finishy>
        <startx number="54">16</startx>
        <starty number="54">46</starty>
        <finishx number="54">50</finishx>
        <finishy number="54">38</finishy>
        <startx number="55">18</startx>
        <starty number="55">19</starty>
        <finishx number="55">41</finishx>
        <finishy number="55">26</finishy>
        <startx number="56">25</startx>
        <starty number="56">10</starty>
        <finishx number="56">60</finishx>
        <finishy number="56">20</finishy>
        <startx number="57">19</startx>
        <starty number="57">59</starty>
        <finishx number="57">41</finishx>
        <finishy number="57">16</finishy>
        <startx number="58">56</startx>
        <starty number="58">18</starty>
        <finishx number="58">43</finishx>
        <finishy number="58">39</finishy>
        <startx number="59">46</startx>
        <starty number="59">4</starty>
        <finishx number="59">42</finishx>
        <finishy number="59">34</finishy>
        <startx number="60">15</startx>
        <starty number="60">62</starty>
        <finishx number="60">34</finishx>
        <finishy number="60">11</finishy>
        <startx number="61">43</startx>
        <starty number="61">12</starty>
        <finishx number="61">12</finishx>
        <finishy number="61">5</finishy>
        <startx number="62">13</startx>
        <starty number="62">60</starty>
        <finishx number="62">60</finishx>
        <finishy number="62">33</finishy>
        <startx number="63">58</startx>
        <starty number="63">7</starty>
        <finishx number="63">43</finishx>
        <finishy number="63">44</finishy>
        <startx number="64">30</startx>
        <starty number="64">54</starty>
        <finishx number="64">9</finishx>
        <finishy number="64">31</finishy>
        <startx number="65">52</startx>
        <starty number="65">5</starty>
        <finishx number="65">14</finishx>
        <finishy number="65">20</finishy>
        <startx number="66">26</startx>
        <starty number="66">26</starty>
        <finishx number="66">42</finishx>
        <finishy number="66">20</finishy>
        <startx number="67">21</startx>
        <starty number="67">19</starty>
        <finishx number="67">25</finishx>
        <finishy number="67">2</finishy>
        <startx number="68">6</startx>
        <starty number="68">51</starty>
        <finishx number="68">4</finishx>
        <finishy number="68">37</finishy>
        <startx number="69">55</startx>
        <starty number="69">34</starty>
        <finishx number="69">41</finishx>
        <finishy number="69">63</finishy>
        <startx number="70">7</startx>
        <starty number="70">27</starty>
        <finishx number="70">61</finishx>
        <finishy number="70">1</finishy>
        <startx number="71">38</startx>
        <starty number="71">45</starty>
        <finishx number="71">5</finishx>
        <finishy number="71">59</finishy>
        <startx number="72">51</startx>
        <starty number="72">27</starty>
        <finishx number="72">37</finishx>
        <finishy number="72">13</finishy>
        <startx number="73">63</startx>
        <starty number="73">14</starty>
        <finishx number="73">44</finishx>
        <finishy number="73">57</finishy>
        <startx number="74">52</startx>
        <starty number="74">22</starty>
        <finishx number="74">59</finishx>
        <finishy number="74">1</finishy>
        <startx number="75">50</startx>
        <starty number="75">16</starty>
        <finishx number="75">31</finishx>
        <finishy number="75">57</finishy>
        <startx number="76">4</startx>
        <starty number="76">32</starty>
        <finishx number="76">51</finishx>
        <finishy number="76">51</finishy>
        <startx number="77">16</startx>
        <starty number="77">6</starty>
        <finishx number="77">51</finishx>
        <finishy number="77">30</finishy>
        <startx number="78">23</startx>
        <starty number="78">0</starty>
        <finishx number="78">57</finishx>
        <finishy number="78">13</finishy>
        <startx number="79">6</startx>
        <starty number="79">43</starty>
        <finishx number="79">47</finishx>
        <finishy number="79">52</finishy>
        <startx number="80">56</startx>
        <starty number="80">24</starty>
        <finishx number="80">24</finishx>
        <finishy number="80">45</finishy>
        <startx number="81">4</startx>
        <starty number="81">22</starty>
        <finishx number="81">34</finishx>
        <finishy number="81">33</finishy>
        <startx number="82">15</startx>
        <starty number="82">3</starty>
        <finishx number="82">17</finishx>
        <finishy number="82">17</finishy>
        <startx number="83">45</startx>
        <starty number="83">52</starty>
        <finishx number="83">3</finishx>
        <finishy number="83">14</finishy>
        <startx number="84">20</startx>
        <starty number="84">37</starty>
        <finishx number="84">7</finishx>
        <finishy number="84">5</finishy>
        <startx number="85">43</startx>
        <starty number="85">31</starty>
        <finishx number="85">47</finishx>
        <finishy number="85">33</finishy>
        <startx number="86">16</startx>
        <starty number="86">54</starty>
        <finishx number="86">10</finishx>
        <finishy number="86">15</finishy>
        <startx number="87">27</startx>
        <starty number="87">15</starty>
        <finishx number="87">21</finishx>
        <finishy number="87">34</finishy>
        <startx number="88">55</startx>
        <starty number="88">61</starty>
        <finishx number="88">35</finishx>
        <finishy number="88">6</finishy>
        <startx number="89">0</startx>
        <starty number="89">11</starty>
        <finishx number="89">50</finishx>
        <finishy number="89">62</finishy>
        <startx number="90">17</startx>
        <starty number="90">9</starty>
        <finishx number="90">34</finishx>
        <finishy number="90">51</finishy>
        <startx number="91">54</startx>
        <starty number="91">58</starty>
        <finishx number="91">57</finishx>
        <finishy number="91">34</finishy>
        <startx number="92">56</startx>
        <starty number="92">2</starty>
        <finishx number="92">0</finishx>
        <finishy number="92">33</finishy>
        <startx number="93">1</startx>
        <starty number="93">17</starty>
        <finishx number="93">14</finishx>
        <finishy number="93">49</finishy>
        <startx number="94">25</startx>
        <starty number="94">56</starty>
        <finishx number="94">15</finishx>
        <finishy number="94">17</finishy>
        <startx number="95">33</startx>
        <starty number="95">46</starty>
        <finishx number="95">31</finishx>
        <finishy number="95">36</finishy>
        <startx number="96">20</startx>
        <starty number="96">56</starty>
        <finishx number="96">46</finishx>
        <finishy number="96">46</finishy>
        <startx number="97">50</startx>
        <starty number="97">1</starty>
        <finishx number="97">35</finishx>
        <finishy number="97">8</finishy>
        <startx number="98">43</startx>
        <starty number="98">47</starty>
        <finishx number="98">37</finishx>
        <finishy number="98">32</finishy>
        <startx number="99">19</startx>
        <starty number="99">54</starty>
        <finishx number="99">57</finishx>
        <finishy number="99">56</finishy>
        <startx number="100">18</startx>
        <starty number="100">25</starty>
        <finishx number="100">15</finishx>
        <finishy number="100">52</finishy>
        <startx number="101">22</startx>
        <starty number="101">10</starty>
        <finishx number="101">13</finishx>
        <finishy number="101">63</finishy>
        <startx number="102">17</startx>
        <starty number="102">11</starty>
        <finishx number="102">30</finishx>
        <finishy number="102">41</finishy>
        <startx number="103">7</startx>
        <starty number="103">59</starty>
        <finishx number="103">31</finishx>
        <finishy number="103">9</finishy>
        <startx number="104">57</startx>
        <starty number="104">50</starty>
        <finishx number="104">10</finishx>
        <finishy number="104">53</finishy>
        <startx number="105">11</startx>
        <starty number="105">44</starty>
        <finishx number="105">23</finishx>
        <finishy number="105">51</finishy>
        <startx number="106">10</startx>
        <starty number="106">10</starty>
        <finishx number="106">2</finishx>
        <finishy number="106">54</finishy>
        <startx number="107">58</startx>
        <starty number="107">53</starty>
        <finishx number="107">62</finishx>
        <finishy number="107">63</finishy>
        <startx number="108">20</startx>
        <starty number="108">16</starty>
        <finishx number="108">56</finishx>
        <finishy number="108">10</finishy>
        <startx number="109">15</startx>
        <starty number="109">59</starty>
        <finishx number="109">53</finishx>
        <finishy number="109">27</finishy>
        <startx number="110">61</startx>
        <starty number="110">12</starty>
        <finishx number="110">0</finishx>
        <finishy number="110">46</finishy>
        <startx number="111">19</startx>
        <starty number="111">21</starty>
        <finishx number="111">37</finishx>
        <finishy number="111">16</finishy>
        <startx number="112">49</startx>
        <starty number="112">35</starty>
        <finishx number="112">0</finishx>
        <finishy number="112">4</finishy>
        <startx number="113">25</startx>
        <starty number="113">7</starty>
        <finishx number="113">11</finishx>
        <finishy number="113">23</finishy>
        <startx number="114">54</startx>
        <starty number="114">11</starty>
        <finishx number="114">36</finishx>
        <finishy number="114">21</finishy>
        <startx number="115">30</startx>
        <starty number="115">30</starty>
        <finishx number="115">57</finishx>
        <finishy number="115">16</finishy>
        <startx number="116">9</startx>
        <starty number="116">4</starty>
        <finishx number="116">41</finishx>
        <finishy number="116">58</finishy>
        <startx number="117">1</startx>
        <starty number="117">51</starty>
        <finishx number="117">39</finishx>
        <finishy number="117">58</finishy>
        <startx number="118">12</startx>
        <starty number="118">49</starty>
        <finishx number="118">53</finishx>
        <finishy number="118">32</finishy>
        <startx number="119">10</startx>
        <starty number="119">55</starty>
        <finishx number="119">39</finishx>
        <finishy number="119">5</finishy>
        <startx number="120">59</startx>
        <starty number="120">4</starty>
        <finishx number="120">45</finishx>
        <finishy number="120">36</finishy>
        <startx number="121">42</startx>
        <starty number="121">53</starty>
        <finishx number="121">12</finishx>
        <finishy number="121">57</finishy>
        <startx number="122">62</startx>
        <starty number="122">9</starty>
        <finishx number="122">15</finishx>
        <finishy number="122">11</finishy>
        <startx number="123">37</startx>
        <starty number="123">8</starty>
        <finishx number="123">8</finishx>
        <finishy number="123">0</finishy>
        <startx number="124">59</startx>
        <starty number="124">42</starty>
        <finishx number="124">47</finishx>
        <finishy number="124">62</finishy>
        <startx number="125">0</startx>
        <starty number="125">27</starty>
        <finishx number="125">37</finishx>
        <finishy number="125">48</finishy>
        <startx number="126">12</startx>
        <starty number="126">10</starty>
        <finishx number="126">57</finishx>
        <finishy number="126">37</finishy>
        <startx number="127">52</startx>
        <starty number="127">11</starty>
        <finishx number="127">39</finishx>
        <finishy number="127">53</finishy>
        <startx number="128">0</startx>
        <starty number="128">9</starty>
        <finishx number="128">53</finishx>
        <finishy number="128">54</finishy>
        <startx number="129">13</startx>
        <starty number="129">15</starty>
        <finishx number="129">28</finishx>
        <finishy number="129">4</finishy>
        <startx number="130">50</startx>
        <starty number="130">25</starty>
        <finishx number="130">47</finishx>
        <finishy number="130">30</finishy>
        <startx number="131">12</startx>
        <starty number="131">52</starty>
        <finishx number="131">47</finishx>
        <finishy number="131">28</finishy>
        <startx number="132">17</startx>
        <starty number="132">28</starty>
        <finishx number="132">4</finishx>
        <finishy number="132">61</finishy>
        <startx number="133">49</startx>
        <starty number="133">20</starty>
        <finishx number="133">11</finishx>
        <finishy number="133">42</finishy>
        <startx number="134">62</startx>
        <starty number="134">57</starty>
        <finishx number="134">20</finishx>
        <finishy number="134">0</finishy>
        <startx number="135">9</startx>
        <starty number="135">39</starty>
        <finishx number="135">60</finishx>
        <finishy number="135">63</finishy>
        <startx number="136">25</startx>
        <starty number="136">50</starty>
        <finishx number="136">52</finishx>
        <finishy number="136">48</finishy>
        <startx number="137">0</startx>
        <starty number="137">62</starty>
        <finishx number="137">54</finishx>
        <finishy number="137">13</finishy>
        <startx number="138">27</startx>
        <starty number="138">57</starty>
        <finishx number="138">8</finishx>
        <finishy number="138">13</finishy>
        <startx number="139">34</startx>
        <starty number="139">57</starty>
        <finishx number="139">37</finishx>
        <finishy number="139">18</finishy>
        <startx number="140">12</startx>
        <starty number="140">20</starty>
        <finishx number="140">10</finishx>
        <finishy number="140">29</finishy>
        <startx number="141">40</startx>
        <starty number="141">31</starty>
        <finishx number="141">7</finishx>
        <finishy number="141">18</finishy>
        <startx number="142">32</startx>
        <starty number="142">12</starty>
        <finishx number="142">8</finishx>
        <finishy number="142">2</finishy>
        <startx number="143">31</startx>
        <starty number="143">22</starty>
        <finishx number="143">28</finishx>
        <finishy number="143">52</finishy>
        <startx number="144">41</startx>
        <starty number="144">50</starty>
        <finishx number="144">27</finishx>
        <finishy number="144">41</finishy>
        <startx number="145">27</startx>
        <starty number="145">63</starty>
        <finishx number="145">37</finishx>
        <finishy number="145">40</finishy>
        <startx number="146">25</startx>
        <starty number="146">20</starty>
        <finishx number="146">9</finishx>
        <finishy number="146">45</finishy>
        <startx number="147">0</startx>
        <starty number="147">38</starty>
        <finishx number="147">33</finishx>
        <finishy number="147">30</finishy>
        <startx number="148">34</startx>
        <starty number="148">16</starty>
        <finishx number="148">48</finishx>
        <finishy number="148">1</finishy>
        <startx number="149">58</startx>
        <starty number="149">10</starty>
        <finishx number="149">26</finishx>
        <finishy number="149">4</finishy>
        <startx number="150">36</startx>
        <starty number="150">3</starty>
        <finishx number="150">34</finishx>
        <finishy number="150">38</finishy>
        <startx number="151">25</startx>
        <starty number="151">61</starty>
        <finishx number="151">59</finishx>
        <finishy number="151">23</finishy>
        <startx number="152">12</startx>
        <starty number="152">7</starty>
        <finishx number="152">1</finishx>
        <finishy number="152">14</finishy>
        <startx number="153">29</startx>
        <starty number="153">60</starty>
        <finishx number="153">44</finishx>
        <finishy number="153">63</finishy>
        <startx number="154">16</startx>
        <starty number="154">41</starty>
        <finishx number="154">5</finishx>
        <finishy number="154">13</finishy>
        <startx number="155">23</startx>
        <starty number="155">15</starty>
        <finishx number="155">46</finishx>
        <finishy number="155">57</finishy>
        <startx number="156">10</startx>
        <starty number="156">50</starty>
        <finishx number="156">4</finishx>
        <finishy number="156">19</finishy>
        <startx number="157">63</startx>
        <starty number="157">28</starty>
        <finishx number="157">34</finishx>
        <finishy number="157">35</finishy>
        <startx number="158">60</startx>
        <starty number="158">26</starty>
        <finishx number="158">51</finishx>
        <finishy number="158">33</finishy>
        <startx number="159">2</startx>
        <starty number="159">6</starty>
        <finishx number="159">0</finishx>
        <finishy number="159">25</finishy>
        <startx number="160">4</startx>
        <starty number="160">45</starty>
        <finishx number="160">44</finishx>
        <finishy number="160">41</finishy>
        <startx number="161">50</startx>
        <starty number="161">41</starty>
        <finishx number="161">30</finishx>
        <finishy number="161">49</finishy>
        <startx number="162">10</startx>
        <starty number="162">58</starty>
        <finishx number="162">28</finishx>
        <finishy number="162">34</finishy>
        <startx number="163">43</startx>
        <starty number="163">7</starty>
        <finishx number="163">47</finishx>
        <finishy number="163">22</finishy>
        <startx number="164">59</startx>
        <starty number="164">31</starty>
        <finishx number="164">38</finishx>
        <finishy number="164">50</finishy>
        <startx number="165">1</startx>
        <starty number="165">57</starty>
        <finishx number="165">63</finishx>
        <finishy number="165">54</finishy>
        <startx number="166">37</startx>
        <starty number="166">59</starty>
        <finishx number="166">3</finishx>
        <finishy number="166">16</finishy>
        <startx number="167">37</startx>
        <starty number="167">24</starty>
        <finishx number="167">49</finishx>
        <finishy number="167">33</finishy>
        <startx number="168">30</startx>
        <starty number="168">17</starty>
        <finishx number="168">4</finishx>
        <finishy number="168">56</finishy>
        <startx number="169">33</startx>
        <starty number="169">6</starty>
        <finishx number="169">27</finishx>
        <finishy number="169">60</finishy>
        <startx number="170">56</startx>
        <starty number="170">63</starty>
        <finishx number="170">24</finishx>
        <finishy number="170">34</finishy>
        <startx number="171">6</startx>
        <starty number="171">16</starty>
        <finishx number="171">53</finishx>
        <finishy number="171">45</finishy>
        <startx number="172">52</startx>
        <starty number="172">38</starty>
        <finishx number="172">30</finishx>
        <finishy number="172">28</finishy>
        <startx number="173">57</startx>
        <starty number="173">26</starty>
        <finishx number="173">9</finishx>
        <finishy number="173">23</finishy>
        <startx number="174">26</startx>
        <starty number="174">44</starty>
        <finishx number="174">15</finishx>
        <finishy number="174">22</finishy>
        <startx number="175">33</startx>
        <starty number="175">62</starty>
        <finishx number="175">16</finishx>
        <finishy number="175">49</finishy>
        <startx number="176">35</startx>
        <starty number="176">30</starty>
        <finishx number="176">40</finishx>
        <finishy number="176">18</finishy>
        <startx number="177">56</startx>
        <starty number="177">29</starty>
        <finishx number="177">59</finishx>
        <finishy number="177">58</finishy>
        <startx number="178">13</startx>
        <starty number="178">33</starty>
        <finishx number="178">4</finishx>
        <finishy number="178">0</finishy>
        <startx number="179">57</startx>
        <starty number="179">61</starty>
        <finishx number="179">29</finishx>
        <finishy number="179">20</finishy>
        <startx number="180">58</startx>
        <starty number="180">45</starty>
        <finishx number="180">40</finishx>
        <finishy number="180">39</finishy>
        <startx number="181">9</startx>
        <starty number="181">26</starty>
        <finishx number="181">52</finishx>
        <finishy number="181">3</finishy>
        <startx number="182">24</startx>
        <starty number="182">13</starty>
        <finishx number="182">42</finishx>
        <finishy number="182">42</finishy>
        <startx number="183">5</startx>
        <starty number="183">8</starty>
        <finishx number="183">41</finishx>
        <finishy number="183">61</finishy>
        <startx number="184">7</startx>
        <starty number="184">8</starty>
        <finishx number="184">32</finishx>
        <finishy number="184">43</finishy>
        <startx number="185">26</startx>
        <starty number="185">36</starty>
        <finishx number="185">55</finishx>
        <finishy number="185">45</finishy>
        <startx number="186">63</startx>
        <starty number="186">19</starty>
        <finishx number="186">15</finishx>
        <finishy number="186">44</finishy>
        <startx number="187">29</startx>
        <starty number="187">12</starty>
        <finishx number="187">26</finishx>
        <finishy number="187">18</finishy>
        <startx number="188">27</startx>
        <starty number="188">9</starty>
        <finishx number="188">56</finishx>
        <finishy number="188">7</finishy>
        <startx number="189">53</startx>
        <starty number="189">0</starty>
        <finishx number="189">27</finishx>
        <finishy number="189">47</finishy>
        <startx number="190">17</startx>
        <starty number="190">33</starty>
        <finishx number="190">40</finishx>
        <finishy number="190">24</finishy>
        <startx number="191">39</startx>
        <starty number="191">2</starty>
        <finishx number="191">25</finishx>
        <finishy number="191">39</finishy>
        <startx number="192">52</startx>
        <starty number="192">35</starty>
        <finishx number="192">61</finishx>
        <finishy number="192">55</finishy>
        <startx number="193">3</startx>
        <starty number="193">51</starty>
        <finishx number="193">23</finishx>
        <finishy number="193">53</finishy>
        <startx number="194">33</startx>
        <starty number="194">20</starty>
        <finishx number="194">28</finishx>
        <finishy number="194">31</finishy>
        <startx number="195">6</startx>
        <starty number="195">0</starty>
        <finishx number="195">16</finishx>
        <finishy number="195">25</finishy>
        <startx number="196">16</startx>
        <starty number="196">36</starty>
        <finishx number="196">31</finishx>
        <finishy number="196">6</finishy>
        <startx number="197">36</startx>
        <starty number="197">54</starty>
        <finishx number="197">41</finishx>
        <finishy number="197">48</finishy>
        <startx number="198">36</startx>
        <starty number="198">61</starty>
        <finishx number="198">8</finishx>
        <finishy number="198">50</finishy>
        <startx number="199">4</startx>
        <starty number="199">48</starty>
        <finishx number="199">29</finishx>
        <finishy number="199">38</finishy>
        <grid>
            <row>0 0 0 0 0 0 0 0 0 0 0 0 0 0 0 0 0 0 0 0 0 0 0 0 0 0 0 0 0 0 0 0 0 0 0 0 0 0 0 0 0 0 0 0 0 0 0 0 0 0 0 0 0 0 0 0 0 0 0 0 0 0 0 0</row>
            <row>0 0 0 0 0 0 0 0 0 0 0 0 0 0 0 0 0 0 0 0 0 0 0 0 0 0 0 0 0 0 0 0 0 0 0 0 0 0 0 0 0 0 0 0 0 0 0 0 0 0 0 0 0 0 0 0 0 0 0 0 0 0 0 0</row>
            <row>0 0 0 0 0 0 0 0 0 0 0 0 0 0 0 0 0 0 0 0 0 0 0 0 0 0 0 0 0 0 0 0 0 0 0 0 0 0 0 0 0 0 0 0 0 0 0 0 0 0 0 0 0 0 0 0 0 0 0 0 0 0 0 0</row>
            <row>0 0 0 0 0 0 0 0 0 0 0 0 0 0 0 0 0 0 0 0 0 0 0 0 0 0 0 0 0 0 0 0 0 0 0 0 0 0 0 0 0 0 0 0 0 0 0 0 0 0 0 0 0 0 0 0 0 0 0 0 0 0 0 0</row>
            <row>0 0 0 0 0 0 0 0 0 0 0 0 0 0 0 0 0 0 0 0 0 0 0 0 0 0 0 0 0 0 0 0 0 0 0 0 0 0 0 0 0 0 0 0 0 0 0 0 0 0 0 0 0 0 0 0 0 0 0 0 0 0 0 0</row>
            <row>0 0 0 0 0 0 0 0 0 0 0 0 0 0 0 0 0 0 0 0 0 0 0 0 0 0 0 0 0 0 0 0 0 0 0 0 0 0 0 0 0 0 0 0 0 0 0 0 0 0 0 0 0 0 0 0 0 0 0 0 0 0 0 0</row>
            <row>0 0 0 0 0 0 0 0 0 0 0 0 0 0 0 0 0 0 0 0 0 0 0 0 0 0 0 0 0 0 0 0 0 0 0 0 0 0 0 0 0 0 0 0 0 0 0 0 0 0 0 0 0 0 0 0 0 0 0 0 0 0 0 0</row>
            <row>0 0 0 0 0 0 0 0 0 0 0 0 0 0 0 0 0 0 0 0 0 0 0 0 0 0 0 0 0 0 0 0 0 0 0 0 0 0 0 0 0 0 0 0 0 0 0 0 0 0 0 0 0 0 0 0 0 0 0 0 0 0 0 0</row>
            <row>0 0 0 0 0 0 0 0 0 0 0 0 0 0 0 0 0 0 0 0 0 0 0 0 0 0 0 0 0 0 0 0 0 0 0 0 0 0 0 0 0 0 0 0 0 0 0 0 0 0 0 0 0 0 0 0 0 0 0 0 0 0 0 0</row>
            <row>0 0 0 0 0 0 0 0 0 0 0 0 0 0 0 0 0 0 0 0 0 0 0 0 0 0 0 0 0 0 0 0 0 0 0 0 0 0 0 0 0 0 0 0 0 0 0 0 0 0 0 0 0 0 0 0 0 0 0 0 0 0 0 0</row>
            <row>0 0 0 0 0 0 0 0 0 0 0 0 0 0 0 0 0 0 0 0 0 0 0 0 0 0 0 0 0 0 0 0 0 0 0 0 0 0 0 0 0 0 0 0 0 0 0 0 0 0 0 0 0 0 0 0 0 0 0 0 0 0 0 0</row>
            <row>0 0 0 0 0 0 0 0 0 0 0 0 0 0 0 0 0 0 0 0 0 0 0 0 0 0 0 0 0 0 0 0 0 0 0 0 0 0 0 0 0 0 0 0 0 0 0 0 0 0 0 0 0 0 0 0 0 0 0 0 0 0 0 0</row>
            <row>0 0 0 0 0 0 0 0 0 0 0 0 0 0 0 0 0 0 0 0 0 0 0 0 0 0 0 0 0 0 0 0 0 0 0 0 0 0 0 0 0 0 0 0 0 0 0 0 0 0 0 0 0 0 0 0 0 0 0 0 0 0 0 0</row>
            <row>0 0 0 0 0 0 0 0 0 0 0 0 0 0 0 0 0 0 0 0 0 0 0 0 0 0 0 0 0 0 0 0 0 0 0 0 0 0 0 0 0 0 0 0 0 0 0 0 0 0 0 0 0 0 0 0 0 0 0 0 0 0 0 0</row>
            <row>0 0 0 0 0 0 0 0 0 0 0 0 0 0 0 0 0 0 0 0 0 0 0 0 0 0 0 0 0 0 0 0 0 0 0 0 0 0 0 0 0 0 0 0 0 0 0 0 0 0 0 0 0 0 0 0 0 0 0 0 0 0 0 0</row>
            <row>0 0 0 0 0 0 0 0 0 0 0 0 0 0 0 0 0 0 0 0 0 0 0 0 0 0 0 0 0 0 0 0 0 0 0 0 0 0 0 0 0 0 0 0 0 0 0 0 0 0 0 0 0 0 0 0 0 0 0 0 0 0 0 0</row>
            <row>0 0 0 0 0 0 0 0 0 0 0 0 0 0 0 0 0 0 0 0 0 0 0 0 0 0 0 0 0 0 0 0 0 0 0 0 0 0 0 0 0 0 0 0 0 0 0 0 0 0 0 0 0 0 0 0 0 0 0 0 0 0 0 0</row>
            <row>0 0 0 0 0 0 0 0 0 0 0 0 0 0 0 0 0 0 0 0 0 0 0 0 0 0 0 0 0 0 0 0 0 0 0 0 0 0 0 0 0 0 0 0 0 0 0 0 0 0 0 0 0 0 0 0 0 0 0 0 0 0 0 0</row>
            <row>0 0 0 0 0 0 0 0 0 0 0 0 0 0 0 0 0 0 0 0 0 0 0 0 0 0 0 0 0 0 0 0 0 0 0 0 0 0 0 0 0 0 0 0 0 0 0 0 0 0 0 0 0 0 0 0 0 0 0 0 0 0 0 0</row>
            <row>0 0 0 0 0 0 0 0 0 0 0 0 0 0 0 0 0 0 0 0 0 0 0 0 0 0 0 0 0 0 0 0 0 0 0 0 0 0 0 0 0 0 0 0 0 0 0 0 0 0 0 0 0 0 0 0 0 0 0 0 0 0 0 0</row>
            <row>0 0 0 0 0 0 0 0 0 0 0 0 0 0 0 0 0 0 0 0 0 0 0 0 0 0 0 0 0 0 0 0 0 0 0 0 0 0 0 0 0 0 0 0 0 0 0 0 0 0 0 0 0 0 0 0 0 0 0 0 0 0 0 0</row>
            <row>0 0 0 0 0 0 0 0 0 0 0 0 0 0 0 0 0 0 0 0 0 0 0 0 0 0 0 0 0 0 0 0 0 0 0 0 0 0 0 0 0 0 0 0 0 0 0 0 0 0 0 0 0 0 0 0 0 0 0 0 0 0 0 0</row>
            <row>0 0 0 0 0 0 0 0 0 0 0 0 0 0 0 0 0 0 0 0 0 0 0 0 0 0 0 0 0 0 0 0 0 0 0 0 0 0 0 0 0 0 0 0 0 0 0 0 0 0 0 0 0 0 0 0 0 0 0 0 0 0 0 0</row>
            <row>0 0 0 0 0 0 0 0 0 0 0 0 0 0 0 0 0 0 0 0 0 0 0 0 0 0 0 0 0 0 0 0 0 0 0 0 0 0 0 0 0 0 0 0 0 0 0 0 0 0 0 0 0 0 0 0 0 0 0 0 0 0 0 0</row>
            <row>0 0 0 0 0 0 0 0 0 0 0 0 0 0 0 0 0 0 0 0 0 0 0 0 0 0 0 0 0 0 0 0 0 0 0 0 0 0 0 0 0 0 0 0 0 0 0 0 0 0 0 0 0 0 0 0 0 0 0 0 0 0 0 0</row>
            <row>0 0 0 0 0 0 0 0 0 0 0 0 0 0 0 0 0 0 0 0 0 0 0 0 0 0 0 0 0 0 0 0 0 0 0 0 0 0 0 0 0 0 0 0 0 0 0 0 0 0 0 0 0 0 0 0 0 0 0 0 0 0 0 0</row>
            <row>0 0 0 0 0 0 0 0 0 0 0 0 0 0 0 0 0 0 0 0 0 0 0 0 0 0 0 0 0 0 0 0 0 0 0 0 0 0 0 0 0 0 0 0 0 0 0 0 0 0 0 0 0 0 0 0 0 0 0 0 0 0 0 0</row>
            <row>0 0 0 0 0 0 0 0 0 0 0 0 0 0 0 0 0 0 0 0 0 0 0 0 0 0 0 0 0 0 0 0 0 0 0 0 0 0 0 0 0 0 0 0 0 0 0 0 0 0 0 0 0 0 0 0 0 0 0 0 0 0 0 0</row>
            <row>0 0 0 0 0 0 0 0 0 0 0 0 0 0 0 0 0 0 0 0 0 0 0 0 0 0 0 0 0 0 0 0 0 0 0 0 0 0 0 0 0 0 0 0 0 0 0 0 0 0 0 0 0 0 0 0 0 0 0 0 0 0 0 0</row>
            <row>0 0 0 0 0 0 0 0 0 0 0 0 0 0 0 0 0 0 0 0 0 0 0 0 0 0 0 0 0 0 0 0 0 0 0 0 0 0 0 0 0 0 0 0 0 0 0 0 0 0 0 0 0 0 0 0 0 0 0 0 0 0 0 0</row>
            <row>0 0 0 0 0 0 0 0 0 0 0 0 0 0 0 0 0 0 0 0 0 0 0 0 0 0 0 0 0 0 0 0 0 0 0 0 0 0 0 0 0 0 0 0 0 0 0 0 0 0 0 0 0 0 0 0 0 0 0 0 0 0 0 0</row>
            <row>0 0 0 0 0 0 0 0 0 0 0 0 0 0 0 0 0 0 0 0 0 0 0 0 0 0 0 0 0 0 0 0 0 0 0 0 0 0 0 0 0 0 0 0 0 0 0 0 0 0 0 0 0 0 0 0 0 0 0 0 0 0 0 0</row>
            <row>0 0 0 0 0 0 0 0 0 0 0 0 0 0 0 0 0 0 0 0 0 0 0 0 0 0 0 0 0 0 0 0 0 0 0 0 0 0 0 0 0 0 0 0 0 0 0 0 0 0 0 0 0 0 0 0 0 0 0 0 0 0 0 0</row>
            <row>0 0 0 0 0 0 0 0 0 0 0 0 0 0 0 0 0 0 0 0 0 0 0 0 0 0 0 0 0 0 0 0 0 0 0 0 0 0 0 0 0 0 0 0 0 0 0 0 0 0 0 0 0 0 0 0 0 0 0 0 0 0 0 0</row>
            <row>0 0 0 0 0 0 0 0 0 0 0 0 0 0 0 0 0 0 0 0 0 0 0 0 0 0 0 0 0 0 0 0 0 0 0 0 0 0 0 0 0 0 0 0 0 0 0 0 0 0 0 0 0 0 0 0 0 0 0 0 0 0 0 0</row>
            <row>0 0 0 0 0 0 0 0 0 0 0 0 0 0 0 0 0 0 0 0 0 0 0 0 0 0 0 0 0 0 0 0 0 0 0 0 0 0 0 0 0 0 0 0 0 0 0 0 0 0 0 0 0 0 0 0 0 0 0 0 0 0 0 0</row>
            <row>0 0 0 0 0 0 0 0 0 0 0 0 0 0 0 0 0 0 0 0 0 0 0 0 0 0 0 0 0 0 0 0 0 0 0 0 0 0 0 0 0 0 0 0 0 0 0 0 0 0 0 0 0 0 0 0 0 0 0 0 0 0 0 0</row>
            <row>0 0 0 0 0 0 0 0 0 0 0 0 0 0 0 0 0 0 0 0 0 0 0 0 0 0 0 0 0 0 0 0 0 0 0 0 0 0 0 0 0 0 0 0 0 0 0 0 0 0 0 0 0 0 0 0 0 0 0 0 0 0 0 0</row>
            <row>0 0 0 0 0 0 0 0 0 0 0 0 0 0 0 0 0 0 0 0 0 0 0 0 0 0 0 0 0 0 0 0 0 0 0 0 0 0 0 0 0 0 0 0 0 0 0 0 0 0 0 0 0 0 0 0 0 0 0 0 0 0 0 0</row>
            <row>0 0 0 0 0 0 0 0 0 0 0 0 0 0 0 0 0 0 0 0 0 0 0 0 0 0 0 0 0 0 0 0 0 0 0 0 0 0 0 0 0 0 0 0 0 0 0 0 0 0 0 0 0 0 0 0 0 0 0 0 0 0 0 0</row>
            <row>0 0 0 0 0 0 0 0 0 0 0 0 0 0 0 0 0 0 0 0 0 0 0 0 0 0 0 0 0 0 0 0 0 0 0 0 0 0 0 0 0 0 0 0 0 0 0 0 0 0 0 0 0 0 0 0 0 0 0 0 0 0 0 0</row>
            <row>0 0 0 0 0 0 0 0 0 0 0 0 0 0 0 0 0 0 0 0 0 0 0 0 0 0 0 0 0 0 0 0 0 0 0 0 0 0 0 0 0 0 0 0 0 0 0 0 0 0 0 0 0 0 0 0 0 0 0 0 0 0 0 0</row>
            <row>0 0 0 0 0 0 0 0 0 0 0 0 0 0 0 0 0 0 0 0 0 0 0 0 0 0 0 0 0 0 0 0 0 0 0 0 0 0 0 0 0 0 0 0 0 0 0 0 0 0 0 0 0 0 0 0 0 0 0 0 0 0 0 0</row>
            <row>0 0 0 0 0 0 0 0 0 0 0 0 0 0 0 0 0 0 0 0 0 0 0 0 0 0 0 0 0 0 0 0 0 0 0 0 0 0 0 0 0 0 0 0 0 0 0 0 0 0 0 0 0 0 0 0 0 0 0 0 0 0 0 0</row>
            <row>0 0 0 0 0 0 0 0 0 0 0 0 0 0 0 0 0 0 0 0 0 0 0 0 0 0 0 0 0 0 0 0 0 0 0 0 0 0 0 0 0 0 0 0 0 0 0 0 0 0 0 0 0 0 0 0 0 0 0 0 0 0 0 0</row>
            <row>0 0 0 0 0 0 0 0 0 0 0 0 0 0 0 0 0 0 0 0 0 0 0 0 0 0 0 0 0 0 0 0 0 0 0 0 0 0 0 0 0 0 0 0 0 0 0 0 0 0 0 0 0 0 0 0 0 0 0 0 0 0 0 0</row>
            <row>0 0 0 0 0 0 0 0 0 0 0 0 0 0 0 0 0 0 0 0 0 0 0 0 0 0 0 0 0 0 0 0 0 0 0 0 0 0 0 0 0 0 0 0 0 0 0 0 0 0 0 0 0 0 0 0 0 0 0 0 0 0 0 0</row>
            <row>0 0 0 0 0 0 0 0 0 0 0 0 0 0 0 0 0 0 0 0 0 0 0 0 0 0 0 0 0 0 0 0 0 0 0 0 0 0 0 0 0 0 0 0 0 0 0 0 0 0 0 0 0 0 0 0 0 0 0 0 0 0 0 0</row>
            <row>0 0 0 0 0 0 0 0 0 0 0 0 0 0 0 0 0 0 0 0 0 0 0 0 0 0 0 0 0 0 0 0 0 0 0 0 0 0 0 0 0 0 0 0 0 0 0 0 0 0 0 0 0 0 0 0 0 0 0 0 0 0 0 0</row>
            <row>0 0 0 0 0 0 0 0 0 0 0 0 0 0 0 0 0 0 0 0 0 0 0 0 0 0 0 0 0 0 0 0 0 0 0 0 0 0 0 0 0 0 0 0 0 0 0 0 0 0 0 0 0 0 0 0 0 0 0 0 0 0 0 0</row>
            <row>0 0 0 0 0 0 0 0 0 0 0 0 0 0 0 0 0 0 0 0 0 0 0 0 0 0 0 0 0 0 0 0 0 0 0 0 0 0 0 0 0 0 0 0 0 0 0 0 0 0 0 0 0 0 0 0 0 0 0 0 0 0 0 0</row>
            <row>0 0 0 0 0 0 0 0 0 0 0 0 0 0 0 0 0 0 0 0 0 0 0 0 0 0 0 0 0 0 0 0 0 0 0 0 0 0 0 0 0 0 0 0 0 0 0 0 0 0 0 0 0 0 0 0 0 0 0 0 0 0 0 0</row>
            <row>0 0 0 0 0 0 0 0 0 0 0 0 0 0 0 0 0 0 0 0 0 0 0 0 0 0 0 0 0 0 0 0 0 0 0 0 0 0 0 0 0 0 0 0 0 0 0 0 0 0 0 0 0 0 0 0 0 0 0 0 0 0 0 0</row>
            <row>0 0 0 0 0 0 0 0 0 0 0 0 0 0 0 0 0 0 0 0 0 0 0 0 0 0 0 0 0 0 0 0 0 0 0 0 0 0 0 0 0 0 0 0 0 0 0 0 0 0 0 0 0 0 0 0 0 0 0 0 0 0 0 0</row>
            <row>0 0 0 0 0 0 0 0 0 0 0 0 0 0 0 0 0 0 0 0 0 0 0 0 0 0 0 0 0 0 0 0 0 0 0 0 0 0 0 0 0 0 0 0 0 0 0 0 0 0 0 0 0 0 0 0 0 0 0 0 0 0 0 0</row>
            <row>0 0 0 0 0 0 0 0 0 0 0 0 0 0 0 0 0 0 0 0 0 0 0 0 0 0 0 0 0 0 0 0 0 0 0 0 0 0 0 0 0 0 0 0 0 0 0 0 0 0 0 0 0 0 0 0 0 0 0 0 0 0 0 0</row>
            <row>0 0 0 0 0 0 0 0 0 0 0 0 0 0 0 0 0 0 0 0 0 0 0 0 0 0 0 0 0 0 0 0 0 0 0 0 0 0 0 0 0 0 0 0 0 0 0 0 0 0 0 0 0 0 0 0 0 0 0 0 0 0 0 0</row>
            <row>0 0 0 0 0 0 0 0 0 0 0 0 0 0 0 0 0 0 0 0 0 0 0 0 0 0 0 0 0 0 0 0 0 0 0 0 0 0 0 0 0 0 0 0 0 0 0 0 0 0 0 0 0 0 0 0 0 0 0 0 0 0 0 0</row>
            <row>0 0 0 0 0 0 0 0 0 0 0 0 0 0 0 0 0 0 0 0 0 0 0 0 0 0 0 0 0 0 0 0 0 0 0 0 0 0 0 0 0 0 0 0 0 0 0 0 0 0 0 0 0 0 0 0 0 0 0 0 0 0 0 0</row>
            <row>0 0 0 0 0 0 0 0 0 0 0 0 0 0 0 0 0 0 0 0 0 0 0 0 0 0 0 0 0 0 0 0 0 0 0 0 0 0 0 0 0 0 0 0 0 0 0 0 0 0 0 0 0 0 0 0 0 0 0 0 0 0 0 0</row>
            <row>0 0 0 0 0 0 0 0 0 0 0 0 0 0 0 0 0 0 0 0 0 0 0 0 0 0 0 0 0 0 0 0 0 0 0 0 0 0 0 0 0 0 0 0 0 0 0 0 0 0 0 0 0 0 0 0 0 0 0 0 0 0 0 0</row>
            <row>0 0 0 0 0 0 0 0 0 0 0 0 0 0 0 0 0 0 0 0 0 0 0 0 0 0 0 0 0 0 0 0 0 0 0 0 0 0 0 0 0 0 0 0 0 0 0 0 0 0 0 0 0 0 0 0 0 0 0 0 0 0 0 0</row>
            <row>0 0 0 0 0 0 0 0 0 0 0 0 0 0 0 0 0 0 0 0 0 0 0 0 0 0 0 0 0 0 0 0 0 0 0 0 0 0 0 0 0 0 0 0 0 0 0 0 0 0 0 0 0 0 0 0 0 0 0 0 0 0 0 0</row>
            <row>0 0 0 0 0 0 0 0 0 0 0 0 0 0 0 0 0 0 0 0 0 0 0 0 0 0 0 0 0 0 0 0 0 0 0 0 0 0 0 0 0 0 0 0 0 0 0 0 0 0 0 0 0 0 0 0 0 0 0 0 0 0 0 0</row>
        </grid>
    </map>
    <algorithm>
        <allowanyangle>true</allowanyangle>
        <metrictype>euclid</metrictype>
        <breakingties>g-max</breakingties>
        <weight>1</weight>
    </algorithm>
    <options>
        <loglevel>1</loglevel>
        <logpath />
        <logfilename />
    </options>
</root>
