<?xml version="1.0" ?>
<root>
    <map>
        <width>64</width>
        <height>64</height>
        <agents>150</agents>
        <startx number="0">26</startx>
        <starty number="0">63</starty>
        <finishx number="0">7</finishx>
        <finishy number="0">13</finishy>
        <startx number="1">18</startx>
        <starty number="1">9</starty>
        <finishx number="1">4</finishx>
        <finishy number="1">6</finishy>
        <startx number="2">30</startx>
        <starty number="2">41</starty>
        <finishx number="2">43</finishx>
        <finishy number="2">33</finishy>
        <startx number="3">23</startx>
        <starty number="3">45</starty>
        <finishx number="3">45</finishx>
        <finishy number="3">28</finishy>
        <startx number="4">49</startx>
        <starty number="4">14</starty>
        <finishx number="4">16</finishx>
        <finishy number="4">59</finishy>
        <startx number="5">22</startx>
        <starty number="5">29</starty>
        <finishx number="5">11</finishx>
        <finishy number="5">20</finishy>
        <startx number="6">12</startx>
        <starty number="6">60</starty>
        <finishx number="6">36</finishx>
        <finishy number="6">11</finishy>
        <startx number="7">58</startx>
        <starty number="7">2</starty>
        <finishx number="7">37</finishx>
        <finishy number="7">0</finishy>
        <startx number="8">58</startx>
        <starty number="8">18</starty>
        <finishx number="8">12</finishx>
        <finishy number="8">39</finishy>
        <startx number="9">34</startx>
        <starty number="9">19</starty>
        <finishx number="9">5</finishx>
        <finishy number="9">11</finishy>
        <startx number="10">30</startx>
        <starty number="10">62</starty>
        <finishx number="10">0</finishx>
        <finishy number="10">33</finishy>
        <startx number="11">20</startx>
        <starty number="11">13</starty>
        <finishx number="11">42</finishx>
        <finishy number="11">50</finishy>
        <startx number="12">2</startx>
        <starty number="12">22</starty>
        <finishx number="12">20</finishx>
        <finishy number="12">56</finishy>
        <startx number="13">21</startx>
        <starty number="13">27</starty>
        <finishx number="13">27</finishx>
        <finishy number="13">23</finishy>
        <startx number="14">51</startx>
        <starty number="14">3</starty>
        <finishx number="14">2</finishx>
        <finishy number="14">35</finishy>
        <startx number="15">28</startx>
        <starty number="15">44</starty>
        <finishx number="15">32</finishx>
        <finishy number="15">62</finishy>
        <startx number="16">57</startx>
        <starty number="16">15</starty>
        <finishx number="16">31</finishx>
        <finishy number="16">55</finishy>
        <startx number="17">23</startx>
        <starty number="17">5</starty>
        <finishx number="17">60</finishx>
        <finishy number="17">44</finishy>
        <startx number="18">40</startx>
        <starty number="18">37</starty>
        <finishx number="18">12</finishx>
        <finishy number="18">4</finishy>
        <startx number="19">5</startx>
        <starty number="19">61</starty>
        <finishx number="19">56</finishx>
        <finishy number="19">47</finishy>
        <startx number="20">44</startx>
        <starty number="20">2</starty>
        <finishx number="20">35</finishx>
        <finishy number="20">35</finishy>
        <startx number="21">14</startx>
        <starty number="21">41</starty>
        <finishx number="21">60</finishx>
        <finishy number="21">60</finishy>
        <startx number="22">34</startx>
        <starty number="22">43</starty>
        <finishx number="22">4</finishx>
        <finishy number="22">46</finishy>
        <startx number="23">63</startx>
        <starty number="23">60</starty>
        <finishx number="23">30</finishx>
        <finishy number="23">17</finishy>
        <startx number="24">60</startx>
        <starty number="24">10</starty>
        <finishx number="24">42</finishx>
        <finishy number="24">23</finishy>
        <startx number="25">7</startx>
        <starty number="25">3</starty>
        <finishx number="25">21</finishx>
        <finishy number="25">11</finishy>
        <startx number="26">52</startx>
        <starty number="26">59</starty>
        <finishx number="26">23</finishx>
        <finishy number="26">40</finishy>
        <startx number="27">15</startx>
        <starty number="27">54</starty>
        <finishx number="27">57</finishx>
        <finishy number="27">26</finishy>
        <startx number="28">61</startx>
        <starty number="28">63</starty>
        <finishx number="28">22</finishx>
        <finishy number="28">37</finishy>
        <startx number="29">55</startx>
        <starty number="29">50</starty>
        <finishx number="29">63</finishx>
        <finishy number="29">25</finishy>
        <startx number="30">19</startx>
        <starty number="30">30</starty>
        <finishx number="30">23</finishx>
        <finishy number="30">32</finishy>
        <startx number="31">26</startx>
        <starty number="31">12</starty>
        <finishx number="31">9</finishx>
        <finishy number="31">28</finishy>
        <startx number="32">60</startx>
        <starty number="32">7</starty>
        <finishx number="32">0</finishx>
        <finishy number="32">52</finishy>
        <startx number="33">61</startx>
        <starty number="33">38</starty>
        <finishx number="33">29</finishx>
        <finishy number="33">52</finishy>
        <startx number="34">32</startx>
        <starty number="34">30</starty>
        <finishx number="34">27</finishx>
        <finishy number="34">15</finishy>
        <startx number="35">16</startx>
        <starty number="35">17</starty>
        <finishx number="35">39</finishx>
        <finishy number="35">58</finishy>
        <startx number="36">14</startx>
        <starty number="36">31</starty>
        <finishx number="36">47</finishx>
        <finishy number="36">17</finishy>
        <startx number="37">58</startx>
        <starty number="37">20</starty>
        <finishx number="37">10</finishx>
        <finishy number="37">2</finishy>
        <startx number="38">16</startx>
        <starty number="38">1</starty>
        <finishx number="38">59</finishx>
        <finishy number="38">34</finishy>
        <startx number="39">57</startx>
        <starty number="39">37</starty>
        <finishx number="39">47</finishx>
        <finishy number="39">3</finishy>
        <startx number="40">9</startx>
        <starty number="40">53</starty>
        <finishx number="40">20</finishx>
        <finishy number="40">59</finishy>
        <startx number="41">21</startx>
        <starty number="41">40</starty>
        <finishx number="41">17</finishx>
        <finishy number="41">22</finishy>
        <startx number="42">38</startx>
        <starty number="42">61</starty>
        <finishx number="42">29</finishx>
        <finishy number="42">58</finishy>
        <startx number="43">17</startx>
        <starty number="43">43</starty>
        <finishx number="43">29</finishx>
        <finishy number="43">15</finishy>
        <startx number="44">43</startx>
        <starty number="44">39</starty>
        <finishx number="44">48</finishx>
        <finishy number="44">54</finishy>
        <startx number="45">41</startx>
        <starty number="45">45</starty>
        <finishx number="45">23</finishx>
        <finishy number="45">34</finishy>
        <startx number="46">50</startx>
        <starty number="46">0</starty>
        <finishx number="46">15</finishx>
        <finishy number="46">43</finishy>
        <startx number="47">2</startx>
        <starty number="47">1</starty>
        <finishx number="47">58</finishx>
        <finishy number="47">23</finishy>
        <startx number="48">46</startx>
        <starty number="48">19</starty>
        <finishx number="48">9</finishx>
        <finishy number="48">58</finishy>
        <startx number="49">4</startx>
        <starty number="49">37</starty>
        <finishx number="49">63</finishx>
        <finishy number="49">17</finishy>
        <startx number="50">7</startx>
        <starty number="50">19</starty>
        <finishx number="50">3</finishx>
        <finishy number="50">11</finishy>
        <startx number="51">10</startx>
        <starty number="51">45</starty>
        <finishx number="51">50</finishx>
        <finishy number="51">25</finishy>
        <startx number="52">54</startx>
        <starty number="52">29</starty>
        <finishx number="52">40</finishx>
        <finishy number="52">50</finishy>
        <startx number="53">38</startx>
        <starty number="53">37</starty>
        <finishx number="53">28</finishx>
        <finishy number="53">28</finishy>
        <startx number="54">24</startx>
        <starty number="54">47</starty>
        <finishx number="54">42</finishx>
        <finishy number="54">36</finishy>
        <startx number="55">54</startx>
        <starty number="55">35</starty>
        <finishx number="55">9</finishx>
        <finishy number="55">0</finishy>
        <startx number="56">37</startx>
        <starty number="56">16</starty>
        <finishx number="56">1</finishx>
        <finishy number="56">40</finishy>
        <startx number="57">7</startx>
        <starty number="57">45</starty>
        <finishx number="57">10</finishx>
        <finishy number="57">47</finishy>
        <startx number="58">28</startx>
        <starty number="58">39</starty>
        <finishx number="58">62</finishx>
        <finishy number="58">4</finishy>
        <startx number="59">23</startx>
        <starty number="59">50</starty>
        <finishx number="59">34</finishx>
        <finishy number="59">14</finishy>
        <startx number="60">30</startx>
        <starty number="60">25</starty>
        <finishx number="60">45</finishx>
        <finishy number="60">9</finishy>
        <startx number="61">48</startx>
        <starty number="61">43</starty>
        <finishx number="61">3</finishx>
        <finishy number="61">17</finishy>
        <startx number="62">32</startx>
        <starty number="62">44</starty>
        <finishx number="62">11</finishx>
        <finishy number="62">7</finishy>
        <startx number="63">26</startx>
        <starty number="63">7</starty>
        <finishx number="63">39</finishx>
        <finishy number="63">16</finishy>
        <startx number="64">56</startx>
        <starty number="64">18</starty>
        <finishx number="64">23</finishx>
        <finishy number="64">13</finishy>
        <startx number="65">51</startx>
        <starty number="65">32</starty>
        <finishx number="65">49</finishx>
        <finishy number="65">6</finishy>
        <startx number="66">36</startx>
        <starty number="66">45</starty>
        <finishx number="66">51</finishx>
        <finishy number="66">5</finishy>
        <startx number="67">42</startx>
        <starty number="67">21</starty>
        <finishx number="67">14</finishx>
        <finishy number="67">25</finishy>
        <startx number="68">43</startx>
        <starty number="68">31</starty>
        <finishx number="68">33</finishx>
        <finishy number="68">11</finishy>
        <startx number="69">50</startx>
        <starty number="69">57</starty>
        <finishx number="69">55</finishx>
        <finishy number="69">2</finishy>
        <startx number="70">19</startx>
        <starty number="70">11</starty>
        <finishx number="70">60</finishx>
        <finishy number="70">47</finishy>
        <startx number="71">43</startx>
        <starty number="71">5</starty>
        <finishx number="71">20</finishx>
        <finishy number="71">32</finishy>
        <startx number="72">32</startx>
        <starty number="72">38</starty>
        <finishx number="72">42</finishx>
        <finishy number="72">13</finishy>
        <startx number="73">20</startx>
        <starty number="73">50</starty>
        <finishx number="73">46</finishx>
        <finishy number="73">6</finishy>
        <startx number="74">21</startx>
        <starty number="74">46</starty>
        <finishx number="74">57</finishx>
        <finishy number="74">40</finishy>
        <startx number="75">42</startx>
        <starty number="75">18</starty>
        <finishx number="75">22</finishx>
        <finishy number="75">2</finishy>
        <startx number="76">60</startx>
        <starty number="76">57</starty>
        <finishx number="76">0</finishx>
        <finishy number="76">36</finishy>
        <startx number="77">28</startx>
        <starty number="77">42</starty>
        <finishx number="77">38</finishx>
        <finishy number="77">3</finishy>
        <startx number="78">8</startx>
        <starty number="78">5</starty>
        <finishx number="78">14</finishx>
        <finishy number="78">52</finishy>
        <startx number="79">10</startx>
        <starty number="79">31</starty>
        <finishx number="79">56</finishx>
        <finishy number="79">34</finishy>
        <startx number="80">4</startx>
        <starty number="80">59</starty>
        <finishx number="80">7</finishx>
        <finishy number="80">32</finishy>
        <startx number="81">63</startx>
        <starty number="81">22</starty>
        <finishx number="81">29</finishx>
        <finishy number="81">9</finishy>
        <startx number="82">4</startx>
        <starty number="82">24</starty>
        <finishx number="82">57</finishx>
        <finishy number="82">61</finishy>
        <startx number="83">3</startx>
        <starty number="83">51</starty>
        <finishx number="83">63</finishx>
        <finishy number="83">14</finishy>
        <startx number="84">35</startx>
        <starty number="84">29</starty>
        <finishx number="84">14</finishx>
        <finishy number="84">23</finishy>
        <startx number="85">59</startx>
        <starty number="85">55</starty>
        <finishx number="85">6</finishx>
        <finishy number="85">40</finishy>
        <startx number="86">62</startx>
        <starty number="86">9</starty>
        <finishx number="86">37</finishx>
        <finishy number="86">18</finishy>
        <startx number="87">48</startx>
        <starty number="87">46</starty>
        <finishx number="87">50</finishx>
        <finishy number="87">41</finishy>
        <startx number="88">51</startx>
        <starty number="88">54</starty>
        <finishx number="88">58</finishx>
        <finishy number="88">58</finishy>
        <startx number="89">31</startx>
        <starty number="89">9</starty>
        <finishx number="89">2</finishx>
        <finishy number="89">3</finishy>
        <startx number="90">48</startx>
        <starty number="90">62</starty>
        <finishx number="90">30</finishx>
        <finishy number="90">1</finishy>
        <startx number="91">40</startx>
        <starty number="91">23</starty>
        <finishx number="91">16</finishx>
        <finishy number="91">38</finishy>
        <startx number="92">32</startx>
        <starty number="92">60</starty>
        <finishx number="92">57</finishx>
        <finishy number="92">7</finishy>
        <startx number="93">14</startx>
        <starty number="93">6</starty>
        <finishx number="93">40</finishx>
        <finishy number="93">18</finishy>
        <startx number="94">17</startx>
        <starty number="94">32</starty>
        <finishx number="94">24</finishx>
        <finishy number="94">8</finishy>
        <startx number="95">32</startx>
        <starty number="95">25</starty>
        <finishx number="95">44</finishx>
        <finishy number="95">55</finishy>
        <startx number="96">52</startx>
        <starty number="96">30</starty>
        <finishx number="96">48</finishx>
        <finishy number="96">49</finishy>
        <startx number="97">2</startx>
        <starty number="97">49</starty>
        <finishx number="97">7</finishx>
        <finishy number="97">37</finishy>
        <startx number="98">12</startx>
        <starty number="98">55</starty>
        <finishx number="98">57</finishx>
        <finishy number="98">45</finishy>
        <startx number="99">47</startx>
        <starty number="99">28</starty>
        <finishx number="99">17</finishx>
        <finishy number="99">49</finishy>
        <startx number="100">1</startx>
        <starty number="100">14</starty>
        <finishx number="100">62</finishx>
        <finishy number="100">52</finishy>
        <startx number="101">15</startx>
        <starty number="101">28</starty>
        <finishx number="101">52</finishx>
        <finishy number="101">0</finishy>
        <startx number="102">23</startx>
        <starty number="102">21</starty>
        <finishx number="102">36</finishx>
        <finishy number="102">38</finishy>
        <startx number="103">27</startx>
        <starty number="103">53</starty>
        <finishx number="103">51</finishx>
        <finishy number="103">27</finishy>
        <startx number="104">45</startx>
        <starty number="104">15</starty>
        <finishx number="104">36</finishx>
        <finishy number="104">50</finishy>
        <startx number="105">59</startx>
        <starty number="105">53</starty>
        <finishx number="105">24</finishx>
        <finishy number="105">37</finishy>
        <startx number="106">42</startx>
        <starty number="106">42</starty>
        <finishx number="106">38</finishx>
        <finishy number="106">56</finishy>
        <startx number="107">58</startx>
        <starty number="107">50</starty>
        <finishx number="107">48</finishx>
        <finishy number="107">38</finishy>
        <startx number="108">40</startx>
        <starty number="108">55</starty>
        <finishx number="108">55</finishx>
        <finishy number="108">13</finishy>
        <startx number="109">11</startx>
        <starty number="109">10</starty>
        <finishx number="109">29</finishx>
        <finishy number="109">47</finishy>
        <startx number="110">0</startx>
        <starty number="110">54</starty>
        <finishx number="110">48</finishx>
        <finishy number="110">30</finishy>
        <startx number="111">45</startx>
        <starty number="111">44</starty>
        <finishx number="111">19</finishx>
        <finishy number="111">22</finishy>
        <startx number="112">18</startx>
        <starty number="112">41</starty>
        <finishx number="112">34</finishx>
        <finishy number="112">1</finishy>
        <startx number="113">37</startx>
        <starty number="113">24</starty>
        <finishx number="113">24</finishx>
        <finishy number="113">19</finishy>
        <startx number="114">54</startx>
        <starty number="114">0</starty>
        <finishx number="114">49</finishx>
        <finishy number="114">52</finishy>
        <startx number="115">36</startx>
        <starty number="115">54</starty>
        <finishx number="115">10</finishx>
        <finishy number="115">26</finishy>
        <startx number="116">63</startx>
        <starty number="116">1</starty>
        <finishx number="116">5</finishx>
        <finishy number="116">14</finishy>
        <startx number="117">38</startx>
        <starty number="117">39</starty>
        <finishx number="117">11</finishx>
        <finishy number="117">49</finishy>
        <startx number="118">45</startx>
        <starty number="118">12</starty>
        <finishx number="118">36</finishx>
        <finishy number="118">48</finishy>
        <startx number="119">34</startx>
        <starty number="119">32</starty>
        <finishx number="119">57</finishx>
        <finishy number="119">13</finishy>
        <startx number="120">17</startx>
        <starty number="120">62</starty>
        <finishx number="120">5</finishx>
        <finishy number="120">29</finishy>
        <startx number="121">5</startx>
        <starty number="121">53</starty>
        <finishx number="121">32</finishx>
        <finishy number="121">49</finishy>
        <startx number="122">2</startx>
        <starty number="122">30</starty>
        <finishx number="122">39</finishx>
        <finishy number="122">0</finishy>
        <startx number="123">38</startx>
        <starty number="123">10</starty>
        <finishx number="123">26</finishx>
        <finishy number="123">58</finishy>
        <startx number="124">0</startx>
        <starty number="124">19</starty>
        <finishx number="124">46</finishx>
        <finishy number="124">49</finishy>
        <startx number="125">14</startx>
        <starty number="125">20</starty>
        <finishx number="125">25</finishx>
        <finishy number="125">55</finishy>
        <startx number="126">8</startx>
        <starty number="126">10</starty>
        <finishx number="126">42</finishx>
        <finishy number="126">58</finishy>
        <startx number="127">53</startx>
        <starty number="127">61</starty>
        <finishx number="127">8</finishx>
        <finishy number="127">34</finishy>
        <startx number="128">40</startx>
        <starty number="128">2</starty>
        <finishx number="128">49</finishx>
        <finishy number="128">20</finishy>
        <startx number="129">26</startx>
        <starty number="129">39</starty>
        <finishx number="129">9</finishx>
        <finishy number="129">21</finishy>
        <startx number="130">62</startx>
        <starty number="130">41</starty>
        <finishx number="130">0</finishx>
        <finishy number="130">17</finishy>
        <startx number="131">14</startx>
        <starty number="131">39</starty>
        <finishx number="131">61</finishx>
        <finishy number="131">12</finishy>
        <startx number="132">9</startx>
        <starty number="132">55</starty>
        <finishx number="132">15</finishx>
        <finishy number="132">9</finishy>
        <startx number="133">25</startx>
        <starty number="133">10</starty>
        <finishx number="133">16</finishx>
        <finishy number="133">7</finishy>
        <startx number="134">53</startx>
        <starty number="134">16</starty>
        <finishx number="134">46</finishx>
        <finishy number="134">57</finishy>
        <startx number="135">5</startx>
        <starty number="135">0</starty>
        <finishx number="135">42</finishx>
        <finishy number="135">63</finishy>
        <startx number="136">33</startx>
        <starty number="136">17</starty>
        <finishx number="136">9</finishx>
        <finishy number="136">63</finishy>
        <startx number="137">1</startx>
        <starty number="137">44</starty>
        <finishx number="137">36</finishx>
        <finishy number="137">3</finishy>
        <startx number="138">44</startx>
        <starty number="138">20</starty>
        <finishx number="138">0</finishx>
        <finishy number="138">57</finishy>
        <startx number="139">28</startx>
        <starty number="139">36</starty>
        <finishx number="139">3</finishx>
        <finishy number="139">13</finishy>
        <startx number="140">24</startx>
        <starty number="140">16</starty>
        <finishx number="140">59</finishx>
        <finishy number="140">63</finishy>
        <startx number="141">8</startx>
        <starty number="141">50</starty>
        <finishx number="141">42</finishx>
        <finishy number="141">2</finishy>
        <startx number="142">36</startx>
        <starty number="142">8</starty>
        <finishx number="142">44</finishx>
        <finishy number="142">36</finishy>
        <startx number="143">31</startx>
        <starty number="143">12</starty>
        <finishx number="143">55</finishx>
        <finishy number="143">10</finishy>
        <startx number="144">44</startx>
        <starty number="144">47</starty>
        <finishx number="144">2</finishx>
        <finishy number="144">62</finishy>
        <startx number="145">20</startx>
        <starty number="145">8</starty>
        <finishx number="145">56</finishx>
        <finishy number="145">58</finishy>
        <startx number="146">59</startx>
        <starty number="146">31</starty>
        <finishx number="146">12</finishx>
        <finishy number="146">15</finishy>
        <startx number="147">36</startx>
        <starty number="147">32</starty>
        <finishx number="147">48</finishx>
        <finishy number="147">59</finishy>
        <startx number="148">25</startx>
        <starty number="148">5</starty>
        <finishx number="148">55</finishx>
        <finishy number="148">37</finishy>
        <startx number="149">17</startx>
        <starty number="149">46</starty>
        <finishx number="149">20</finishx>
        <finishy number="149">16</finishy>
        <grid>
            <row>0 0 0 0 0 0 0 0 0 0 0 0 0 0 0 0 0 0 0 0 0 0 0 0 0 0 0 0 0 0 0 0 0 0 0 0 0 0 0 0 0 0 0 0 0 0 0 0 0 0 0 0 0 0 0 0 0 0 0 0 0 0 0 0</row>
            <row>0 0 0 0 0 0 0 0 0 0 0 0 0 0 0 0 0 0 0 0 0 0 0 0 0 0 0 0 0 0 0 0 0 0 0 0 0 0 0 0 0 0 0 0 0 0 0 0 0 0 0 0 0 0 0 0 0 0 0 0 0 0 0 0</row>
            <row>0 0 0 0 0 0 0 0 0 0 0 0 0 0 0 0 0 0 0 0 0 0 0 0 0 0 0 0 0 0 0 0 0 0 0 0 0 0 0 0 0 0 0 0 0 0 0 0 0 0 0 0 0 0 0 0 0 0 0 0 0 0 0 0</row>
            <row>0 0 0 0 0 0 0 0 0 0 0 0 0 0 0 0 0 0 0 0 0 0 0 0 0 0 0 0 0 0 0 0 0 0 0 0 0 0 0 0 0 0 0 0 0 0 0 0 0 0 0 0 0 0 0 0 0 0 0 0 0 0 0 0</row>
            <row>0 0 0 0 0 0 0 0 0 0 0 0 0 0 0 0 0 0 0 0 0 0 0 0 0 0 0 0 0 0 0 0 0 0 0 0 0 0 0 0 0 0 0 0 0 0 0 0 0 0 0 0 0 0 0 0 0 0 0 0 0 0 0 0</row>
            <row>0 0 0 0 0 0 0 0 0 0 0 0 0 0 0 0 0 0 0 0 0 0 0 0 0 0 0 0 0 0 0 0 0 0 0 0 0 0 0 0 0 0 0 0 0 0 0 0 0 0 0 0 0 0 0 0 0 0 0 0 0 0 0 0</row>
            <row>0 0 0 0 0 0 0 0 0 0 0 0 0 0 0 0 0 0 0 0 0 0 0 0 0 0 0 0 0 0 0 0 0 0 0 0 0 0 0 0 0 0 0 0 0 0 0 0 0 0 0 0 0 0 0 0 0 0 0 0 0 0 0 0</row>
            <row>0 0 0 0 0 0 0 0 0 0 0 0 0 0 0 0 0 0 0 0 0 0 0 0 0 0 0 0 0 0 0 0 0 0 0 0 0 0 0 0 0 0 0 0 0 0 0 0 0 0 0 0 0 0 0 0 0 0 0 0 0 0 0 0</row>
            <row>0 0 0 0 0 0 0 0 0 0 0 0 0 0 0 0 0 0 0 0 0 0 0 0 0 0 0 0 0 0 0 0 0 0 0 0 0 0 0 0 0 0 0 0 0 0 0 0 0 0 0 0 0 0 0 0 0 0 0 0 0 0 0 0</row>
            <row>0 0 0 0 0 0 0 0 0 0 0 0 0 0 0 0 0 0 0 0 0 0 0 0 0 0 0 0 0 0 0 0 0 0 0 0 0 0 0 0 0 0 0 0 0 0 0 0 0 0 0 0 0 0 0 0 0 0 0 0 0 0 0 0</row>
            <row>0 0 0 0 0 0 0 0 0 0 0 0 0 0 0 0 0 0 0 0 0 0 0 0 0 0 0 0 0 0 0 0 0 0 0 0 0 0 0 0 0 0 0 0 0 0 0 0 0 0 0 0 0 0 0 0 0 0 0 0 0 0 0 0</row>
            <row>0 0 0 0 0 0 0 0 0 0 0 0 0 0 0 0 0 0 0 0 0 0 0 0 0 0 0 0 0 0 0 0 0 0 0 0 0 0 0 0 0 0 0 0 0 0 0 0 0 0 0 0 0 0 0 0 0 0 0 0 0 0 0 0</row>
            <row>0 0 0 0 0 0 0 0 0 0 0 0 0 0 0 0 0 0 0 0 0 0 0 0 0 0 0 0 0 0 0 0 0 0 0 0 0 0 0 0 0 0 0 0 0 0 0 0 0 0 0 0 0 0 0 0 0 0 0 0 0 0 0 0</row>
            <row>0 0 0 0 0 0 0 0 0 0 0 0 0 0 0 0 0 0 0 0 0 0 0 0 0 0 0 0 0 0 0 0 0 0 0 0 0 0 0 0 0 0 0 0 0 0 0 0 0 0 0 0 0 0 0 0 0 0 0 0 0 0 0 0</row>
            <row>0 0 0 0 0 0 0 0 0 0 0 0 0 0 0 0 0 0 0 0 0 0 0 0 0 0 0 0 0 0 0 0 0 0 0 0 0 0 0 0 0 0 0 0 0 0 0 0 0 0 0 0 0 0 0 0 0 0 0 0 0 0 0 0</row>
            <row>0 0 0 0 0 0 0 0 0 0 0 0 0 0 0 0 0 0 0 0 0 0 0 0 0 0 0 0 0 0 0 0 0 0 0 0 0 0 0 0 0 0 0 0 0 0 0 0 0 0 0 0 0 0 0 0 0 0 0 0 0 0 0 0</row>
            <row>0 0 0 0 0 0 0 0 0 0 0 0 0 0 0 0 0 0 0 0 0 0 0 0 0 0 0 0 0 0 0 0 0 0 0 0 0 0 0 0 0 0 0 0 0 0 0 0 0 0 0 0 0 0 0 0 0 0 0 0 0 0 0 0</row>
            <row>0 0 0 0 0 0 0 0 0 0 0 0 0 0 0 0 0 0 0 0 0 0 0 0 0 0 0 0 0 0 0 0 0 0 0 0 0 0 0 0 0 0 0 0 0 0 0 0 0 0 0 0 0 0 0 0 0 0 0 0 0 0 0 0</row>
            <row>0 0 0 0 0 0 0 0 0 0 0 0 0 0 0 0 0 0 0 0 0 0 0 0 0 0 0 0 0 0 0 0 0 0 0 0 0 0 0 0 0 0 0 0 0 0 0 0 0 0 0 0 0 0 0 0 0 0 0 0 0 0 0 0</row>
            <row>0 0 0 0 0 0 0 0 0 0 0 0 0 0 0 0 0 0 0 0 0 0 0 0 0 0 0 0 0 0 0 0 0 0 0 0 0 0 0 0 0 0 0 0 0 0 0 0 0 0 0 0 0 0 0 0 0 0 0 0 0 0 0 0</row>
            <row>0 0 0 0 0 0 0 0 0 0 0 0 0 0 0 0 0 0 0 0 0 0 0 0 0 0 0 0 0 0 0 0 0 0 0 0 0 0 0 0 0 0 0 0 0 0 0 0 0 0 0 0 0 0 0 0 0 0 0 0 0 0 0 0</row>
            <row>0 0 0 0 0 0 0 0 0 0 0 0 0 0 0 0 0 0 0 0 0 0 0 0 0 0 0 0 0 0 0 0 0 0 0 0 0 0 0 0 0 0 0 0 0 0 0 0 0 0 0 0 0 0 0 0 0 0 0 0 0 0 0 0</row>
            <row>0 0 0 0 0 0 0 0 0 0 0 0 0 0 0 0 0 0 0 0 0 0 0 0 0 0 0 0 0 0 0 0 0 0 0 0 0 0 0 0 0 0 0 0 0 0 0 0 0 0 0 0 0 0 0 0 0 0 0 0 0 0 0 0</row>
            <row>0 0 0 0 0 0 0 0 0 0 0 0 0 0 0 0 0 0 0 0 0 0 0 0 0 0 0 0 0 0 0 0 0 0 0 0 0 0 0 0 0 0 0 0 0 0 0 0 0 0 0 0 0 0 0 0 0 0 0 0 0 0 0 0</row>
            <row>0 0 0 0 0 0 0 0 0 0 0 0 0 0 0 0 0 0 0 0 0 0 0 0 0 0 0 0 0 0 0 0 0 0 0 0 0 0 0 0 0 0 0 0 0 0 0 0 0 0 0 0 0 0 0 0 0 0 0 0 0 0 0 0</row>
            <row>0 0 0 0 0 0 0 0 0 0 0 0 0 0 0 0 0 0 0 0 0 0 0 0 0 0 0 0 0 0 0 0 0 0 0 0 0 0 0 0 0 0 0 0 0 0 0 0 0 0 0 0 0 0 0 0 0 0 0 0 0 0 0 0</row>
            <row>0 0 0 0 0 0 0 0 0 0 0 0 0 0 0 0 0 0 0 0 0 0 0 0 0 0 0 0 0 0 0 0 0 0 0 0 0 0 0 0 0 0 0 0 0 0 0 0 0 0 0 0 0 0 0 0 0 0 0 0 0 0 0 0</row>
            <row>0 0 0 0 0 0 0 0 0 0 0 0 0 0 0 0 0 0 0 0 0 0 0 0 0 0 0 0 0 0 0 0 0 0 0 0 0 0 0 0 0 0 0 0 0 0 0 0 0 0 0 0 0 0 0 0 0 0 0 0 0 0 0 0</row>
            <row>0 0 0 0 0 0 0 0 0 0 0 0 0 0 0 0 0 0 0 0 0 0 0 0 0 0 0 0 0 0 0 0 0 0 0 0 0 0 0 0 0 0 0 0 0 0 0 0 0 0 0 0 0 0 0 0 0 0 0 0 0 0 0 0</row>
            <row>0 0 0 0 0 0 0 0 0 0 0 0 0 0 0 0 0 0 0 0 0 0 0 0 0 0 0 0 0 0 0 0 0 0 0 0 0 0 0 0 0 0 0 0 0 0 0 0 0 0 0 0 0 0 0 0 0 0 0 0 0 0 0 0</row>
            <row>0 0 0 0 0 0 0 0 0 0 0 0 0 0 0 0 0 0 0 0 0 0 0 0 0 0 0 0 0 0 0 0 0 0 0 0 0 0 0 0 0 0 0 0 0 0 0 0 0 0 0 0 0 0 0 0 0 0 0 0 0 0 0 0</row>
            <row>0 0 0 0 0 0 0 0 0 0 0 0 0 0 0 0 0 0 0 0 0 0 0 0 0 0 0 0 0 0 0 0 0 0 0 0 0 0 0 0 0 0 0 0 0 0 0 0 0 0 0 0 0 0 0 0 0 0 0 0 0 0 0 0</row>
            <row>0 0 0 0 0 0 0 0 0 0 0 0 0 0 0 0 0 0 0 0 0 0 0 0 0 0 0 0 0 0 0 0 0 0 0 0 0 0 0 0 0 0 0 0 0 0 0 0 0 0 0 0 0 0 0 0 0 0 0 0 0 0 0 0</row>
            <row>0 0 0 0 0 0 0 0 0 0 0 0 0 0 0 0 0 0 0 0 0 0 0 0 0 0 0 0 0 0 0 0 0 0 0 0 0 0 0 0 0 0 0 0 0 0 0 0 0 0 0 0 0 0 0 0 0 0 0 0 0 0 0 0</row>
            <row>0 0 0 0 0 0 0 0 0 0 0 0 0 0 0 0 0 0 0 0 0 0 0 0 0 0 0 0 0 0 0 0 0 0 0 0 0 0 0 0 0 0 0 0 0 0 0 0 0 0 0 0 0 0 0 0 0 0 0 0 0 0 0 0</row>
            <row>0 0 0 0 0 0 0 0 0 0 0 0 0 0 0 0 0 0 0 0 0 0 0 0 0 0 0 0 0 0 0 0 0 0 0 0 0 0 0 0 0 0 0 0 0 0 0 0 0 0 0 0 0 0 0 0 0 0 0 0 0 0 0 0</row>
            <row>0 0 0 0 0 0 0 0 0 0 0 0 0 0 0 0 0 0 0 0 0 0 0 0 0 0 0 0 0 0 0 0 0 0 0 0 0 0 0 0 0 0 0 0 0 0 0 0 0 0 0 0 0 0 0 0 0 0 0 0 0 0 0 0</row>
            <row>0 0 0 0 0 0 0 0 0 0 0 0 0 0 0 0 0 0 0 0 0 0 0 0 0 0 0 0 0 0 0 0 0 0 0 0 0 0 0 0 0 0 0 0 0 0 0 0 0 0 0 0 0 0 0 0 0 0 0 0 0 0 0 0</row>
            <row>0 0 0 0 0 0 0 0 0 0 0 0 0 0 0 0 0 0 0 0 0 0 0 0 0 0 0 0 0 0 0 0 0 0 0 0 0 0 0 0 0 0 0 0 0 0 0 0 0 0 0 0 0 0 0 0 0 0 0 0 0 0 0 0</row>
            <row>0 0 0 0 0 0 0 0 0 0 0 0 0 0 0 0 0 0 0 0 0 0 0 0 0 0 0 0 0 0 0 0 0 0 0 0 0 0 0 0 0 0 0 0 0 0 0 0 0 0 0 0 0 0 0 0 0 0 0 0 0 0 0 0</row>
            <row>0 0 0 0 0 0 0 0 0 0 0 0 0 0 0 0 0 0 0 0 0 0 0 0 0 0 0 0 0 0 0 0 0 0 0 0 0 0 0 0 0 0 0 0 0 0 0 0 0 0 0 0 0 0 0 0 0 0 0 0 0 0 0 0</row>
            <row>0 0 0 0 0 0 0 0 0 0 0 0 0 0 0 0 0 0 0 0 0 0 0 0 0 0 0 0 0 0 0 0 0 0 0 0 0 0 0 0 0 0 0 0 0 0 0 0 0 0 0 0 0 0 0 0 0 0 0 0 0 0 0 0</row>
            <row>0 0 0 0 0 0 0 0 0 0 0 0 0 0 0 0 0 0 0 0 0 0 0 0 0 0 0 0 0 0 0 0 0 0 0 0 0 0 0 0 0 0 0 0 0 0 0 0 0 0 0 0 0 0 0 0 0 0 0 0 0 0 0 0</row>
            <row>0 0 0 0 0 0 0 0 0 0 0 0 0 0 0 0 0 0 0 0 0 0 0 0 0 0 0 0 0 0 0 0 0 0 0 0 0 0 0 0 0 0 0 0 0 0 0 0 0 0 0 0 0 0 0 0 0 0 0 0 0 0 0 0</row>
            <row>0 0 0 0 0 0 0 0 0 0 0 0 0 0 0 0 0 0 0 0 0 0 0 0 0 0 0 0 0 0 0 0 0 0 0 0 0 0 0 0 0 0 0 0 0 0 0 0 0 0 0 0 0 0 0 0 0 0 0 0 0 0 0 0</row>
            <row>0 0 0 0 0 0 0 0 0 0 0 0 0 0 0 0 0 0 0 0 0 0 0 0 0 0 0 0 0 0 0 0 0 0 0 0 0 0 0 0 0 0 0 0 0 0 0 0 0 0 0 0 0 0 0 0 0 0 0 0 0 0 0 0</row>
            <row>0 0 0 0 0 0 0 0 0 0 0 0 0 0 0 0 0 0 0 0 0 0 0 0 0 0 0 0 0 0 0 0 0 0 0 0 0 0 0 0 0 0 0 0 0 0 0 0 0 0 0 0 0 0 0 0 0 0 0 0 0 0 0 0</row>
            <row>0 0 0 0 0 0 0 0 0 0 0 0 0 0 0 0 0 0 0 0 0 0 0 0 0 0 0 0 0 0 0 0 0 0 0 0 0 0 0 0 0 0 0 0 0 0 0 0 0 0 0 0 0 0 0 0 0 0 0 0 0 0 0 0</row>
            <row>0 0 0 0 0 0 0 0 0 0 0 0 0 0 0 0 0 0 0 0 0 0 0 0 0 0 0 0 0 0 0 0 0 0 0 0 0 0 0 0 0 0 0 0 0 0 0 0 0 0 0 0 0 0 0 0 0 0 0 0 0 0 0 0</row>
            <row>0 0 0 0 0 0 0 0 0 0 0 0 0 0 0 0 0 0 0 0 0 0 0 0 0 0 0 0 0 0 0 0 0 0 0 0 0 0 0 0 0 0 0 0 0 0 0 0 0 0 0 0 0 0 0 0 0 0 0 0 0 0 0 0</row>
            <row>0 0 0 0 0 0 0 0 0 0 0 0 0 0 0 0 0 0 0 0 0 0 0 0 0 0 0 0 0 0 0 0 0 0 0 0 0 0 0 0 0 0 0 0 0 0 0 0 0 0 0 0 0 0 0 0 0 0 0 0 0 0 0 0</row>
            <row>0 0 0 0 0 0 0 0 0 0 0 0 0 0 0 0 0 0 0 0 0 0 0 0 0 0 0 0 0 0 0 0 0 0 0 0 0 0 0 0 0 0 0 0 0 0 0 0 0 0 0 0 0 0 0 0 0 0 0 0 0 0 0 0</row>
            <row>0 0 0 0 0 0 0 0 0 0 0 0 0 0 0 0 0 0 0 0 0 0 0 0 0 0 0 0 0 0 0 0 0 0 0 0 0 0 0 0 0 0 0 0 0 0 0 0 0 0 0 0 0 0 0 0 0 0 0 0 0 0 0 0</row>
            <row>0 0 0 0 0 0 0 0 0 0 0 0 0 0 0 0 0 0 0 0 0 0 0 0 0 0 0 0 0 0 0 0 0 0 0 0 0 0 0 0 0 0 0 0 0 0 0 0 0 0 0 0 0 0 0 0 0 0 0 0 0 0 0 0</row>
            <row>0 0 0 0 0 0 0 0 0 0 0 0 0 0 0 0 0 0 0 0 0 0 0 0 0 0 0 0 0 0 0 0 0 0 0 0 0 0 0 0 0 0 0 0 0 0 0 0 0 0 0 0 0 0 0 0 0 0 0 0 0 0 0 0</row>
            <row>0 0 0 0 0 0 0 0 0 0 0 0 0 0 0 0 0 0 0 0 0 0 0 0 0 0 0 0 0 0 0 0 0 0 0 0 0 0 0 0 0 0 0 0 0 0 0 0 0 0 0 0 0 0 0 0 0 0 0 0 0 0 0 0</row>
            <row>0 0 0 0 0 0 0 0 0 0 0 0 0 0 0 0 0 0 0 0 0 0 0 0 0 0 0 0 0 0 0 0 0 0 0 0 0 0 0 0 0 0 0 0 0 0 0 0 0 0 0 0 0 0 0 0 0 0 0 0 0 0 0 0</row>
            <row>0 0 0 0 0 0 0 0 0 0 0 0 0 0 0 0 0 0 0 0 0 0 0 0 0 0 0 0 0 0 0 0 0 0 0 0 0 0 0 0 0 0 0 0 0 0 0 0 0 0 0 0 0 0 0 0 0 0 0 0 0 0 0 0</row>
            <row>0 0 0 0 0 0 0 0 0 0 0 0 0 0 0 0 0 0 0 0 0 0 0 0 0 0 0 0 0 0 0 0 0 0 0 0 0 0 0 0 0 0 0 0 0 0 0 0 0 0 0 0 0 0 0 0 0 0 0 0 0 0 0 0</row>
            <row>0 0 0 0 0 0 0 0 0 0 0 0 0 0 0 0 0 0 0 0 0 0 0 0 0 0 0 0 0 0 0 0 0 0 0 0 0 0 0 0 0 0 0 0 0 0 0 0 0 0 0 0 0 0 0 0 0 0 0 0 0 0 0 0</row>
            <row>0 0 0 0 0 0 0 0 0 0 0 0 0 0 0 0 0 0 0 0 0 0 0 0 0 0 0 0 0 0 0 0 0 0 0 0 0 0 0 0 0 0 0 0 0 0 0 0 0 0 0 0 0 0 0 0 0 0 0 0 0 0 0 0</row>
            <row>0 0 0 0 0 0 0 0 0 0 0 0 0 0 0 0 0 0 0 0 0 0 0 0 0 0 0 0 0 0 0 0 0 0 0 0 0 0 0 0 0 0 0 0 0 0 0 0 0 0 0 0 0 0 0 0 0 0 0 0 0 0 0 0</row>
            <row>0 0 0 0 0 0 0 0 0 0 0 0 0 0 0 0 0 0 0 0 0 0 0 0 0 0 0 0 0 0 0 0 0 0 0 0 0 0 0 0 0 0 0 0 0 0 0 0 0 0 0 0 0 0 0 0 0 0 0 0 0 0 0 0</row>
            <row>0 0 0 0 0 0 0 0 0 0 0 0 0 0 0 0 0 0 0 0 0 0 0 0 0 0 0 0 0 0 0 0 0 0 0 0 0 0 0 0 0 0 0 0 0 0 0 0 0 0 0 0 0 0 0 0 0 0 0 0 0 0 0 0</row>
        </grid>
    </map>
    <algorithm>
        <allowanyangle>true</allowanyangle>
        <metrictype>euclid</metrictype>
        <breakingties>g-max</breakingties>
        <weight>1</weight>
    </algorithm>
    <options>
        <loglevel>1</loglevel>
        <logpath />
        <logfilename />
    </options>
</root>
