<?xml version="1.0" ?>
<root>
    <map>
        <width>64</width>
        <height>64</height>
        <agents>150</agents>
        <startx number="0">56</startx>
        <starty number="0">53</starty>
        <finishx number="0">11</finishx>
        <finishy number="0">2</finishy>
        <startx number="1">54</startx>
        <starty number="1">50</starty>
        <finishx number="1">42</finishx>
        <finishy number="1">10</finishy>
        <startx number="2">28</startx>
        <starty number="2">63</starty>
        <finishx number="2">46</finishx>
        <finishy number="2">31</finishy>
        <startx number="3">0</startx>
        <starty number="3">38</starty>
        <finishx number="3">49</finishx>
        <finishy number="3">8</finishy>
        <startx number="4">4</startx>
        <starty number="4">0</starty>
        <finishx number="4">26</finishx>
        <finishy number="4">36</finishy>
        <startx number="5">31</startx>
        <starty number="5">6</starty>
        <finishx number="5">55</finishx>
        <finishy number="5">43</finishy>
        <startx number="6">24</startx>
        <starty number="6">29</starty>
        <finishx number="6">47</finishx>
        <finishy number="6">20</finishy>
        <startx number="7">44</startx>
        <starty number="7">44</starty>
        <finishx number="7">55</finishx>
        <finishy number="7">2</finishy>
        <startx number="8">63</startx>
        <starty number="8">35</starty>
        <finishx number="8">12</finishx>
        <finishy number="8">4</finishy>
        <startx number="9">19</startx>
        <starty number="9">21</starty>
        <finishx number="9">50</finishx>
        <finishy number="9">0</finishy>
        <startx number="10">38</startx>
        <starty number="10">35</starty>
        <finishx number="10">2</finishx>
        <finishy number="10">43</finishy>
        <startx number="11">42</startx>
        <starty number="11">23</starty>
        <finishx number="11">50</finishx>
        <finishy number="11">6</finishy>
        <startx number="12">27</startx>
        <starty number="12">18</starty>
        <finishx number="12">21</finishx>
        <finishy number="12">8</finishy>
        <startx number="13">36</startx>
        <starty number="13">27</starty>
        <finishx number="13">62</finishx>
        <finishy number="13">57</finishy>
        <startx number="14">63</startx>
        <starty number="14">25</starty>
        <finishx number="14">55</finishx>
        <finishy number="14">37</finishy>
        <startx number="15">39</startx>
        <starty number="15">10</starty>
        <finishx number="15">61</finishx>
        <finishy number="15">1</finishy>
        <startx number="16">41</startx>
        <starty number="16">58</starty>
        <finishx number="16">62</finishx>
        <finishy number="16">41</finishy>
        <startx number="17">1</startx>
        <starty number="17">35</starty>
        <finishx number="17">5</finishx>
        <finishy number="17">61</finishy>
        <startx number="18">4</startx>
        <starty number="18">8</starty>
        <finishx number="18">61</finishx>
        <finishy number="18">26</finishy>
        <startx number="19">23</startx>
        <starty number="19">5</starty>
        <finishx number="19">47</finishx>
        <finishy number="19">54</finishy>
        <startx number="20">18</startx>
        <starty number="20">35</starty>
        <finishx number="20">35</finishx>
        <finishy number="20">11</finishy>
        <startx number="21">6</startx>
        <starty number="21">40</starty>
        <finishx number="21">16</finishx>
        <finishy number="21">27</finishy>
        <startx number="22">19</startx>
        <starty number="22">19</starty>
        <finishx number="22">58</finishx>
        <finishy number="22">42</finishy>
        <startx number="23">14</startx>
        <starty number="23">52</starty>
        <finishx number="23">36</finishx>
        <finishy number="23">48</finishy>
        <startx number="24">60</startx>
        <starty number="24">31</starty>
        <finishx number="24">42</finishx>
        <finishy number="24">29</finishy>
        <startx number="25">15</startx>
        <starty number="25">62</starty>
        <finishx number="25">53</finishx>
        <finishy number="25">22</finishy>
        <startx number="26">28</startx>
        <starty number="26">1</starty>
        <finishx number="26">39</finishx>
        <finishy number="26">8</finishy>
        <startx number="27">9</startx>
        <starty number="27">26</starty>
        <finishx number="27">7</finishx>
        <finishy number="27">32</finishy>
        <startx number="28">34</startx>
        <starty number="28">62</starty>
        <finishx number="28">27</finishx>
        <finishy number="28">60</finishy>
        <startx number="29">8</startx>
        <starty number="29">37</starty>
        <finishx number="29">15</finishx>
        <finishy number="29">25</finishy>
        <startx number="30">17</startx>
        <starty number="30">1</starty>
        <finishx number="30">21</finishx>
        <finishy number="30">40</finishy>
        <startx number="31">39</startx>
        <starty number="31">21</starty>
        <finishx number="31">4</finishx>
        <finishy number="31">40</finishy>
        <startx number="32">15</startx>
        <starty number="32">14</starty>
        <finishx number="32">31</finishx>
        <finishy number="32">9</finishy>
        <startx number="33">47</startx>
        <starty number="33">9</starty>
        <finishx number="33">35</finishx>
        <finishy number="33">24</finishy>
        <startx number="34">41</startx>
        <starty number="34">34</starty>
        <finishx number="34">53</finishx>
        <finishy number="34">13</finishy>
        <startx number="35">43</startx>
        <starty number="35">1</starty>
        <finishx number="35">29</finishx>
        <finishy number="35">44</finishy>
        <startx number="36">43</startx>
        <starty number="36">31</starty>
        <finishx number="36">4</finishx>
        <finishy number="36">35</finishy>
        <startx number="37">30</startx>
        <starty number="37">33</starty>
        <finishx number="37">63</finishx>
        <finishy number="37">15</finishy>
        <startx number="38">8</startx>
        <starty number="38">43</starty>
        <finishx number="38">49</finishx>
        <finishy number="38">19</finishy>
        <startx number="39">5</startx>
        <starty number="39">27</starty>
        <finishx number="39">16</finishx>
        <finishy number="39">31</finishy>
        <startx number="40">45</startx>
        <starty number="40">36</starty>
        <finishx number="40">22</finishx>
        <finishy number="40">24</finishy>
        <startx number="41">26</startx>
        <starty number="41">26</starty>
        <finishx number="41">56</finishx>
        <finishy number="41">61</finishy>
        <startx number="42">30</startx>
        <starty number="42">49</starty>
        <finishx number="42">39</finishx>
        <finishy number="42">29</finishy>
        <startx number="43">34</startx>
        <starty number="43">30</starty>
        <finishx number="43">47</finishx>
        <finishy number="43">35</finishy>
        <startx number="44">9</startx>
        <starty number="44">31</starty>
        <finishx number="44">41</finishx>
        <finishy number="44">26</finishy>
        <startx number="45">40</startx>
        <starty number="45">55</starty>
        <finishx number="45">28</finishx>
        <finishy number="45">31</finishy>
        <startx number="46">33</startx>
        <starty number="46">0</starty>
        <finishx number="46">17</finishx>
        <finishy number="46">62</finishy>
        <startx number="47">63</startx>
        <starty number="47">11</starty>
        <finishx number="47">4</finishx>
        <finishy number="47">51</finishy>
        <startx number="48">58</startx>
        <starty number="48">63</starty>
        <finishx number="48">24</finishx>
        <finishy number="48">7</finishy>
        <startx number="49">27</startx>
        <starty number="49">50</starty>
        <finishx number="49">53</finishx>
        <finishy number="49">40</finishy>
        <startx number="50">18</startx>
        <starty number="50">3</starty>
        <finishx number="50">16</finishx>
        <finishy number="50">54</finishy>
        <startx number="51">56</startx>
        <starty number="51">11</starty>
        <finishx number="51">32</finishx>
        <finishy number="51">46</finishy>
        <startx number="52">50</startx>
        <starty number="52">40</starty>
        <finishx number="52">55</finishx>
        <finishy number="52">0</finishy>
        <startx number="53">34</startx>
        <starty number="53">3</starty>
        <finishx number="53">63</finishx>
        <finishy number="53">1</finishy>
        <startx number="54">36</startx>
        <starty number="54">16</starty>
        <finishx number="54">45</finishx>
        <finishy number="54">1</finishy>
        <startx number="55">61</startx>
        <starty number="55">63</starty>
        <finishx number="55">7</finishx>
        <finishy number="55">48</finishy>
        <startx number="56">58</startx>
        <starty number="56">34</starty>
        <finishx number="56">43</finishx>
        <finishy number="56">5</finishy>
        <startx number="57">32</startx>
        <starty number="57">38</starty>
        <finishx number="57">19</finishx>
        <finishy number="57">24</finishy>
        <startx number="58">28</startx>
        <starty number="58">12</starty>
        <finishx number="58">46</finishx>
        <finishy number="58">47</finishy>
        <startx number="59">40</startx>
        <starty number="59">42</starty>
        <finishx number="59">20</finishx>
        <finishy number="59">35</finishy>
        <startx number="60">56</startx>
        <starty number="60">18</starty>
        <finishx number="60">62</finishx>
        <finishy number="60">4</finishy>
        <startx number="61">34</startx>
        <starty number="61">16</starty>
        <finishx number="61">52</finishx>
        <finishy number="61">25</finishy>
        <startx number="62">32</startx>
        <starty number="62">59</starty>
        <finishx number="62">43</finishx>
        <finishy number="62">37</finishy>
        <startx number="63">6</startx>
        <starty number="63">5</starty>
        <finishx number="63">0</finishx>
        <finishy number="63">17</finishy>
        <startx number="64">48</startx>
        <starty number="64">62</starty>
        <finishx number="64">10</finishx>
        <finishy number="64">52</finishy>
        <startx number="65">0</startx>
        <starty number="65">57</starty>
        <finishx number="65">21</finishx>
        <finishy number="65">30</finishy>
        <startx number="66">6</startx>
        <starty number="66">18</starty>
        <finishx number="66">1</finishx>
        <finishy number="66">33</finishy>
        <startx number="67">50</startx>
        <starty number="67">14</starty>
        <finishx number="67">60</finishx>
        <finishy number="67">39</finishy>
        <startx number="68">51</startx>
        <starty number="68">43</starty>
        <finishx number="68">28</finishx>
        <finishy number="68">5</finishy>
        <startx number="69">15</startx>
        <starty number="69">17</starty>
        <finishx number="69">13</finishx>
        <finishy number="69">12</finishy>
        <startx number="70">40</startx>
        <starty number="70">53</starty>
        <finishx number="70">36</finishx>
        <finishy number="70">9</finishy>
        <startx number="71">10</startx>
        <starty number="71">21</starty>
        <finishx number="71">21</finishx>
        <finishy number="71">58</finishy>
        <startx number="72">9</startx>
        <starty number="72">10</starty>
        <finishx number="72">12</finishx>
        <finishy number="72">20</finishy>
        <startx number="73">31</startx>
        <starty number="73">54</starty>
        <finishx number="73">10</finishx>
        <finishy number="73">61</finishy>
        <startx number="74">19</startx>
        <starty number="74">17</starty>
        <finishx number="74">63</finishx>
        <finishy number="74">28</finishy>
        <startx number="75">34</startx>
        <starty number="75">56</starty>
        <finishx number="75">49</finishx>
        <finishy number="75">22</finishy>
        <startx number="76">54</startx>
        <starty number="76">54</starty>
        <finishx number="76">18</finishx>
        <finishy number="76">46</finishy>
        <startx number="77">43</startx>
        <starty number="77">18</starty>
        <finishx number="77">2</finishx>
        <finishy number="77">46</finishy>
        <startx number="78">26</startx>
        <starty number="78">28</starty>
        <finishx number="78">40</finishx>
        <finishy number="78">39</finishy>
        <startx number="79">38</startx>
        <starty number="79">16</starty>
        <finishx number="79">29</finishx>
        <finishy number="79">60</finishy>
        <startx number="80">51</startx>
        <starty number="80">32</starty>
        <finishx number="80">24</finishx>
        <finishy number="80">42</finishy>
        <startx number="81">40</startx>
        <starty number="81">13</starty>
        <finishx number="81">34</finishx>
        <finishy number="81">6</finishy>
        <startx number="82">34</startx>
        <starty number="82">35</starty>
        <finishx number="82">16</finishx>
        <finishy number="82">49</finishy>
        <startx number="83">34</startx>
        <starty number="83">38</starty>
        <finishx number="83">10</finishx>
        <finishy number="83">44</finishy>
        <startx number="84">55</startx>
        <starty number="84">21</starty>
        <finishx number="84">63</finishx>
        <finishy number="84">6</finishy>
        <startx number="85">19</startx>
        <starty number="85">37</starty>
        <finishx number="85">32</finishx>
        <finishy number="85">19</finishy>
        <startx number="86">57</startx>
        <starty number="86">13</starty>
        <finishx number="86">20</finishx>
        <finishy number="86">56</finishy>
        <startx number="87">22</startx>
        <starty number="87">35</starty>
        <finishx number="87">19</finishx>
        <finishy number="87">32</finishy>
        <startx number="88">59</startx>
        <starty number="88">1</starty>
        <finishx number="88">9</finishx>
        <finishy number="88">23</finishy>
        <startx number="89">24</startx>
        <starty number="89">53</starty>
        <finishx number="89">53</finishx>
        <finishy number="89">61</finishy>
        <startx number="90">3</startx>
        <starty number="90">49</starty>
        <finishx number="90">45</finishx>
        <finishy number="90">10</finishy>
        <startx number="91">20</startx>
        <starty number="91">43</starty>
        <finishx number="91">52</finishx>
        <finishy number="91">48</finishy>
        <startx number="92">46</startx>
        <starty number="92">23</starty>
        <finishx number="92">25</finishx>
        <finishy number="92">47</finishy>
        <startx number="93">15</startx>
        <starty number="93">59</starty>
        <finishx number="93">8</finishx>
        <finishy number="93">56</finishy>
        <startx number="94">34</startx>
        <starty number="94">46</starty>
        <finishx number="94">42</finishx>
        <finishy number="94">21</finishy>
        <startx number="95">29</startx>
        <starty number="95">52</starty>
        <finishx number="95">24</finishx>
        <finishy number="95">26</finishy>
        <startx number="96">31</startx>
        <starty number="96">22</starty>
        <finishx number="96">37</finishx>
        <finishy number="96">43</finishy>
        <startx number="97">43</startx>
        <starty number="97">52</starty>
        <finishx number="97">24</finishx>
        <finishy number="97">61</finishy>
        <startx number="98">13</startx>
        <starty number="98">1</starty>
        <finishx number="98">46</finishx>
        <finishy number="98">62</finishy>
        <startx number="99">38</startx>
        <starty number="99">27</starty>
        <finishx number="99">50</finishx>
        <finishy number="99">46</finishy>
        <startx number="100">49</startx>
        <starty number="100">56</starty>
        <finishx number="100">42</finishx>
        <finishy number="100">50</finishy>
        <startx number="101">59</startx>
        <starty number="101">18</starty>
        <finishx number="101">46</finishx>
        <finishy number="101">25</finishy>
        <startx number="102">39</startx>
        <starty number="102">5</starty>
        <finishx number="102">21</finishx>
        <finishy number="102">3</finishy>
        <startx number="103">9</startx>
        <starty number="103">0</starty>
        <finishx number="103">2</finishx>
        <finishy number="103">51</finishy>
        <startx number="104">53</startx>
        <starty number="104">18</starty>
        <finishx number="104">19</finishx>
        <finishy number="104">14</finishy>
        <startx number="105">48</startx>
        <starty number="105">4</starty>
        <finishx number="105">46</finishx>
        <finishy number="105">57</finishy>
        <startx number="106">29</startx>
        <starty number="106">23</starty>
        <finishx number="106">45</finishx>
        <finishy number="106">4</finishy>
        <startx number="107">63</startx>
        <starty number="107">22</starty>
        <finishx number="107">8</finishx>
        <finishy number="107">13</finishy>
        <startx number="108">37</startx>
        <starty number="108">59</starty>
        <finishx number="108">21</finishx>
        <finishy number="108">27</finishy>
        <startx number="109">1</startx>
        <starty number="109">19</starty>
        <finishx number="109">18</finishx>
        <finishy number="109">11</finishy>
        <startx number="110">57</startx>
        <starty number="110">39</starty>
        <finishx number="110">22</finishx>
        <finishy number="110">42</finishy>
        <startx number="111">57</startx>
        <starty number="111">37</starty>
        <finishx number="111">32</finishx>
        <finishy number="111">14</finishy>
        <startx number="112">24</startx>
        <starty number="112">0</starty>
        <finishx number="112">56</finishx>
        <finishy number="112">5</finishy>
        <startx number="113">46</startx>
        <starty number="113">28</starty>
        <finishx number="113">3</finishx>
        <finishy number="113">59</finishy>
        <startx number="114">23</startx>
        <starty number="114">56</starty>
        <finishx number="114">42</finishx>
        <finishy number="114">7</finishy>
        <startx number="115">38</startx>
        <starty number="115">45</starty>
        <finishx number="115">13</finishx>
        <finishy number="115">50</finishy>
        <startx number="116">58</startx>
        <starty number="116">15</starty>
        <finishx number="116">1</finishx>
        <finishy number="116">40</finishy>
        <startx number="117">46</startx>
        <starty number="117">7</starty>
        <finishx number="117">43</finishx>
        <finishy number="117">47</finishy>
        <startx number="118">7</startx>
        <starty number="118">51</starty>
        <finishx number="118">13</finishx>
        <finishy number="118">28</finishy>
        <startx number="119">34</startx>
        <starty number="119">19</starty>
        <finishx number="119">37</finishx>
        <finishy number="119">22</finishy>
        <startx number="120">48</startx>
        <starty number="120">25</starty>
        <finishx number="120">10</finishx>
        <finishy number="120">63</finishy>
        <startx number="121">57</startx>
        <starty number="121">29</starty>
        <finishx number="121">3</finishx>
        <finishy number="121">11</finishy>
        <startx number="122">29</startx>
        <starty number="122">47</starty>
        <finishx number="122">54</finishx>
        <finishy number="122">32</finishy>
        <startx number="123">45</startx>
        <starty number="123">39</starty>
        <finishx number="123">14</finishx>
        <finishy number="123">47</finishy>
        <startx number="124">23</startx>
        <starty number="124">58</starty>
        <finishx number="124">36</finishx>
        <finishy number="124">40</finishy>
        <startx number="125">47</startx>
        <starty number="125">52</starty>
        <finishx number="125">63</finishx>
        <finishy number="125">38</finishy>
        <startx number="126">10</startx>
        <starty number="126">5</starty>
        <finishx number="126">36</finishx>
        <finishy number="126">45</finishy>
        <startx number="127">33</startx>
        <starty number="127">11</starty>
        <finishx number="127">25</finishx>
        <finishy number="127">56</finishy>
        <startx number="128">50</startx>
        <starty number="128">11</starty>
        <finishx number="128">63</finishx>
        <finishy number="128">31</finishy>
        <startx number="129">0</startx>
        <starty number="129">59</starty>
        <finishx number="129">14</finishx>
        <finishy number="129">7</finishy>
        <startx number="130">45</startx>
        <starty number="130">34</starty>
        <finishx number="130">39</finishx>
        <finishy number="130">47</finishy>
        <startx number="131">21</startx>
        <starty number="131">10</starty>
        <finishx number="131">25</finishx>
        <finishy number="131">2</finishy>
        <startx number="132">45</startx>
        <starty number="132">50</starty>
        <finishx number="132">21</finishx>
        <finishy number="132">48</finishy>
        <startx number="133">25</startx>
        <starty number="133">39</starty>
        <finishx number="133">51</finishx>
        <finishy number="133">27</finishy>
        <startx number="134">50</startx>
        <starty number="134">25</starty>
        <finishx number="134">61</finishx>
        <finishy number="134">7</finishy>
        <startx number="135">9</startx>
        <starty number="135">50</starty>
        <finishx number="135">18</finishx>
        <finishy number="135">59</finishy>
        <startx number="136">59</startx>
        <starty number="136">58</starty>
        <finishx number="136">44</finishx>
        <finishy number="136">15</finishy>
        <startx number="137">12</startx>
        <starty number="137">25</starty>
        <finishx number="137">0</finishx>
        <finishy number="137">6</finishy>
        <startx number="138">51</startx>
        <starty number="138">22</starty>
        <finishx number="138">5</finishx>
        <finishy number="138">11</finishy>
        <startx number="139">31</startx>
        <starty number="139">57</starty>
        <finishx number="139">58</finishx>
        <finishy number="139">21</finishy>
        <startx number="140">50</startx>
        <starty number="140">51</starty>
        <finishx number="140">56</finishx>
        <finishy number="140">58</finishy>
        <startx number="141">7</startx>
        <starty number="141">29</starty>
        <finishx number="141">9</finishx>
        <finishy number="141">7</finishy>
        <startx number="142">58</startx>
        <starty number="142">23</starty>
        <finishx number="142">24</finishx>
        <finishy number="142">37</finishy>
        <startx number="143">43</startx>
        <starty number="143">55</starty>
        <finishx number="143">16</finishx>
        <finishy number="143">19</finishy>
        <startx number="144">41</startx>
        <starty number="144">47</starty>
        <finishx number="144">58</finishx>
        <finishy number="144">61</finishy>
        <startx number="145">44</startx>
        <starty number="145">63</starty>
        <finishx number="145">19</finishx>
        <finishy number="145">5</finishy>
        <startx number="146">60</startx>
        <starty number="146">44</starty>
        <finishx number="146">38</finishx>
        <finishy number="146">13</finishy>
        <startx number="147">49</startx>
        <starty number="147">59</starty>
        <finishx number="147">25</finishx>
        <finishy number="147">10</finishy>
        <startx number="148">21</startx>
        <starty number="148">16</starty>
        <finishx number="148">52</finishx>
        <finishy number="148">54</finishy>
        <startx number="149">27</startx>
        <starty number="149">10</starty>
        <finishx number="149">53</finishx>
        <finishy number="149">6</finishy>
        <grid>
            <row>0 0 0 0 0 0 0 0 0 0 0 0 0 0 0 0 0 0 0 0 0 0 0 0 0 0 0 0 0 0 0 0 0 0 0 0 0 0 0 0 0 0 0 0 0 0 0 0 0 0 0 0 0 0 0 0 0 0 0 0 0 0 0 0</row>
            <row>0 0 0 0 0 0 0 0 0 0 0 0 0 0 0 0 0 0 0 0 0 0 0 0 0 0 0 0 0 0 0 0 0 0 0 0 0 0 0 0 0 0 0 0 0 0 0 0 0 0 0 0 0 0 0 0 0 0 0 0 0 0 0 0</row>
            <row>0 0 0 0 0 0 0 0 0 0 0 0 0 0 0 0 0 0 0 0 0 0 0 0 0 0 0 0 0 0 0 0 0 0 0 0 0 0 0 0 0 0 0 0 0 0 0 0 0 0 0 0 0 0 0 0 0 0 0 0 0 0 0 0</row>
            <row>0 0 0 0 0 0 0 0 0 0 0 0 0 0 0 0 0 0 0 0 0 0 0 0 0 0 0 0 0 0 0 0 0 0 0 0 0 0 0 0 0 0 0 0 0 0 0 0 0 0 0 0 0 0 0 0 0 0 0 0 0 0 0 0</row>
            <row>0 0 0 0 0 0 0 0 0 0 0 0 0 0 0 0 0 0 0 0 0 0 0 0 0 0 0 0 0 0 0 0 0 0 0 0 0 0 0 0 0 0 0 0 0 0 0 0 0 0 0 0 0 0 0 0 0 0 0 0 0 0 0 0</row>
            <row>0 0 0 0 0 0 0 0 0 0 0 0 0 0 0 0 0 0 0 0 0 0 0 0 0 0 0 0 0 0 0 0 0 0 0 0 0 0 0 0 0 0 0 0 0 0 0 0 0 0 0 0 0 0 0 0 0 0 0 0 0 0 0 0</row>
            <row>0 0 0 0 0 0 0 0 0 0 0 0 0 0 0 0 0 0 0 0 0 0 0 0 0 0 0 0 0 0 0 0 0 0 0 0 0 0 0 0 0 0 0 0 0 0 0 0 0 0 0 0 0 0 0 0 0 0 0 0 0 0 0 0</row>
            <row>0 0 0 0 0 0 0 0 0 0 0 0 0 0 0 0 0 0 0 0 0 0 0 0 0 0 0 0 0 0 0 0 0 0 0 0 0 0 0 0 0 0 0 0 0 0 0 0 0 0 0 0 0 0 0 0 0 0 0 0 0 0 0 0</row>
            <row>0 0 0 0 0 0 0 0 0 0 0 0 0 0 0 0 0 0 0 0 0 0 0 0 0 0 0 0 0 0 0 0 0 0 0 0 0 0 0 0 0 0 0 0 0 0 0 0 0 0 0 0 0 0 0 0 0 0 0 0 0 0 0 0</row>
            <row>0 0 0 0 0 0 0 0 0 0 0 0 0 0 0 0 0 0 0 0 0 0 0 0 0 0 0 0 0 0 0 0 0 0 0 0 0 0 0 0 0 0 0 0 0 0 0 0 0 0 0 0 0 0 0 0 0 0 0 0 0 0 0 0</row>
            <row>0 0 0 0 0 0 0 0 0 0 0 0 0 0 0 0 0 0 0 0 0 0 0 0 0 0 0 0 0 0 0 0 0 0 0 0 0 0 0 0 0 0 0 0 0 0 0 0 0 0 0 0 0 0 0 0 0 0 0 0 0 0 0 0</row>
            <row>0 0 0 0 0 0 0 0 0 0 0 0 0 0 0 0 0 0 0 0 0 0 0 0 0 0 0 0 0 0 0 0 0 0 0 0 0 0 0 0 0 0 0 0 0 0 0 0 0 0 0 0 0 0 0 0 0 0 0 0 0 0 0 0</row>
            <row>0 0 0 0 0 0 0 0 0 0 0 0 0 0 0 0 0 0 0 0 0 0 0 0 0 0 0 0 0 0 0 0 0 0 0 0 0 0 0 0 0 0 0 0 0 0 0 0 0 0 0 0 0 0 0 0 0 0 0 0 0 0 0 0</row>
            <row>0 0 0 0 0 0 0 0 0 0 0 0 0 0 0 0 0 0 0 0 0 0 0 0 0 0 0 0 0 0 0 0 0 0 0 0 0 0 0 0 0 0 0 0 0 0 0 0 0 0 0 0 0 0 0 0 0 0 0 0 0 0 0 0</row>
            <row>0 0 0 0 0 0 0 0 0 0 0 0 0 0 0 0 0 0 0 0 0 0 0 0 0 0 0 0 0 0 0 0 0 0 0 0 0 0 0 0 0 0 0 0 0 0 0 0 0 0 0 0 0 0 0 0 0 0 0 0 0 0 0 0</row>
            <row>0 0 0 0 0 0 0 0 0 0 0 0 0 0 0 0 0 0 0 0 0 0 0 0 0 0 0 0 0 0 0 0 0 0 0 0 0 0 0 0 0 0 0 0 0 0 0 0 0 0 0 0 0 0 0 0 0 0 0 0 0 0 0 0</row>
            <row>0 0 0 0 0 0 0 0 0 0 0 0 0 0 0 0 0 0 0 0 0 0 0 0 0 0 0 0 0 0 0 0 0 0 0 0 0 0 0 0 0 0 0 0 0 0 0 0 0 0 0 0 0 0 0 0 0 0 0 0 0 0 0 0</row>
            <row>0 0 0 0 0 0 0 0 0 0 0 0 0 0 0 0 0 0 0 0 0 0 0 0 0 0 0 0 0 0 0 0 0 0 0 0 0 0 0 0 0 0 0 0 0 0 0 0 0 0 0 0 0 0 0 0 0 0 0 0 0 0 0 0</row>
            <row>0 0 0 0 0 0 0 0 0 0 0 0 0 0 0 0 0 0 0 0 0 0 0 0 0 0 0 0 0 0 0 0 0 0 0 0 0 0 0 0 0 0 0 0 0 0 0 0 0 0 0 0 0 0 0 0 0 0 0 0 0 0 0 0</row>
            <row>0 0 0 0 0 0 0 0 0 0 0 0 0 0 0 0 0 0 0 0 0 0 0 0 0 0 0 0 0 0 0 0 0 0 0 0 0 0 0 0 0 0 0 0 0 0 0 0 0 0 0 0 0 0 0 0 0 0 0 0 0 0 0 0</row>
            <row>0 0 0 0 0 0 0 0 0 0 0 0 0 0 0 0 0 0 0 0 0 0 0 0 0 0 0 0 0 0 0 0 0 0 0 0 0 0 0 0 0 0 0 0 0 0 0 0 0 0 0 0 0 0 0 0 0 0 0 0 0 0 0 0</row>
            <row>0 0 0 0 0 0 0 0 0 0 0 0 0 0 0 0 0 0 0 0 0 0 0 0 0 0 0 0 0 0 0 0 0 0 0 0 0 0 0 0 0 0 0 0 0 0 0 0 0 0 0 0 0 0 0 0 0 0 0 0 0 0 0 0</row>
            <row>0 0 0 0 0 0 0 0 0 0 0 0 0 0 0 0 0 0 0 0 0 0 0 0 0 0 0 0 0 0 0 0 0 0 0 0 0 0 0 0 0 0 0 0 0 0 0 0 0 0 0 0 0 0 0 0 0 0 0 0 0 0 0 0</row>
            <row>0 0 0 0 0 0 0 0 0 0 0 0 0 0 0 0 0 0 0 0 0 0 0 0 0 0 0 0 0 0 0 0 0 0 0 0 0 0 0 0 0 0 0 0 0 0 0 0 0 0 0 0 0 0 0 0 0 0 0 0 0 0 0 0</row>
            <row>0 0 0 0 0 0 0 0 0 0 0 0 0 0 0 0 0 0 0 0 0 0 0 0 0 0 0 0 0 0 0 0 0 0 0 0 0 0 0 0 0 0 0 0 0 0 0 0 0 0 0 0 0 0 0 0 0 0 0 0 0 0 0 0</row>
            <row>0 0 0 0 0 0 0 0 0 0 0 0 0 0 0 0 0 0 0 0 0 0 0 0 0 0 0 0 0 0 0 0 0 0 0 0 0 0 0 0 0 0 0 0 0 0 0 0 0 0 0 0 0 0 0 0 0 0 0 0 0 0 0 0</row>
            <row>0 0 0 0 0 0 0 0 0 0 0 0 0 0 0 0 0 0 0 0 0 0 0 0 0 0 0 0 0 0 0 0 0 0 0 0 0 0 0 0 0 0 0 0 0 0 0 0 0 0 0 0 0 0 0 0 0 0 0 0 0 0 0 0</row>
            <row>0 0 0 0 0 0 0 0 0 0 0 0 0 0 0 0 0 0 0 0 0 0 0 0 0 0 0 0 0 0 0 0 0 0 0 0 0 0 0 0 0 0 0 0 0 0 0 0 0 0 0 0 0 0 0 0 0 0 0 0 0 0 0 0</row>
            <row>0 0 0 0 0 0 0 0 0 0 0 0 0 0 0 0 0 0 0 0 0 0 0 0 0 0 0 0 0 0 0 0 0 0 0 0 0 0 0 0 0 0 0 0 0 0 0 0 0 0 0 0 0 0 0 0 0 0 0 0 0 0 0 0</row>
            <row>0 0 0 0 0 0 0 0 0 0 0 0 0 0 0 0 0 0 0 0 0 0 0 0 0 0 0 0 0 0 0 0 0 0 0 0 0 0 0 0 0 0 0 0 0 0 0 0 0 0 0 0 0 0 0 0 0 0 0 0 0 0 0 0</row>
            <row>0 0 0 0 0 0 0 0 0 0 0 0 0 0 0 0 0 0 0 0 0 0 0 0 0 0 0 0 0 0 0 0 0 0 0 0 0 0 0 0 0 0 0 0 0 0 0 0 0 0 0 0 0 0 0 0 0 0 0 0 0 0 0 0</row>
            <row>0 0 0 0 0 0 0 0 0 0 0 0 0 0 0 0 0 0 0 0 0 0 0 0 0 0 0 0 0 0 0 0 0 0 0 0 0 0 0 0 0 0 0 0 0 0 0 0 0 0 0 0 0 0 0 0 0 0 0 0 0 0 0 0</row>
            <row>0 0 0 0 0 0 0 0 0 0 0 0 0 0 0 0 0 0 0 0 0 0 0 0 0 0 0 0 0 0 0 0 0 0 0 0 0 0 0 0 0 0 0 0 0 0 0 0 0 0 0 0 0 0 0 0 0 0 0 0 0 0 0 0</row>
            <row>0 0 0 0 0 0 0 0 0 0 0 0 0 0 0 0 0 0 0 0 0 0 0 0 0 0 0 0 0 0 0 0 0 0 0 0 0 0 0 0 0 0 0 0 0 0 0 0 0 0 0 0 0 0 0 0 0 0 0 0 0 0 0 0</row>
            <row>0 0 0 0 0 0 0 0 0 0 0 0 0 0 0 0 0 0 0 0 0 0 0 0 0 0 0 0 0 0 0 0 0 0 0 0 0 0 0 0 0 0 0 0 0 0 0 0 0 0 0 0 0 0 0 0 0 0 0 0 0 0 0 0</row>
            <row>0 0 0 0 0 0 0 0 0 0 0 0 0 0 0 0 0 0 0 0 0 0 0 0 0 0 0 0 0 0 0 0 0 0 0 0 0 0 0 0 0 0 0 0 0 0 0 0 0 0 0 0 0 0 0 0 0 0 0 0 0 0 0 0</row>
            <row>0 0 0 0 0 0 0 0 0 0 0 0 0 0 0 0 0 0 0 0 0 0 0 0 0 0 0 0 0 0 0 0 0 0 0 0 0 0 0 0 0 0 0 0 0 0 0 0 0 0 0 0 0 0 0 0 0 0 0 0 0 0 0 0</row>
            <row>0 0 0 0 0 0 0 0 0 0 0 0 0 0 0 0 0 0 0 0 0 0 0 0 0 0 0 0 0 0 0 0 0 0 0 0 0 0 0 0 0 0 0 0 0 0 0 0 0 0 0 0 0 0 0 0 0 0 0 0 0 0 0 0</row>
            <row>0 0 0 0 0 0 0 0 0 0 0 0 0 0 0 0 0 0 0 0 0 0 0 0 0 0 0 0 0 0 0 0 0 0 0 0 0 0 0 0 0 0 0 0 0 0 0 0 0 0 0 0 0 0 0 0 0 0 0 0 0 0 0 0</row>
            <row>0 0 0 0 0 0 0 0 0 0 0 0 0 0 0 0 0 0 0 0 0 0 0 0 0 0 0 0 0 0 0 0 0 0 0 0 0 0 0 0 0 0 0 0 0 0 0 0 0 0 0 0 0 0 0 0 0 0 0 0 0 0 0 0</row>
            <row>0 0 0 0 0 0 0 0 0 0 0 0 0 0 0 0 0 0 0 0 0 0 0 0 0 0 0 0 0 0 0 0 0 0 0 0 0 0 0 0 0 0 0 0 0 0 0 0 0 0 0 0 0 0 0 0 0 0 0 0 0 0 0 0</row>
            <row>0 0 0 0 0 0 0 0 0 0 0 0 0 0 0 0 0 0 0 0 0 0 0 0 0 0 0 0 0 0 0 0 0 0 0 0 0 0 0 0 0 0 0 0 0 0 0 0 0 0 0 0 0 0 0 0 0 0 0 0 0 0 0 0</row>
            <row>0 0 0 0 0 0 0 0 0 0 0 0 0 0 0 0 0 0 0 0 0 0 0 0 0 0 0 0 0 0 0 0 0 0 0 0 0 0 0 0 0 0 0 0 0 0 0 0 0 0 0 0 0 0 0 0 0 0 0 0 0 0 0 0</row>
            <row>0 0 0 0 0 0 0 0 0 0 0 0 0 0 0 0 0 0 0 0 0 0 0 0 0 0 0 0 0 0 0 0 0 0 0 0 0 0 0 0 0 0 0 0 0 0 0 0 0 0 0 0 0 0 0 0 0 0 0 0 0 0 0 0</row>
            <row>0 0 0 0 0 0 0 0 0 0 0 0 0 0 0 0 0 0 0 0 0 0 0 0 0 0 0 0 0 0 0 0 0 0 0 0 0 0 0 0 0 0 0 0 0 0 0 0 0 0 0 0 0 0 0 0 0 0 0 0 0 0 0 0</row>
            <row>0 0 0 0 0 0 0 0 0 0 0 0 0 0 0 0 0 0 0 0 0 0 0 0 0 0 0 0 0 0 0 0 0 0 0 0 0 0 0 0 0 0 0 0 0 0 0 0 0 0 0 0 0 0 0 0 0 0 0 0 0 0 0 0</row>
            <row>0 0 0 0 0 0 0 0 0 0 0 0 0 0 0 0 0 0 0 0 0 0 0 0 0 0 0 0 0 0 0 0 0 0 0 0 0 0 0 0 0 0 0 0 0 0 0 0 0 0 0 0 0 0 0 0 0 0 0 0 0 0 0 0</row>
            <row>0 0 0 0 0 0 0 0 0 0 0 0 0 0 0 0 0 0 0 0 0 0 0 0 0 0 0 0 0 0 0 0 0 0 0 0 0 0 0 0 0 0 0 0 0 0 0 0 0 0 0 0 0 0 0 0 0 0 0 0 0 0 0 0</row>
            <row>0 0 0 0 0 0 0 0 0 0 0 0 0 0 0 0 0 0 0 0 0 0 0 0 0 0 0 0 0 0 0 0 0 0 0 0 0 0 0 0 0 0 0 0 0 0 0 0 0 0 0 0 0 0 0 0 0 0 0 0 0 0 0 0</row>
            <row>0 0 0 0 0 0 0 0 0 0 0 0 0 0 0 0 0 0 0 0 0 0 0 0 0 0 0 0 0 0 0 0 0 0 0 0 0 0 0 0 0 0 0 0 0 0 0 0 0 0 0 0 0 0 0 0 0 0 0 0 0 0 0 0</row>
            <row>0 0 0 0 0 0 0 0 0 0 0 0 0 0 0 0 0 0 0 0 0 0 0 0 0 0 0 0 0 0 0 0 0 0 0 0 0 0 0 0 0 0 0 0 0 0 0 0 0 0 0 0 0 0 0 0 0 0 0 0 0 0 0 0</row>
            <row>0 0 0 0 0 0 0 0 0 0 0 0 0 0 0 0 0 0 0 0 0 0 0 0 0 0 0 0 0 0 0 0 0 0 0 0 0 0 0 0 0 0 0 0 0 0 0 0 0 0 0 0 0 0 0 0 0 0 0 0 0 0 0 0</row>
            <row>0 0 0 0 0 0 0 0 0 0 0 0 0 0 0 0 0 0 0 0 0 0 0 0 0 0 0 0 0 0 0 0 0 0 0 0 0 0 0 0 0 0 0 0 0 0 0 0 0 0 0 0 0 0 0 0 0 0 0 0 0 0 0 0</row>
            <row>0 0 0 0 0 0 0 0 0 0 0 0 0 0 0 0 0 0 0 0 0 0 0 0 0 0 0 0 0 0 0 0 0 0 0 0 0 0 0 0 0 0 0 0 0 0 0 0 0 0 0 0 0 0 0 0 0 0 0 0 0 0 0 0</row>
            <row>0 0 0 0 0 0 0 0 0 0 0 0 0 0 0 0 0 0 0 0 0 0 0 0 0 0 0 0 0 0 0 0 0 0 0 0 0 0 0 0 0 0 0 0 0 0 0 0 0 0 0 0 0 0 0 0 0 0 0 0 0 0 0 0</row>
            <row>0 0 0 0 0 0 0 0 0 0 0 0 0 0 0 0 0 0 0 0 0 0 0 0 0 0 0 0 0 0 0 0 0 0 0 0 0 0 0 0 0 0 0 0 0 0 0 0 0 0 0 0 0 0 0 0 0 0 0 0 0 0 0 0</row>
            <row>0 0 0 0 0 0 0 0 0 0 0 0 0 0 0 0 0 0 0 0 0 0 0 0 0 0 0 0 0 0 0 0 0 0 0 0 0 0 0 0 0 0 0 0 0 0 0 0 0 0 0 0 0 0 0 0 0 0 0 0 0 0 0 0</row>
            <row>0 0 0 0 0 0 0 0 0 0 0 0 0 0 0 0 0 0 0 0 0 0 0 0 0 0 0 0 0 0 0 0 0 0 0 0 0 0 0 0 0 0 0 0 0 0 0 0 0 0 0 0 0 0 0 0 0 0 0 0 0 0 0 0</row>
            <row>0 0 0 0 0 0 0 0 0 0 0 0 0 0 0 0 0 0 0 0 0 0 0 0 0 0 0 0 0 0 0 0 0 0 0 0 0 0 0 0 0 0 0 0 0 0 0 0 0 0 0 0 0 0 0 0 0 0 0 0 0 0 0 0</row>
            <row>0 0 0 0 0 0 0 0 0 0 0 0 0 0 0 0 0 0 0 0 0 0 0 0 0 0 0 0 0 0 0 0 0 0 0 0 0 0 0 0 0 0 0 0 0 0 0 0 0 0 0 0 0 0 0 0 0 0 0 0 0 0 0 0</row>
            <row>0 0 0 0 0 0 0 0 0 0 0 0 0 0 0 0 0 0 0 0 0 0 0 0 0 0 0 0 0 0 0 0 0 0 0 0 0 0 0 0 0 0 0 0 0 0 0 0 0 0 0 0 0 0 0 0 0 0 0 0 0 0 0 0</row>
            <row>0 0 0 0 0 0 0 0 0 0 0 0 0 0 0 0 0 0 0 0 0 0 0 0 0 0 0 0 0 0 0 0 0 0 0 0 0 0 0 0 0 0 0 0 0 0 0 0 0 0 0 0 0 0 0 0 0 0 0 0 0 0 0 0</row>
            <row>0 0 0 0 0 0 0 0 0 0 0 0 0 0 0 0 0 0 0 0 0 0 0 0 0 0 0 0 0 0 0 0 0 0 0 0 0 0 0 0 0 0 0 0 0 0 0 0 0 0 0 0 0 0 0 0 0 0 0 0 0 0 0 0</row>
            <row>0 0 0 0 0 0 0 0 0 0 0 0 0 0 0 0 0 0 0 0 0 0 0 0 0 0 0 0 0 0 0 0 0 0 0 0 0 0 0 0 0 0 0 0 0 0 0 0 0 0 0 0 0 0 0 0 0 0 0 0 0 0 0 0</row>
        </grid>
    </map>
    <algorithm>
        <allowanyangle>true</allowanyangle>
        <metrictype>euclid</metrictype>
        <breakingties>g-max</breakingties>
        <weight>1</weight>
    </algorithm>
    <options>
        <loglevel>1</loglevel>
        <logpath />
        <logfilename />
    </options>
</root>
