<?xml version="1.0" ?>
<root>
    <map>
        <width>64</width>
        <height>64</height>
        <agents>150</agents>
        <startx number="0">53</startx>
        <starty number="0">21</starty>
        <finishx number="0">50</finishx>
        <finishy number="0">6</finishy>
        <startx number="1">59</startx>
        <starty number="1">42</starty>
        <finishx number="1">45</finishx>
        <finishy number="1">28</finishy>
        <startx number="2">33</startx>
        <starty number="2">49</starty>
        <finishx number="2">3</finishx>
        <finishy number="2">6</finishy>
        <startx number="3">38</startx>
        <starty number="3">27</starty>
        <finishx number="3">26</finishx>
        <finishy number="3">15</finishy>
        <startx number="4">15</startx>
        <starty number="4">14</starty>
        <finishx number="4">23</finishx>
        <finishy number="4">40</finishy>
        <startx number="5">10</startx>
        <starty number="5">10</starty>
        <finishx number="5">61</finishx>
        <finishy number="5">7</finishy>
        <startx number="6">19</startx>
        <starty number="6">62</starty>
        <finishx number="6">11</finishx>
        <finishy number="6">31</finishy>
        <startx number="7">7</startx>
        <starty number="7">15</starty>
        <finishx number="7">55</finishx>
        <finishy number="7">24</finishy>
        <startx number="8">5</startx>
        <starty number="8">11</starty>
        <finishx number="8">13</finishx>
        <finishy number="8">31</finishy>
        <startx number="9">32</startx>
        <starty number="9">60</starty>
        <finishx number="9">17</finishx>
        <finishy number="9">6</finishy>
        <startx number="10">23</startx>
        <starty number="10">61</starty>
        <finishx number="10">8</finishx>
        <finishy number="10">18</finishy>
        <startx number="11">30</startx>
        <starty number="11">23</starty>
        <finishx number="11">23</finishx>
        <finishy number="11">5</finishy>
        <startx number="12">37</startx>
        <starty number="12">40</starty>
        <finishx number="12">34</finishx>
        <finishy number="12">30</finishy>
        <startx number="13">19</startx>
        <starty number="13">54</starty>
        <finishx number="13">1</finishx>
        <finishy number="13">0</finishy>
        <startx number="14">52</startx>
        <starty number="14">29</starty>
        <finishx number="14">13</finishx>
        <finishy number="14">15</finishy>
        <startx number="15">38</startx>
        <starty number="15">21</starty>
        <finishx number="15">55</finishx>
        <finishy number="15">2</finishy>
        <startx number="16">20</startx>
        <starty number="16">29</starty>
        <finishx number="16">52</finishx>
        <finishy number="16">62</finishy>
        <startx number="17">59</startx>
        <starty number="17">2</starty>
        <finishx number="17">43</finishx>
        <finishy number="17">25</finishy>
        <startx number="18">34</startx>
        <starty number="18">43</starty>
        <finishx number="18">36</finishx>
        <finishy number="18">51</finishy>
        <startx number="19">23</startx>
        <starty number="19">18</starty>
        <finishx number="19">27</finishx>
        <finishy number="19">26</finishy>
        <startx number="20">60</startx>
        <starty number="20">47</starty>
        <finishx number="20">20</finishx>
        <finishy number="20">8</finishy>
        <startx number="21">56</startx>
        <starty number="21">0</starty>
        <finishx number="21">6</finishx>
        <finishy number="21">40</finishy>
        <startx number="22">35</startx>
        <starty number="22">11</starty>
        <finishx number="22">3</finishx>
        <finishy number="22">19</finishy>
        <startx number="23">60</startx>
        <starty number="23">13</starty>
        <finishx number="23">50</finishx>
        <finishy number="23">1</finishy>
        <startx number="24">45</startx>
        <starty number="24">20</starty>
        <finishx number="24">33</finishx>
        <finishy number="24">12</finishy>
        <startx number="25">35</startx>
        <starty number="25">27</starty>
        <finishx number="25">41</finishx>
        <finishy number="25">39</finishy>
        <startx number="26">34</startx>
        <starty number="26">24</starty>
        <finishx number="26">10</finishx>
        <finishy number="26">20</finishy>
        <startx number="27">44</startx>
        <starty number="27">49</starty>
        <finishx number="27">25</finishx>
        <finishy number="27">26</finishy>
        <startx number="28">30</startx>
        <starty number="28">25</starty>
        <finishx number="28">26</finishx>
        <finishy number="28">63</finishy>
        <startx number="29">47</startx>
        <starty number="29">35</starty>
        <finishx number="29">16</finishx>
        <finishy number="29">11</finishy>
        <startx number="30">6</startx>
        <starty number="30">13</starty>
        <finishx number="30">2</finishx>
        <finishy number="30">59</finishy>
        <startx number="31">49</startx>
        <starty number="31">41</starty>
        <finishx number="31">37</finishx>
        <finishy number="31">59</finishy>
        <startx number="32">37</startx>
        <starty number="32">16</starty>
        <finishx number="32">28</finishx>
        <finishy number="32">33</finishy>
        <startx number="33">38</startx>
        <starty number="33">45</starty>
        <finishx number="33">8</finishx>
        <finishy number="33">56</finishy>
        <startx number="34">62</startx>
        <starty number="34">28</starty>
        <finishx number="34">32</finishx>
        <finishy number="34">46</finishy>
        <startx number="35">49</startx>
        <starty number="35">38</starty>
        <finishx number="35">40</finishx>
        <finishy number="35">5</finishy>
        <startx number="36">54</startx>
        <starty number="36">8</starty>
        <finishx number="36">40</finishx>
        <finishy number="36">56</finishy>
        <startx number="37">26</startx>
        <starty number="37">44</starty>
        <finishx number="37">8</finishx>
        <finishy number="37">2</finishy>
        <startx number="38">30</startx>
        <starty number="38">52</starty>
        <finishx number="38">7</finishx>
        <finishy number="38">58</finishy>
        <startx number="39">59</startx>
        <starty number="39">23</starty>
        <finishx number="39">16</finishx>
        <finishy number="39">49</finishy>
        <startx number="40">5</startx>
        <starty number="40">59</starty>
        <finishx number="40">36</finishx>
        <finishy number="40">62</finishy>
        <startx number="41">57</startx>
        <starty number="41">56</starty>
        <finishx number="41">46</finishx>
        <finishy number="41">44</finishy>
        <startx number="42">35</startx>
        <starty number="42">46</starty>
        <finishx number="42">13</finishx>
        <finishy number="42">22</finishy>
        <startx number="43">20</startx>
        <starty number="43">0</starty>
        <finishx number="43">6</finishx>
        <finishy number="43">45</finishy>
        <startx number="44">14</startx>
        <starty number="44">9</starty>
        <finishx number="44">53</finishx>
        <finishy number="44">27</finishy>
        <startx number="45">28</startx>
        <starty number="45">39</starty>
        <finishx number="45">23</finishx>
        <finishy number="45">47</finishy>
        <startx number="46">12</startx>
        <starty number="46">54</starty>
        <finishx number="46">31</finishx>
        <finishy number="46">9</finishy>
        <startx number="47">11</startx>
        <starty number="47">28</starty>
        <finishx number="47">40</finishx>
        <finishy number="47">16</finishy>
        <startx number="48">48</startx>
        <starty number="48">1</starty>
        <finishx number="48">39</finishx>
        <finishy number="48">43</finishy>
        <startx number="49">39</startx>
        <starty number="49">24</starty>
        <finishx number="49">43</finishx>
        <finishy number="49">12</finishy>
        <startx number="50">58</startx>
        <starty number="50">37</starty>
        <finishx number="50">13</finishx>
        <finishy number="50">52</finishy>
        <startx number="51">32</startx>
        <starty number="51">4</starty>
        <finishx number="51">54</finishx>
        <finishy number="51">58</finishy>
        <startx number="52">30</startx>
        <starty number="52">49</starty>
        <finishx number="52">22</finishx>
        <finishy number="52">43</finishy>
        <startx number="53">41</startx>
        <starty number="53">42</starty>
        <finishx number="53">12</finishx>
        <finishy number="53">2</finishy>
        <startx number="54">48</startx>
        <starty number="54">9</starty>
        <finishx number="54">7</finishx>
        <finishy number="54">0</finishy>
        <startx number="55">32</startx>
        <starty number="55">1</starty>
        <finishx number="55">11</finishx>
        <finishy number="55">4</finishy>
        <startx number="56">21</startx>
        <starty number="56">27</starty>
        <finishx number="56">50</finishx>
        <finishy number="56">3</finishy>
        <startx number="57">62</startx>
        <starty number="57">4</starty>
        <finishx number="57">30</finishx>
        <finishy number="57">36</finishy>
        <startx number="58">41</startx>
        <starty number="58">26</starty>
        <finishx number="58">25</finishx>
        <finishy number="58">34</finishy>
        <startx number="59">35</startx>
        <starty number="59">59</starty>
        <finishx number="59">25</finishx>
        <finishy number="59">31</finishy>
        <startx number="60">45</startx>
        <starty number="60">4</starty>
        <finishx number="60">53</finishx>
        <finishy number="60">48</finishy>
        <startx number="61">42</startx>
        <starty number="61">55</starty>
        <finishx number="61">0</finishx>
        <finishy number="61">51</finishy>
        <startx number="62">37</startx>
        <starty number="62">0</starty>
        <finishx number="62">43</finishx>
        <finishy number="62">20</finishy>
        <startx number="63">45</startx>
        <starty number="63">60</starty>
        <finishx number="63">17</finishx>
        <finishy number="63">22</finishy>
        <startx number="64">61</startx>
        <starty number="64">33</starty>
        <finishx number="64">9</finishx>
        <finishy number="64">39</finishy>
        <startx number="65">61</startx>
        <starty number="65">55</starty>
        <finishx number="65">33</finishx>
        <finishy number="65">14</finishy>
        <startx number="66">24</startx>
        <starty number="66">16</starty>
        <finishx number="66">21</finishx>
        <finishy number="66">38</finishy>
        <startx number="67">38</startx>
        <starty number="67">11</starty>
        <finishx number="67">42</finishx>
        <finishy number="67">15</finishy>
        <startx number="68">15</startx>
        <starty number="68">60</starty>
        <finishx number="68">42</finishx>
        <finishy number="68">58</finishy>
        <startx number="69">62</startx>
        <starty number="69">52</starty>
        <finishx number="69">45</finishx>
        <finishy number="69">23</finishy>
        <startx number="70">20</startx>
        <starty number="70">32</starty>
        <finishx number="70">25</finishx>
        <finishy number="70">2</finishy>
        <startx number="71">39</startx>
        <starty number="71">13</starty>
        <finishx number="71">24</finishx>
        <finishy number="71">45</finishy>
        <startx number="72">13</startx>
        <starty number="72">17</starty>
        <finishx number="72">23</finishx>
        <finishy number="72">23</finishy>
        <startx number="73">57</startx>
        <starty number="73">15</starty>
        <finishx number="73">4</finishx>
        <finishy number="73">1</finishy>
        <startx number="74">5</startx>
        <starty number="74">29</starty>
        <finishx number="74">51</finishx>
        <finishy number="74">8</finishy>
        <startx number="75">25</startx>
        <starty number="75">61</starty>
        <finishx number="75">54</finishx>
        <finishy number="75">40</finishy>
        <startx number="76">43</startx>
        <starty number="76">39</starty>
        <finishx number="76">18</finishx>
        <finishy number="76">51</finishy>
        <startx number="77">42</startx>
        <starty number="77">34</starty>
        <finishx number="77">51</finishx>
        <finishy number="77">51</finishy>
        <startx number="78">22</startx>
        <starty number="78">8</starty>
        <finishx number="78">11</finishx>
        <finishy number="78">26</finishy>
        <startx number="79">20</startx>
        <starty number="79">35</starty>
        <finishx number="79">17</finishx>
        <finishy number="79">25</finishy>
        <startx number="80">48</startx>
        <starty number="80">46</starty>
        <finishx number="80">21</finishx>
        <finishy number="80">56</finishy>
        <startx number="81">45</startx>
        <starty number="81">1</starty>
        <finishx number="81">2</finishx>
        <finishy number="81">40</finishy>
        <startx number="82">60</startx>
        <starty number="82">61</starty>
        <finishx number="82">4</finishx>
        <finishy number="82">46</finishy>
        <startx number="83">14</startx>
        <starty number="83">44</starty>
        <finishx number="83">8</finishx>
        <finishy number="83">50</finishy>
        <startx number="84">60</startx>
        <starty number="84">15</starty>
        <finishx number="84">40</finishx>
        <finishy number="84">29</finishy>
        <startx number="85">9</startx>
        <starty number="85">61</starty>
        <finishx number="85">5</finishx>
        <finishy number="85">35</finishy>
        <startx number="86">5</startx>
        <starty number="86">8</starty>
        <finishx number="86">36</finishx>
        <finishy number="86">14</finishy>
        <startx number="87">29</startx>
        <starty number="87">4</starty>
        <finishx number="87">7</finishx>
        <finishy number="87">37</finishy>
        <startx number="88">63</startx>
        <starty number="88">41</starty>
        <finishx number="88">34</finishx>
        <finishy number="88">35</finishy>
        <startx number="89">34</startx>
        <starty number="89">54</starty>
        <finishx number="89">40</finishx>
        <finishy number="89">31</finishy>
        <startx number="90">47</startx>
        <starty number="90">33</starty>
        <finishx number="90">16</finishx>
        <finishy number="90">9</finishy>
        <startx number="91">61</startx>
        <starty number="91">31</starty>
        <finishx number="91">28</finishx>
        <finishy number="91">55</finishy>
        <startx number="92">55</startx>
        <starty number="92">43</starty>
        <finishx number="92">58</finishx>
        <finishy number="92">39</finishy>
        <startx number="93">3</startx>
        <starty number="93">51</starty>
        <finishx number="93">28</finishx>
        <finishy number="93">44</finishy>
        <startx number="94">44</startx>
        <starty number="94">52</starty>
        <finishx number="94">7</finishx>
        <finishy number="94">29</finishy>
        <startx number="95">34</startx>
        <starty number="95">0</starty>
        <finishx number="95">63</finishx>
        <finishy number="95">12</finishy>
        <startx number="96">18</startx>
        <starty number="96">8</starty>
        <finishx number="96">37</finishx>
        <finishy number="96">3</finishy>
        <startx number="97">60</startx>
        <starty number="97">63</starty>
        <finishx number="97">1</finishx>
        <finishy number="97">54</finishy>
        <startx number="98">52</startx>
        <starty number="98">37</starty>
        <finishx number="98">43</finishx>
        <finishy number="98">63</finishy>
        <startx number="99">6</startx>
        <starty number="99">24</starty>
        <finishx number="99">11</finishx>
        <finishy number="99">33</finishy>
        <startx number="100">47</startx>
        <starty number="100">25</starty>
        <finishx number="100">57</finishx>
        <finishy number="100">12</finishy>
        <startx number="101">32</startx>
        <starty number="101">33</starty>
        <finishx number="101">24</finishx>
        <finishy number="101">63</finishy>
        <startx number="102">0</startx>
        <starty number="102">9</starty>
        <finishx number="102">4</finishx>
        <finishy number="102">62</finishy>
        <startx number="103">55</startx>
        <starty number="103">5</starty>
        <finishx number="103">61</finishx>
        <finishy number="103">25</finishy>
        <startx number="104">10</startx>
        <starty number="104">42</starty>
        <finishx number="104">42</finishx>
        <finishy number="104">5</finishy>
        <startx number="105">2</startx>
        <starty number="105">8</starty>
        <finishx number="105">57</finishx>
        <finishy number="105">50</finishy>
        <startx number="106">27</startx>
        <starty number="106">21</starty>
        <finishx number="106">51</finishx>
        <finishy number="106">19</finishy>
        <startx number="107">47</startx>
        <starty number="107">62</starty>
        <finishx number="107">63</finishx>
        <finishy number="107">44</finishy>
        <startx number="108">57</startx>
        <starty number="108">5</starty>
        <finishx number="108">47</finishx>
        <finishy number="108">60</finishy>
        <startx number="109">41</startx>
        <starty number="109">47</starty>
        <finishx number="109">50</finishx>
        <finishy number="109">27</finishy>
        <startx number="110">44</startx>
        <starty number="110">36</starty>
        <finishx number="110">20</finishx>
        <finishy number="110">43</finishy>
        <startx number="111">45</startx>
        <starty number="111">63</starty>
        <finishx number="111">7</finishx>
        <finishy number="111">5</finishy>
        <startx number="112">1</startx>
        <starty number="112">24</starty>
        <finishx number="112">47</finishx>
        <finishy number="112">30</finishy>
        <startx number="113">53</startx>
        <starty number="113">51</starty>
        <finishx number="113">37</finishx>
        <finishy number="113">8</finishy>
        <startx number="114">0</startx>
        <starty number="114">46</starty>
        <finishx number="114">58</finishx>
        <finishy number="114">31</finishy>
        <startx number="115">18</startx>
        <starty number="115">33</starty>
        <finishx number="115">33</finishx>
        <finishy number="115">27</finishy>
        <startx number="116">16</startx>
        <starty number="116">17</starty>
        <finishx number="116">63</finishx>
        <finishy number="116">39</finishy>
        <startx number="117">14</startx>
        <starty number="117">25</starty>
        <finishx number="117">26</finishx>
        <finishy number="117">47</finishy>
        <startx number="118">23</startx>
        <starty number="118">31</starty>
        <finishx number="118">27</finishx>
        <finishy number="118">42</finishy>
        <startx number="119">29</startx>
        <starty number="119">41</starty>
        <finishx number="119">11</finishx>
        <finishy number="119">57</finishy>
        <startx number="120">60</startx>
        <starty number="120">44</starty>
        <finishx number="120">34</finishx>
        <finishy number="120">57</finishy>
        <startx number="121">39</startx>
        <starty number="121">18</starty>
        <finishx number="121">2</finishx>
        <finishy number="121">57</finishy>
        <startx number="122">13</startx>
        <starty number="122">28</starty>
        <finishx number="122">32</finishx>
        <finishy number="122">35</finishy>
        <startx number="123">27</startx>
        <starty number="123">18</starty>
        <finishx number="123">3</finishx>
        <finishy number="123">21</finishy>
        <startx number="124">23</startx>
        <starty number="124">53</starty>
        <finishx number="124">32</finishx>
        <finishy number="124">62</finishy>
        <startx number="125">4</startx>
        <starty number="125">3</starty>
        <finishx number="125">11</finishx>
        <finishy number="125">44</finishy>
        <startx number="126">38</startx>
        <starty number="126">56</starty>
        <finishx number="126">17</finishx>
        <finishy number="126">30</finishy>
        <startx number="127">53</startx>
        <starty number="127">3</starty>
        <finishx number="127">12</finishx>
        <finishy number="127">47</finishy>
        <startx number="128">22</startx>
        <starty number="128">0</starty>
        <finishx number="128">62</finishx>
        <finishy number="128">46</finishy>
        <startx number="129">11</startx>
        <starty number="129">18</starty>
        <finishx number="129">18</finishx>
        <finishy number="129">11</finishy>
        <startx number="130">51</startx>
        <starty number="130">59</starty>
        <finishx number="130">61</finishx>
        <finishy number="130">50</finishy>
        <startx number="131">21</startx>
        <starty number="131">2</starty>
        <finishx number="131">50</finishx>
        <finishy number="131">12</finishy>
        <startx number="132">21</startx>
        <starty number="132">11</starty>
        <finishx number="132">9</finishx>
        <finishy number="132">34</finishy>
        <startx number="133">23</startx>
        <starty number="133">21</starty>
        <finishx number="133">0</finishx>
        <finishy number="133">30</finishy>
        <startx number="134">51</startx>
        <starty number="134">43</starty>
        <finishx number="134">23</finishx>
        <finishy number="134">29</finishy>
        <startx number="135">35</startx>
        <starty number="135">41</starty>
        <finishx number="135">39</finishx>
        <finishy number="135">61</finishy>
        <startx number="136">50</startx>
        <starty number="136">14</starty>
        <finishx number="136">45</finishx>
        <finishy number="136">25</finishy>
        <startx number="137">9</startx>
        <starty number="137">7</starty>
        <finishx number="137">15</finishx>
        <finishy number="137">23</finishy>
        <startx number="138">16</startx>
        <starty number="138">54</starty>
        <finishx number="138">5</finishx>
        <finishy number="138">32</finishy>
        <startx number="139">59</startx>
        <starty number="139">50</starty>
        <finishx number="139">1</finishx>
        <finishy number="139">38</finishy>
        <startx number="140">3</startx>
        <starty number="140">11</starty>
        <finishx number="140">30</finishx>
        <finishy number="140">54</finishy>
        <startx number="141">62</startx>
        <starty number="141">63</starty>
        <finishx number="141">52</finishx>
        <finishy number="141">24</finishy>
        <startx number="142">23</startx>
        <starty number="142">3</starty>
        <finishx number="142">29</finishx>
        <finishy number="142">1</finishy>
        <startx number="143">10</startx>
        <starty number="143">15</starty>
        <finishx number="143">31</finishx>
        <finishy number="143">20</finishy>
        <startx number="144">13</startx>
        <starty number="144">4</starty>
        <finishx number="144">15</finishx>
        <finishy number="144">1</finishy>
        <startx number="145">21</startx>
        <starty number="145">14</starty>
        <finishx number="145">52</finishx>
        <finishy number="145">45</finishy>
        <startx number="146">11</startx>
        <starty number="146">50</starty>
        <finishx number="146">56</finishx>
        <finishy number="146">29</finishy>
        <startx number="147">59</startx>
        <starty number="147">17</starty>
        <finishx number="147">41</finishx>
        <finishy number="147">50</finishy>
        <startx number="148">0</startx>
        <starty number="148">62</starty>
        <finishx number="148">50</finishx>
        <finishy number="148">48</finishy>
        <startx number="149">42</startx>
        <starty number="149">2</starty>
        <finishx number="149">7</finishx>
        <finishy number="149">26</finishy>
        <grid>
            <row>0 0 0 0 0 0 0 0 0 0 0 0 0 0 0 0 0 0 0 0 0 0 0 0 0 0 0 0 0 0 0 0 0 0 0 0 0 0 0 0 0 0 0 0 0 0 0 0 0 0 0 0 0 0 0 0 0 0 0 0 0 0 0 0</row>
            <row>0 0 0 0 0 0 0 0 0 0 0 0 0 0 0 0 0 0 0 0 0 0 0 0 0 0 0 0 0 0 0 0 0 0 0 0 0 0 0 0 0 0 0 0 0 0 0 0 0 0 0 0 0 0 0 0 0 0 0 0 0 0 0 0</row>
            <row>0 0 0 0 0 0 0 0 0 0 0 0 0 0 0 0 0 0 0 0 0 0 0 0 0 0 0 0 0 0 0 0 0 0 0 0 0 0 0 0 0 0 0 0 0 0 0 0 0 0 0 0 0 0 0 0 0 0 0 0 0 0 0 0</row>
            <row>0 0 0 0 0 0 0 0 0 0 0 0 0 0 0 0 0 0 0 0 0 0 0 0 0 0 0 0 0 0 0 0 0 0 0 0 0 0 0 0 0 0 0 0 0 0 0 0 0 0 0 0 0 0 0 0 0 0 0 0 0 0 0 0</row>
            <row>0 0 0 0 0 0 0 0 0 0 0 0 0 0 0 0 0 0 0 0 0 0 0 0 0 0 0 0 0 0 0 0 0 0 0 0 0 0 0 0 0 0 0 0 0 0 0 0 0 0 0 0 0 0 0 0 0 0 0 0 0 0 0 0</row>
            <row>0 0 0 0 0 0 0 0 0 0 0 0 0 0 0 0 0 0 0 0 0 0 0 0 0 0 0 0 0 0 0 0 0 0 0 0 0 0 0 0 0 0 0 0 0 0 0 0 0 0 0 0 0 0 0 0 0 0 0 0 0 0 0 0</row>
            <row>0 0 0 0 0 0 0 0 0 0 0 0 0 0 0 0 0 0 0 0 0 0 0 0 0 0 0 0 0 0 0 0 0 0 0 0 0 0 0 0 0 0 0 0 0 0 0 0 0 0 0 0 0 0 0 0 0 0 0 0 0 0 0 0</row>
            <row>0 0 0 0 0 0 0 0 0 0 0 0 0 0 0 0 0 0 0 0 0 0 0 0 0 0 0 0 0 0 0 0 0 0 0 0 0 0 0 0 0 0 0 0 0 0 0 0 0 0 0 0 0 0 0 0 0 0 0 0 0 0 0 0</row>
            <row>0 0 0 0 0 0 0 0 0 0 0 0 0 0 0 0 0 0 0 0 0 0 0 0 0 0 0 0 0 0 0 0 0 0 0 0 0 0 0 0 0 0 0 0 0 0 0 0 0 0 0 0 0 0 0 0 0 0 0 0 0 0 0 0</row>
            <row>0 0 0 0 0 0 0 0 0 0 0 0 0 0 0 0 0 0 0 0 0 0 0 0 0 0 0 0 0 0 0 0 0 0 0 0 0 0 0 0 0 0 0 0 0 0 0 0 0 0 0 0 0 0 0 0 0 0 0 0 0 0 0 0</row>
            <row>0 0 0 0 0 0 0 0 0 0 0 0 0 0 0 0 0 0 0 0 0 0 0 0 0 0 0 0 0 0 0 0 0 0 0 0 0 0 0 0 0 0 0 0 0 0 0 0 0 0 0 0 0 0 0 0 0 0 0 0 0 0 0 0</row>
            <row>0 0 0 0 0 0 0 0 0 0 0 0 0 0 0 0 0 0 0 0 0 0 0 0 0 0 0 0 0 0 0 0 0 0 0 0 0 0 0 0 0 0 0 0 0 0 0 0 0 0 0 0 0 0 0 0 0 0 0 0 0 0 0 0</row>
            <row>0 0 0 0 0 0 0 0 0 0 0 0 0 0 0 0 0 0 0 0 0 0 0 0 0 0 0 0 0 0 0 0 0 0 0 0 0 0 0 0 0 0 0 0 0 0 0 0 0 0 0 0 0 0 0 0 0 0 0 0 0 0 0 0</row>
            <row>0 0 0 0 0 0 0 0 0 0 0 0 0 0 0 0 0 0 0 0 0 0 0 0 0 0 0 0 0 0 0 0 0 0 0 0 0 0 0 0 0 0 0 0 0 0 0 0 0 0 0 0 0 0 0 0 0 0 0 0 0 0 0 0</row>
            <row>0 0 0 0 0 0 0 0 0 0 0 0 0 0 0 0 0 0 0 0 0 0 0 0 0 0 0 0 0 0 0 0 0 0 0 0 0 0 0 0 0 0 0 0 0 0 0 0 0 0 0 0 0 0 0 0 0 0 0 0 0 0 0 0</row>
            <row>0 0 0 0 0 0 0 0 0 0 0 0 0 0 0 0 0 0 0 0 0 0 0 0 0 0 0 0 0 0 0 0 0 0 0 0 0 0 0 0 0 0 0 0 0 0 0 0 0 0 0 0 0 0 0 0 0 0 0 0 0 0 0 0</row>
            <row>0 0 0 0 0 0 0 0 0 0 0 0 0 0 0 0 0 0 0 0 0 0 0 0 0 0 0 0 0 0 0 0 0 0 0 0 0 0 0 0 0 0 0 0 0 0 0 0 0 0 0 0 0 0 0 0 0 0 0 0 0 0 0 0</row>
            <row>0 0 0 0 0 0 0 0 0 0 0 0 0 0 0 0 0 0 0 0 0 0 0 0 0 0 0 0 0 0 0 0 0 0 0 0 0 0 0 0 0 0 0 0 0 0 0 0 0 0 0 0 0 0 0 0 0 0 0 0 0 0 0 0</row>
            <row>0 0 0 0 0 0 0 0 0 0 0 0 0 0 0 0 0 0 0 0 0 0 0 0 0 0 0 0 0 0 0 0 0 0 0 0 0 0 0 0 0 0 0 0 0 0 0 0 0 0 0 0 0 0 0 0 0 0 0 0 0 0 0 0</row>
            <row>0 0 0 0 0 0 0 0 0 0 0 0 0 0 0 0 0 0 0 0 0 0 0 0 0 0 0 0 0 0 0 0 0 0 0 0 0 0 0 0 0 0 0 0 0 0 0 0 0 0 0 0 0 0 0 0 0 0 0 0 0 0 0 0</row>
            <row>0 0 0 0 0 0 0 0 0 0 0 0 0 0 0 0 0 0 0 0 0 0 0 0 0 0 0 0 0 0 0 0 0 0 0 0 0 0 0 0 0 0 0 0 0 0 0 0 0 0 0 0 0 0 0 0 0 0 0 0 0 0 0 0</row>
            <row>0 0 0 0 0 0 0 0 0 0 0 0 0 0 0 0 0 0 0 0 0 0 0 0 0 0 0 0 0 0 0 0 0 0 0 0 0 0 0 0 0 0 0 0 0 0 0 0 0 0 0 0 0 0 0 0 0 0 0 0 0 0 0 0</row>
            <row>0 0 0 0 0 0 0 0 0 0 0 0 0 0 0 0 0 0 0 0 0 0 0 0 0 0 0 0 0 0 0 0 0 0 0 0 0 0 0 0 0 0 0 0 0 0 0 0 0 0 0 0 0 0 0 0 0 0 0 0 0 0 0 0</row>
            <row>0 0 0 0 0 0 0 0 0 0 0 0 0 0 0 0 0 0 0 0 0 0 0 0 0 0 0 0 0 0 0 0 0 0 0 0 0 0 0 0 0 0 0 0 0 0 0 0 0 0 0 0 0 0 0 0 0 0 0 0 0 0 0 0</row>
            <row>0 0 0 0 0 0 0 0 0 0 0 0 0 0 0 0 0 0 0 0 0 0 0 0 0 0 0 0 0 0 0 0 0 0 0 0 0 0 0 0 0 0 0 0 0 0 0 0 0 0 0 0 0 0 0 0 0 0 0 0 0 0 0 0</row>
            <row>0 0 0 0 0 0 0 0 0 0 0 0 0 0 0 0 0 0 0 0 0 0 0 0 0 0 0 0 0 0 0 0 0 0 0 0 0 0 0 0 0 0 0 0 0 0 0 0 0 0 0 0 0 0 0 0 0 0 0 0 0 0 0 0</row>
            <row>0 0 0 0 0 0 0 0 0 0 0 0 0 0 0 0 0 0 0 0 0 0 0 0 0 0 0 0 0 0 0 0 0 0 0 0 0 0 0 0 0 0 0 0 0 0 0 0 0 0 0 0 0 0 0 0 0 0 0 0 0 0 0 0</row>
            <row>0 0 0 0 0 0 0 0 0 0 0 0 0 0 0 0 0 0 0 0 0 0 0 0 0 0 0 0 0 0 0 0 0 0 0 0 0 0 0 0 0 0 0 0 0 0 0 0 0 0 0 0 0 0 0 0 0 0 0 0 0 0 0 0</row>
            <row>0 0 0 0 0 0 0 0 0 0 0 0 0 0 0 0 0 0 0 0 0 0 0 0 0 0 0 0 0 0 0 0 0 0 0 0 0 0 0 0 0 0 0 0 0 0 0 0 0 0 0 0 0 0 0 0 0 0 0 0 0 0 0 0</row>
            <row>0 0 0 0 0 0 0 0 0 0 0 0 0 0 0 0 0 0 0 0 0 0 0 0 0 0 0 0 0 0 0 0 0 0 0 0 0 0 0 0 0 0 0 0 0 0 0 0 0 0 0 0 0 0 0 0 0 0 0 0 0 0 0 0</row>
            <row>0 0 0 0 0 0 0 0 0 0 0 0 0 0 0 0 0 0 0 0 0 0 0 0 0 0 0 0 0 0 0 0 0 0 0 0 0 0 0 0 0 0 0 0 0 0 0 0 0 0 0 0 0 0 0 0 0 0 0 0 0 0 0 0</row>
            <row>0 0 0 0 0 0 0 0 0 0 0 0 0 0 0 0 0 0 0 0 0 0 0 0 0 0 0 0 0 0 0 0 0 0 0 0 0 0 0 0 0 0 0 0 0 0 0 0 0 0 0 0 0 0 0 0 0 0 0 0 0 0 0 0</row>
            <row>0 0 0 0 0 0 0 0 0 0 0 0 0 0 0 0 0 0 0 0 0 0 0 0 0 0 0 0 0 0 0 0 0 0 0 0 0 0 0 0 0 0 0 0 0 0 0 0 0 0 0 0 0 0 0 0 0 0 0 0 0 0 0 0</row>
            <row>0 0 0 0 0 0 0 0 0 0 0 0 0 0 0 0 0 0 0 0 0 0 0 0 0 0 0 0 0 0 0 0 0 0 0 0 0 0 0 0 0 0 0 0 0 0 0 0 0 0 0 0 0 0 0 0 0 0 0 0 0 0 0 0</row>
            <row>0 0 0 0 0 0 0 0 0 0 0 0 0 0 0 0 0 0 0 0 0 0 0 0 0 0 0 0 0 0 0 0 0 0 0 0 0 0 0 0 0 0 0 0 0 0 0 0 0 0 0 0 0 0 0 0 0 0 0 0 0 0 0 0</row>
            <row>0 0 0 0 0 0 0 0 0 0 0 0 0 0 0 0 0 0 0 0 0 0 0 0 0 0 0 0 0 0 0 0 0 0 0 0 0 0 0 0 0 0 0 0 0 0 0 0 0 0 0 0 0 0 0 0 0 0 0 0 0 0 0 0</row>
            <row>0 0 0 0 0 0 0 0 0 0 0 0 0 0 0 0 0 0 0 0 0 0 0 0 0 0 0 0 0 0 0 0 0 0 0 0 0 0 0 0 0 0 0 0 0 0 0 0 0 0 0 0 0 0 0 0 0 0 0 0 0 0 0 0</row>
            <row>0 0 0 0 0 0 0 0 0 0 0 0 0 0 0 0 0 0 0 0 0 0 0 0 0 0 0 0 0 0 0 0 0 0 0 0 0 0 0 0 0 0 0 0 0 0 0 0 0 0 0 0 0 0 0 0 0 0 0 0 0 0 0 0</row>
            <row>0 0 0 0 0 0 0 0 0 0 0 0 0 0 0 0 0 0 0 0 0 0 0 0 0 0 0 0 0 0 0 0 0 0 0 0 0 0 0 0 0 0 0 0 0 0 0 0 0 0 0 0 0 0 0 0 0 0 0 0 0 0 0 0</row>
            <row>0 0 0 0 0 0 0 0 0 0 0 0 0 0 0 0 0 0 0 0 0 0 0 0 0 0 0 0 0 0 0 0 0 0 0 0 0 0 0 0 0 0 0 0 0 0 0 0 0 0 0 0 0 0 0 0 0 0 0 0 0 0 0 0</row>
            <row>0 0 0 0 0 0 0 0 0 0 0 0 0 0 0 0 0 0 0 0 0 0 0 0 0 0 0 0 0 0 0 0 0 0 0 0 0 0 0 0 0 0 0 0 0 0 0 0 0 0 0 0 0 0 0 0 0 0 0 0 0 0 0 0</row>
            <row>0 0 0 0 0 0 0 0 0 0 0 0 0 0 0 0 0 0 0 0 0 0 0 0 0 0 0 0 0 0 0 0 0 0 0 0 0 0 0 0 0 0 0 0 0 0 0 0 0 0 0 0 0 0 0 0 0 0 0 0 0 0 0 0</row>
            <row>0 0 0 0 0 0 0 0 0 0 0 0 0 0 0 0 0 0 0 0 0 0 0 0 0 0 0 0 0 0 0 0 0 0 0 0 0 0 0 0 0 0 0 0 0 0 0 0 0 0 0 0 0 0 0 0 0 0 0 0 0 0 0 0</row>
            <row>0 0 0 0 0 0 0 0 0 0 0 0 0 0 0 0 0 0 0 0 0 0 0 0 0 0 0 0 0 0 0 0 0 0 0 0 0 0 0 0 0 0 0 0 0 0 0 0 0 0 0 0 0 0 0 0 0 0 0 0 0 0 0 0</row>
            <row>0 0 0 0 0 0 0 0 0 0 0 0 0 0 0 0 0 0 0 0 0 0 0 0 0 0 0 0 0 0 0 0 0 0 0 0 0 0 0 0 0 0 0 0 0 0 0 0 0 0 0 0 0 0 0 0 0 0 0 0 0 0 0 0</row>
            <row>0 0 0 0 0 0 0 0 0 0 0 0 0 0 0 0 0 0 0 0 0 0 0 0 0 0 0 0 0 0 0 0 0 0 0 0 0 0 0 0 0 0 0 0 0 0 0 0 0 0 0 0 0 0 0 0 0 0 0 0 0 0 0 0</row>
            <row>0 0 0 0 0 0 0 0 0 0 0 0 0 0 0 0 0 0 0 0 0 0 0 0 0 0 0 0 0 0 0 0 0 0 0 0 0 0 0 0 0 0 0 0 0 0 0 0 0 0 0 0 0 0 0 0 0 0 0 0 0 0 0 0</row>
            <row>0 0 0 0 0 0 0 0 0 0 0 0 0 0 0 0 0 0 0 0 0 0 0 0 0 0 0 0 0 0 0 0 0 0 0 0 0 0 0 0 0 0 0 0 0 0 0 0 0 0 0 0 0 0 0 0 0 0 0 0 0 0 0 0</row>
            <row>0 0 0 0 0 0 0 0 0 0 0 0 0 0 0 0 0 0 0 0 0 0 0 0 0 0 0 0 0 0 0 0 0 0 0 0 0 0 0 0 0 0 0 0 0 0 0 0 0 0 0 0 0 0 0 0 0 0 0 0 0 0 0 0</row>
            <row>0 0 0 0 0 0 0 0 0 0 0 0 0 0 0 0 0 0 0 0 0 0 0 0 0 0 0 0 0 0 0 0 0 0 0 0 0 0 0 0 0 0 0 0 0 0 0 0 0 0 0 0 0 0 0 0 0 0 0 0 0 0 0 0</row>
            <row>0 0 0 0 0 0 0 0 0 0 0 0 0 0 0 0 0 0 0 0 0 0 0 0 0 0 0 0 0 0 0 0 0 0 0 0 0 0 0 0 0 0 0 0 0 0 0 0 0 0 0 0 0 0 0 0 0 0 0 0 0 0 0 0</row>
            <row>0 0 0 0 0 0 0 0 0 0 0 0 0 0 0 0 0 0 0 0 0 0 0 0 0 0 0 0 0 0 0 0 0 0 0 0 0 0 0 0 0 0 0 0 0 0 0 0 0 0 0 0 0 0 0 0 0 0 0 0 0 0 0 0</row>
            <row>0 0 0 0 0 0 0 0 0 0 0 0 0 0 0 0 0 0 0 0 0 0 0 0 0 0 0 0 0 0 0 0 0 0 0 0 0 0 0 0 0 0 0 0 0 0 0 0 0 0 0 0 0 0 0 0 0 0 0 0 0 0 0 0</row>
            <row>0 0 0 0 0 0 0 0 0 0 0 0 0 0 0 0 0 0 0 0 0 0 0 0 0 0 0 0 0 0 0 0 0 0 0 0 0 0 0 0 0 0 0 0 0 0 0 0 0 0 0 0 0 0 0 0 0 0 0 0 0 0 0 0</row>
            <row>0 0 0 0 0 0 0 0 0 0 0 0 0 0 0 0 0 0 0 0 0 0 0 0 0 0 0 0 0 0 0 0 0 0 0 0 0 0 0 0 0 0 0 0 0 0 0 0 0 0 0 0 0 0 0 0 0 0 0 0 0 0 0 0</row>
            <row>0 0 0 0 0 0 0 0 0 0 0 0 0 0 0 0 0 0 0 0 0 0 0 0 0 0 0 0 0 0 0 0 0 0 0 0 0 0 0 0 0 0 0 0 0 0 0 0 0 0 0 0 0 0 0 0 0 0 0 0 0 0 0 0</row>
            <row>0 0 0 0 0 0 0 0 0 0 0 0 0 0 0 0 0 0 0 0 0 0 0 0 0 0 0 0 0 0 0 0 0 0 0 0 0 0 0 0 0 0 0 0 0 0 0 0 0 0 0 0 0 0 0 0 0 0 0 0 0 0 0 0</row>
            <row>0 0 0 0 0 0 0 0 0 0 0 0 0 0 0 0 0 0 0 0 0 0 0 0 0 0 0 0 0 0 0 0 0 0 0 0 0 0 0 0 0 0 0 0 0 0 0 0 0 0 0 0 0 0 0 0 0 0 0 0 0 0 0 0</row>
            <row>0 0 0 0 0 0 0 0 0 0 0 0 0 0 0 0 0 0 0 0 0 0 0 0 0 0 0 0 0 0 0 0 0 0 0 0 0 0 0 0 0 0 0 0 0 0 0 0 0 0 0 0 0 0 0 0 0 0 0 0 0 0 0 0</row>
            <row>0 0 0 0 0 0 0 0 0 0 0 0 0 0 0 0 0 0 0 0 0 0 0 0 0 0 0 0 0 0 0 0 0 0 0 0 0 0 0 0 0 0 0 0 0 0 0 0 0 0 0 0 0 0 0 0 0 0 0 0 0 0 0 0</row>
            <row>0 0 0 0 0 0 0 0 0 0 0 0 0 0 0 0 0 0 0 0 0 0 0 0 0 0 0 0 0 0 0 0 0 0 0 0 0 0 0 0 0 0 0 0 0 0 0 0 0 0 0 0 0 0 0 0 0 0 0 0 0 0 0 0</row>
            <row>0 0 0 0 0 0 0 0 0 0 0 0 0 0 0 0 0 0 0 0 0 0 0 0 0 0 0 0 0 0 0 0 0 0 0 0 0 0 0 0 0 0 0 0 0 0 0 0 0 0 0 0 0 0 0 0 0 0 0 0 0 0 0 0</row>
            <row>0 0 0 0 0 0 0 0 0 0 0 0 0 0 0 0 0 0 0 0 0 0 0 0 0 0 0 0 0 0 0 0 0 0 0 0 0 0 0 0 0 0 0 0 0 0 0 0 0 0 0 0 0 0 0 0 0 0 0 0 0 0 0 0</row>
            <row>0 0 0 0 0 0 0 0 0 0 0 0 0 0 0 0 0 0 0 0 0 0 0 0 0 0 0 0 0 0 0 0 0 0 0 0 0 0 0 0 0 0 0 0 0 0 0 0 0 0 0 0 0 0 0 0 0 0 0 0 0 0 0 0</row>
        </grid>
    </map>
    <algorithm>
        <allowanyangle>true</allowanyangle>
        <metrictype>euclid</metrictype>
        <breakingties>g-max</breakingties>
        <weight>1</weight>
    </algorithm>
    <options>
        <loglevel>1</loglevel>
        <logpath />
        <logfilename />
    </options>
</root>
