<?xml version="1.0" ?>
<root>
    <map>
        <width>64</width>
        <height>64</height>
        <agents>150</agents>
        <startx number="0">13</startx>
        <starty number="0">39</starty>
        <finishx number="0">62</finishx>
        <finishy number="0">63</finishy>
        <startx number="1">14</startx>
        <starty number="1">60</starty>
        <finishx number="1">19</finishx>
        <finishy number="1">43</finishy>
        <startx number="2">8</startx>
        <starty number="2">18</starty>
        <finishx number="2">19</finishx>
        <finishy number="2">45</finishy>
        <startx number="3">1</startx>
        <starty number="3">35</starty>
        <finishx number="3">26</finishx>
        <finishy number="3">23</finishy>
        <startx number="4">54</startx>
        <starty number="4">29</starty>
        <finishx number="4">44</finishx>
        <finishy number="4">47</finishy>
        <startx number="5">14</startx>
        <starty number="5">4</starty>
        <finishx number="5">53</finishx>
        <finishy number="5">58</finishy>
        <startx number="6">4</startx>
        <starty number="6">40</starty>
        <finishx number="6">36</finishx>
        <finishy number="6">51</finishy>
        <startx number="7">17</startx>
        <starty number="7">30</starty>
        <finishx number="7">23</finishx>
        <finishy number="7">42</finishy>
        <startx number="8">12</startx>
        <starty number="8">33</starty>
        <finishx number="8">42</finishx>
        <finishy number="8">60</finishy>
        <startx number="9">23</startx>
        <starty number="9">23</starty>
        <finishx number="9">41</finishx>
        <finishy number="9">36</finishy>
        <startx number="10">54</startx>
        <starty number="10">19</starty>
        <finishx number="10">28</finishx>
        <finishy number="10">9</finishy>
        <startx number="11">1</startx>
        <starty number="11">0</starty>
        <finishx number="11">9</finishx>
        <finishy number="11">58</finishy>
        <startx number="12">63</startx>
        <starty number="12">33</starty>
        <finishx number="12">34</finishx>
        <finishy number="12">46</finishy>
        <startx number="13">46</startx>
        <starty number="13">1</starty>
        <finishx number="13">24</finishx>
        <finishy number="13">8</finishy>
        <startx number="14">22</startx>
        <starty number="14">13</starty>
        <finishx number="14">33</finishx>
        <finishy number="14">62</finishy>
        <startx number="15">50</startx>
        <starty number="15">49</starty>
        <finishx number="15">28</finishx>
        <finishy number="15">23</finishy>
        <startx number="16">0</startx>
        <starty number="16">25</starty>
        <finishx number="16">16</finishx>
        <finishy number="16">54</finishy>
        <startx number="17">58</startx>
        <starty number="17">29</starty>
        <finishx number="17">16</finishx>
        <finishy number="17">12</finishy>
        <startx number="18">14</startx>
        <starty number="18">28</starty>
        <finishx number="18">54</finishx>
        <finishy number="18">24</finishy>
        <startx number="19">16</startx>
        <starty number="19">4</starty>
        <finishx number="19">34</finishx>
        <finishy number="19">41</finishy>
        <startx number="20">50</startx>
        <starty number="20">27</starty>
        <finishx number="20">60</finishx>
        <finishy number="20">5</finishy>
        <startx number="21">13</startx>
        <starty number="21">30</starty>
        <finishx number="21">53</finishx>
        <finishy number="21">51</finishy>
        <startx number="22">39</startx>
        <starty number="22">50</starty>
        <finishx number="22">14</finishx>
        <finishy number="22">23</finishy>
        <startx number="23">34</startx>
        <starty number="23">16</starty>
        <finishx number="23">21</finishx>
        <finishy number="23">62</finishy>
        <startx number="24">61</startx>
        <starty number="24">22</starty>
        <finishx number="24">47</finishx>
        <finishy number="24">17</finishy>
        <startx number="25">52</startx>
        <starty number="25">24</starty>
        <finishx number="25">16</finishx>
        <finishy number="25">38</finishy>
        <startx number="26">29</startx>
        <starty number="26">54</starty>
        <finishx number="26">48</finishx>
        <finishy number="26">46</finishy>
        <startx number="27">27</startx>
        <starty number="27">5</starty>
        <finishx number="27">41</finishx>
        <finishy number="27">18</finishy>
        <startx number="28">17</startx>
        <starty number="28">1</starty>
        <finishx number="28">56</finishx>
        <finishy number="28">31</finishy>
        <startx number="29">4</startx>
        <starty number="29">27</starty>
        <finishx number="29">39</finishx>
        <finishy number="29">48</finishy>
        <startx number="30">3</startx>
        <starty number="30">59</starty>
        <finishx number="30">20</finishx>
        <finishy number="30">8</finishy>
        <startx number="31">62</startx>
        <starty number="31">55</starty>
        <finishx number="31">58</finishx>
        <finishy number="31">58</finishy>
        <startx number="32">9</startx>
        <starty number="32">44</starty>
        <finishx number="32">63</finishx>
        <finishy number="32">20</finishy>
        <startx number="33">13</startx>
        <starty number="33">26</starty>
        <finishx number="33">1</finishx>
        <finishy number="33">60</finishy>
        <startx number="34">5</startx>
        <starty number="34">3</starty>
        <finishx number="34">31</finishx>
        <finishy number="34">57</finishy>
        <startx number="35">14</startx>
        <starty number="35">62</starty>
        <finishx number="35">16</finishx>
        <finishy number="35">52</finishy>
        <startx number="36">9</startx>
        <starty number="36">42</starty>
        <finishx number="36">12</finishx>
        <finishy number="36">50</finishy>
        <startx number="37">59</startx>
        <starty number="37">2</starty>
        <finishx number="37">15</finishx>
        <finishy number="37">44</finishy>
        <startx number="38">1</startx>
        <starty number="38">57</starty>
        <finishx number="38">47</finishx>
        <finishy number="38">3</finishy>
        <startx number="39">55</startx>
        <starty number="39">42</starty>
        <finishx number="39">33</finishx>
        <finishy number="39">6</finishy>
        <startx number="40">60</startx>
        <starty number="40">42</starty>
        <finishx number="40">9</finishx>
        <finishy number="40">47</finishy>
        <startx number="41">53</startx>
        <starty number="41">21</starty>
        <finishx number="41">30</finishx>
        <finishy number="41">23</finishy>
        <startx number="42">61</startx>
        <starty number="42">28</starty>
        <finishx number="42">21</finishx>
        <finishy number="42">42</finishy>
        <startx number="43">15</startx>
        <starty number="43">30</starty>
        <finishx number="43">39</finishx>
        <finishy number="43">21</finishy>
        <startx number="44">2</startx>
        <starty number="44">6</starty>
        <finishx number="44">35</finishx>
        <finishy number="44">27</finishy>
        <startx number="45">40</startx>
        <starty number="45">16</starty>
        <finishx number="45">44</finishx>
        <finishy number="45">60</finishy>
        <startx number="46">18</startx>
        <starty number="46">28</starty>
        <finishx number="46">29</finishx>
        <finishy number="46">2</finishy>
        <startx number="47">21</startx>
        <starty number="47">59</starty>
        <finishx number="47">53</finishx>
        <finishy number="47">35</finishy>
        <startx number="48">54</startx>
        <starty number="48">5</starty>
        <finishx number="48">31</finishx>
        <finishy number="48">44</finishy>
        <startx number="49">53</startx>
        <starty number="49">32</starty>
        <finishx number="49">25</finishx>
        <finishy number="49">13</finishy>
        <startx number="50">42</startx>
        <starty number="50">42</starty>
        <finishx number="50">34</finishx>
        <finishy number="50">35</finishy>
        <startx number="51">14</startx>
        <starty number="51">46</starty>
        <finishx number="51">31</finishx>
        <finishy number="51">39</finishy>
        <startx number="52">17</startx>
        <starty number="52">57</starty>
        <finishx number="52">21</finishx>
        <finishy number="52">16</finishy>
        <startx number="53">45</startx>
        <starty number="53">55</starty>
        <finishx number="53">15</finishx>
        <finishy number="53">33</finishy>
        <startx number="54">31</startx>
        <starty number="54">25</starty>
        <finishx number="54">57</finishx>
        <finishy number="54">50</finishy>
        <startx number="55">4</startx>
        <starty number="55">35</starty>
        <finishx number="55">17</finishx>
        <finishy number="55">24</finishy>
        <startx number="56">0</startx>
        <starty number="56">14</starty>
        <finishx number="56">10</finishx>
        <finishy number="56">29</finishy>
        <startx number="57">35</startx>
        <starty number="57">22</starty>
        <finishx number="57">43</finishx>
        <finishy number="57">63</finishy>
        <startx number="58">32</startx>
        <starty number="58">33</starty>
        <finishx number="58">5</finishx>
        <finishy number="58">16</finishy>
        <startx number="59">41</startx>
        <starty number="59">58</starty>
        <finishx number="59">24</finishx>
        <finishy number="59">35</finishy>
        <startx number="60">32</startx>
        <starty number="60">60</starty>
        <finishx number="60">57</finishx>
        <finishy number="60">56</finishy>
        <startx number="61">20</startx>
        <starty number="61">48</starty>
        <finishx number="61">52</finishx>
        <finishy number="61">19</finishy>
        <startx number="62">5</startx>
        <starty number="62">43</starty>
        <finishx number="62">22</finishx>
        <finishy number="62">29</finishy>
        <startx number="63">0</startx>
        <starty number="63">22</starty>
        <finishx number="63">35</finishx>
        <finishy number="63">5</finishy>
        <startx number="64">29</startx>
        <starty number="64">12</starty>
        <finishx number="64">57</finishx>
        <finishy number="64">15</finishy>
        <startx number="65">1</startx>
        <starty number="65">51</starty>
        <finishx number="65">5</finishx>
        <finishy number="65">29</finishy>
        <startx number="66">28</startx>
        <starty number="66">50</starty>
        <finishx number="66">7</finishx>
        <finishy number="66">8</finishy>
        <startx number="67">33</startx>
        <starty number="67">30</starty>
        <finishx number="67">6</finishx>
        <finishy number="67">54</finishy>
        <startx number="68">23</startx>
        <starty number="68">10</starty>
        <finishx number="68">44</finishx>
        <finishy number="68">52</finishy>
        <startx number="69">62</startx>
        <starty number="69">31</starty>
        <finishx number="69">53</finishx>
        <finishy number="69">61</finishy>
        <startx number="70">27</startx>
        <starty number="70">28</starty>
        <finishx number="70">60</finishx>
        <finishy number="70">44</finishy>
        <startx number="71">21</startx>
        <starty number="71">40</starty>
        <finishx number="71">30</finishx>
        <finishy number="71">17</finishy>
        <startx number="72">8</startx>
        <starty number="72">39</starty>
        <finishx number="72">27</finishx>
        <finishy number="72">34</finishy>
        <startx number="73">46</startx>
        <starty number="73">30</starty>
        <finishx number="73">18</finishx>
        <finishy number="73">35</finishy>
        <startx number="74">18</startx>
        <starty number="74">19</starty>
        <finishx number="74">12</finishx>
        <finishy number="74">9</finishy>
        <startx number="75">11</startx>
        <starty number="75">12</starty>
        <finishx number="75">25</finishx>
        <finishy number="75">28</finishy>
        <startx number="76">55</startx>
        <starty number="76">56</starty>
        <finishx number="76">31</finishx>
        <finishy number="76">9</finishy>
        <startx number="77">26</startx>
        <starty number="77">2</starty>
        <finishx number="77">4</finishx>
        <finishy number="77">13</finishy>
        <startx number="78">22</startx>
        <starty number="78">48</starty>
        <finishx number="78">46</finishx>
        <finishy number="78">14</finishy>
        <startx number="79">11</startx>
        <starty number="79">57</starty>
        <finishx number="79">58</finishx>
        <finishy number="79">31</finishy>
        <startx number="80">7</startx>
        <starty number="80">45</starty>
        <finishx number="80">63</finishx>
        <finishy number="80">1</finishy>
        <startx number="81">18</startx>
        <starty number="81">32</starty>
        <finishx number="81">21</finishx>
        <finishy number="81">5</finishy>
        <startx number="82">47</startx>
        <starty number="82">7</starty>
        <finishx number="82">57</finishx>
        <finishy number="82">2</finishy>
        <startx number="83">46</startx>
        <starty number="83">60</starty>
        <finishx number="83">58</finishx>
        <finishy number="83">45</finishy>
        <startx number="84">54</startx>
        <starty number="84">48</starty>
        <finishx number="84">11</finishx>
        <finishy number="84">44</finishy>
        <startx number="85">61</startx>
        <starty number="85">39</starty>
        <finishx number="85">25</finishx>
        <finishy number="85">5</finishy>
        <startx number="86">51</startx>
        <starty number="86">59</starty>
        <finishx number="86">36</finishx>
        <finishy number="86">17</finishy>
        <startx number="87">5</startx>
        <starty number="87">56</starty>
        <finishx number="87">18</finishx>
        <finishy number="87">14</finishy>
        <startx number="88">51</startx>
        <starty number="88">5</starty>
        <finishx number="88">57</finishx>
        <finishy number="88">47</finishy>
        <startx number="89">48</startx>
        <starty number="89">24</starty>
        <finishx number="89">36</finishx>
        <finishy number="89">11</finishy>
        <startx number="90">59</startx>
        <starty number="90">63</starty>
        <finishx number="90">41</finishx>
        <finishy number="90">21</finishy>
        <startx number="91">51</startx>
        <starty number="91">3</starty>
        <finishx number="91">62</finishx>
        <finishy number="91">52</finishy>
        <startx number="92">32</startx>
        <starty number="92">19</starty>
        <finishx number="92">18</finishx>
        <finishy number="92">51</finishy>
        <startx number="93">42</startx>
        <starty number="93">12</starty>
        <finishx number="93">61</finishx>
        <finishy number="93">36</finishy>
        <startx number="94">32</startx>
        <starty number="94">3</starty>
        <finishx number="94">24</finishx>
        <finishy number="94">40</finishy>
        <startx number="95">40</startx>
        <starty number="95">5</starty>
        <finishx number="95">45</finishx>
        <finishy number="95">39</finishy>
        <startx number="96">6</startx>
        <starty number="96">0</starty>
        <finishx number="96">41</finishx>
        <finishy number="96">10</finishy>
        <startx number="97">24</startx>
        <starty number="97">37</starty>
        <finishx number="97">19</finishx>
        <finishy number="97">3</finishy>
        <startx number="98">23</startx>
        <starty number="98">32</starty>
        <finishx number="98">48</finishx>
        <finishy number="98">54</finishy>
        <startx number="99">40</startx>
        <starty number="99">39</starty>
        <finishx number="99">63</finishx>
        <finishy number="99">23</finishy>
        <startx number="100">57</startx>
        <starty number="100">10</starty>
        <finishx number="100">1</finishx>
        <finishy number="100">19</finishy>
        <startx number="101">23</startx>
        <starty number="101">53</starty>
        <finishx number="101">6</finishx>
        <finishy number="101">10</finishy>
        <startx number="102">21</startx>
        <starty number="102">0</starty>
        <finishx number="102">29</finishx>
        <finishy number="102">33</finishy>
        <startx number="103">61</startx>
        <starty number="103">25</starty>
        <finishx number="103">27</finishx>
        <finishy number="103">47</finishy>
        <startx number="104">8</startx>
        <starty number="104">61</starty>
        <finishx number="104">53</finishx>
        <finishy number="104">0</finishy>
        <startx number="105">9</startx>
        <starty number="105">37</starty>
        <finishx number="105">29</finishx>
        <finishy number="105">6</finishy>
        <startx number="106">57</startx>
        <starty number="106">42</starty>
        <finishx number="106">29</finishx>
        <finishy number="106">39</finishy>
        <startx number="107">7</startx>
        <starty number="107">27</starty>
        <finishx number="107">31</finishx>
        <finishy number="107">49</finishy>
        <startx number="108">36</startx>
        <starty number="108">3</starty>
        <finishx number="108">1</finishx>
        <finishy number="108">54</finishy>
        <startx number="109">23</startx>
        <starty number="109">2</starty>
        <finishx number="109">13</finishx>
        <finishy number="109">12</finishy>
        <startx number="110">18</startx>
        <starty number="110">6</starty>
        <finishx number="110">11</finishx>
        <finishy number="110">39</finishy>
        <startx number="111">39</startx>
        <starty number="111">59</starty>
        <finishx number="111">30</finishx>
        <finishy number="111">20</finishy>
        <startx number="112">17</startx>
        <starty number="112">49</starty>
        <finishx number="112">59</finishx>
        <finishy number="112">26</finishy>
        <startx number="113">48</startx>
        <starty number="113">62</starty>
        <finishx number="113">31</finishx>
        <finishy number="113">12</finishy>
        <startx number="114">11</startx>
        <starty number="114">2</starty>
        <finishx number="114">4</finishx>
        <finishy number="114">62</finishy>
        <startx number="115">6</startx>
        <starty number="115">13</starty>
        <finishx number="115">41</finishx>
        <finishy number="115">52</finishy>
        <startx number="116">37</startx>
        <starty number="116">32</starty>
        <finishx number="116">40</finishx>
        <finishy number="116">45</finishy>
        <startx number="117">38</startx>
        <starty number="117">45</starty>
        <finishx number="117">48</finishx>
        <finishy number="117">22</finishy>
        <startx number="118">33</startx>
        <starty number="118">49</starty>
        <finishx number="118">37</finishx>
        <finishy number="118">6</finishy>
        <startx number="119">25</startx>
        <starty number="119">26</starty>
        <finishx number="119">6</finishx>
        <finishy number="119">61</finishy>
        <startx number="120">56</startx>
        <starty number="120">7</starty>
        <finishx number="120">10</finishx>
        <finishy number="120">15</finishy>
        <startx number="121">29</startx>
        <starty number="121">60</starty>
        <finishx number="121">6</finishx>
        <finishy number="121">48</finishy>
        <startx number="122">59</startx>
        <starty number="122">23</starty>
        <finishx number="122">52</finishx>
        <finishy number="122">48</finishy>
        <startx number="123">58</startx>
        <starty number="123">39</starty>
        <finishx number="123">38</finishx>
        <finishy number="123">35</finishy>
        <startx number="124">28</startx>
        <starty number="124">41</starty>
        <finishx number="124">52</finishx>
        <finishy number="124">43</finishy>
        <startx number="125">36</startx>
        <starty number="125">43</starty>
        <finishx number="125">60</finishx>
        <finishy number="125">31</finishy>
        <startx number="126">37</startx>
        <starty number="126">24</starty>
        <finishx number="126">25</finishx>
        <finishy number="126">47</finishy>
        <startx number="127">61</startx>
        <starty number="127">7</starty>
        <finishx number="127">44</finishx>
        <finishy number="127">25</finishy>
        <startx number="128">48</startx>
        <starty number="128">27</starty>
        <finishx number="128">26</finishx>
        <finishy number="128">39</finishy>
        <startx number="129">46</startx>
        <starty number="129">20</starty>
        <finishx number="129">3</finishx>
        <finishy number="129">16</finishy>
        <startx number="130">28</startx>
        <starty number="130">31</starty>
        <finishx number="130">43</finishx>
        <finishy number="130">23</finishy>
        <startx number="131">46</startx>
        <starty number="131">44</starty>
        <finishx number="131">11</finishx>
        <finishy number="131">7</finishy>
        <startx number="132">8</startx>
        <starty number="132">24</starty>
        <finishx number="132">34</finishx>
        <finishy number="132">60</finishy>
        <startx number="133">30</startx>
        <starty number="133">31</starty>
        <finishx number="133">27</finishx>
        <finishy number="133">44</finishy>
        <startx number="134">15</startx>
        <starty number="134">17</starty>
        <finishx number="134">34</finishx>
        <finishy number="134">38</finishy>
        <startx number="135">20</startx>
        <starty number="135">51</starty>
        <finishx number="135">44</finishx>
        <finishy number="135">42</finishy>
        <startx number="136">38</startx>
        <starty number="136">56</starty>
        <finishx number="136">49</finishx>
        <finishy number="136">35</finishy>
        <startx number="137">2</startx>
        <starty number="137">3</starty>
        <finishx number="137">46</finishx>
        <finishy number="137">63</finishy>
        <startx number="138">43</startx>
        <starty number="138">45</starty>
        <finishx number="138">14</finishx>
        <finishy number="138">1</finishy>
        <startx number="139">12</startx>
        <starty number="139">14</starty>
        <finishx number="139">14</finishx>
        <finishy number="139">57</finishy>
        <startx number="140">50</startx>
        <starty number="140">40</starty>
        <finishx number="140">4</finishx>
        <finishy number="140">0</finishy>
        <startx number="141">57</startx>
        <starty number="141">12</starty>
        <finishx number="141">55</finishx>
        <finishy number="141">2</finishy>
        <startx number="142">47</startx>
        <starty number="142">12</starty>
        <finishx number="142">36</finishx>
        <finishy number="142">59</finishy>
        <startx number="143">61</startx>
        <starty number="143">12</starty>
        <finishx number="143">39</finishx>
        <finishy number="143">42</finishy>
        <startx number="144">7</startx>
        <starty number="144">5</starty>
        <finishx number="144">3</finishx>
        <finishy number="144">43</finishy>
        <startx number="145">36</startx>
        <starty number="145">19</starty>
        <finishx number="145">51</finishx>
        <finishy number="145">22</finishy>
        <startx number="146">15</startx>
        <starty number="146">14</starty>
        <finishx number="146">54</finishx>
        <finishy number="146">27</finishy>
        <startx number="147">61</startx>
        <starty number="147">15</starty>
        <finishx number="147">16</finishx>
        <finishy number="147">59</finishy>
        <startx number="148">62</startx>
        <starty number="148">44</starty>
        <finishx number="148">55</finishx>
        <finishy number="148">50</finishy>
        <startx number="149">21</startx>
        <starty number="149">56</starty>
        <finishx number="149">10</finishx>
        <finishy number="149">23</finishy>
        <grid>
            <row>0 0 0 0 0 0 0 0 0 0 0 0 0 0 0 0 0 0 0 0 0 0 0 0 0 0 0 0 0 0 0 0 0 0 0 0 0 0 0 0 0 0 0 0 0 0 0 0 0 0 0 0 0 0 0 0 0 0 0 0 0 0 0 0</row>
            <row>0 0 0 0 0 0 0 0 0 0 0 0 0 0 0 0 0 0 0 0 0 0 0 0 0 0 0 0 0 0 0 0 0 0 0 0 0 0 0 0 0 0 0 0 0 0 0 0 0 0 0 0 0 0 0 0 0 0 0 0 0 0 0 0</row>
            <row>0 0 0 0 0 0 0 0 0 0 0 0 0 0 0 0 0 0 0 0 0 0 0 0 0 0 0 0 0 0 0 0 0 0 0 0 0 0 0 0 0 0 0 0 0 0 0 0 0 0 0 0 0 0 0 0 0 0 0 0 0 0 0 0</row>
            <row>0 0 0 0 0 0 0 0 0 0 0 0 0 0 0 0 0 0 0 0 0 0 0 0 0 0 0 0 0 0 0 0 0 0 0 0 0 0 0 0 0 0 0 0 0 0 0 0 0 0 0 0 0 0 0 0 0 0 0 0 0 0 0 0</row>
            <row>0 0 0 0 0 0 0 0 0 0 0 0 0 0 0 0 0 0 0 0 0 0 0 0 0 0 0 0 0 0 0 0 0 0 0 0 0 0 0 0 0 0 0 0 0 0 0 0 0 0 0 0 0 0 0 0 0 0 0 0 0 0 0 0</row>
            <row>0 0 0 0 0 0 0 0 0 0 0 0 0 0 0 0 0 0 0 0 0 0 0 0 0 0 0 0 0 0 0 0 0 0 0 0 0 0 0 0 0 0 0 0 0 0 0 0 0 0 0 0 0 0 0 0 0 0 0 0 0 0 0 0</row>
            <row>0 0 0 0 0 0 0 0 0 0 0 0 0 0 0 0 0 0 0 0 0 0 0 0 0 0 0 0 0 0 0 0 0 0 0 0 0 0 0 0 0 0 0 0 0 0 0 0 0 0 0 0 0 0 0 0 0 0 0 0 0 0 0 0</row>
            <row>0 0 0 0 0 0 0 0 0 0 0 0 0 0 0 0 0 0 0 0 0 0 0 0 0 0 0 0 0 0 0 0 0 0 0 0 0 0 0 0 0 0 0 0 0 0 0 0 0 0 0 0 0 0 0 0 0 0 0 0 0 0 0 0</row>
            <row>0 0 0 0 0 0 0 0 0 0 0 0 0 0 0 0 0 0 0 0 0 0 0 0 0 0 0 0 0 0 0 0 0 0 0 0 0 0 0 0 0 0 0 0 0 0 0 0 0 0 0 0 0 0 0 0 0 0 0 0 0 0 0 0</row>
            <row>0 0 0 0 0 0 0 0 0 0 0 0 0 0 0 0 0 0 0 0 0 0 0 0 0 0 0 0 0 0 0 0 0 0 0 0 0 0 0 0 0 0 0 0 0 0 0 0 0 0 0 0 0 0 0 0 0 0 0 0 0 0 0 0</row>
            <row>0 0 0 0 0 0 0 0 0 0 0 0 0 0 0 0 0 0 0 0 0 0 0 0 0 0 0 0 0 0 0 0 0 0 0 0 0 0 0 0 0 0 0 0 0 0 0 0 0 0 0 0 0 0 0 0 0 0 0 0 0 0 0 0</row>
            <row>0 0 0 0 0 0 0 0 0 0 0 0 0 0 0 0 0 0 0 0 0 0 0 0 0 0 0 0 0 0 0 0 0 0 0 0 0 0 0 0 0 0 0 0 0 0 0 0 0 0 0 0 0 0 0 0 0 0 0 0 0 0 0 0</row>
            <row>0 0 0 0 0 0 0 0 0 0 0 0 0 0 0 0 0 0 0 0 0 0 0 0 0 0 0 0 0 0 0 0 0 0 0 0 0 0 0 0 0 0 0 0 0 0 0 0 0 0 0 0 0 0 0 0 0 0 0 0 0 0 0 0</row>
            <row>0 0 0 0 0 0 0 0 0 0 0 0 0 0 0 0 0 0 0 0 0 0 0 0 0 0 0 0 0 0 0 0 0 0 0 0 0 0 0 0 0 0 0 0 0 0 0 0 0 0 0 0 0 0 0 0 0 0 0 0 0 0 0 0</row>
            <row>0 0 0 0 0 0 0 0 0 0 0 0 0 0 0 0 0 0 0 0 0 0 0 0 0 0 0 0 0 0 0 0 0 0 0 0 0 0 0 0 0 0 0 0 0 0 0 0 0 0 0 0 0 0 0 0 0 0 0 0 0 0 0 0</row>
            <row>0 0 0 0 0 0 0 0 0 0 0 0 0 0 0 0 0 0 0 0 0 0 0 0 0 0 0 0 0 0 0 0 0 0 0 0 0 0 0 0 0 0 0 0 0 0 0 0 0 0 0 0 0 0 0 0 0 0 0 0 0 0 0 0</row>
            <row>0 0 0 0 0 0 0 0 0 0 0 0 0 0 0 0 0 0 0 0 0 0 0 0 0 0 0 0 0 0 0 0 0 0 0 0 0 0 0 0 0 0 0 0 0 0 0 0 0 0 0 0 0 0 0 0 0 0 0 0 0 0 0 0</row>
            <row>0 0 0 0 0 0 0 0 0 0 0 0 0 0 0 0 0 0 0 0 0 0 0 0 0 0 0 0 0 0 0 0 0 0 0 0 0 0 0 0 0 0 0 0 0 0 0 0 0 0 0 0 0 0 0 0 0 0 0 0 0 0 0 0</row>
            <row>0 0 0 0 0 0 0 0 0 0 0 0 0 0 0 0 0 0 0 0 0 0 0 0 0 0 0 0 0 0 0 0 0 0 0 0 0 0 0 0 0 0 0 0 0 0 0 0 0 0 0 0 0 0 0 0 0 0 0 0 0 0 0 0</row>
            <row>0 0 0 0 0 0 0 0 0 0 0 0 0 0 0 0 0 0 0 0 0 0 0 0 0 0 0 0 0 0 0 0 0 0 0 0 0 0 0 0 0 0 0 0 0 0 0 0 0 0 0 0 0 0 0 0 0 0 0 0 0 0 0 0</row>
            <row>0 0 0 0 0 0 0 0 0 0 0 0 0 0 0 0 0 0 0 0 0 0 0 0 0 0 0 0 0 0 0 0 0 0 0 0 0 0 0 0 0 0 0 0 0 0 0 0 0 0 0 0 0 0 0 0 0 0 0 0 0 0 0 0</row>
            <row>0 0 0 0 0 0 0 0 0 0 0 0 0 0 0 0 0 0 0 0 0 0 0 0 0 0 0 0 0 0 0 0 0 0 0 0 0 0 0 0 0 0 0 0 0 0 0 0 0 0 0 0 0 0 0 0 0 0 0 0 0 0 0 0</row>
            <row>0 0 0 0 0 0 0 0 0 0 0 0 0 0 0 0 0 0 0 0 0 0 0 0 0 0 0 0 0 0 0 0 0 0 0 0 0 0 0 0 0 0 0 0 0 0 0 0 0 0 0 0 0 0 0 0 0 0 0 0 0 0 0 0</row>
            <row>0 0 0 0 0 0 0 0 0 0 0 0 0 0 0 0 0 0 0 0 0 0 0 0 0 0 0 0 0 0 0 0 0 0 0 0 0 0 0 0 0 0 0 0 0 0 0 0 0 0 0 0 0 0 0 0 0 0 0 0 0 0 0 0</row>
            <row>0 0 0 0 0 0 0 0 0 0 0 0 0 0 0 0 0 0 0 0 0 0 0 0 0 0 0 0 0 0 0 0 0 0 0 0 0 0 0 0 0 0 0 0 0 0 0 0 0 0 0 0 0 0 0 0 0 0 0 0 0 0 0 0</row>
            <row>0 0 0 0 0 0 0 0 0 0 0 0 0 0 0 0 0 0 0 0 0 0 0 0 0 0 0 0 0 0 0 0 0 0 0 0 0 0 0 0 0 0 0 0 0 0 0 0 0 0 0 0 0 0 0 0 0 0 0 0 0 0 0 0</row>
            <row>0 0 0 0 0 0 0 0 0 0 0 0 0 0 0 0 0 0 0 0 0 0 0 0 0 0 0 0 0 0 0 0 0 0 0 0 0 0 0 0 0 0 0 0 0 0 0 0 0 0 0 0 0 0 0 0 0 0 0 0 0 0 0 0</row>
            <row>0 0 0 0 0 0 0 0 0 0 0 0 0 0 0 0 0 0 0 0 0 0 0 0 0 0 0 0 0 0 0 0 0 0 0 0 0 0 0 0 0 0 0 0 0 0 0 0 0 0 0 0 0 0 0 0 0 0 0 0 0 0 0 0</row>
            <row>0 0 0 0 0 0 0 0 0 0 0 0 0 0 0 0 0 0 0 0 0 0 0 0 0 0 0 0 0 0 0 0 0 0 0 0 0 0 0 0 0 0 0 0 0 0 0 0 0 0 0 0 0 0 0 0 0 0 0 0 0 0 0 0</row>
            <row>0 0 0 0 0 0 0 0 0 0 0 0 0 0 0 0 0 0 0 0 0 0 0 0 0 0 0 0 0 0 0 0 0 0 0 0 0 0 0 0 0 0 0 0 0 0 0 0 0 0 0 0 0 0 0 0 0 0 0 0 0 0 0 0</row>
            <row>0 0 0 0 0 0 0 0 0 0 0 0 0 0 0 0 0 0 0 0 0 0 0 0 0 0 0 0 0 0 0 0 0 0 0 0 0 0 0 0 0 0 0 0 0 0 0 0 0 0 0 0 0 0 0 0 0 0 0 0 0 0 0 0</row>
            <row>0 0 0 0 0 0 0 0 0 0 0 0 0 0 0 0 0 0 0 0 0 0 0 0 0 0 0 0 0 0 0 0 0 0 0 0 0 0 0 0 0 0 0 0 0 0 0 0 0 0 0 0 0 0 0 0 0 0 0 0 0 0 0 0</row>
            <row>0 0 0 0 0 0 0 0 0 0 0 0 0 0 0 0 0 0 0 0 0 0 0 0 0 0 0 0 0 0 0 0 0 0 0 0 0 0 0 0 0 0 0 0 0 0 0 0 0 0 0 0 0 0 0 0 0 0 0 0 0 0 0 0</row>
            <row>0 0 0 0 0 0 0 0 0 0 0 0 0 0 0 0 0 0 0 0 0 0 0 0 0 0 0 0 0 0 0 0 0 0 0 0 0 0 0 0 0 0 0 0 0 0 0 0 0 0 0 0 0 0 0 0 0 0 0 0 0 0 0 0</row>
            <row>0 0 0 0 0 0 0 0 0 0 0 0 0 0 0 0 0 0 0 0 0 0 0 0 0 0 0 0 0 0 0 0 0 0 0 0 0 0 0 0 0 0 0 0 0 0 0 0 0 0 0 0 0 0 0 0 0 0 0 0 0 0 0 0</row>
            <row>0 0 0 0 0 0 0 0 0 0 0 0 0 0 0 0 0 0 0 0 0 0 0 0 0 0 0 0 0 0 0 0 0 0 0 0 0 0 0 0 0 0 0 0 0 0 0 0 0 0 0 0 0 0 0 0 0 0 0 0 0 0 0 0</row>
            <row>0 0 0 0 0 0 0 0 0 0 0 0 0 0 0 0 0 0 0 0 0 0 0 0 0 0 0 0 0 0 0 0 0 0 0 0 0 0 0 0 0 0 0 0 0 0 0 0 0 0 0 0 0 0 0 0 0 0 0 0 0 0 0 0</row>
            <row>0 0 0 0 0 0 0 0 0 0 0 0 0 0 0 0 0 0 0 0 0 0 0 0 0 0 0 0 0 0 0 0 0 0 0 0 0 0 0 0 0 0 0 0 0 0 0 0 0 0 0 0 0 0 0 0 0 0 0 0 0 0 0 0</row>
            <row>0 0 0 0 0 0 0 0 0 0 0 0 0 0 0 0 0 0 0 0 0 0 0 0 0 0 0 0 0 0 0 0 0 0 0 0 0 0 0 0 0 0 0 0 0 0 0 0 0 0 0 0 0 0 0 0 0 0 0 0 0 0 0 0</row>
            <row>0 0 0 0 0 0 0 0 0 0 0 0 0 0 0 0 0 0 0 0 0 0 0 0 0 0 0 0 0 0 0 0 0 0 0 0 0 0 0 0 0 0 0 0 0 0 0 0 0 0 0 0 0 0 0 0 0 0 0 0 0 0 0 0</row>
            <row>0 0 0 0 0 0 0 0 0 0 0 0 0 0 0 0 0 0 0 0 0 0 0 0 0 0 0 0 0 0 0 0 0 0 0 0 0 0 0 0 0 0 0 0 0 0 0 0 0 0 0 0 0 0 0 0 0 0 0 0 0 0 0 0</row>
            <row>0 0 0 0 0 0 0 0 0 0 0 0 0 0 0 0 0 0 0 0 0 0 0 0 0 0 0 0 0 0 0 0 0 0 0 0 0 0 0 0 0 0 0 0 0 0 0 0 0 0 0 0 0 0 0 0 0 0 0 0 0 0 0 0</row>
            <row>0 0 0 0 0 0 0 0 0 0 0 0 0 0 0 0 0 0 0 0 0 0 0 0 0 0 0 0 0 0 0 0 0 0 0 0 0 0 0 0 0 0 0 0 0 0 0 0 0 0 0 0 0 0 0 0 0 0 0 0 0 0 0 0</row>
            <row>0 0 0 0 0 0 0 0 0 0 0 0 0 0 0 0 0 0 0 0 0 0 0 0 0 0 0 0 0 0 0 0 0 0 0 0 0 0 0 0 0 0 0 0 0 0 0 0 0 0 0 0 0 0 0 0 0 0 0 0 0 0 0 0</row>
            <row>0 0 0 0 0 0 0 0 0 0 0 0 0 0 0 0 0 0 0 0 0 0 0 0 0 0 0 0 0 0 0 0 0 0 0 0 0 0 0 0 0 0 0 0 0 0 0 0 0 0 0 0 0 0 0 0 0 0 0 0 0 0 0 0</row>
            <row>0 0 0 0 0 0 0 0 0 0 0 0 0 0 0 0 0 0 0 0 0 0 0 0 0 0 0 0 0 0 0 0 0 0 0 0 0 0 0 0 0 0 0 0 0 0 0 0 0 0 0 0 0 0 0 0 0 0 0 0 0 0 0 0</row>
            <row>0 0 0 0 0 0 0 0 0 0 0 0 0 0 0 0 0 0 0 0 0 0 0 0 0 0 0 0 0 0 0 0 0 0 0 0 0 0 0 0 0 0 0 0 0 0 0 0 0 0 0 0 0 0 0 0 0 0 0 0 0 0 0 0</row>
            <row>0 0 0 0 0 0 0 0 0 0 0 0 0 0 0 0 0 0 0 0 0 0 0 0 0 0 0 0 0 0 0 0 0 0 0 0 0 0 0 0 0 0 0 0 0 0 0 0 0 0 0 0 0 0 0 0 0 0 0 0 0 0 0 0</row>
            <row>0 0 0 0 0 0 0 0 0 0 0 0 0 0 0 0 0 0 0 0 0 0 0 0 0 0 0 0 0 0 0 0 0 0 0 0 0 0 0 0 0 0 0 0 0 0 0 0 0 0 0 0 0 0 0 0 0 0 0 0 0 0 0 0</row>
            <row>0 0 0 0 0 0 0 0 0 0 0 0 0 0 0 0 0 0 0 0 0 0 0 0 0 0 0 0 0 0 0 0 0 0 0 0 0 0 0 0 0 0 0 0 0 0 0 0 0 0 0 0 0 0 0 0 0 0 0 0 0 0 0 0</row>
            <row>0 0 0 0 0 0 0 0 0 0 0 0 0 0 0 0 0 0 0 0 0 0 0 0 0 0 0 0 0 0 0 0 0 0 0 0 0 0 0 0 0 0 0 0 0 0 0 0 0 0 0 0 0 0 0 0 0 0 0 0 0 0 0 0</row>
            <row>0 0 0 0 0 0 0 0 0 0 0 0 0 0 0 0 0 0 0 0 0 0 0 0 0 0 0 0 0 0 0 0 0 0 0 0 0 0 0 0 0 0 0 0 0 0 0 0 0 0 0 0 0 0 0 0 0 0 0 0 0 0 0 0</row>
            <row>0 0 0 0 0 0 0 0 0 0 0 0 0 0 0 0 0 0 0 0 0 0 0 0 0 0 0 0 0 0 0 0 0 0 0 0 0 0 0 0 0 0 0 0 0 0 0 0 0 0 0 0 0 0 0 0 0 0 0 0 0 0 0 0</row>
            <row>0 0 0 0 0 0 0 0 0 0 0 0 0 0 0 0 0 0 0 0 0 0 0 0 0 0 0 0 0 0 0 0 0 0 0 0 0 0 0 0 0 0 0 0 0 0 0 0 0 0 0 0 0 0 0 0 0 0 0 0 0 0 0 0</row>
            <row>0 0 0 0 0 0 0 0 0 0 0 0 0 0 0 0 0 0 0 0 0 0 0 0 0 0 0 0 0 0 0 0 0 0 0 0 0 0 0 0 0 0 0 0 0 0 0 0 0 0 0 0 0 0 0 0 0 0 0 0 0 0 0 0</row>
            <row>0 0 0 0 0 0 0 0 0 0 0 0 0 0 0 0 0 0 0 0 0 0 0 0 0 0 0 0 0 0 0 0 0 0 0 0 0 0 0 0 0 0 0 0 0 0 0 0 0 0 0 0 0 0 0 0 0 0 0 0 0 0 0 0</row>
            <row>0 0 0 0 0 0 0 0 0 0 0 0 0 0 0 0 0 0 0 0 0 0 0 0 0 0 0 0 0 0 0 0 0 0 0 0 0 0 0 0 0 0 0 0 0 0 0 0 0 0 0 0 0 0 0 0 0 0 0 0 0 0 0 0</row>
            <row>0 0 0 0 0 0 0 0 0 0 0 0 0 0 0 0 0 0 0 0 0 0 0 0 0 0 0 0 0 0 0 0 0 0 0 0 0 0 0 0 0 0 0 0 0 0 0 0 0 0 0 0 0 0 0 0 0 0 0 0 0 0 0 0</row>
            <row>0 0 0 0 0 0 0 0 0 0 0 0 0 0 0 0 0 0 0 0 0 0 0 0 0 0 0 0 0 0 0 0 0 0 0 0 0 0 0 0 0 0 0 0 0 0 0 0 0 0 0 0 0 0 0 0 0 0 0 0 0 0 0 0</row>
            <row>0 0 0 0 0 0 0 0 0 0 0 0 0 0 0 0 0 0 0 0 0 0 0 0 0 0 0 0 0 0 0 0 0 0 0 0 0 0 0 0 0 0 0 0 0 0 0 0 0 0 0 0 0 0 0 0 0 0 0 0 0 0 0 0</row>
            <row>0 0 0 0 0 0 0 0 0 0 0 0 0 0 0 0 0 0 0 0 0 0 0 0 0 0 0 0 0 0 0 0 0 0 0 0 0 0 0 0 0 0 0 0 0 0 0 0 0 0 0 0 0 0 0 0 0 0 0 0 0 0 0 0</row>
            <row>0 0 0 0 0 0 0 0 0 0 0 0 0 0 0 0 0 0 0 0 0 0 0 0 0 0 0 0 0 0 0 0 0 0 0 0 0 0 0 0 0 0 0 0 0 0 0 0 0 0 0 0 0 0 0 0 0 0 0 0 0 0 0 0</row>
            <row>0 0 0 0 0 0 0 0 0 0 0 0 0 0 0 0 0 0 0 0 0 0 0 0 0 0 0 0 0 0 0 0 0 0 0 0 0 0 0 0 0 0 0 0 0 0 0 0 0 0 0 0 0 0 0 0 0 0 0 0 0 0 0 0</row>
            <row>0 0 0 0 0 0 0 0 0 0 0 0 0 0 0 0 0 0 0 0 0 0 0 0 0 0 0 0 0 0 0 0 0 0 0 0 0 0 0 0 0 0 0 0 0 0 0 0 0 0 0 0 0 0 0 0 0 0 0 0 0 0 0 0</row>
        </grid>
    </map>
    <algorithm>
        <allowanyangle>true</allowanyangle>
        <metrictype>euclid</metrictype>
        <breakingties>g-max</breakingties>
        <weight>1</weight>
    </algorithm>
    <options>
        <loglevel>1</loglevel>
        <logpath />
        <logfilename />
    </options>
</root>
