<?xml version="1.0" ?>
<root>
    <map>
        <width>64</width>
        <height>64</height>
        <agents>100</agents>
        <startx number="0">43</startx>
        <starty number="0">63</starty>
        <finishx number="0">41</finishx>
        <finishy number="0">45</finishy>
        <startx number="1">13</startx>
        <starty number="1">9</starty>
        <finishx number="1">2</finishx>
        <finishy number="1">57</finishy>
        <startx number="2">61</startx>
        <starty number="2">47</starty>
        <finishx number="2">19</finishx>
        <finishy number="2">51</finishy>
        <startx number="3">50</startx>
        <starty number="3">14</starty>
        <finishx number="3">58</finishx>
        <finishy number="3">55</finishy>
        <startx number="4">59</startx>
        <starty number="4">5</starty>
        <finishx number="4">46</finishx>
        <finishy number="4">20</finishy>
        <startx number="5">26</startx>
        <starty number="5">2</starty>
        <finishx number="5">32</finishx>
        <finishy number="5">57</finishy>
        <startx number="6">48</startx>
        <starty number="6">30</starty>
        <finishx number="6">40</finishx>
        <finishy number="6">55</finishy>
        <startx number="7">32</startx>
        <starty number="7">36</starty>
        <finishx number="7">27</finishx>
        <finishy number="7">12</finishy>
        <startx number="8">62</startx>
        <starty number="8">41</starty>
        <finishx number="8">48</finishx>
        <finishy number="8">19</finishy>
        <startx number="9">29</startx>
        <starty number="9">4</starty>
        <finishx number="9">17</finishx>
        <finishy number="9">9</finishy>
        <startx number="10">38</startx>
        <starty number="10">11</starty>
        <finishx number="10">58</finishx>
        <finishy number="10">63</finishy>
        <startx number="11">28</startx>
        <starty number="11">15</starty>
        <finishx number="11">24</finishx>
        <finishy number="11">29</finishy>
        <startx number="12">55</startx>
        <starty number="12">42</starty>
        <finishx number="12">12</finishx>
        <finishy number="12">55</finishy>
        <startx number="13">3</startx>
        <starty number="13">33</starty>
        <finishx number="13">58</finishx>
        <finishy number="13">58</finishy>
        <startx number="14">28</startx>
        <starty number="14">1</starty>
        <finishx number="14">36</finishx>
        <finishy number="14">24</finishy>
        <startx number="15">22</startx>
        <starty number="15">29</starty>
        <finishx number="15">45</finishx>
        <finishy number="15">36</finishy>
        <startx number="16">45</startx>
        <starty number="16">47</starty>
        <finishx number="16">43</finishx>
        <finishy number="16">2</finishy>
        <startx number="17">55</startx>
        <starty number="17">18</starty>
        <finishx number="17">9</finishx>
        <finishy number="17">31</finishy>
        <startx number="18">46</startx>
        <starty number="18">22</starty>
        <finishx number="18">34</finishx>
        <finishy number="18">56</finishy>
        <startx number="19">1</startx>
        <starty number="19">16</starty>
        <finishx number="19">34</finishx>
        <finishy number="19">43</finishy>
        <startx number="20">21</startx>
        <starty number="20">50</starty>
        <finishx number="20">19</finishx>
        <finishy number="20">14</finishy>
        <startx number="21">2</startx>
        <starty number="21">3</starty>
        <finishx number="21">33</finishx>
        <finishy number="21">28</finishy>
        <startx number="22">50</startx>
        <starty number="22">54</starty>
        <finishx number="22">53</finishx>
        <finishy number="22">32</finishy>
        <startx number="23">34</startx>
        <starty number="23">62</starty>
        <finishx number="23">22</finishx>
        <finishy number="23">18</finishy>
        <startx number="24">8</startx>
        <starty number="24">29</starty>
        <finishx number="24">58</finishx>
        <finishy number="24">13</finishy>
        <startx number="25">34</startx>
        <starty number="25">59</starty>
        <finishx number="25">37</finishx>
        <finishy number="25">21</finishy>
        <startx number="26">22</startx>
        <starty number="26">56</starty>
        <finishx number="26">43</finishx>
        <finishy number="26">10</finishy>
        <startx number="27">51</startx>
        <starty number="27">43</starty>
        <finishx number="27">28</finishx>
        <finishy number="27">60</finishy>
        <startx number="28">0</startx>
        <starty number="28">46</starty>
        <finishx number="28">19</finishx>
        <finishy number="28">32</finishy>
        <startx number="29">5</startx>
        <starty number="29">35</starty>
        <finishx number="29">45</finishx>
        <finishy number="29">4</finishy>
        <startx number="30">17</startx>
        <starty number="30">56</starty>
        <finishx number="30">9</finishx>
        <finishy number="30">63</finishy>
        <startx number="31">45</startx>
        <starty number="31">55</starty>
        <finishx number="31">57</finishx>
        <finishy number="31">0</finishy>
        <startx number="32">11</startx>
        <starty number="32">4</starty>
        <finishx number="32">42</finishx>
        <finishy number="32">61</finishy>
        <startx number="33">17</startx>
        <starty number="33">1</starty>
        <finishx number="33">31</finishx>
        <finishy number="33">3</finishy>
        <startx number="34">40</startx>
        <starty number="34">24</starty>
        <finishx number="34">56</finishx>
        <finishy number="34">40</finishy>
        <startx number="35">58</startx>
        <starty number="35">18</starty>
        <finishx number="35">51</finishx>
        <finishy number="35">3</finishy>
        <startx number="36">61</startx>
        <starty number="36">60</starty>
        <finishx number="36">14</finishx>
        <finishy number="36">62</finishy>
        <startx number="37">34</startx>
        <starty number="37">38</starty>
        <finishx number="37">17</finishx>
        <finishy number="37">59</finishy>
        <startx number="38">53</startx>
        <starty number="38">22</starty>
        <finishx number="38">58</finishx>
        <finishy number="38">47</finishy>
        <startx number="39">11</startx>
        <starty number="39">10</starty>
        <finishx number="39">17</finishx>
        <finishy number="39">22</finishy>
        <startx number="40">42</startx>
        <starty number="40">7</starty>
        <finishx number="40">55</finishx>
        <finishy number="40">5</finishy>
        <startx number="41">57</startx>
        <starty number="41">61</starty>
        <finishx number="41">40</finishx>
        <finishy number="41">39</finishy>
        <startx number="42">9</startx>
        <starty number="42">26</starty>
        <finishx number="42">1</finishx>
        <finishy number="42">36</finishy>
        <startx number="43">50</startx>
        <starty number="43">30</starty>
        <finishx number="43">29</finishx>
        <finishy number="43">18</finishy>
        <startx number="44">13</startx>
        <starty number="44">44</starty>
        <finishx number="44">24</finishx>
        <finishy number="44">53</finishy>
        <startx number="45">16</startx>
        <starty number="45">39</starty>
        <finishx number="45">26</finishx>
        <finishy number="45">23</finishy>
        <startx number="46">25</startx>
        <starty number="46">10</starty>
        <finishx number="46">60</finishx>
        <finishy number="46">2</finishy>
        <startx number="47">9</startx>
        <starty number="47">2</starty>
        <finishx number="47">2</finishx>
        <finishy number="47">43</finishy>
        <startx number="48">46</startx>
        <starty number="48">60</starty>
        <finishx number="48">32</finishx>
        <finishy number="48">44</finishy>
        <startx number="49">30</startx>
        <starty number="49">20</starty>
        <finishx number="49">45</finishx>
        <finishy number="49">31</finishy>
        <startx number="50">49</startx>
        <starty number="50">57</starty>
        <finishx number="50">38</finishx>
        <finishy number="50">29</finishy>
        <startx number="51">32</startx>
        <starty number="51">54</starty>
        <finishx number="51">11</finishx>
        <finishy number="51">26</finishy>
        <startx number="52">39</startx>
        <starty number="52">13</starty>
        <finishx number="52">56</finishx>
        <finishy number="52">26</finishy>
        <startx number="53">27</startx>
        <starty number="53">29</starty>
        <finishx number="53">21</finishx>
        <finishy number="53">32</finishy>
        <startx number="54">31</startx>
        <starty number="54">17</starty>
        <finishx number="54">4</finishx>
        <finishy number="54">40</finishy>
        <startx number="55">0</startx>
        <starty number="55">14</starty>
        <finishx number="55">41</finishx>
        <finishy number="55">2</finishy>
        <startx number="56">48</startx>
        <starty number="56">17</starty>
        <finishx number="56">41</finishx>
        <finishy number="56">32</finishy>
        <startx number="57">36</startx>
        <starty number="57">19</starty>
        <finishx number="57">32</finishx>
        <finishy number="57">46</finishy>
        <startx number="58">6</startx>
        <starty number="58">61</starty>
        <finishx number="58">31</finishx>
        <finishy number="58">11</finishy>
        <startx number="59">56</startx>
        <starty number="59">53</starty>
        <finishx number="59">17</finishx>
        <finishy number="59">17</finishy>
        <startx number="60">34</startx>
        <starty number="60">20</starty>
        <finishx number="60">30</finishx>
        <finishy number="60">7</finishy>
        <startx number="61">50</startx>
        <starty number="61">12</starty>
        <finishx number="61">57</finishx>
        <finishy number="61">34</finishy>
        <startx number="62">25</startx>
        <starty number="62">63</starty>
        <finishx number="62">55</finishx>
        <finishy number="62">59</finishy>
        <startx number="63">16</startx>
        <starty number="63">11</starty>
        <finishx number="63">49</finishx>
        <finishy number="63">59</finishy>
        <startx number="64">61</startx>
        <starty number="64">4</starty>
        <finishx number="64">38</finishx>
        <finishy number="64">59</finishy>
        <startx number="65">62</startx>
        <starty number="65">9</starty>
        <finishx number="65">17</finishx>
        <finishy number="65">6</finishy>
        <startx number="66">63</startx>
        <starty number="66">17</starty>
        <finishx number="66">38</finishx>
        <finishy number="66">56</finishy>
        <startx number="67">25</startx>
        <starty number="67">18</starty>
        <finishx number="67">18</finishx>
        <finishy number="67">43</finishy>
        <startx number="68">63</startx>
        <starty number="68">60</starty>
        <finishx number="68">19</finishx>
        <finishy number="68">48</finishy>
        <startx number="69">2</startx>
        <starty number="69">48</starty>
        <finishx number="69">62</finishx>
        <finishy number="69">63</finishy>
        <startx number="70">14</startx>
        <starty number="70">30</starty>
        <finishx number="70">26</finishx>
        <finishy number="70">50</finishy>
        <startx number="71">51</startx>
        <starty number="71">17</starty>
        <finishx number="71">31</finishx>
        <finishy number="71">60</finishy>
        <startx number="72">21</startx>
        <starty number="72">3</starty>
        <finishx number="72">59</finishx>
        <finishy number="72">29</finishy>
        <startx number="73">36</startx>
        <starty number="73">43</starty>
        <finishx number="73">38</finishx>
        <finishy number="73">61</finishy>
        <startx number="74">47</startx>
        <starty number="74">36</starty>
        <finishx number="74">20</finishx>
        <finishy number="74">22</finishy>
        <startx number="75">2</startx>
        <starty number="75">14</starty>
        <finishx number="75">39</finishx>
        <finishy number="75">53</finishy>
        <startx number="76">26</startx>
        <starty number="76">31</starty>
        <finishx number="76">23</finishx>
        <finishy number="76">8</finishy>
        <startx number="77">29</startx>
        <starty number="77">10</starty>
        <finishx number="77">43</finishx>
        <finishy number="77">23</finishy>
        <startx number="78">15</startx>
        <starty number="78">6</starty>
        <finishx number="78">9</finishx>
        <finishy number="78">61</finishy>
        <startx number="79">51</startx>
        <starty number="79">62</starty>
        <finishx number="79">54</finishx>
        <finishy number="79">24</finishy>
        <startx number="80">18</startx>
        <starty number="80">3</starty>
        <finishx number="80">12</finishx>
        <finishy number="80">52</finishy>
        <startx number="81">12</startx>
        <starty number="81">31</starty>
        <finishx number="81">24</finishx>
        <finishy number="81">37</finishy>
        <startx number="82">57</startx>
        <starty number="82">10</starty>
        <finishx number="82">28</finishx>
        <finishy number="82">44</finishy>
        <startx number="83">13</startx>
        <starty number="83">20</starty>
        <finishx number="83">6</finishx>
        <finishy number="83">45</finishy>
        <startx number="84">20</startx>
        <starty number="84">38</starty>
        <finishx number="84">13</finishx>
        <finishy number="84">12</finishy>
        <startx number="85">36</startx>
        <starty number="85">6</starty>
        <finishx number="85">33</finishx>
        <finishy number="85">22</finishy>
        <startx number="86">42</startx>
        <starty number="86">4</starty>
        <finishx number="86">16</finishx>
        <finishy number="86">25</finishy>
        <startx number="87">13</startx>
        <starty number="87">49</starty>
        <finishx number="87">60</finishx>
        <finishy number="87">20</finishy>
        <startx number="88">3</startx>
        <starty number="88">21</starty>
        <finishx number="88">61</finishx>
        <finishy number="88">31</finishy>
        <startx number="89">5</startx>
        <starty number="89">0</starty>
        <finishx number="89">28</finishx>
        <finishy number="89">39</finishy>
        <startx number="90">61</startx>
        <starty number="90">33</starty>
        <finishx number="90">25</finishx>
        <finishy number="90">61</finishy>
        <startx number="91">1</startx>
        <starty number="91">22</starty>
        <finishx number="91">61</finishx>
        <finishy number="91">12</finishy>
        <startx number="92">38</startx>
        <starty number="92">2</starty>
        <finishx number="92">47</finishx>
        <finishy number="92">52</finishy>
        <startx number="93">53</startx>
        <starty number="93">5</starty>
        <finishx number="93">19</finishx>
        <finishy number="93">9</finishy>
        <startx number="94">48</startx>
        <starty number="94">22</starty>
        <finishx number="94">19</finishx>
        <finishy number="94">6</finishy>
        <startx number="95">15</startx>
        <starty number="95">57</starty>
        <finishx number="95">1</finishx>
        <finishy number="95">1</finishy>
        <startx number="96">59</startx>
        <starty number="96">31</starty>
        <finishx number="96">44</finishx>
        <finishy number="96">58</finishy>
        <startx number="97">63</startx>
        <starty number="97">33</starty>
        <finishx number="97">20</finishx>
        <finishy number="97">56</finishy>
        <startx number="98">25</startx>
        <starty number="98">42</starty>
        <finishx number="98">34</finishx>
        <finishy number="98">40</finishy>
        <startx number="99">4</startx>
        <starty number="99">27</starty>
        <finishx number="99">31</finishx>
        <finishy number="99">25</finishy>
        <grid>
            <row>0 0 0 0 0 0 0 0 0 0 0 0 0 0 0 0 0 0 0 0 0 0 0 0 0 0 0 0 0 0 0 0 0 0 0 0 0 0 0 0 0 0 0 0 0 0 0 0 0 0 0 0 0 0 0 0 0 0 0 0 0 0 0 0</row>
            <row>0 0 0 0 0 0 0 0 0 0 0 0 0 0 0 0 0 0 0 0 0 0 0 0 0 0 0 0 0 0 0 0 0 0 0 0 0 0 0 0 0 0 0 0 0 0 0 0 0 0 0 0 0 0 0 0 0 0 0 0 0 0 0 0</row>
            <row>0 0 0 0 0 0 0 0 0 0 0 0 0 0 0 0 0 0 0 0 0 0 0 0 0 0 0 0 0 0 0 0 0 0 0 0 0 0 0 0 0 0 0 0 0 0 0 0 0 0 0 0 0 0 0 0 0 0 0 0 0 0 0 0</row>
            <row>0 0 0 0 0 0 0 0 0 0 0 0 0 0 0 0 0 0 0 0 0 0 0 0 0 0 0 0 0 0 0 0 0 0 0 0 0 0 0 0 0 0 0 0 0 0 0 0 0 0 0 0 0 0 0 0 0 0 0 0 0 0 0 0</row>
            <row>0 0 0 0 0 0 0 0 0 0 0 0 0 0 0 0 0 0 0 0 0 0 0 0 0 0 0 0 0 0 0 0 0 0 0 0 0 0 0 0 0 0 0 0 0 0 0 0 0 0 0 0 0 0 0 0 0 0 0 0 0 0 0 0</row>
            <row>0 0 0 0 0 0 0 0 0 0 0 0 0 0 0 0 0 0 0 0 0 0 0 0 0 0 0 0 0 0 0 0 0 0 0 0 0 0 0 0 0 0 0 0 0 0 0 0 0 0 0 0 0 0 0 0 0 0 0 0 0 0 0 0</row>
            <row>0 0 0 0 0 0 0 0 0 0 0 0 0 0 0 0 0 0 0 0 0 0 0 0 0 0 0 0 0 0 0 0 0 0 0 0 0 0 0 0 0 0 0 0 0 0 0 0 0 0 0 0 0 0 0 0 0 0 0 0 0 0 0 0</row>
            <row>0 0 0 0 0 0 0 0 0 0 0 0 0 0 0 0 0 0 0 0 0 0 0 0 0 0 0 0 0 0 0 0 0 0 0 0 0 0 0 0 0 0 0 0 0 0 0 0 0 0 0 0 0 0 0 0 0 0 0 0 0 0 0 0</row>
            <row>0 0 0 0 0 0 0 0 0 0 0 0 0 0 0 0 0 0 0 0 0 0 0 0 0 0 0 0 0 0 0 0 0 0 0 0 0 0 0 0 0 0 0 0 0 0 0 0 0 0 0 0 0 0 0 0 0 0 0 0 0 0 0 0</row>
            <row>0 0 0 0 0 0 0 0 0 0 0 0 0 0 0 0 0 0 0 0 0 0 0 0 0 0 0 0 0 0 0 0 0 0 0 0 0 0 0 0 0 0 0 0 0 0 0 0 0 0 0 0 0 0 0 0 0 0 0 0 0 0 0 0</row>
            <row>0 0 0 0 0 0 0 0 0 0 0 0 0 0 0 0 0 0 0 0 0 0 0 0 0 0 0 0 0 0 0 0 0 0 0 0 0 0 0 0 0 0 0 0 0 0 0 0 0 0 0 0 0 0 0 0 0 0 0 0 0 0 0 0</row>
            <row>0 0 0 0 0 0 0 0 0 0 0 0 0 0 0 0 0 0 0 0 0 0 0 0 0 0 0 0 0 0 0 0 0 0 0 0 0 0 0 0 0 0 0 0 0 0 0 0 0 0 0 0 0 0 0 0 0 0 0 0 0 0 0 0</row>
            <row>0 0 0 0 0 0 0 0 0 0 0 0 0 0 0 0 0 0 0 0 0 0 0 0 0 0 0 0 0 0 0 0 0 0 0 0 0 0 0 0 0 0 0 0 0 0 0 0 0 0 0 0 0 0 0 0 0 0 0 0 0 0 0 0</row>
            <row>0 0 0 0 0 0 0 0 0 0 0 0 0 0 0 0 0 0 0 0 0 0 0 0 0 0 0 0 0 0 0 0 0 0 0 0 0 0 0 0 0 0 0 0 0 0 0 0 0 0 0 0 0 0 0 0 0 0 0 0 0 0 0 0</row>
            <row>0 0 0 0 0 0 0 0 0 0 0 0 0 0 0 0 0 0 0 0 0 0 0 0 0 0 0 0 0 0 0 0 0 0 0 0 0 0 0 0 0 0 0 0 0 0 0 0 0 0 0 0 0 0 0 0 0 0 0 0 0 0 0 0</row>
            <row>0 0 0 0 0 0 0 0 0 0 0 0 0 0 0 0 0 0 0 0 0 0 0 0 0 0 0 0 0 0 0 0 0 0 0 0 0 0 0 0 0 0 0 0 0 0 0 0 0 0 0 0 0 0 0 0 0 0 0 0 0 0 0 0</row>
            <row>0 0 0 0 0 0 0 0 0 0 0 0 0 0 0 0 0 0 0 0 0 0 0 0 0 0 0 0 0 0 0 0 0 0 0 0 0 0 0 0 0 0 0 0 0 0 0 0 0 0 0 0 0 0 0 0 0 0 0 0 0 0 0 0</row>
            <row>0 0 0 0 0 0 0 0 0 0 0 0 0 0 0 0 0 0 0 0 0 0 0 0 0 0 0 0 0 0 0 0 0 0 0 0 0 0 0 0 0 0 0 0 0 0 0 0 0 0 0 0 0 0 0 0 0 0 0 0 0 0 0 0</row>
            <row>0 0 0 0 0 0 0 0 0 0 0 0 0 0 0 0 0 0 0 0 0 0 0 0 0 0 0 0 0 0 0 0 0 0 0 0 0 0 0 0 0 0 0 0 0 0 0 0 0 0 0 0 0 0 0 0 0 0 0 0 0 0 0 0</row>
            <row>0 0 0 0 0 0 0 0 0 0 0 0 0 0 0 0 0 0 0 0 0 0 0 0 0 0 0 0 0 0 0 0 0 0 0 0 0 0 0 0 0 0 0 0 0 0 0 0 0 0 0 0 0 0 0 0 0 0 0 0 0 0 0 0</row>
            <row>0 0 0 0 0 0 0 0 0 0 0 0 0 0 0 0 0 0 0 0 0 0 0 0 0 0 0 0 0 0 0 0 0 0 0 0 0 0 0 0 0 0 0 0 0 0 0 0 0 0 0 0 0 0 0 0 0 0 0 0 0 0 0 0</row>
            <row>0 0 0 0 0 0 0 0 0 0 0 0 0 0 0 0 0 0 0 0 0 0 0 0 0 0 0 0 0 0 0 0 0 0 0 0 0 0 0 0 0 0 0 0 0 0 0 0 0 0 0 0 0 0 0 0 0 0 0 0 0 0 0 0</row>
            <row>0 0 0 0 0 0 0 0 0 0 0 0 0 0 0 0 0 0 0 0 0 0 0 0 0 0 0 0 0 0 0 0 0 0 0 0 0 0 0 0 0 0 0 0 0 0 0 0 0 0 0 0 0 0 0 0 0 0 0 0 0 0 0 0</row>
            <row>0 0 0 0 0 0 0 0 0 0 0 0 0 0 0 0 0 0 0 0 0 0 0 0 0 0 0 0 0 0 0 0 0 0 0 0 0 0 0 0 0 0 0 0 0 0 0 0 0 0 0 0 0 0 0 0 0 0 0 0 0 0 0 0</row>
            <row>0 0 0 0 0 0 0 0 0 0 0 0 0 0 0 0 0 0 0 0 0 0 0 0 0 0 0 0 0 0 0 0 0 0 0 0 0 0 0 0 0 0 0 0 0 0 0 0 0 0 0 0 0 0 0 0 0 0 0 0 0 0 0 0</row>
            <row>0 0 0 0 0 0 0 0 0 0 0 0 0 0 0 0 0 0 0 0 0 0 0 0 0 0 0 0 0 0 0 0 0 0 0 0 0 0 0 0 0 0 0 0 0 0 0 0 0 0 0 0 0 0 0 0 0 0 0 0 0 0 0 0</row>
            <row>0 0 0 0 0 0 0 0 0 0 0 0 0 0 0 0 0 0 0 0 0 0 0 0 0 0 0 0 0 0 0 0 0 0 0 0 0 0 0 0 0 0 0 0 0 0 0 0 0 0 0 0 0 0 0 0 0 0 0 0 0 0 0 0</row>
            <row>0 0 0 0 0 0 0 0 0 0 0 0 0 0 0 0 0 0 0 0 0 0 0 0 0 0 0 0 0 0 0 0 0 0 0 0 0 0 0 0 0 0 0 0 0 0 0 0 0 0 0 0 0 0 0 0 0 0 0 0 0 0 0 0</row>
            <row>0 0 0 0 0 0 0 0 0 0 0 0 0 0 0 0 0 0 0 0 0 0 0 0 0 0 0 0 0 0 0 0 0 0 0 0 0 0 0 0 0 0 0 0 0 0 0 0 0 0 0 0 0 0 0 0 0 0 0 0 0 0 0 0</row>
            <row>0 0 0 0 0 0 0 0 0 0 0 0 0 0 0 0 0 0 0 0 0 0 0 0 0 0 0 0 0 0 0 0 0 0 0 0 0 0 0 0 0 0 0 0 0 0 0 0 0 0 0 0 0 0 0 0 0 0 0 0 0 0 0 0</row>
            <row>0 0 0 0 0 0 0 0 0 0 0 0 0 0 0 0 0 0 0 0 0 0 0 0 0 0 0 0 0 0 0 0 0 0 0 0 0 0 0 0 0 0 0 0 0 0 0 0 0 0 0 0 0 0 0 0 0 0 0 0 0 0 0 0</row>
            <row>0 0 0 0 0 0 0 0 0 0 0 0 0 0 0 0 0 0 0 0 0 0 0 0 0 0 0 0 0 0 0 0 0 0 0 0 0 0 0 0 0 0 0 0 0 0 0 0 0 0 0 0 0 0 0 0 0 0 0 0 0 0 0 0</row>
            <row>0 0 0 0 0 0 0 0 0 0 0 0 0 0 0 0 0 0 0 0 0 0 0 0 0 0 0 0 0 0 0 0 0 0 0 0 0 0 0 0 0 0 0 0 0 0 0 0 0 0 0 0 0 0 0 0 0 0 0 0 0 0 0 0</row>
            <row>0 0 0 0 0 0 0 0 0 0 0 0 0 0 0 0 0 0 0 0 0 0 0 0 0 0 0 0 0 0 0 0 0 0 0 0 0 0 0 0 0 0 0 0 0 0 0 0 0 0 0 0 0 0 0 0 0 0 0 0 0 0 0 0</row>
            <row>0 0 0 0 0 0 0 0 0 0 0 0 0 0 0 0 0 0 0 0 0 0 0 0 0 0 0 0 0 0 0 0 0 0 0 0 0 0 0 0 0 0 0 0 0 0 0 0 0 0 0 0 0 0 0 0 0 0 0 0 0 0 0 0</row>
            <row>0 0 0 0 0 0 0 0 0 0 0 0 0 0 0 0 0 0 0 0 0 0 0 0 0 0 0 0 0 0 0 0 0 0 0 0 0 0 0 0 0 0 0 0 0 0 0 0 0 0 0 0 0 0 0 0 0 0 0 0 0 0 0 0</row>
            <row>0 0 0 0 0 0 0 0 0 0 0 0 0 0 0 0 0 0 0 0 0 0 0 0 0 0 0 0 0 0 0 0 0 0 0 0 0 0 0 0 0 0 0 0 0 0 0 0 0 0 0 0 0 0 0 0 0 0 0 0 0 0 0 0</row>
            <row>0 0 0 0 0 0 0 0 0 0 0 0 0 0 0 0 0 0 0 0 0 0 0 0 0 0 0 0 0 0 0 0 0 0 0 0 0 0 0 0 0 0 0 0 0 0 0 0 0 0 0 0 0 0 0 0 0 0 0 0 0 0 0 0</row>
            <row>0 0 0 0 0 0 0 0 0 0 0 0 0 0 0 0 0 0 0 0 0 0 0 0 0 0 0 0 0 0 0 0 0 0 0 0 0 0 0 0 0 0 0 0 0 0 0 0 0 0 0 0 0 0 0 0 0 0 0 0 0 0 0 0</row>
            <row>0 0 0 0 0 0 0 0 0 0 0 0 0 0 0 0 0 0 0 0 0 0 0 0 0 0 0 0 0 0 0 0 0 0 0 0 0 0 0 0 0 0 0 0 0 0 0 0 0 0 0 0 0 0 0 0 0 0 0 0 0 0 0 0</row>
            <row>0 0 0 0 0 0 0 0 0 0 0 0 0 0 0 0 0 0 0 0 0 0 0 0 0 0 0 0 0 0 0 0 0 0 0 0 0 0 0 0 0 0 0 0 0 0 0 0 0 0 0 0 0 0 0 0 0 0 0 0 0 0 0 0</row>
            <row>0 0 0 0 0 0 0 0 0 0 0 0 0 0 0 0 0 0 0 0 0 0 0 0 0 0 0 0 0 0 0 0 0 0 0 0 0 0 0 0 0 0 0 0 0 0 0 0 0 0 0 0 0 0 0 0 0 0 0 0 0 0 0 0</row>
            <row>0 0 0 0 0 0 0 0 0 0 0 0 0 0 0 0 0 0 0 0 0 0 0 0 0 0 0 0 0 0 0 0 0 0 0 0 0 0 0 0 0 0 0 0 0 0 0 0 0 0 0 0 0 0 0 0 0 0 0 0 0 0 0 0</row>
            <row>0 0 0 0 0 0 0 0 0 0 0 0 0 0 0 0 0 0 0 0 0 0 0 0 0 0 0 0 0 0 0 0 0 0 0 0 0 0 0 0 0 0 0 0 0 0 0 0 0 0 0 0 0 0 0 0 0 0 0 0 0 0 0 0</row>
            <row>0 0 0 0 0 0 0 0 0 0 0 0 0 0 0 0 0 0 0 0 0 0 0 0 0 0 0 0 0 0 0 0 0 0 0 0 0 0 0 0 0 0 0 0 0 0 0 0 0 0 0 0 0 0 0 0 0 0 0 0 0 0 0 0</row>
            <row>0 0 0 0 0 0 0 0 0 0 0 0 0 0 0 0 0 0 0 0 0 0 0 0 0 0 0 0 0 0 0 0 0 0 0 0 0 0 0 0 0 0 0 0 0 0 0 0 0 0 0 0 0 0 0 0 0 0 0 0 0 0 0 0</row>
            <row>0 0 0 0 0 0 0 0 0 0 0 0 0 0 0 0 0 0 0 0 0 0 0 0 0 0 0 0 0 0 0 0 0 0 0 0 0 0 0 0 0 0 0 0 0 0 0 0 0 0 0 0 0 0 0 0 0 0 0 0 0 0 0 0</row>
            <row>0 0 0 0 0 0 0 0 0 0 0 0 0 0 0 0 0 0 0 0 0 0 0 0 0 0 0 0 0 0 0 0 0 0 0 0 0 0 0 0 0 0 0 0 0 0 0 0 0 0 0 0 0 0 0 0 0 0 0 0 0 0 0 0</row>
            <row>0 0 0 0 0 0 0 0 0 0 0 0 0 0 0 0 0 0 0 0 0 0 0 0 0 0 0 0 0 0 0 0 0 0 0 0 0 0 0 0 0 0 0 0 0 0 0 0 0 0 0 0 0 0 0 0 0 0 0 0 0 0 0 0</row>
            <row>0 0 0 0 0 0 0 0 0 0 0 0 0 0 0 0 0 0 0 0 0 0 0 0 0 0 0 0 0 0 0 0 0 0 0 0 0 0 0 0 0 0 0 0 0 0 0 0 0 0 0 0 0 0 0 0 0 0 0 0 0 0 0 0</row>
            <row>0 0 0 0 0 0 0 0 0 0 0 0 0 0 0 0 0 0 0 0 0 0 0 0 0 0 0 0 0 0 0 0 0 0 0 0 0 0 0 0 0 0 0 0 0 0 0 0 0 0 0 0 0 0 0 0 0 0 0 0 0 0 0 0</row>
            <row>0 0 0 0 0 0 0 0 0 0 0 0 0 0 0 0 0 0 0 0 0 0 0 0 0 0 0 0 0 0 0 0 0 0 0 0 0 0 0 0 0 0 0 0 0 0 0 0 0 0 0 0 0 0 0 0 0 0 0 0 0 0 0 0</row>
            <row>0 0 0 0 0 0 0 0 0 0 0 0 0 0 0 0 0 0 0 0 0 0 0 0 0 0 0 0 0 0 0 0 0 0 0 0 0 0 0 0 0 0 0 0 0 0 0 0 0 0 0 0 0 0 0 0 0 0 0 0 0 0 0 0</row>
            <row>0 0 0 0 0 0 0 0 0 0 0 0 0 0 0 0 0 0 0 0 0 0 0 0 0 0 0 0 0 0 0 0 0 0 0 0 0 0 0 0 0 0 0 0 0 0 0 0 0 0 0 0 0 0 0 0 0 0 0 0 0 0 0 0</row>
            <row>0 0 0 0 0 0 0 0 0 0 0 0 0 0 0 0 0 0 0 0 0 0 0 0 0 0 0 0 0 0 0 0 0 0 0 0 0 0 0 0 0 0 0 0 0 0 0 0 0 0 0 0 0 0 0 0 0 0 0 0 0 0 0 0</row>
            <row>0 0 0 0 0 0 0 0 0 0 0 0 0 0 0 0 0 0 0 0 0 0 0 0 0 0 0 0 0 0 0 0 0 0 0 0 0 0 0 0 0 0 0 0 0 0 0 0 0 0 0 0 0 0 0 0 0 0 0 0 0 0 0 0</row>
            <row>0 0 0 0 0 0 0 0 0 0 0 0 0 0 0 0 0 0 0 0 0 0 0 0 0 0 0 0 0 0 0 0 0 0 0 0 0 0 0 0 0 0 0 0 0 0 0 0 0 0 0 0 0 0 0 0 0 0 0 0 0 0 0 0</row>
            <row>0 0 0 0 0 0 0 0 0 0 0 0 0 0 0 0 0 0 0 0 0 0 0 0 0 0 0 0 0 0 0 0 0 0 0 0 0 0 0 0 0 0 0 0 0 0 0 0 0 0 0 0 0 0 0 0 0 0 0 0 0 0 0 0</row>
            <row>0 0 0 0 0 0 0 0 0 0 0 0 0 0 0 0 0 0 0 0 0 0 0 0 0 0 0 0 0 0 0 0 0 0 0 0 0 0 0 0 0 0 0 0 0 0 0 0 0 0 0 0 0 0 0 0 0 0 0 0 0 0 0 0</row>
            <row>0 0 0 0 0 0 0 0 0 0 0 0 0 0 0 0 0 0 0 0 0 0 0 0 0 0 0 0 0 0 0 0 0 0 0 0 0 0 0 0 0 0 0 0 0 0 0 0 0 0 0 0 0 0 0 0 0 0 0 0 0 0 0 0</row>
            <row>0 0 0 0 0 0 0 0 0 0 0 0 0 0 0 0 0 0 0 0 0 0 0 0 0 0 0 0 0 0 0 0 0 0 0 0 0 0 0 0 0 0 0 0 0 0 0 0 0 0 0 0 0 0 0 0 0 0 0 0 0 0 0 0</row>
            <row>0 0 0 0 0 0 0 0 0 0 0 0 0 0 0 0 0 0 0 0 0 0 0 0 0 0 0 0 0 0 0 0 0 0 0 0 0 0 0 0 0 0 0 0 0 0 0 0 0 0 0 0 0 0 0 0 0 0 0 0 0 0 0 0</row>
            <row>0 0 0 0 0 0 0 0 0 0 0 0 0 0 0 0 0 0 0 0 0 0 0 0 0 0 0 0 0 0 0 0 0 0 0 0 0 0 0 0 0 0 0 0 0 0 0 0 0 0 0 0 0 0 0 0 0 0 0 0 0 0 0 0</row>
            <row>0 0 0 0 0 0 0 0 0 0 0 0 0 0 0 0 0 0 0 0 0 0 0 0 0 0 0 0 0 0 0 0 0 0 0 0 0 0 0 0 0 0 0 0 0 0 0 0 0 0 0 0 0 0 0 0 0 0 0 0 0 0 0 0</row>
        </grid>
    </map>
    <algorithm>
        <allowanyangle>true</allowanyangle>
        <metrictype>euclid</metrictype>
        <breakingties>g-max</breakingties>
        <weight>1</weight>
    </algorithm>
    <options>
        <loglevel>1</loglevel>
        <logpath />
        <logfilename />
    </options>
</root>
