<?xml version="1.0" ?>
<root>
    <map>
        <width>64</width>
        <height>64</height>
        <agents>150</agents>
        <startx number="0">12</startx>
        <starty number="0">52</starty>
        <finishx number="0">7</finishx>
        <finishy number="0">2</finishy>
        <startx number="1">44</startx>
        <starty number="1">2</starty>
        <finishx number="1">32</finishx>
        <finishy number="1">17</finishy>
        <startx number="2">22</startx>
        <starty number="2">16</starty>
        <finishx number="2">11</finishx>
        <finishy number="2">18</finishy>
        <startx number="3">46</startx>
        <starty number="3">33</starty>
        <finishx number="3">57</finishx>
        <finishy number="3">4</finishy>
        <startx number="4">21</startx>
        <starty number="4">19</starty>
        <finishx number="4">51</finishx>
        <finishy number="4">16</finishy>
        <startx number="5">35</startx>
        <starty number="5">24</starty>
        <finishx number="5">30</finishx>
        <finishy number="5">44</finishy>
        <startx number="6">18</startx>
        <starty number="6">9</starty>
        <finishx number="6">61</finishx>
        <finishy number="6">20</finishy>
        <startx number="7">46</startx>
        <starty number="7">39</starty>
        <finishx number="7">21</finishx>
        <finishy number="7">51</finishy>
        <startx number="8">1</startx>
        <starty number="8">38</starty>
        <finishx number="8">58</finishx>
        <finishy number="8">49</finishy>
        <startx number="9">33</startx>
        <starty number="9">44</starty>
        <finishx number="9">62</finishx>
        <finishy number="9">15</finishy>
        <startx number="10">6</startx>
        <starty number="10">51</starty>
        <finishx number="10">43</finishx>
        <finishy number="10">42</finishy>
        <startx number="11">42</startx>
        <starty number="11">28</starty>
        <finishx number="11">34</finishx>
        <finishy number="11">3</finishy>
        <startx number="12">61</startx>
        <starty number="12">7</starty>
        <finishx number="12">45</finishx>
        <finishy number="12">10</finishy>
        <startx number="13">54</startx>
        <starty number="13">11</starty>
        <finishx number="13">57</finishx>
        <finishy number="13">47</finishy>
        <startx number="14">19</startx>
        <starty number="14">14</starty>
        <finishx number="14">26</finishx>
        <finishy number="14">2</finishy>
        <startx number="15">57</startx>
        <starty number="15">52</starty>
        <finishx number="15">39</finishx>
        <finishy number="15">61</finishy>
        <startx number="16">26</startx>
        <starty number="16">42</starty>
        <finishx number="16">55</finishx>
        <finishy number="16">63</finishy>
        <startx number="17">21</startx>
        <starty number="17">26</starty>
        <finishx number="17">25</finishx>
        <finishy number="17">23</finishy>
        <startx number="18">9</startx>
        <starty number="18">26</starty>
        <finishx number="18">13</finishx>
        <finishy number="18">60</finishy>
        <startx number="19">11</startx>
        <starty number="19">50</starty>
        <finishx number="19">25</finishx>
        <finishy number="19">63</finishy>
        <startx number="20">57</startx>
        <starty number="20">10</starty>
        <finishx number="20">50</finishx>
        <finishy number="20">62</finishy>
        <startx number="21">0</startx>
        <starty number="21">54</starty>
        <finishx number="21">49</finishx>
        <finishy number="21">4</finishy>
        <startx number="22">34</startx>
        <starty number="22">62</starty>
        <finishx number="22">41</finishx>
        <finishy number="22">24</finishy>
        <startx number="23">46</startx>
        <starty number="23">17</starty>
        <finishx number="23">2</finishx>
        <finishy number="23">6</finishy>
        <startx number="24">25</startx>
        <starty number="24">45</starty>
        <finishx number="24">31</finishx>
        <finishy number="24">36</finishy>
        <startx number="25">40</startx>
        <starty number="25">40</starty>
        <finishx number="25">51</finishx>
        <finishy number="25">22</finishy>
        <startx number="26">8</startx>
        <starty number="26">34</starty>
        <finishx number="26">51</finishx>
        <finishy number="26">43</finishy>
        <startx number="27">43</startx>
        <starty number="27">63</starty>
        <finishx number="27">41</finishx>
        <finishy number="27">58</finishy>
        <startx number="28">22</startx>
        <starty number="28">48</starty>
        <finishx number="28">44</finishx>
        <finishy number="28">5</finishy>
        <startx number="29">32</startx>
        <starty number="29">6</starty>
        <finishx number="29">9</finishx>
        <finishy number="29">0</finishy>
        <startx number="30">8</startx>
        <starty number="30">45</starty>
        <finishx number="30">51</finishx>
        <finishy number="30">19</finishy>
        <startx number="31">11</startx>
        <starty number="31">60</starty>
        <finishx number="31">36</finishx>
        <finishy number="31">51</finishy>
        <startx number="32">33</startx>
        <starty number="32">59</starty>
        <finishx number="32">55</finishx>
        <finishy number="32">8</finishy>
        <startx number="33">20</startx>
        <starty number="33">38</starty>
        <finishx number="33">28</finishx>
        <finishy number="33">31</finishy>
        <startx number="34">37</startx>
        <starty number="34">56</starty>
        <finishx number="34">49</finishx>
        <finishy number="34">1</finishy>
        <startx number="35">24</startx>
        <starty number="35">18</starty>
        <finishx number="35">41</finishx>
        <finishy number="35">42</finishy>
        <startx number="36">56</startx>
        <starty number="36">18</starty>
        <finishx number="36">12</finishx>
        <finishy number="36">57</finishy>
        <startx number="37">6</startx>
        <starty number="37">27</starty>
        <finishx number="37">28</finishx>
        <finishy number="37">2</finishy>
        <startx number="38">12</startx>
        <starty number="38">34</starty>
        <finishx number="38">24</finishx>
        <finishy number="38">26</finishy>
        <startx number="39">17</startx>
        <starty number="39">62</starty>
        <finishx number="39">52</finishx>
        <finishy number="39">26</finishy>
        <startx number="40">55</startx>
        <starty number="40">37</starty>
        <finishx number="40">57</finishx>
        <finishy number="40">16</finishy>
        <startx number="41">12</startx>
        <starty number="41">23</starty>
        <finishx number="41">14</finishx>
        <finishy number="41">14</finishy>
        <startx number="42">60</startx>
        <starty number="42">52</starty>
        <finishx number="42">27</finishx>
        <finishy number="42">49</finishy>
        <startx number="43">24</startx>
        <starty number="43">55</starty>
        <finishx number="43">55</finishx>
        <finishy number="43">35</finishy>
        <startx number="44">18</startx>
        <starty number="44">54</starty>
        <finishx number="44">31</finishx>
        <finishy number="44">41</finishy>
        <startx number="45">29</startx>
        <starty number="45">39</starty>
        <finishx number="45">47</finishx>
        <finishy number="45">19</finishy>
        <startx number="46">51</startx>
        <starty number="46">38</starty>
        <finishx number="46">61</finishx>
        <finishy number="46">47</finishy>
        <startx number="47">7</startx>
        <starty number="47">61</starty>
        <finishx number="47">42</finishx>
        <finishy number="47">37</finishy>
        <startx number="48">22</startx>
        <starty number="48">61</starty>
        <finishx number="48">33</finishx>
        <finishy number="48">54</finishy>
        <startx number="49">61</startx>
        <starty number="49">22</starty>
        <finishx number="49">41</finishx>
        <finishy number="49">20</finishy>
        <startx number="50">24</startx>
        <starty number="50">13</starty>
        <finishx number="50">6</finishx>
        <finishy number="50">11</finishy>
        <startx number="51">15</startx>
        <starty number="51">17</starty>
        <finishx number="51">26</finishx>
        <finishy number="51">47</finishy>
        <startx number="52">45</startx>
        <starty number="52">52</starty>
        <finishx number="52">27</finishx>
        <finishy number="52">34</finishy>
        <startx number="53">32</startx>
        <starty number="53">46</starty>
        <finishx number="53">1</finishx>
        <finishy number="53">30</finishy>
        <startx number="54">0</startx>
        <starty number="54">19</starty>
        <finishx number="54">38</finishx>
        <finishy number="54">46</finishy>
        <startx number="55">40</startx>
        <starty number="55">34</starty>
        <finishx number="55">18</finishx>
        <finishy number="55">46</finishy>
        <startx number="56">29</startx>
        <starty number="56">52</starty>
        <finishx number="56">49</finishx>
        <finishy number="56">8</finishy>
        <startx number="57">57</startx>
        <starty number="57">29</starty>
        <finishx number="57">14</finishx>
        <finishy number="57">44</finishy>
        <startx number="58">45</startx>
        <starty number="58">20</starty>
        <finishx number="58">63</finishx>
        <finishy number="58">12</finishy>
        <startx number="59">58</startx>
        <starty number="59">55</starty>
        <finishx number="59">8</finishx>
        <finishy number="59">31</finishy>
        <startx number="60">9</startx>
        <starty number="60">2</starty>
        <finishx number="60">1</finishx>
        <finishy number="60">12</finishy>
        <startx number="61">61</startx>
        <starty number="61">60</starty>
        <finishx number="61">45</finishx>
        <finishy number="61">57</finishy>
        <startx number="62">37</startx>
        <starty number="62">5</starty>
        <finishx number="62">49</finishx>
        <finishy number="62">14</finishy>
        <startx number="63">46</startx>
        <starty number="63">36</starty>
        <finishx number="63">31</finishx>
        <finishy number="63">27</finishy>
        <startx number="64">13</startx>
        <starty number="64">36</starty>
        <finishx number="64">11</finishx>
        <finishy number="64">15</finishy>
        <startx number="65">0</startx>
        <starty number="65">9</starty>
        <finishx number="65">17</finishx>
        <finishy number="65">19</finishy>
        <startx number="66">20</startx>
        <starty number="66">45</starty>
        <finishx number="66">56</finishx>
        <finishy number="66">58</finishy>
        <startx number="67">51</startx>
        <starty number="67">35</starty>
        <finishx number="67">25</finishx>
        <finishy number="67">40</finishy>
        <startx number="68">39</startx>
        <starty number="68">21</starty>
        <finishx number="68">27</finishx>
        <finishy number="68">28</finishy>
        <startx number="69">9</startx>
        <starty number="69">42</starty>
        <finishx number="69">5</finishx>
        <finishy number="69">13</finishy>
        <startx number="70">30</startx>
        <starty number="70">57</starty>
        <finishx number="70">5</finishx>
        <finishy number="70">34</finishy>
        <startx number="71">41</startx>
        <starty number="71">50</starty>
        <finishx number="71">50</finishx>
        <finishy number="71">40</finishy>
        <startx number="72">59</startx>
        <starty number="72">39</starty>
        <finishx number="72">26</finishx>
        <finishy number="72">31</finishy>
        <startx number="73">23</startx>
        <starty number="73">5</starty>
        <finishx number="73">46</finishx>
        <finishy number="73">31</finishy>
        <startx number="74">2</startx>
        <starty number="74">1</starty>
        <finishx number="74">46</finishx>
        <finishy number="74">49</finishy>
        <startx number="75">63</startx>
        <starty number="75">4</starty>
        <finishx number="75">52</finishx>
        <finishy number="75">11</finishy>
        <startx number="76">41</startx>
        <starty number="76">31</starty>
        <finishx number="76">34</finishx>
        <finishy number="76">48</finishy>
        <startx number="77">14</startx>
        <starty number="77">9</starty>
        <finishx number="77">5</finishx>
        <finishy number="77">62</finishy>
        <startx number="78">9</startx>
        <starty number="78">50</starty>
        <finishx number="78">24</finishx>
        <finishy number="78">42</finishy>
        <startx number="79">39</startx>
        <starty number="79">53</starty>
        <finishx number="79">62</finishx>
        <finishy number="79">9</finishy>
        <startx number="80">31</startx>
        <starty number="80">63</starty>
        <finishx number="80">39</finishx>
        <finishy number="80">3</finishy>
        <startx number="81">2</startx>
        <starty number="81">3</starty>
        <finishx number="81">38</finishx>
        <finishy number="81">8</finishy>
        <startx number="82">52</startx>
        <starty number="82">61</starty>
        <finishx number="82">13</finishx>
        <finishy number="82">41</finishy>
        <startx number="83">15</startx>
        <starty number="83">38</starty>
        <finishx number="83">59</finishx>
        <finishy number="83">58</finishy>
        <startx number="84">59</startx>
        <starty number="84">31</starty>
        <finishx number="84">2</finishx>
        <finishy number="84">35</finishy>
        <startx number="85">39</startx>
        <starty number="85">48</starty>
        <finishx number="85">8</finishx>
        <finishy number="85">24</finishy>
        <startx number="86">29</startx>
        <starty number="86">28</starty>
        <finishx number="86">38</finishx>
        <finishy number="86">43</finishy>
        <startx number="87">34</startx>
        <starty number="87">22</starty>
        <finishx number="87">32</finishx>
        <finishy number="87">14</finishy>
        <startx number="88">57</startx>
        <starty number="88">7</starty>
        <finishx number="88">2</finishx>
        <finishy number="88">43</finishy>
        <startx number="89">8</startx>
        <starty number="89">13</starty>
        <finishx number="89">18</finishx>
        <finishy number="89">11</finishy>
        <startx number="90">36</startx>
        <starty number="90">11</starty>
        <finishx number="90">16</finishx>
        <finishy number="90">59</finishy>
        <startx number="91">54</startx>
        <starty number="91">32</starty>
        <finishx number="91">25</finishx>
        <finishy number="91">20</finishy>
        <startx number="92">27</startx>
        <starty number="92">23</starty>
        <finishx number="92">5</finishx>
        <finishy number="92">48</finishy>
        <startx number="93">30</startx>
        <starty number="93">49</starty>
        <finishx number="93">46</finishx>
        <finishy number="93">12</finishy>
        <startx number="94">20</startx>
        <starty number="94">32</starty>
        <finishx number="94">5</finishx>
        <finishy number="94">53</finishy>
        <startx number="95">49</startx>
        <starty number="95">46</starty>
        <finishx number="95">44</finishx>
        <finishy number="95">7</finishy>
        <startx number="96">57</startx>
        <starty number="96">13</starty>
        <finishx number="96">30</finishx>
        <finishy number="96">7</finishy>
        <startx number="97">61</startx>
        <starty number="97">44</starty>
        <finishx number="97">55</finishx>
        <finishy number="97">13</finishy>
        <startx number="98">38</startx>
        <starty number="98">19</starty>
        <finishx number="98">33</finishx>
        <finishy number="98">32</finishy>
        <startx number="99">18</startx>
        <starty number="99">5</starty>
        <finishx number="99">15</finishx>
        <finishy number="99">33</finishy>
        <startx number="100">2</startx>
        <starty number="100">32</starty>
        <finishx number="100">19</finishx>
        <finishy number="100">3</finishy>
        <startx number="101">63</startx>
        <starty number="101">20</starty>
        <finishx number="101">29</finishx>
        <finishy number="101">25</finishy>
        <startx number="102">50</startx>
        <starty number="102">56</starty>
        <finishx number="102">44</finishx>
        <finishy number="102">47</finishy>
        <startx number="103">51</startx>
        <starty number="103">54</starty>
        <finishx number="103">47</finishx>
        <finishy number="103">57</finishy>
        <startx number="104">63</startx>
        <starty number="104">54</starty>
        <finishx number="104">59</finishx>
        <finishy number="104">20</finishy>
        <startx number="105">3</startx>
        <starty number="105">8</starty>
        <finishx number="105">10</finishx>
        <finishy number="105">58</finishy>
        <startx number="106">19</startx>
        <starty number="106">17</starty>
        <finishx number="106">10</finishx>
        <finishy number="106">23</finishy>
        <startx number="107">22</startx>
        <starty number="107">29</starty>
        <finishx number="107">3</finishx>
        <finishy number="107">59</finishy>
        <startx number="108">17</startx>
        <starty number="108">35</starty>
        <finishx number="108">61</finishx>
        <finishy number="108">31</finishy>
        <startx number="109">31</startx>
        <starty number="109">12</starty>
        <finishx number="109">40</finishx>
        <finishy number="109">63</finishy>
        <startx number="110">0</startx>
        <starty number="110">6</starty>
        <finishx number="110">35</finishx>
        <finishy number="110">35</finishy>
        <startx number="111">50</startx>
        <starty number="111">27</starty>
        <finishx number="111">61</finishx>
        <finishy number="111">12</finishy>
        <startx number="112">14</startx>
        <starty number="112">31</starty>
        <finishx number="112">29</finishx>
        <finishy number="112">55</finishy>
        <startx number="113">3</startx>
        <starty number="113">22</starty>
        <finishx number="113">6</finishx>
        <finishy number="113">43</finishy>
        <startx number="114">51</startx>
        <starty number="114">48</starty>
        <finishx number="114">21</finishx>
        <finishy number="114">5</finishy>
        <startx number="115">23</startx>
        <starty number="115">53</starty>
        <finishx number="115">60</finishx>
        <finishy number="115">63</finishy>
        <startx number="116">53</startx>
        <starty number="116">24</starty>
        <finishx number="116">63</finishx>
        <finishy number="116">49</finishy>
        <startx number="117">26</startx>
        <starty number="117">61</starty>
        <finishx number="117">14</finishx>
        <finishy number="117">55</finishy>
        <startx number="118">41</startx>
        <starty number="118">18</starty>
        <finishx number="118">21</finishx>
        <finishy number="118">40</finishy>
        <startx number="119">59</startx>
        <starty number="119">60</starty>
        <finishx number="119">48</finishx>
        <finishy number="119">51</finishy>
        <startx number="120">30</startx>
        <starty number="120">33</starty>
        <finishx number="120">8</finishx>
        <finishy number="120">37</finishy>
        <startx number="121">14</startx>
        <starty number="121">20</starty>
        <finishx number="121">28</finishx>
        <finishy number="121">60</finishy>
        <startx number="122">51</startx>
        <starty number="122">0</starty>
        <finishx number="122">62</finishx>
        <finishy number="122">38</finishy>
        <startx number="123">39</startx>
        <starty number="123">13</starty>
        <finishx number="123">53</finishx>
        <finishy number="123">0</finishy>
        <startx number="124">0</startx>
        <starty number="124">56</starty>
        <finishx number="124">44</finishx>
        <finishy number="124">18</finishy>
        <startx number="125">18</startx>
        <starty number="125">59</starty>
        <finishx number="125">62</finishx>
        <finishy number="125">41</finishy>
        <startx number="126">12</startx>
        <starty number="126">26</starty>
        <finishx number="126">6</finishx>
        <finishy number="126">16</finishy>
        <startx number="127">4</startx>
        <starty number="127">27</starty>
        <finishx number="127">39</finishx>
        <finishy number="127">37</finishy>
        <startx number="128">43</startx>
        <starty number="128">31</starty>
        <finishx number="128">22</finishx>
        <finishy number="128">56</finishy>
        <startx number="129">22</startx>
        <starty number="129">59</starty>
        <finishx number="129">45</finishx>
        <finishy number="129">62</finishy>
        <startx number="130">45</startx>
        <starty number="130">44</starty>
        <finishx number="130">6</finishx>
        <finishy number="130">29</finishy>
        <startx number="131">16</startx>
        <starty number="131">30</starty>
        <finishx number="131">28</finishx>
        <finishy number="131">36</finishy>
        <startx number="132">24</startx>
        <starty number="132">2</starty>
        <finishx number="132">6</finishx>
        <finishy number="132">58</finishy>
        <startx number="133">14</startx>
        <starty number="133">12</starty>
        <finishx number="133">5</finishx>
        <finishy number="133">0</finishy>
        <startx number="134">50</startx>
        <starty number="134">32</starty>
        <finishx number="134">39</finishx>
        <finishy number="134">50</finishy>
        <startx number="135">6</startx>
        <starty number="135">8</starty>
        <finishx number="135">57</finishx>
        <finishy number="135">34</finishy>
        <startx number="136">33</startx>
        <starty number="136">1</starty>
        <finishx number="136">27</finishx>
        <finishy number="136">39</finishy>
        <startx number="137">25</startx>
        <starty number="137">36</starty>
        <finishx number="137">22</finishx>
        <finishy number="137">24</finishy>
        <startx number="138">28</startx>
        <starty number="138">47</starty>
        <finishx number="138">2</finishx>
        <finishy number="138">27</finishy>
        <startx number="139">25</startx>
        <starty number="139">28</starty>
        <finishx number="139">59</finishx>
        <finishy number="139">34</finishy>
        <startx number="140">61</startx>
        <starty number="140">50</starty>
        <finishx number="140">16</finishx>
        <finishy number="140">9</finishy>
        <startx number="141">47</startx>
        <starty number="141">22</starty>
        <finishx number="141">39</finishx>
        <finishy number="141">10</finishy>
        <startx number="142">11</startx>
        <starty number="142">7</starty>
        <finishx number="142">31</finishx>
        <finishy number="142">38</finishy>
        <startx number="143">17</startx>
        <starty number="143">27</starty>
        <finishx number="143">36</finishx>
        <finishy number="143">59</finishy>
        <startx number="144">31</startx>
        <starty number="144">1</starty>
        <finishx number="144">35</finishx>
        <finishy number="144">38</finishy>
        <startx number="145">33</startx>
        <starty number="145">19</starty>
        <finishx number="145">63</finishx>
        <finishy number="145">22</finishy>
        <startx number="146">43</startx>
        <starty number="146">15</starty>
        <finishx number="146">40</finishx>
        <finishy number="146">56</finishy>
        <startx number="147">10</startx>
        <starty number="147">13</starty>
        <finishx number="147">18</finishx>
        <finishy number="147">30</finishy>
        <startx number="148">40</startx>
        <starty number="148">5</starty>
        <finishx number="148">37</finishx>
        <finishy number="148">48</finishy>
        <startx number="149">52</startx>
        <starty number="149">51</starty>
        <finishx number="149">7</finishx>
        <finishy number="149">21</finishy>
        <grid>
            <row>0 0 0 0 0 0 0 0 0 0 0 0 0 0 0 0 0 0 0 0 0 0 0 0 0 0 0 0 0 0 0 0 0 0 0 0 0 0 0 0 0 0 0 0 0 0 0 0 0 0 0 0 0 0 0 0 0 0 0 0 0 0 0 0</row>
            <row>0 0 0 0 0 0 0 0 0 0 0 0 0 0 0 0 0 0 0 0 0 0 0 0 0 0 0 0 0 0 0 0 0 0 0 0 0 0 0 0 0 0 0 0 0 0 0 0 0 0 0 0 0 0 0 0 0 0 0 0 0 0 0 0</row>
            <row>0 0 0 0 0 0 0 0 0 0 0 0 0 0 0 0 0 0 0 0 0 0 0 0 0 0 0 0 0 0 0 0 0 0 0 0 0 0 0 0 0 0 0 0 0 0 0 0 0 0 0 0 0 0 0 0 0 0 0 0 0 0 0 0</row>
            <row>0 0 0 0 0 0 0 0 0 0 0 0 0 0 0 0 0 0 0 0 0 0 0 0 0 0 0 0 0 0 0 0 0 0 0 0 0 0 0 0 0 0 0 0 0 0 0 0 0 0 0 0 0 0 0 0 0 0 0 0 0 0 0 0</row>
            <row>0 0 0 0 0 0 0 0 0 0 0 0 0 0 0 0 0 0 0 0 0 0 0 0 0 0 0 0 0 0 0 0 0 0 0 0 0 0 0 0 0 0 0 0 0 0 0 0 0 0 0 0 0 0 0 0 0 0 0 0 0 0 0 0</row>
            <row>0 0 0 0 0 0 0 0 0 0 0 0 0 0 0 0 0 0 0 0 0 0 0 0 0 0 0 0 0 0 0 0 0 0 0 0 0 0 0 0 0 0 0 0 0 0 0 0 0 0 0 0 0 0 0 0 0 0 0 0 0 0 0 0</row>
            <row>0 0 0 0 0 0 0 0 0 0 0 0 0 0 0 0 0 0 0 0 0 0 0 0 0 0 0 0 0 0 0 0 0 0 0 0 0 0 0 0 0 0 0 0 0 0 0 0 0 0 0 0 0 0 0 0 0 0 0 0 0 0 0 0</row>
            <row>0 0 0 0 0 0 0 0 0 0 0 0 0 0 0 0 0 0 0 0 0 0 0 0 0 0 0 0 0 0 0 0 0 0 0 0 0 0 0 0 0 0 0 0 0 0 0 0 0 0 0 0 0 0 0 0 0 0 0 0 0 0 0 0</row>
            <row>0 0 0 0 0 0 0 0 0 0 0 0 0 0 0 0 0 0 0 0 0 0 0 0 0 0 0 0 0 0 0 0 0 0 0 0 0 0 0 0 0 0 0 0 0 0 0 0 0 0 0 0 0 0 0 0 0 0 0 0 0 0 0 0</row>
            <row>0 0 0 0 0 0 0 0 0 0 0 0 0 0 0 0 0 0 0 0 0 0 0 0 0 0 0 0 0 0 0 0 0 0 0 0 0 0 0 0 0 0 0 0 0 0 0 0 0 0 0 0 0 0 0 0 0 0 0 0 0 0 0 0</row>
            <row>0 0 0 0 0 0 0 0 0 0 0 0 0 0 0 0 0 0 0 0 0 0 0 0 0 0 0 0 0 0 0 0 0 0 0 0 0 0 0 0 0 0 0 0 0 0 0 0 0 0 0 0 0 0 0 0 0 0 0 0 0 0 0 0</row>
            <row>0 0 0 0 0 0 0 0 0 0 0 0 0 0 0 0 0 0 0 0 0 0 0 0 0 0 0 0 0 0 0 0 0 0 0 0 0 0 0 0 0 0 0 0 0 0 0 0 0 0 0 0 0 0 0 0 0 0 0 0 0 0 0 0</row>
            <row>0 0 0 0 0 0 0 0 0 0 0 0 0 0 0 0 0 0 0 0 0 0 0 0 0 0 0 0 0 0 0 0 0 0 0 0 0 0 0 0 0 0 0 0 0 0 0 0 0 0 0 0 0 0 0 0 0 0 0 0 0 0 0 0</row>
            <row>0 0 0 0 0 0 0 0 0 0 0 0 0 0 0 0 0 0 0 0 0 0 0 0 0 0 0 0 0 0 0 0 0 0 0 0 0 0 0 0 0 0 0 0 0 0 0 0 0 0 0 0 0 0 0 0 0 0 0 0 0 0 0 0</row>
            <row>0 0 0 0 0 0 0 0 0 0 0 0 0 0 0 0 0 0 0 0 0 0 0 0 0 0 0 0 0 0 0 0 0 0 0 0 0 0 0 0 0 0 0 0 0 0 0 0 0 0 0 0 0 0 0 0 0 0 0 0 0 0 0 0</row>
            <row>0 0 0 0 0 0 0 0 0 0 0 0 0 0 0 0 0 0 0 0 0 0 0 0 0 0 0 0 0 0 0 0 0 0 0 0 0 0 0 0 0 0 0 0 0 0 0 0 0 0 0 0 0 0 0 0 0 0 0 0 0 0 0 0</row>
            <row>0 0 0 0 0 0 0 0 0 0 0 0 0 0 0 0 0 0 0 0 0 0 0 0 0 0 0 0 0 0 0 0 0 0 0 0 0 0 0 0 0 0 0 0 0 0 0 0 0 0 0 0 0 0 0 0 0 0 0 0 0 0 0 0</row>
            <row>0 0 0 0 0 0 0 0 0 0 0 0 0 0 0 0 0 0 0 0 0 0 0 0 0 0 0 0 0 0 0 0 0 0 0 0 0 0 0 0 0 0 0 0 0 0 0 0 0 0 0 0 0 0 0 0 0 0 0 0 0 0 0 0</row>
            <row>0 0 0 0 0 0 0 0 0 0 0 0 0 0 0 0 0 0 0 0 0 0 0 0 0 0 0 0 0 0 0 0 0 0 0 0 0 0 0 0 0 0 0 0 0 0 0 0 0 0 0 0 0 0 0 0 0 0 0 0 0 0 0 0</row>
            <row>0 0 0 0 0 0 0 0 0 0 0 0 0 0 0 0 0 0 0 0 0 0 0 0 0 0 0 0 0 0 0 0 0 0 0 0 0 0 0 0 0 0 0 0 0 0 0 0 0 0 0 0 0 0 0 0 0 0 0 0 0 0 0 0</row>
            <row>0 0 0 0 0 0 0 0 0 0 0 0 0 0 0 0 0 0 0 0 0 0 0 0 0 0 0 0 0 0 0 0 0 0 0 0 0 0 0 0 0 0 0 0 0 0 0 0 0 0 0 0 0 0 0 0 0 0 0 0 0 0 0 0</row>
            <row>0 0 0 0 0 0 0 0 0 0 0 0 0 0 0 0 0 0 0 0 0 0 0 0 0 0 0 0 0 0 0 0 0 0 0 0 0 0 0 0 0 0 0 0 0 0 0 0 0 0 0 0 0 0 0 0 0 0 0 0 0 0 0 0</row>
            <row>0 0 0 0 0 0 0 0 0 0 0 0 0 0 0 0 0 0 0 0 0 0 0 0 0 0 0 0 0 0 0 0 0 0 0 0 0 0 0 0 0 0 0 0 0 0 0 0 0 0 0 0 0 0 0 0 0 0 0 0 0 0 0 0</row>
            <row>0 0 0 0 0 0 0 0 0 0 0 0 0 0 0 0 0 0 0 0 0 0 0 0 0 0 0 0 0 0 0 0 0 0 0 0 0 0 0 0 0 0 0 0 0 0 0 0 0 0 0 0 0 0 0 0 0 0 0 0 0 0 0 0</row>
            <row>0 0 0 0 0 0 0 0 0 0 0 0 0 0 0 0 0 0 0 0 0 0 0 0 0 0 0 0 0 0 0 0 0 0 0 0 0 0 0 0 0 0 0 0 0 0 0 0 0 0 0 0 0 0 0 0 0 0 0 0 0 0 0 0</row>
            <row>0 0 0 0 0 0 0 0 0 0 0 0 0 0 0 0 0 0 0 0 0 0 0 0 0 0 0 0 0 0 0 0 0 0 0 0 0 0 0 0 0 0 0 0 0 0 0 0 0 0 0 0 0 0 0 0 0 0 0 0 0 0 0 0</row>
            <row>0 0 0 0 0 0 0 0 0 0 0 0 0 0 0 0 0 0 0 0 0 0 0 0 0 0 0 0 0 0 0 0 0 0 0 0 0 0 0 0 0 0 0 0 0 0 0 0 0 0 0 0 0 0 0 0 0 0 0 0 0 0 0 0</row>
            <row>0 0 0 0 0 0 0 0 0 0 0 0 0 0 0 0 0 0 0 0 0 0 0 0 0 0 0 0 0 0 0 0 0 0 0 0 0 0 0 0 0 0 0 0 0 0 0 0 0 0 0 0 0 0 0 0 0 0 0 0 0 0 0 0</row>
            <row>0 0 0 0 0 0 0 0 0 0 0 0 0 0 0 0 0 0 0 0 0 0 0 0 0 0 0 0 0 0 0 0 0 0 0 0 0 0 0 0 0 0 0 0 0 0 0 0 0 0 0 0 0 0 0 0 0 0 0 0 0 0 0 0</row>
            <row>0 0 0 0 0 0 0 0 0 0 0 0 0 0 0 0 0 0 0 0 0 0 0 0 0 0 0 0 0 0 0 0 0 0 0 0 0 0 0 0 0 0 0 0 0 0 0 0 0 0 0 0 0 0 0 0 0 0 0 0 0 0 0 0</row>
            <row>0 0 0 0 0 0 0 0 0 0 0 0 0 0 0 0 0 0 0 0 0 0 0 0 0 0 0 0 0 0 0 0 0 0 0 0 0 0 0 0 0 0 0 0 0 0 0 0 0 0 0 0 0 0 0 0 0 0 0 0 0 0 0 0</row>
            <row>0 0 0 0 0 0 0 0 0 0 0 0 0 0 0 0 0 0 0 0 0 0 0 0 0 0 0 0 0 0 0 0 0 0 0 0 0 0 0 0 0 0 0 0 0 0 0 0 0 0 0 0 0 0 0 0 0 0 0 0 0 0 0 0</row>
            <row>0 0 0 0 0 0 0 0 0 0 0 0 0 0 0 0 0 0 0 0 0 0 0 0 0 0 0 0 0 0 0 0 0 0 0 0 0 0 0 0 0 0 0 0 0 0 0 0 0 0 0 0 0 0 0 0 0 0 0 0 0 0 0 0</row>
            <row>0 0 0 0 0 0 0 0 0 0 0 0 0 0 0 0 0 0 0 0 0 0 0 0 0 0 0 0 0 0 0 0 0 0 0 0 0 0 0 0 0 0 0 0 0 0 0 0 0 0 0 0 0 0 0 0 0 0 0 0 0 0 0 0</row>
            <row>0 0 0 0 0 0 0 0 0 0 0 0 0 0 0 0 0 0 0 0 0 0 0 0 0 0 0 0 0 0 0 0 0 0 0 0 0 0 0 0 0 0 0 0 0 0 0 0 0 0 0 0 0 0 0 0 0 0 0 0 0 0 0 0</row>
            <row>0 0 0 0 0 0 0 0 0 0 0 0 0 0 0 0 0 0 0 0 0 0 0 0 0 0 0 0 0 0 0 0 0 0 0 0 0 0 0 0 0 0 0 0 0 0 0 0 0 0 0 0 0 0 0 0 0 0 0 0 0 0 0 0</row>
            <row>0 0 0 0 0 0 0 0 0 0 0 0 0 0 0 0 0 0 0 0 0 0 0 0 0 0 0 0 0 0 0 0 0 0 0 0 0 0 0 0 0 0 0 0 0 0 0 0 0 0 0 0 0 0 0 0 0 0 0 0 0 0 0 0</row>
            <row>0 0 0 0 0 0 0 0 0 0 0 0 0 0 0 0 0 0 0 0 0 0 0 0 0 0 0 0 0 0 0 0 0 0 0 0 0 0 0 0 0 0 0 0 0 0 0 0 0 0 0 0 0 0 0 0 0 0 0 0 0 0 0 0</row>
            <row>0 0 0 0 0 0 0 0 0 0 0 0 0 0 0 0 0 0 0 0 0 0 0 0 0 0 0 0 0 0 0 0 0 0 0 0 0 0 0 0 0 0 0 0 0 0 0 0 0 0 0 0 0 0 0 0 0 0 0 0 0 0 0 0</row>
            <row>0 0 0 0 0 0 0 0 0 0 0 0 0 0 0 0 0 0 0 0 0 0 0 0 0 0 0 0 0 0 0 0 0 0 0 0 0 0 0 0 0 0 0 0 0 0 0 0 0 0 0 0 0 0 0 0 0 0 0 0 0 0 0 0</row>
            <row>0 0 0 0 0 0 0 0 0 0 0 0 0 0 0 0 0 0 0 0 0 0 0 0 0 0 0 0 0 0 0 0 0 0 0 0 0 0 0 0 0 0 0 0 0 0 0 0 0 0 0 0 0 0 0 0 0 0 0 0 0 0 0 0</row>
            <row>0 0 0 0 0 0 0 0 0 0 0 0 0 0 0 0 0 0 0 0 0 0 0 0 0 0 0 0 0 0 0 0 0 0 0 0 0 0 0 0 0 0 0 0 0 0 0 0 0 0 0 0 0 0 0 0 0 0 0 0 0 0 0 0</row>
            <row>0 0 0 0 0 0 0 0 0 0 0 0 0 0 0 0 0 0 0 0 0 0 0 0 0 0 0 0 0 0 0 0 0 0 0 0 0 0 0 0 0 0 0 0 0 0 0 0 0 0 0 0 0 0 0 0 0 0 0 0 0 0 0 0</row>
            <row>0 0 0 0 0 0 0 0 0 0 0 0 0 0 0 0 0 0 0 0 0 0 0 0 0 0 0 0 0 0 0 0 0 0 0 0 0 0 0 0 0 0 0 0 0 0 0 0 0 0 0 0 0 0 0 0 0 0 0 0 0 0 0 0</row>
            <row>0 0 0 0 0 0 0 0 0 0 0 0 0 0 0 0 0 0 0 0 0 0 0 0 0 0 0 0 0 0 0 0 0 0 0 0 0 0 0 0 0 0 0 0 0 0 0 0 0 0 0 0 0 0 0 0 0 0 0 0 0 0 0 0</row>
            <row>0 0 0 0 0 0 0 0 0 0 0 0 0 0 0 0 0 0 0 0 0 0 0 0 0 0 0 0 0 0 0 0 0 0 0 0 0 0 0 0 0 0 0 0 0 0 0 0 0 0 0 0 0 0 0 0 0 0 0 0 0 0 0 0</row>
            <row>0 0 0 0 0 0 0 0 0 0 0 0 0 0 0 0 0 0 0 0 0 0 0 0 0 0 0 0 0 0 0 0 0 0 0 0 0 0 0 0 0 0 0 0 0 0 0 0 0 0 0 0 0 0 0 0 0 0 0 0 0 0 0 0</row>
            <row>0 0 0 0 0 0 0 0 0 0 0 0 0 0 0 0 0 0 0 0 0 0 0 0 0 0 0 0 0 0 0 0 0 0 0 0 0 0 0 0 0 0 0 0 0 0 0 0 0 0 0 0 0 0 0 0 0 0 0 0 0 0 0 0</row>
            <row>0 0 0 0 0 0 0 0 0 0 0 0 0 0 0 0 0 0 0 0 0 0 0 0 0 0 0 0 0 0 0 0 0 0 0 0 0 0 0 0 0 0 0 0 0 0 0 0 0 0 0 0 0 0 0 0 0 0 0 0 0 0 0 0</row>
            <row>0 0 0 0 0 0 0 0 0 0 0 0 0 0 0 0 0 0 0 0 0 0 0 0 0 0 0 0 0 0 0 0 0 0 0 0 0 0 0 0 0 0 0 0 0 0 0 0 0 0 0 0 0 0 0 0 0 0 0 0 0 0 0 0</row>
            <row>0 0 0 0 0 0 0 0 0 0 0 0 0 0 0 0 0 0 0 0 0 0 0 0 0 0 0 0 0 0 0 0 0 0 0 0 0 0 0 0 0 0 0 0 0 0 0 0 0 0 0 0 0 0 0 0 0 0 0 0 0 0 0 0</row>
            <row>0 0 0 0 0 0 0 0 0 0 0 0 0 0 0 0 0 0 0 0 0 0 0 0 0 0 0 0 0 0 0 0 0 0 0 0 0 0 0 0 0 0 0 0 0 0 0 0 0 0 0 0 0 0 0 0 0 0 0 0 0 0 0 0</row>
            <row>0 0 0 0 0 0 0 0 0 0 0 0 0 0 0 0 0 0 0 0 0 0 0 0 0 0 0 0 0 0 0 0 0 0 0 0 0 0 0 0 0 0 0 0 0 0 0 0 0 0 0 0 0 0 0 0 0 0 0 0 0 0 0 0</row>
            <row>0 0 0 0 0 0 0 0 0 0 0 0 0 0 0 0 0 0 0 0 0 0 0 0 0 0 0 0 0 0 0 0 0 0 0 0 0 0 0 0 0 0 0 0 0 0 0 0 0 0 0 0 0 0 0 0 0 0 0 0 0 0 0 0</row>
            <row>0 0 0 0 0 0 0 0 0 0 0 0 0 0 0 0 0 0 0 0 0 0 0 0 0 0 0 0 0 0 0 0 0 0 0 0 0 0 0 0 0 0 0 0 0 0 0 0 0 0 0 0 0 0 0 0 0 0 0 0 0 0 0 0</row>
            <row>0 0 0 0 0 0 0 0 0 0 0 0 0 0 0 0 0 0 0 0 0 0 0 0 0 0 0 0 0 0 0 0 0 0 0 0 0 0 0 0 0 0 0 0 0 0 0 0 0 0 0 0 0 0 0 0 0 0 0 0 0 0 0 0</row>
            <row>0 0 0 0 0 0 0 0 0 0 0 0 0 0 0 0 0 0 0 0 0 0 0 0 0 0 0 0 0 0 0 0 0 0 0 0 0 0 0 0 0 0 0 0 0 0 0 0 0 0 0 0 0 0 0 0 0 0 0 0 0 0 0 0</row>
            <row>0 0 0 0 0 0 0 0 0 0 0 0 0 0 0 0 0 0 0 0 0 0 0 0 0 0 0 0 0 0 0 0 0 0 0 0 0 0 0 0 0 0 0 0 0 0 0 0 0 0 0 0 0 0 0 0 0 0 0 0 0 0 0 0</row>
            <row>0 0 0 0 0 0 0 0 0 0 0 0 0 0 0 0 0 0 0 0 0 0 0 0 0 0 0 0 0 0 0 0 0 0 0 0 0 0 0 0 0 0 0 0 0 0 0 0 0 0 0 0 0 0 0 0 0 0 0 0 0 0 0 0</row>
            <row>0 0 0 0 0 0 0 0 0 0 0 0 0 0 0 0 0 0 0 0 0 0 0 0 0 0 0 0 0 0 0 0 0 0 0 0 0 0 0 0 0 0 0 0 0 0 0 0 0 0 0 0 0 0 0 0 0 0 0 0 0 0 0 0</row>
            <row>0 0 0 0 0 0 0 0 0 0 0 0 0 0 0 0 0 0 0 0 0 0 0 0 0 0 0 0 0 0 0 0 0 0 0 0 0 0 0 0 0 0 0 0 0 0 0 0 0 0 0 0 0 0 0 0 0 0 0 0 0 0 0 0</row>
            <row>0 0 0 0 0 0 0 0 0 0 0 0 0 0 0 0 0 0 0 0 0 0 0 0 0 0 0 0 0 0 0 0 0 0 0 0 0 0 0 0 0 0 0 0 0 0 0 0 0 0 0 0 0 0 0 0 0 0 0 0 0 0 0 0</row>
            <row>0 0 0 0 0 0 0 0 0 0 0 0 0 0 0 0 0 0 0 0 0 0 0 0 0 0 0 0 0 0 0 0 0 0 0 0 0 0 0 0 0 0 0 0 0 0 0 0 0 0 0 0 0 0 0 0 0 0 0 0 0 0 0 0</row>
            <row>0 0 0 0 0 0 0 0 0 0 0 0 0 0 0 0 0 0 0 0 0 0 0 0 0 0 0 0 0 0 0 0 0 0 0 0 0 0 0 0 0 0 0 0 0 0 0 0 0 0 0 0 0 0 0 0 0 0 0 0 0 0 0 0</row>
        </grid>
    </map>
    <algorithm>
        <allowanyangle>true</allowanyangle>
        <metrictype>euclid</metrictype>
        <breakingties>g-max</breakingties>
        <weight>1</weight>
    </algorithm>
    <options>
        <loglevel>1</loglevel>
        <logpath />
        <logfilename />
    </options>
</root>
