<?xml version="1.0" ?>
<root>
    <map>
        <width>64</width>
        <height>64</height>
        <agents>250</agents>
        <startx number="0">34</startx>
        <starty number="0">35</starty>
        <finishx number="0">58</finishx>
        <finishy number="0">42</finishy>
        <startx number="1">50</startx>
        <starty number="1">49</starty>
        <finishx number="1">44</finishx>
        <finishy number="1">25</finishy>
        <startx number="2">52</startx>
        <starty number="2">46</starty>
        <finishx number="2">43</finishx>
        <finishy number="2">4</finishy>
        <startx number="3">3</startx>
        <starty number="3">6</starty>
        <finishx number="3">40</finishx>
        <finishy number="3">56</finishy>
        <startx number="4">3</startx>
        <starty number="4">24</starty>
        <finishx number="4">24</finishx>
        <finishy number="4">32</finishy>
        <startx number="5">32</startx>
        <starty number="5">25</starty>
        <finishx number="5">2</finishx>
        <finishy number="5">28</finishy>
        <startx number="6">60</startx>
        <starty number="6">50</starty>
        <finishx number="6">56</finishx>
        <finishy number="6">7</finishy>
        <startx number="7">46</startx>
        <starty number="7">33</starty>
        <finishx number="7">17</finishx>
        <finishy number="7">41</finishy>
        <startx number="8">22</startx>
        <starty number="8">8</starty>
        <finishx number="8">7</finishx>
        <finishy number="8">27</finishy>
        <startx number="9">5</startx>
        <starty number="9">45</starty>
        <finishx number="9">23</finishx>
        <finishy number="9">3</finishy>
        <startx number="10">11</startx>
        <starty number="10">26</starty>
        <finishx number="10">38</finishx>
        <finishy number="10">53</finishy>
        <startx number="11">4</startx>
        <starty number="11">61</starty>
        <finishx number="11">22</finishx>
        <finishy number="11">45</finishy>
        <startx number="12">40</startx>
        <starty number="12">5</starty>
        <finishx number="12">58</finishx>
        <finishy number="12">47</finishy>
        <startx number="13">44</startx>
        <starty number="13">12</starty>
        <finishx number="13">63</finishx>
        <finishy number="13">54</finishy>
        <startx number="14">8</startx>
        <starty number="14">8</starty>
        <finishx number="14">3</finishx>
        <finishy number="14">43</finishy>
        <startx number="15">61</startx>
        <starty number="15">6</starty>
        <finishx number="15">16</finishx>
        <finishy number="15">1</finishy>
        <startx number="16">58</startx>
        <starty number="16">34</starty>
        <finishx number="16">11</finishx>
        <finishy number="16">45</finishy>
        <startx number="17">21</startx>
        <starty number="17">37</starty>
        <finishx number="17">53</finishx>
        <finishy number="17">43</finishy>
        <startx number="18">38</startx>
        <starty number="18">0</starty>
        <finishx number="18">29</finishx>
        <finishy number="18">2</finishy>
        <startx number="19">38</startx>
        <starty number="19">5</starty>
        <finishx number="19">2</finishx>
        <finishy number="19">8</finishy>
        <startx number="20">50</startx>
        <starty number="20">32</starty>
        <finishx number="20">0</finishx>
        <finishy number="20">62</finishy>
        <startx number="21">42</startx>
        <starty number="21">37</starty>
        <finishx number="21">16</finishx>
        <finishy number="21">43</finishy>
        <startx number="22">6</startx>
        <starty number="22">43</starty>
        <finishx number="22">30</finishx>
        <finishy number="22">6</finishy>
        <startx number="23">6</startx>
        <starty number="23">18</starty>
        <finishx number="23">40</finishx>
        <finishy number="23">53</finishy>
        <startx number="24">40</startx>
        <starty number="24">23</starty>
        <finishx number="24">35</finishx>
        <finishy number="24">19</finishy>
        <startx number="25">5</startx>
        <starty number="25">50</starty>
        <finishx number="25">9</finishx>
        <finishy number="25">39</finishy>
        <startx number="26">31</startx>
        <starty number="26">43</starty>
        <finishx number="26">45</finishx>
        <finishy number="26">36</finishy>
        <startx number="27">56</startx>
        <starty number="27">53</starty>
        <finishx number="27">62</finishx>
        <finishy number="27">14</finishy>
        <startx number="28">51</startx>
        <starty number="28">51</starty>
        <finishx number="28">37</finishx>
        <finishy number="28">21</finishy>
        <startx number="29">14</startx>
        <starty number="29">14</starty>
        <finishx number="29">11</finishx>
        <finishy number="29">60</finishy>
        <startx number="30">0</startx>
        <starty number="30">54</starty>
        <finishx number="30">15</finishx>
        <finishy number="30">47</finishy>
        <startx number="31">55</startx>
        <starty number="31">3</starty>
        <finishx number="31">52</finishx>
        <finishy number="31">56</finishy>
        <startx number="32">14</startx>
        <starty number="32">6</starty>
        <finishx number="32">61</finishx>
        <finishy number="32">62</finishy>
        <startx number="33">5</startx>
        <starty number="33">26</starty>
        <finishx number="33">1</finishx>
        <finishy number="33">4</finishy>
        <startx number="34">17</startx>
        <starty number="34">16</starty>
        <finishx number="34">56</finishx>
        <finishy number="34">26</finishy>
        <startx number="35">0</startx>
        <starty number="35">51</starty>
        <finishx number="35">29</finishx>
        <finishy number="35">12</finishy>
        <startx number="36">59</startx>
        <starty number="36">2</starty>
        <finishx number="36">38</finishx>
        <finishy number="36">8</finishy>
        <startx number="37">32</startx>
        <starty number="37">30</starty>
        <finishx number="37">35</finishx>
        <finishy number="37">22</finishy>
        <startx number="38">20</startx>
        <starty number="38">58</starty>
        <finishx number="38">24</finishx>
        <finishy number="38">53</finishy>
        <startx number="39">7</startx>
        <starty number="39">31</starty>
        <finishx number="39">33</finishx>
        <finishy number="39">44</finishy>
        <startx number="40">19</startx>
        <starty number="40">62</starty>
        <finishx number="40">4</finishx>
        <finishy number="40">38</finishy>
        <startx number="41">41</startx>
        <starty number="41">47</starty>
        <finishx number="41">29</finishx>
        <finishy number="41">49</finishy>
        <startx number="42">41</startx>
        <starty number="42">31</starty>
        <finishx number="42">50</finishx>
        <finishy number="42">62</finishy>
        <startx number="43">8</startx>
        <starty number="43">21</starty>
        <finishx number="43">13</finishx>
        <finishy number="43">58</finishy>
        <startx number="44">54</startx>
        <starty number="44">45</starty>
        <finishx number="44">48</finishx>
        <finishy number="44">35</finishy>
        <startx number="45">6</startx>
        <starty number="45">61</starty>
        <finishx number="45">3</finishx>
        <finishy number="45">49</finishy>
        <startx number="46">14</startx>
        <starty number="46">52</starty>
        <finishx number="46">28</finishx>
        <finishy number="46">28</finishy>
        <startx number="47">34</startx>
        <starty number="47">46</starty>
        <finishx number="47">12</finishx>
        <finishy number="47">55</finishy>
        <startx number="48">9</startx>
        <starty number="48">10</starty>
        <finishx number="48">61</finishx>
        <finishy number="48">39</finishy>
        <startx number="49">32</startx>
        <starty number="49">11</starty>
        <finishx number="49">61</finishx>
        <finishy number="49">44</finishy>
        <startx number="50">16</startx>
        <starty number="50">22</starty>
        <finishx number="50">36</finishx>
        <finishy number="50">13</finishy>
        <startx number="51">50</startx>
        <starty number="51">6</starty>
        <finishx number="51">10</finishx>
        <finishy number="51">42</finishy>
        <startx number="52">22</startx>
        <starty number="52">61</starty>
        <finishx number="52">52</finishx>
        <finishy number="52">59</finishy>
        <startx number="53">31</startx>
        <starty number="53">36</starty>
        <finishx number="53">10</finishx>
        <finishy number="53">2</finishy>
        <startx number="54">24</startx>
        <starty number="54">24</starty>
        <finishx number="54">41</finishx>
        <finishy number="54">15</finishy>
        <startx number="55">48</startx>
        <starty number="55">28</starty>
        <finishx number="55">25</finishx>
        <finishy number="55">18</finishy>
        <startx number="56">57</startx>
        <starty number="56">10</starty>
        <finishx number="56">1</finishx>
        <finishy number="56">17</finishy>
        <startx number="57">52</startx>
        <starty number="57">35</starty>
        <finishx number="57">34</finishx>
        <finishy number="57">30</finishy>
        <startx number="58">42</startx>
        <starty number="58">12</starty>
        <finishx number="58">11</finishx>
        <finishy number="58">21</finishy>
        <startx number="59">54</startx>
        <starty number="59">34</starty>
        <finishx number="59">40</finishx>
        <finishy number="59">61</finishy>
        <startx number="60">47</startx>
        <starty number="60">57</starty>
        <finishx number="60">21</finishx>
        <finishy number="60">0</finishy>
        <startx number="61">61</startx>
        <starty number="61">46</starty>
        <finishx number="61">4</finishx>
        <finishy number="61">16</finishy>
        <startx number="62">50</startx>
        <starty number="62">43</starty>
        <finishx number="62">14</finishx>
        <finishy number="62">63</finishy>
        <startx number="63">55</startx>
        <starty number="63">50</starty>
        <finishx number="63">19</finishx>
        <finishy number="63">3</finishy>
        <startx number="64">61</startx>
        <starty number="64">55</starty>
        <finishx number="64">23</finishx>
        <finishy number="64">26</finishy>
        <startx number="65">38</startx>
        <starty number="65">48</starty>
        <finishx number="65">43</finishx>
        <finishy number="65">34</finishy>
        <startx number="66">60</startx>
        <starty number="66">58</starty>
        <finishx number="66">11</finishx>
        <finishy number="66">37</finishy>
        <startx number="67">40</startx>
        <starty number="67">0</starty>
        <finishx number="67">15</finishx>
        <finishy number="67">17</finishy>
        <startx number="68">47</startx>
        <starty number="68">6</starty>
        <finishx number="68">15</finishx>
        <finishy number="68">54</finishy>
        <startx number="69">30</startx>
        <starty number="69">52</starty>
        <finishx number="69">0</finishx>
        <finishy number="69">46</finishy>
        <startx number="70">9</startx>
        <starty number="70">47</starty>
        <finishx number="70">7</finishx>
        <finishy number="70">45</finishy>
        <startx number="71">6</startx>
        <starty number="71">14</starty>
        <finishx number="71">50</finishx>
        <finishy number="71">3</finishy>
        <startx number="72">18</startx>
        <starty number="72">57</starty>
        <finishx number="72">27</finishx>
        <finishy number="72">63</finishy>
        <startx number="73">9</startx>
        <starty number="73">53</starty>
        <finishx number="73">33</finishx>
        <finishy number="73">59</finishy>
        <startx number="74">17</startx>
        <starty number="74">52</starty>
        <finishx number="74">61</finishx>
        <finishy number="74">18</finishy>
        <startx number="75">41</startx>
        <starty number="75">29</starty>
        <finishx number="75">58</finishx>
        <finishy number="75">39</finishy>
        <startx number="76">36</startx>
        <starty number="76">30</starty>
        <finishx number="76">14</finishx>
        <finishy number="76">12</finishy>
        <startx number="77">1</startx>
        <starty number="77">41</starty>
        <finishx number="77">5</finishx>
        <finishy number="77">58</finishy>
        <startx number="78">16</startx>
        <starty number="78">33</starty>
        <finishx number="78">48</finishx>
        <finishy number="78">20</finishy>
        <startx number="79">48</startx>
        <starty number="79">41</starty>
        <finishx number="79">35</finishx>
        <finishy number="79">32</finishy>
        <startx number="80">28</startx>
        <starty number="80">33</starty>
        <finishx number="80">45</finishx>
        <finishy number="80">41</finishy>
        <startx number="81">29</startx>
        <starty number="81">25</starty>
        <finishx number="81">9</finishx>
        <finishy number="81">34</finishy>
        <startx number="82">0</startx>
        <starty number="82">57</starty>
        <finishx number="82">56</finishx>
        <finishy number="82">18</finishy>
        <startx number="83">31</startx>
        <starty number="83">46</starty>
        <finishx number="83">20</finishx>
        <finishy number="83">16</finishy>
        <startx number="84">37</startx>
        <starty number="84">38</starty>
        <finishx number="84">33</finishx>
        <finishy number="84">3</finishy>
        <startx number="85">4</startx>
        <starty number="85">8</starty>
        <finishx number="85">28</finishx>
        <finishy number="85">47</finishy>
        <startx number="86">1</startx>
        <starty number="86">38</starty>
        <finishx number="86">25</finishx>
        <finishy number="86">47</finishy>
        <startx number="87">11</startx>
        <starty number="87">50</starty>
        <finishx number="87">36</finishx>
        <finishy number="87">24</finishy>
        <startx number="88">53</startx>
        <starty number="88">13</starty>
        <finishx number="88">20</finishx>
        <finishy number="88">35</finishy>
        <startx number="89">50</startx>
        <starty number="89">22</starty>
        <finishx number="89">55</finishx>
        <finishy number="89">5</finishy>
        <startx number="90">63</startx>
        <starty number="90">1</starty>
        <finishx number="90">25</finishx>
        <finishy number="90">60</finishy>
        <startx number="91">5</startx>
        <starty number="91">53</starty>
        <finishx number="91">57</finishx>
        <finishy number="91">63</finishy>
        <startx number="92">43</startx>
        <starty number="92">53</starty>
        <finishx number="92">56</finishx>
        <finishy number="92">37</finishy>
        <startx number="93">54</startx>
        <starty number="93">59</starty>
        <finishx number="93">34</finishx>
        <finishy number="93">1</finishy>
        <startx number="94">47</startx>
        <starty number="94">4</starty>
        <finishx number="94">20</finishx>
        <finishy number="94">40</finishy>
        <startx number="95">49</startx>
        <starty number="95">17</starty>
        <finishx number="95">21</finishx>
        <finishy number="95">56</finishy>
        <startx number="96">31</startx>
        <starty number="96">17</starty>
        <finishx number="96">37</finishx>
        <finishy number="96">45</finishy>
        <startx number="97">52</startx>
        <starty number="97">62</starty>
        <finishx number="97">26</finishx>
        <finishy number="97">23</finishy>
        <startx number="98">47</startx>
        <starty number="98">14</starty>
        <finishx number="98">32</finishx>
        <finishy number="98">1</finishy>
        <startx number="99">11</startx>
        <starty number="99">39</starty>
        <finishx number="99">36</finishx>
        <finishy number="99">11</finishy>
        <startx number="100">29</startx>
        <starty number="100">17</starty>
        <finishx number="100">55</finishx>
        <finishy number="100">61</finishy>
        <startx number="101">29</startx>
        <starty number="101">9</starty>
        <finishx number="101">37</finishx>
        <finishy number="101">50</finishy>
        <startx number="102">43</startx>
        <starty number="102">55</starty>
        <finishx number="102">39</finishx>
        <finishy number="102">16</finishy>
        <startx number="103">34</startx>
        <starty number="103">6</starty>
        <finishx number="103">23</finishx>
        <finishy number="103">18</finishy>
        <startx number="104">27</startx>
        <starty number="104">57</starty>
        <finishx number="104">53</finishx>
        <finishy number="104">32</finishy>
        <startx number="105">15</startx>
        <starty number="105">28</starty>
        <finishx number="105">59</finishx>
        <finishy number="105">53</finishy>
        <startx number="106">15</startx>
        <starty number="106">49</starty>
        <finishx number="106">29</finishx>
        <finishy number="106">44</finishy>
        <startx number="107">38</startx>
        <starty number="107">40</starty>
        <finishx number="107">23</finishx>
        <finishy number="107">5</finishy>
        <startx number="108">1</startx>
        <starty number="108">24</starty>
        <finishx number="108">32</finishx>
        <finishy number="108">57</finishy>
        <startx number="109">1</startx>
        <starty number="109">60</starty>
        <finishx number="109">36</finishx>
        <finishy number="109">48</finishy>
        <startx number="110">51</startx>
        <starty number="110">14</starty>
        <finishx number="110">20</finishx>
        <finishy number="110">54</finishy>
        <startx number="111">16</startx>
        <starty number="111">38</starty>
        <finishx number="111">2</finishx>
        <finishy number="111">54</finishy>
        <startx number="112">17</startx>
        <starty number="112">59</starty>
        <finishx number="112">31</finishx>
        <finishy number="112">14</finishy>
        <startx number="113">56</startx>
        <starty number="113">48</starty>
        <finishx number="113">19</finishx>
        <finishy number="113">22</finishy>
        <startx number="114">21</startx>
        <starty number="114">3</starty>
        <finishx number="114">37</finishx>
        <finishy number="114">32</finishy>
        <startx number="115">48</startx>
        <starty number="115">51</starty>
        <finishx number="115">46</finishx>
        <finishy number="115">20</finishy>
        <startx number="116">49</startx>
        <starty number="116">30</starty>
        <finishx number="116">13</finishx>
        <finishy number="116">28</finishy>
        <startx number="117">60</startx>
        <starty number="117">12</starty>
        <finishx number="117">46</finishx>
        <finishy number="117">1</finishy>
        <startx number="118">59</startx>
        <starty number="118">4</starty>
        <finishx number="118">27</finishx>
        <finishy number="118">36</finishy>
        <startx number="119">24</startx>
        <starty number="119">21</starty>
        <finishx number="119">55</finishx>
        <finishy number="119">0</finishy>
        <startx number="120">32</startx>
        <starty number="120">33</starty>
        <finishx number="120">26</finishx>
        <finishy number="120">4</finishy>
        <startx number="121">46</startx>
        <starty number="121">11</starty>
        <finishx number="121">61</finishx>
        <finishy number="121">34</finishy>
        <startx number="122">31</startx>
        <starty number="122">49</starty>
        <finishx number="122">8</finishx>
        <finishy number="122">5</finishy>
        <startx number="123">16</startx>
        <starty number="123">25</starty>
        <finishx number="123">8</finishx>
        <finishy number="123">42</finishy>
        <startx number="124">15</startx>
        <starty number="124">9</starty>
        <finishx number="124">28</finishx>
        <finishy number="124">60</finishy>
        <startx number="125">46</startx>
        <starty number="125">59</starty>
        <finishx number="125">13</finishx>
        <finishy number="125">39</finishy>
        <startx number="126">48</startx>
        <starty number="126">46</starty>
        <finishx number="126">7</finishx>
        <finishy number="126">37</finishy>
        <startx number="127">48</startx>
        <starty number="127">38</starty>
        <finishx number="127">44</finishx>
        <finishy number="127">28</finishy>
        <startx number="128">9</startx>
        <starty number="128">61</starty>
        <finishx number="128">58</finishx>
        <finishy number="128">29</finishy>
        <startx number="129">4</startx>
        <starty number="129">35</starty>
        <finishx number="129">17</finishx>
        <finishy number="129">46</finishy>
        <startx number="130">22</startx>
        <starty number="130">21</starty>
        <finishx number="130">58</finishx>
        <finishy number="130">36</finishy>
        <startx number="131">20</startx>
        <starty number="131">14</starty>
        <finishx number="131">44</finishx>
        <finishy number="131">31</finishy>
        <startx number="132">31</startx>
        <starty number="132">28</starty>
        <finishx number="132">45</finishx>
        <finishy number="132">17</finishy>
        <startx number="133">16</startx>
        <starty number="133">11</starty>
        <finishx number="133">19</finishx>
        <finishy number="133">19</finishy>
        <startx number="134">46</startx>
        <starty number="134">30</starty>
        <finishx number="134">33</finishx>
        <finishy number="134">62</finishy>
        <startx number="135">47</startx>
        <starty number="135">49</starty>
        <finishx number="135">63</finishx>
        <finishy number="135">60</finishy>
        <startx number="136">63</startx>
        <starty number="136">41</starty>
        <finishx number="136">16</finishx>
        <finishy number="136">4</finishy>
        <startx number="137">20</startx>
        <starty number="137">11</starty>
        <finishx number="137">54</finishx>
        <finishy number="137">29</finishy>
        <startx number="138">21</startx>
        <starty number="138">19</starty>
        <finishx number="138">14</finishx>
        <finishy number="138">44</finishy>
        <startx number="139">20</startx>
        <starty number="139">32</starty>
        <finishx number="139">26</finishx>
        <finishy number="139">53</finishy>
        <startx number="140">28</startx>
        <starty number="140">15</starty>
        <finishx number="140">63</finishx>
        <finishy number="140">38</finishy>
        <startx number="141">32</startx>
        <starty number="141">41</starty>
        <finishx number="141">39</finishx>
        <finishy number="141">27</finishy>
        <startx number="142">35</startx>
        <starty number="142">3</starty>
        <finishx number="142">19</finishx>
        <finishy number="142">49</finishy>
        <startx number="143">26</startx>
        <starty number="143">29</starty>
        <finishx number="143">6</finishx>
        <finishy number="143">40</finishy>
        <startx number="144">24</startx>
        <starty number="144">40</starty>
        <finishx number="144">19</finishx>
        <finishy number="144">46</finishy>
        <startx number="145">45</startx>
        <starty number="145">63</starty>
        <finishx number="145">57</finishx>
        <finishy number="145">50</finishy>
        <startx number="146">50</startx>
        <starty number="146">40</starty>
        <finishx number="146">24</finishx>
        <finishy number="146">13</finishy>
        <startx number="147">60</startx>
        <starty number="147">26</starty>
        <finishx number="147">37</finishx>
        <finishy number="147">42</finishy>
        <startx number="148">23</startx>
        <starty number="148">51</starty>
        <finishx number="148">37</finishx>
        <finishy number="148">58</finishy>
        <startx number="149">57</startx>
        <starty number="149">13</starty>
        <finishx number="149">54</finishx>
        <finishy number="149">24</finishy>
        <startx number="150">9</startx>
        <starty number="150">26</starty>
        <finishx number="150">33</finishx>
        <finishy number="150">20</finishy>
        <startx number="151">10</startx>
        <starty number="151">13</starty>
        <finishx number="151">37</finishx>
        <finishy number="151">35</finishy>
        <startx number="152">35</startx>
        <starty number="152">59</starty>
        <finishx number="152">8</finishx>
        <finishy number="152">18</finishy>
        <startx number="153">57</startx>
        <starty number="153">21</starty>
        <finishx number="153">20</finishx>
        <finishy number="153">27</finishy>
        <startx number="154">29</startx>
        <starty number="154">41</starty>
        <finishx number="154">51</finishx>
        <finishy number="154">19</finishy>
        <startx number="155">42</startx>
        <starty number="155">23</starty>
        <finishx number="155">16</finishx>
        <finishy number="155">6</finishy>
        <startx number="156">47</startx>
        <starty number="156">62</starty>
        <finishx number="156">62</finishx>
        <finishy number="156">36</finishy>
        <startx number="157">8</startx>
        <starty number="157">29</starty>
        <finishx number="157">23</finishx>
        <finishy number="157">48</finishy>
        <startx number="158">33</startx>
        <starty number="158">38</starty>
        <finishx number="158">0</finishx>
        <finishy number="158">30</finishy>
        <startx number="159">42</startx>
        <starty number="159">39</starty>
        <finishx number="159">3</finishx>
        <finishy number="159">13</finishy>
        <startx number="160">14</startx>
        <starty number="160">1</starty>
        <finishx number="160">17</finishx>
        <finishy number="160">49</finishy>
        <startx number="161">38</startx>
        <starty number="161">11</starty>
        <finishx number="161">33</finishx>
        <finishy number="161">8</finishy>
        <startx number="162">10</startx>
        <starty number="162">55</starty>
        <finishx number="162">13</finishx>
        <finishy number="162">22</finishy>
        <startx number="163">43</startx>
        <starty number="163">10</starty>
        <finishx number="163">13</finishx>
        <finishy number="163">17</finishy>
        <startx number="164">43</startx>
        <starty number="164">47</starty>
        <finishx number="164">24</finishx>
        <finishy number="164">16</finishy>
        <startx number="165">10</startx>
        <starty number="165">63</starty>
        <finishx number="165">36</finishx>
        <finishy number="165">0</finishy>
        <startx number="166">33</startx>
        <starty number="166">17</starty>
        <finishx number="166">25</finishx>
        <finishy number="166">50</finishy>
        <startx number="167">28</startx>
        <starty number="167">4</starty>
        <finishx number="167">53</finishx>
        <finishy number="167">51</finishy>
        <startx number="168">9</startx>
        <starty number="168">37</starty>
        <finishx number="168">42</finishx>
        <finishy number="168">58</finishy>
        <startx number="169">8</startx>
        <starty number="169">50</starty>
        <finishx number="169">50</finishx>
        <finishy number="169">35</finishy>
        <startx number="170">32</startx>
        <starty number="170">51</starty>
        <finishx number="170">53</finishx>
        <finishy number="170">53</finishy>
        <startx number="171">29</startx>
        <starty number="171">39</starty>
        <finishx number="171">1</finishx>
        <finishy number="171">49</finishy>
        <startx number="172">6</startx>
        <starty number="172">56</starty>
        <finishx number="172">25</finishx>
        <finishy number="172">34</finishy>
        <startx number="173">16</startx>
        <starty number="173">20</starty>
        <finishx number="173">31</finishx>
        <finishy number="173">23</finishy>
        <startx number="174">12</startx>
        <starty number="174">7</starty>
        <finishx number="174">55</finishx>
        <finishy number="174">10</finishy>
        <startx number="175">21</startx>
        <starty number="175">48</starty>
        <finishx number="175">2</finishx>
        <finishy number="175">46</finishy>
        <startx number="176">52</startx>
        <starty number="176">49</starty>
        <finishx number="176">26</finishx>
        <finishy number="176">45</finishy>
        <startx number="177">21</startx>
        <starty number="177">51</starty>
        <finishx number="177">50</finishx>
        <finishy number="177">25</finishy>
        <startx number="178">0</startx>
        <starty number="178">9</starty>
        <finishx number="178">47</finishx>
        <finishy number="178">17</finishy>
        <startx number="179">4</startx>
        <starty number="179">11</starty>
        <finishx number="179">15</finishx>
        <finishy number="179">36</finishy>
        <startx number="180">38</startx>
        <starty number="180">56</starty>
        <finishx number="180">6</finishx>
        <finishy number="180">24</finishy>
        <startx number="181">36</startx>
        <starty number="181">62</starty>
        <finishx number="181">46</finishx>
        <finishy number="181">22</finishy>
        <startx number="182">4</startx>
        <starty number="182">56</starty>
        <finishx number="182">36</finishx>
        <finishy number="182">27</finishy>
        <startx number="183">50</startx>
        <starty number="183">11</starty>
        <finishx number="183">38</finishx>
        <finishy number="183">29</finishy>
        <startx number="184">26</startx>
        <starty number="184">2</starty>
        <finishx number="184">12</finishx>
        <finishy number="184">53</finishy>
        <startx number="185">49</startx>
        <starty number="185">54</starty>
        <finishx number="185">13</finishx>
        <finishy number="185">36</finishy>
        <startx number="186">61</startx>
        <starty number="186">28</starty>
        <finishx number="186">22</finishx>
        <finishy number="186">39</finishy>
        <startx number="187">59</startx>
        <starty number="187">15</starty>
        <finishx number="187">38</finishx>
        <finishy number="187">3</finishy>
        <startx number="188">30</startx>
        <starty number="188">33</starty>
        <finishx number="188">36</finishx>
        <finishy number="188">40</finishy>
        <startx number="189">18</startx>
        <starty number="189">8</starty>
        <finishx number="189">22</finishx>
        <finishy number="189">29</finishy>
        <startx number="190">39</startx>
        <starty number="190">32</starty>
        <finishx number="190">50</finishx>
        <finishy number="190">59</finishy>
        <startx number="191">26</startx>
        <starty number="191">26</starty>
        <finishx number="191">21</finishx>
        <finishy number="191">43</finishy>
        <startx number="192">13</startx>
        <starty number="192">31</starty>
        <finishx number="192">0</finishx>
        <finishy number="192">1</finishy>
        <startx number="193">62</startx>
        <starty number="193">49</starty>
        <finishx number="193">42</finishx>
        <finishy number="193">20</finishy>
        <startx number="194">41</startx>
        <starty number="194">45</starty>
        <finishx number="194">35</finishx>
        <finishy number="194">51</finishy>
        <startx number="195">42</startx>
        <starty number="195">18</starty>
        <finishx number="195">44</finishx>
        <finishy number="195">39</finishy>
        <startx number="196">10</startx>
        <starty number="196">15</starty>
        <finishx number="196">29</finishx>
        <finishy number="196">58</finishy>
        <startx number="197">3</startx>
        <starty number="197">59</starty>
        <finishx number="197">30</finishx>
        <finishy number="197">4</finishy>
        <startx number="198">22</startx>
        <starty number="198">16</starty>
        <finishx number="198">24</finishx>
        <finishy number="198">42</finishy>
        <startx number="199">56</startx>
        <starty number="199">28</starty>
        <finishx number="199">53</finishx>
        <finishy number="199">22</finishy>
        <startx number="200">52</startx>
        <starty number="200">8</starty>
        <finishx number="200">44</finishx>
        <finishy number="200">15</finishy>
        <startx number="201">20</startx>
        <starty number="201">24</starty>
        <finishx number="201">63</finishx>
        <finishy number="201">43</finishy>
        <startx number="202">62</startx>
        <starty number="202">22</starty>
        <finishx number="202">53</finishx>
        <finishy number="202">0</finishy>
        <startx number="203">60</startx>
        <starty number="203">10</starty>
        <finishx number="203">53</finishx>
        <finishy number="203">3</finishy>
        <startx number="204">44</startx>
        <starty number="204">20</starty>
        <finishx number="204">17</finishx>
        <finishy number="204">62</finishy>
        <startx number="205">61</startx>
        <starty number="205">1</starty>
        <finishx number="205">34</finishx>
        <finishy number="205">57</finishy>
        <startx number="206">53</startx>
        <starty number="206">27</starty>
        <finishx number="206">3</finishx>
        <finishy number="206">51</finishy>
        <startx number="207">50</startx>
        <starty number="207">57</starty>
        <finishx number="207">63</finishx>
        <finishy number="207">52</finishy>
        <startx number="208">42</startx>
        <starty number="208">2</starty>
        <finishx number="208">63</finishx>
        <finishy number="208">57</finishy>
        <startx number="209">25</startx>
        <starty number="209">37</starty>
        <finishx number="209">41</finishx>
        <finishy number="209">10</finishy>
        <startx number="210">54</startx>
        <starty number="210">40</starty>
        <finishx number="210">3</finishx>
        <finishy number="210">3</finishy>
        <startx number="211">15</startx>
        <starty number="211">41</starty>
        <finishx number="211">6</finishx>
        <finishy number="211">2</finishy>
        <startx number="212">60</startx>
        <starty number="212">20</starty>
        <finishx number="212">0</finishx>
        <finishy number="212">35</finishy>
        <startx number="213">53</startx>
        <starty number="213">19</starty>
        <finishx number="213">43</finishx>
        <finishy number="213">7</finishy>
        <startx number="214">16</startx>
        <starty number="214">57</starty>
        <finishx number="214">40</finishx>
        <finishy number="214">7</finishy>
        <startx number="215">62</startx>
        <starty number="215">31</starty>
        <finishx number="215">3</finishx>
        <finishy number="215">21</finishy>
        <startx number="216">62</startx>
        <starty number="216">12</starty>
        <finishx number="216">39</finishx>
        <finishy number="216">18</finishy>
        <startx number="217">41</startx>
        <starty number="217">34</starty>
        <finishx number="217">29</finishx>
        <finishy number="217">31</finishy>
        <startx number="218">48</startx>
        <starty number="218">22</starty>
        <finishx number="218">1</finishx>
        <finishy number="218">19</finishy>
        <startx number="219">1</startx>
        <starty number="219">14</starty>
        <finishx number="219">11</finishx>
        <finishy number="219">23</finishy>
        <startx number="220">32</startx>
        <starty number="220">6</starty>
        <finishx number="220">19</finishx>
        <finishy number="220">29</finishy>
        <startx number="221">26</startx>
        <starty number="221">55</starty>
        <finishx number="221">5</finishx>
        <finishy number="221">32</finishy>
        <startx number="222">61</startx>
        <starty number="222">4</starty>
        <finishx number="222">20</finishx>
        <finishy number="222">8</finishy>
        <startx number="223">36</startx>
        <starty number="223">56</starty>
        <finishx number="223">17</finishx>
        <finishy number="223">14</finishy>
        <startx number="224">58</startx>
        <starty number="224">26</starty>
        <finishx number="224">46</finishx>
        <finishy number="224">39</finishy>
        <startx number="225">63</startx>
        <starty number="225">62</starty>
        <finishx number="225">35</finishx>
        <finishy number="225">53</finishy>
        <startx number="226">0</startx>
        <starty number="226">27</starty>
        <finishx number="226">9</finishx>
        <finishy number="226">45</finishy>
        <startx number="227">12</startx>
        <starty number="227">9</starty>
        <finishx number="227">43</finishx>
        <finishy number="227">63</finishy>
        <startx number="228">56</startx>
        <starty number="228">42</starty>
        <finishx number="228">43</finishx>
        <finishy number="228">44</finishy>
        <startx number="229">0</startx>
        <starty number="229">7</starty>
        <finishx number="229">49</finishx>
        <finishy number="229">14</finishy>
        <startx number="230">1</startx>
        <starty number="230">22</starty>
        <finishx number="230">28</finishx>
        <finishy number="230">20</finishy>
        <startx number="231">24</startx>
        <starty number="231">7</starty>
        <finishx number="231">53</finishx>
        <finishy number="231">5</finishy>
        <startx number="232">37</startx>
        <starty number="232">16</starty>
        <finishx number="232">23</finishx>
        <finishy number="232">56</finishy>
        <startx number="233">18</startx>
        <starty number="233">1</starty>
        <finishx number="233">58</finishx>
        <finishy number="233">44</finishy>
        <startx number="234">13</startx>
        <starty number="234">42</starty>
        <finishx number="234">62</finishx>
        <finishy number="234">20</finishy>
        <startx number="235">50</startx>
        <starty number="235">46</starty>
        <finishx number="235">1</finishx>
        <finishy number="235">11</finishy>
        <startx number="236">47</startx>
        <starty number="236">44</starty>
        <finishx number="236">12</finishx>
        <finishy number="236">2</finishy>
        <startx number="237">33</startx>
        <starty number="237">27</starty>
        <finishx number="237">35</finishx>
        <finishy number="237">17</finishy>
        <startx number="238">18</startx>
        <starty number="238">11</starty>
        <finishx number="238">10</finishx>
        <finishy number="238">18</finishy>
        <startx number="239">28</startx>
        <starty number="239">7</starty>
        <finishx number="239">39</finishx>
        <finishy number="239">21</finishy>
        <startx number="240">45</startx>
        <starty number="240">44</starty>
        <finishx number="240">26</finishx>
        <finishy number="240">31</finishy>
        <startx number="241">38</startx>
        <starty number="241">61</starty>
        <finishx number="241">44</finishx>
        <finishy number="241">2</finishy>
        <startx number="242">17</startx>
        <starty number="242">36</starty>
        <finishx number="242">10</finishx>
        <finishy number="242">29</finishy>
        <startx number="243">12</startx>
        <starty number="243">47</starty>
        <finishx number="243">40</finishx>
        <finishy number="243">58</finishy>
        <startx number="244">58</startx>
        <starty number="244">61</starty>
        <finishx number="244">63</finishx>
        <finishy number="244">4</finishy>
        <startx number="245">22</startx>
        <starty number="245">13</starty>
        <finishx number="245">40</finishx>
        <finishy number="245">42</finishy>
        <startx number="246">36</startx>
        <starty number="246">8</starty>
        <finishx number="246">0</finishx>
        <finishy number="246">33</finishy>
        <startx number="247">23</startx>
        <starty number="247">0</starty>
        <finishx number="247">40</finishx>
        <finishy number="247">2</finishy>
        <startx number="248">57</startx>
        <starty number="248">58</starty>
        <finishx number="248">27</finishx>
        <finishy number="248">18</finishy>
        <startx number="249">7</startx>
        <starty number="249">48</starty>
        <finishx number="249">63</finishx>
        <finishy number="249">17</finishy>
        <grid>
            <row>0 0 0 0 0 0 0 0 0 0 0 0 0 0 0 0 0 0 0 0 0 0 0 0 0 0 0 0 0 0 0 0 0 0 0 0 0 0 0 0 0 0 0 0 0 0 0 0 0 0 0 0 0 0 0 0 0 0 0 0 0 0 0 0</row>
            <row>0 0 0 0 0 0 0 0 0 0 0 0 0 0 0 0 0 0 0 0 0 0 0 0 0 0 0 0 0 0 0 0 0 0 0 0 0 0 0 0 0 0 0 0 0 0 0 0 0 0 0 0 0 0 0 0 0 0 0 0 0 0 0 0</row>
            <row>0 0 0 0 0 0 0 0 0 0 0 0 0 0 0 0 0 0 0 0 0 0 0 0 0 0 0 0 0 0 0 0 0 0 0 0 0 0 0 0 0 0 0 0 0 0 0 0 0 0 0 0 0 0 0 0 0 0 0 0 0 0 0 0</row>
            <row>0 0 0 0 0 0 0 0 0 0 0 0 0 0 0 0 0 0 0 0 0 0 0 0 0 0 0 0 0 0 0 0 0 0 0 0 0 0 0 0 0 0 0 0 0 0 0 0 0 0 0 0 0 0 0 0 0 0 0 0 0 0 0 0</row>
            <row>0 0 0 0 0 0 0 0 0 0 0 0 0 0 0 0 0 0 0 0 0 0 0 0 0 0 0 0 0 0 0 0 0 0 0 0 0 0 0 0 0 0 0 0 0 0 0 0 0 0 0 0 0 0 0 0 0 0 0 0 0 0 0 0</row>
            <row>0 0 0 0 0 0 0 0 0 0 0 0 0 0 0 0 0 0 0 0 0 0 0 0 0 0 0 0 0 0 0 0 0 0 0 0 0 0 0 0 0 0 0 0 0 0 0 0 0 0 0 0 0 0 0 0 0 0 0 0 0 0 0 0</row>
            <row>0 0 0 0 0 0 0 0 0 0 0 0 0 0 0 0 0 0 0 0 0 0 0 0 0 0 0 0 0 0 0 0 0 0 0 0 0 0 0 0 0 0 0 0 0 0 0 0 0 0 0 0 0 0 0 0 0 0 0 0 0 0 0 0</row>
            <row>0 0 0 0 0 0 0 0 0 0 0 0 0 0 0 0 0 0 0 0 0 0 0 0 0 0 0 0 0 0 0 0 0 0 0 0 0 0 0 0 0 0 0 0 0 0 0 0 0 0 0 0 0 0 0 0 0 0 0 0 0 0 0 0</row>
            <row>0 0 0 0 0 0 0 0 0 0 0 0 0 0 0 0 0 0 0 0 0 0 0 0 0 0 0 0 0 0 0 0 0 0 0 0 0 0 0 0 0 0 0 0 0 0 0 0 0 0 0 0 0 0 0 0 0 0 0 0 0 0 0 0</row>
            <row>0 0 0 0 0 0 0 0 0 0 0 0 0 0 0 0 0 0 0 0 0 0 0 0 0 0 0 0 0 0 0 0 0 0 0 0 0 0 0 0 0 0 0 0 0 0 0 0 0 0 0 0 0 0 0 0 0 0 0 0 0 0 0 0</row>
            <row>0 0 0 0 0 0 0 0 0 0 0 0 0 0 0 0 0 0 0 0 0 0 0 0 0 0 0 0 0 0 0 0 0 0 0 0 0 0 0 0 0 0 0 0 0 0 0 0 0 0 0 0 0 0 0 0 0 0 0 0 0 0 0 0</row>
            <row>0 0 0 0 0 0 0 0 0 0 0 0 0 0 0 0 0 0 0 0 0 0 0 0 0 0 0 0 0 0 0 0 0 0 0 0 0 0 0 0 0 0 0 0 0 0 0 0 0 0 0 0 0 0 0 0 0 0 0 0 0 0 0 0</row>
            <row>0 0 0 0 0 0 0 0 0 0 0 0 0 0 0 0 0 0 0 0 0 0 0 0 0 0 0 0 0 0 0 0 0 0 0 0 0 0 0 0 0 0 0 0 0 0 0 0 0 0 0 0 0 0 0 0 0 0 0 0 0 0 0 0</row>
            <row>0 0 0 0 0 0 0 0 0 0 0 0 0 0 0 0 0 0 0 0 0 0 0 0 0 0 0 0 0 0 0 0 0 0 0 0 0 0 0 0 0 0 0 0 0 0 0 0 0 0 0 0 0 0 0 0 0 0 0 0 0 0 0 0</row>
            <row>0 0 0 0 0 0 0 0 0 0 0 0 0 0 0 0 0 0 0 0 0 0 0 0 0 0 0 0 0 0 0 0 0 0 0 0 0 0 0 0 0 0 0 0 0 0 0 0 0 0 0 0 0 0 0 0 0 0 0 0 0 0 0 0</row>
            <row>0 0 0 0 0 0 0 0 0 0 0 0 0 0 0 0 0 0 0 0 0 0 0 0 0 0 0 0 0 0 0 0 0 0 0 0 0 0 0 0 0 0 0 0 0 0 0 0 0 0 0 0 0 0 0 0 0 0 0 0 0 0 0 0</row>
            <row>0 0 0 0 0 0 0 0 0 0 0 0 0 0 0 0 0 0 0 0 0 0 0 0 0 0 0 0 0 0 0 0 0 0 0 0 0 0 0 0 0 0 0 0 0 0 0 0 0 0 0 0 0 0 0 0 0 0 0 0 0 0 0 0</row>
            <row>0 0 0 0 0 0 0 0 0 0 0 0 0 0 0 0 0 0 0 0 0 0 0 0 0 0 0 0 0 0 0 0 0 0 0 0 0 0 0 0 0 0 0 0 0 0 0 0 0 0 0 0 0 0 0 0 0 0 0 0 0 0 0 0</row>
            <row>0 0 0 0 0 0 0 0 0 0 0 0 0 0 0 0 0 0 0 0 0 0 0 0 0 0 0 0 0 0 0 0 0 0 0 0 0 0 0 0 0 0 0 0 0 0 0 0 0 0 0 0 0 0 0 0 0 0 0 0 0 0 0 0</row>
            <row>0 0 0 0 0 0 0 0 0 0 0 0 0 0 0 0 0 0 0 0 0 0 0 0 0 0 0 0 0 0 0 0 0 0 0 0 0 0 0 0 0 0 0 0 0 0 0 0 0 0 0 0 0 0 0 0 0 0 0 0 0 0 0 0</row>
            <row>0 0 0 0 0 0 0 0 0 0 0 0 0 0 0 0 0 0 0 0 0 0 0 0 0 0 0 0 0 0 0 0 0 0 0 0 0 0 0 0 0 0 0 0 0 0 0 0 0 0 0 0 0 0 0 0 0 0 0 0 0 0 0 0</row>
            <row>0 0 0 0 0 0 0 0 0 0 0 0 0 0 0 0 0 0 0 0 0 0 0 0 0 0 0 0 0 0 0 0 0 0 0 0 0 0 0 0 0 0 0 0 0 0 0 0 0 0 0 0 0 0 0 0 0 0 0 0 0 0 0 0</row>
            <row>0 0 0 0 0 0 0 0 0 0 0 0 0 0 0 0 0 0 0 0 0 0 0 0 0 0 0 0 0 0 0 0 0 0 0 0 0 0 0 0 0 0 0 0 0 0 0 0 0 0 0 0 0 0 0 0 0 0 0 0 0 0 0 0</row>
            <row>0 0 0 0 0 0 0 0 0 0 0 0 0 0 0 0 0 0 0 0 0 0 0 0 0 0 0 0 0 0 0 0 0 0 0 0 0 0 0 0 0 0 0 0 0 0 0 0 0 0 0 0 0 0 0 0 0 0 0 0 0 0 0 0</row>
            <row>0 0 0 0 0 0 0 0 0 0 0 0 0 0 0 0 0 0 0 0 0 0 0 0 0 0 0 0 0 0 0 0 0 0 0 0 0 0 0 0 0 0 0 0 0 0 0 0 0 0 0 0 0 0 0 0 0 0 0 0 0 0 0 0</row>
            <row>0 0 0 0 0 0 0 0 0 0 0 0 0 0 0 0 0 0 0 0 0 0 0 0 0 0 0 0 0 0 0 0 0 0 0 0 0 0 0 0 0 0 0 0 0 0 0 0 0 0 0 0 0 0 0 0 0 0 0 0 0 0 0 0</row>
            <row>0 0 0 0 0 0 0 0 0 0 0 0 0 0 0 0 0 0 0 0 0 0 0 0 0 0 0 0 0 0 0 0 0 0 0 0 0 0 0 0 0 0 0 0 0 0 0 0 0 0 0 0 0 0 0 0 0 0 0 0 0 0 0 0</row>
            <row>0 0 0 0 0 0 0 0 0 0 0 0 0 0 0 0 0 0 0 0 0 0 0 0 0 0 0 0 0 0 0 0 0 0 0 0 0 0 0 0 0 0 0 0 0 0 0 0 0 0 0 0 0 0 0 0 0 0 0 0 0 0 0 0</row>
            <row>0 0 0 0 0 0 0 0 0 0 0 0 0 0 0 0 0 0 0 0 0 0 0 0 0 0 0 0 0 0 0 0 0 0 0 0 0 0 0 0 0 0 0 0 0 0 0 0 0 0 0 0 0 0 0 0 0 0 0 0 0 0 0 0</row>
            <row>0 0 0 0 0 0 0 0 0 0 0 0 0 0 0 0 0 0 0 0 0 0 0 0 0 0 0 0 0 0 0 0 0 0 0 0 0 0 0 0 0 0 0 0 0 0 0 0 0 0 0 0 0 0 0 0 0 0 0 0 0 0 0 0</row>
            <row>0 0 0 0 0 0 0 0 0 0 0 0 0 0 0 0 0 0 0 0 0 0 0 0 0 0 0 0 0 0 0 0 0 0 0 0 0 0 0 0 0 0 0 0 0 0 0 0 0 0 0 0 0 0 0 0 0 0 0 0 0 0 0 0</row>
            <row>0 0 0 0 0 0 0 0 0 0 0 0 0 0 0 0 0 0 0 0 0 0 0 0 0 0 0 0 0 0 0 0 0 0 0 0 0 0 0 0 0 0 0 0 0 0 0 0 0 0 0 0 0 0 0 0 0 0 0 0 0 0 0 0</row>
            <row>0 0 0 0 0 0 0 0 0 0 0 0 0 0 0 0 0 0 0 0 0 0 0 0 0 0 0 0 0 0 0 0 0 0 0 0 0 0 0 0 0 0 0 0 0 0 0 0 0 0 0 0 0 0 0 0 0 0 0 0 0 0 0 0</row>
            <row>0 0 0 0 0 0 0 0 0 0 0 0 0 0 0 0 0 0 0 0 0 0 0 0 0 0 0 0 0 0 0 0 0 0 0 0 0 0 0 0 0 0 0 0 0 0 0 0 0 0 0 0 0 0 0 0 0 0 0 0 0 0 0 0</row>
            <row>0 0 0 0 0 0 0 0 0 0 0 0 0 0 0 0 0 0 0 0 0 0 0 0 0 0 0 0 0 0 0 0 0 0 0 0 0 0 0 0 0 0 0 0 0 0 0 0 0 0 0 0 0 0 0 0 0 0 0 0 0 0 0 0</row>
            <row>0 0 0 0 0 0 0 0 0 0 0 0 0 0 0 0 0 0 0 0 0 0 0 0 0 0 0 0 0 0 0 0 0 0 0 0 0 0 0 0 0 0 0 0 0 0 0 0 0 0 0 0 0 0 0 0 0 0 0 0 0 0 0 0</row>
            <row>0 0 0 0 0 0 0 0 0 0 0 0 0 0 0 0 0 0 0 0 0 0 0 0 0 0 0 0 0 0 0 0 0 0 0 0 0 0 0 0 0 0 0 0 0 0 0 0 0 0 0 0 0 0 0 0 0 0 0 0 0 0 0 0</row>
            <row>0 0 0 0 0 0 0 0 0 0 0 0 0 0 0 0 0 0 0 0 0 0 0 0 0 0 0 0 0 0 0 0 0 0 0 0 0 0 0 0 0 0 0 0 0 0 0 0 0 0 0 0 0 0 0 0 0 0 0 0 0 0 0 0</row>
            <row>0 0 0 0 0 0 0 0 0 0 0 0 0 0 0 0 0 0 0 0 0 0 0 0 0 0 0 0 0 0 0 0 0 0 0 0 0 0 0 0 0 0 0 0 0 0 0 0 0 0 0 0 0 0 0 0 0 0 0 0 0 0 0 0</row>
            <row>0 0 0 0 0 0 0 0 0 0 0 0 0 0 0 0 0 0 0 0 0 0 0 0 0 0 0 0 0 0 0 0 0 0 0 0 0 0 0 0 0 0 0 0 0 0 0 0 0 0 0 0 0 0 0 0 0 0 0 0 0 0 0 0</row>
            <row>0 0 0 0 0 0 0 0 0 0 0 0 0 0 0 0 0 0 0 0 0 0 0 0 0 0 0 0 0 0 0 0 0 0 0 0 0 0 0 0 0 0 0 0 0 0 0 0 0 0 0 0 0 0 0 0 0 0 0 0 0 0 0 0</row>
            <row>0 0 0 0 0 0 0 0 0 0 0 0 0 0 0 0 0 0 0 0 0 0 0 0 0 0 0 0 0 0 0 0 0 0 0 0 0 0 0 0 0 0 0 0 0 0 0 0 0 0 0 0 0 0 0 0 0 0 0 0 0 0 0 0</row>
            <row>0 0 0 0 0 0 0 0 0 0 0 0 0 0 0 0 0 0 0 0 0 0 0 0 0 0 0 0 0 0 0 0 0 0 0 0 0 0 0 0 0 0 0 0 0 0 0 0 0 0 0 0 0 0 0 0 0 0 0 0 0 0 0 0</row>
            <row>0 0 0 0 0 0 0 0 0 0 0 0 0 0 0 0 0 0 0 0 0 0 0 0 0 0 0 0 0 0 0 0 0 0 0 0 0 0 0 0 0 0 0 0 0 0 0 0 0 0 0 0 0 0 0 0 0 0 0 0 0 0 0 0</row>
            <row>0 0 0 0 0 0 0 0 0 0 0 0 0 0 0 0 0 0 0 0 0 0 0 0 0 0 0 0 0 0 0 0 0 0 0 0 0 0 0 0 0 0 0 0 0 0 0 0 0 0 0 0 0 0 0 0 0 0 0 0 0 0 0 0</row>
            <row>0 0 0 0 0 0 0 0 0 0 0 0 0 0 0 0 0 0 0 0 0 0 0 0 0 0 0 0 0 0 0 0 0 0 0 0 0 0 0 0 0 0 0 0 0 0 0 0 0 0 0 0 0 0 0 0 0 0 0 0 0 0 0 0</row>
            <row>0 0 0 0 0 0 0 0 0 0 0 0 0 0 0 0 0 0 0 0 0 0 0 0 0 0 0 0 0 0 0 0 0 0 0 0 0 0 0 0 0 0 0 0 0 0 0 0 0 0 0 0 0 0 0 0 0 0 0 0 0 0 0 0</row>
            <row>0 0 0 0 0 0 0 0 0 0 0 0 0 0 0 0 0 0 0 0 0 0 0 0 0 0 0 0 0 0 0 0 0 0 0 0 0 0 0 0 0 0 0 0 0 0 0 0 0 0 0 0 0 0 0 0 0 0 0 0 0 0 0 0</row>
            <row>0 0 0 0 0 0 0 0 0 0 0 0 0 0 0 0 0 0 0 0 0 0 0 0 0 0 0 0 0 0 0 0 0 0 0 0 0 0 0 0 0 0 0 0 0 0 0 0 0 0 0 0 0 0 0 0 0 0 0 0 0 0 0 0</row>
            <row>0 0 0 0 0 0 0 0 0 0 0 0 0 0 0 0 0 0 0 0 0 0 0 0 0 0 0 0 0 0 0 0 0 0 0 0 0 0 0 0 0 0 0 0 0 0 0 0 0 0 0 0 0 0 0 0 0 0 0 0 0 0 0 0</row>
            <row>0 0 0 0 0 0 0 0 0 0 0 0 0 0 0 0 0 0 0 0 0 0 0 0 0 0 0 0 0 0 0 0 0 0 0 0 0 0 0 0 0 0 0 0 0 0 0 0 0 0 0 0 0 0 0 0 0 0 0 0 0 0 0 0</row>
            <row>0 0 0 0 0 0 0 0 0 0 0 0 0 0 0 0 0 0 0 0 0 0 0 0 0 0 0 0 0 0 0 0 0 0 0 0 0 0 0 0 0 0 0 0 0 0 0 0 0 0 0 0 0 0 0 0 0 0 0 0 0 0 0 0</row>
            <row>0 0 0 0 0 0 0 0 0 0 0 0 0 0 0 0 0 0 0 0 0 0 0 0 0 0 0 0 0 0 0 0 0 0 0 0 0 0 0 0 0 0 0 0 0 0 0 0 0 0 0 0 0 0 0 0 0 0 0 0 0 0 0 0</row>
            <row>0 0 0 0 0 0 0 0 0 0 0 0 0 0 0 0 0 0 0 0 0 0 0 0 0 0 0 0 0 0 0 0 0 0 0 0 0 0 0 0 0 0 0 0 0 0 0 0 0 0 0 0 0 0 0 0 0 0 0 0 0 0 0 0</row>
            <row>0 0 0 0 0 0 0 0 0 0 0 0 0 0 0 0 0 0 0 0 0 0 0 0 0 0 0 0 0 0 0 0 0 0 0 0 0 0 0 0 0 0 0 0 0 0 0 0 0 0 0 0 0 0 0 0 0 0 0 0 0 0 0 0</row>
            <row>0 0 0 0 0 0 0 0 0 0 0 0 0 0 0 0 0 0 0 0 0 0 0 0 0 0 0 0 0 0 0 0 0 0 0 0 0 0 0 0 0 0 0 0 0 0 0 0 0 0 0 0 0 0 0 0 0 0 0 0 0 0 0 0</row>
            <row>0 0 0 0 0 0 0 0 0 0 0 0 0 0 0 0 0 0 0 0 0 0 0 0 0 0 0 0 0 0 0 0 0 0 0 0 0 0 0 0 0 0 0 0 0 0 0 0 0 0 0 0 0 0 0 0 0 0 0 0 0 0 0 0</row>
            <row>0 0 0 0 0 0 0 0 0 0 0 0 0 0 0 0 0 0 0 0 0 0 0 0 0 0 0 0 0 0 0 0 0 0 0 0 0 0 0 0 0 0 0 0 0 0 0 0 0 0 0 0 0 0 0 0 0 0 0 0 0 0 0 0</row>
            <row>0 0 0 0 0 0 0 0 0 0 0 0 0 0 0 0 0 0 0 0 0 0 0 0 0 0 0 0 0 0 0 0 0 0 0 0 0 0 0 0 0 0 0 0 0 0 0 0 0 0 0 0 0 0 0 0 0 0 0 0 0 0 0 0</row>
            <row>0 0 0 0 0 0 0 0 0 0 0 0 0 0 0 0 0 0 0 0 0 0 0 0 0 0 0 0 0 0 0 0 0 0 0 0 0 0 0 0 0 0 0 0 0 0 0 0 0 0 0 0 0 0 0 0 0 0 0 0 0 0 0 0</row>
            <row>0 0 0 0 0 0 0 0 0 0 0 0 0 0 0 0 0 0 0 0 0 0 0 0 0 0 0 0 0 0 0 0 0 0 0 0 0 0 0 0 0 0 0 0 0 0 0 0 0 0 0 0 0 0 0 0 0 0 0 0 0 0 0 0</row>
            <row>0 0 0 0 0 0 0 0 0 0 0 0 0 0 0 0 0 0 0 0 0 0 0 0 0 0 0 0 0 0 0 0 0 0 0 0 0 0 0 0 0 0 0 0 0 0 0 0 0 0 0 0 0 0 0 0 0 0 0 0 0 0 0 0</row>
            <row>0 0 0 0 0 0 0 0 0 0 0 0 0 0 0 0 0 0 0 0 0 0 0 0 0 0 0 0 0 0 0 0 0 0 0 0 0 0 0 0 0 0 0 0 0 0 0 0 0 0 0 0 0 0 0 0 0 0 0 0 0 0 0 0</row>
            <row>0 0 0 0 0 0 0 0 0 0 0 0 0 0 0 0 0 0 0 0 0 0 0 0 0 0 0 0 0 0 0 0 0 0 0 0 0 0 0 0 0 0 0 0 0 0 0 0 0 0 0 0 0 0 0 0 0 0 0 0 0 0 0 0</row>
        </grid>
    </map>
    <algorithm>
        <allowanyangle>true</allowanyangle>
        <metrictype>euclid</metrictype>
        <breakingties>g-max</breakingties>
        <weight>1</weight>
    </algorithm>
    <options>
        <loglevel>1</loglevel>
        <logpath />
        <logfilename />
    </options>
</root>
