<?xml version="1.0" ?>
<root>
    <map>
        <width>64</width>
        <height>64</height>
        <agents>150</agents>
        <startx number="0">28</startx>
        <starty number="0">18</starty>
        <finishx number="0">55</finishx>
        <finishy number="0">5</finishy>
        <startx number="1">52</startx>
        <starty number="1">13</starty>
        <finishx number="1">29</finishx>
        <finishy number="1">60</finishy>
        <startx number="2">6</startx>
        <starty number="2">53</starty>
        <finishx number="2">54</finishx>
        <finishy number="2">32</finishy>
        <startx number="3">58</startx>
        <starty number="3">15</starty>
        <finishx number="3">45</finishx>
        <finishy number="3">10</finishy>
        <startx number="4">13</startx>
        <starty number="4">28</starty>
        <finishx number="4">22</finishx>
        <finishy number="4">37</finishy>
        <startx number="5">11</startx>
        <starty number="5">17</starty>
        <finishx number="5">19</finishx>
        <finishy number="5">49</finishy>
        <startx number="6">19</startx>
        <starty number="6">19</starty>
        <finishx number="6">38</finishx>
        <finishy number="6">56</finishy>
        <startx number="7">45</startx>
        <starty number="7">60</starty>
        <finishx number="7">26</finishx>
        <finishy number="7">15</finishy>
        <startx number="8">49</startx>
        <starty number="8">30</starty>
        <finishx number="8">15</finishx>
        <finishy number="8">9</finishy>
        <startx number="9">51</startx>
        <starty number="9">32</starty>
        <finishx number="9">61</finishx>
        <finishy number="9">12</finishy>
        <startx number="10">60</startx>
        <starty number="10">2</starty>
        <finishx number="10">40</finishx>
        <finishy number="10">7</finishy>
        <startx number="11">60</startx>
        <starty number="11">50</starty>
        <finishx number="11">58</finishx>
        <finishy number="11">52</finishy>
        <startx number="12">16</startx>
        <starty number="12">43</starty>
        <finishx number="12">59</finishx>
        <finishy number="12">39</finishy>
        <startx number="13">25</startx>
        <starty number="13">31</starty>
        <finishx number="13">11</finishx>
        <finishy number="13">55</finishy>
        <startx number="14">53</startx>
        <starty number="14">59</starty>
        <finishx number="14">46</finishx>
        <finishy number="14">20</finishy>
        <startx number="15">24</startx>
        <starty number="15">42</starty>
        <finishx number="15">15</finishx>
        <finishy number="15">17</finishy>
        <startx number="16">21</startx>
        <starty number="16">29</starty>
        <finishx number="16">42</finishx>
        <finishy number="16">63</finishy>
        <startx number="17">0</startx>
        <starty number="17">6</starty>
        <finishx number="17">6</finishx>
        <finishy number="17">8</finishy>
        <startx number="18">1</startx>
        <starty number="18">14</starty>
        <finishx number="18">29</finishx>
        <finishy number="18">31</finishy>
        <startx number="19">8</startx>
        <starty number="19">39</starty>
        <finishx number="19">55</finishx>
        <finishy number="19">53</finishy>
        <startx number="20">15</startx>
        <starty number="20">38</starty>
        <finishx number="20">26</finishx>
        <finishy number="20">44</finishy>
        <startx number="21">49</startx>
        <starty number="21">59</starty>
        <finishx number="21">2</finishx>
        <finishy number="21">56</finishy>
        <startx number="22">40</startx>
        <starty number="22">5</starty>
        <finishx number="22">63</finishx>
        <finishy number="22">23</finishy>
        <startx number="23">23</startx>
        <starty number="23">29</starty>
        <finishx number="23">30</finishx>
        <finishy number="23">6</finishy>
        <startx number="24">20</startx>
        <starty number="24">45</starty>
        <finishx number="24">26</finishx>
        <finishy number="24">13</finishy>
        <startx number="25">26</startx>
        <starty number="25">2</starty>
        <finishx number="25">30</finishx>
        <finishy number="25">15</finishy>
        <startx number="26">30</startx>
        <starty number="26">1</starty>
        <finishx number="26">3</finishx>
        <finishy number="26">62</finishy>
        <startx number="27">63</startx>
        <starty number="27">36</starty>
        <finishx number="27">48</finishx>
        <finishy number="27">57</finishy>
        <startx number="28">13</startx>
        <starty number="28">4</starty>
        <finishx number="28">16</finishx>
        <finishy number="28">60</finishy>
        <startx number="29">37</startx>
        <starty number="29">32</starty>
        <finishx number="29">2</finishx>
        <finishy number="29">27</finishy>
        <startx number="30">2</startx>
        <starty number="30">32</starty>
        <finishx number="30">53</finishx>
        <finishy number="30">22</finishy>
        <startx number="31">6</startx>
        <starty number="31">45</starty>
        <finishx number="31">32</finishx>
        <finishy number="31">28</finishy>
        <startx number="32">11</startx>
        <starty number="32">34</starty>
        <finishx number="32">8</finishx>
        <finishy number="32">10</finishy>
        <startx number="33">13</startx>
        <starty number="33">23</starty>
        <finishx number="33">46</finishx>
        <finishy number="33">57</finishy>
        <startx number="34">10</startx>
        <starty number="34">31</starty>
        <finishx number="34">22</finishx>
        <finishy number="34">58</finishy>
        <startx number="35">41</startx>
        <starty number="35">50</starty>
        <finishx number="35">16</finishx>
        <finishy number="35">46</finishy>
        <startx number="36">15</startx>
        <starty number="36">57</starty>
        <finishx number="36">60</finishx>
        <finishy number="36">55</finishy>
        <startx number="37">49</startx>
        <starty number="37">27</starty>
        <finishx number="37">32</finishx>
        <finishy number="37">49</finishy>
        <startx number="38">31</startx>
        <starty number="38">11</starty>
        <finishx number="38">20</finishx>
        <finishy number="38">16</finishy>
        <startx number="39">56</startx>
        <starty number="39">42</starty>
        <finishx number="39">43</finishx>
        <finishy number="39">29</finishy>
        <startx number="40">21</startx>
        <starty number="40">51</starty>
        <finishx number="40">53</finishx>
        <finishy number="40">45</finishy>
        <startx number="41">59</startx>
        <starty number="41">4</starty>
        <finishx number="41">34</finishx>
        <finishy number="41">22</finishy>
        <startx number="42">28</startx>
        <starty number="42">47</starty>
        <finishx number="42">32</finishx>
        <finishy number="42">33</finishy>
        <startx number="43">46</startx>
        <starty number="43">52</starty>
        <finishx number="43">53</finishx>
        <finishy number="43">50</finishy>
        <startx number="44">6</startx>
        <starty number="44">0</starty>
        <finishx number="44">59</finishx>
        <finishy number="44">12</finishy>
        <startx number="45">3</startx>
        <starty number="45">46</starty>
        <finishx number="45">36</finishx>
        <finishy number="45">21</finishy>
        <startx number="46">39</startx>
        <starty number="46">48</starty>
        <finishx number="46">47</finishx>
        <finishy number="46">9</finishy>
        <startx number="47">2</startx>
        <starty number="47">49</starty>
        <finishx number="47">26</finishx>
        <finishy number="47">23</finishy>
        <startx number="48">16</startx>
        <starty number="48">54</starty>
        <finishx number="48">62</finishx>
        <finishy number="48">46</finishy>
        <startx number="49">34</startx>
        <starty number="49">54</starty>
        <finishx number="49">41</finishx>
        <finishy number="49">26</finishy>
        <startx number="50">19</startx>
        <starty number="50">62</starty>
        <finishx number="50">6</finishx>
        <finishy number="50">19</finishy>
        <startx number="51">21</startx>
        <starty number="51">27</starty>
        <finishx number="51">44</finishx>
        <finishy number="51">36</finishy>
        <startx number="52">15</startx>
        <starty number="52">22</starty>
        <finishx number="52">32</finishx>
        <finishy number="52">51</finishy>
        <startx number="53">0</startx>
        <starty number="53">49</starty>
        <finishx number="53">54</finishx>
        <finishy number="53">40</finishy>
        <startx number="54">48</startx>
        <starty number="54">20</starty>
        <finishx number="54">13</finishx>
        <finishy number="54">39</finishy>
        <startx number="55">40</startx>
        <starty number="55">55</starty>
        <finishx number="55">10</finishx>
        <finishy number="55">63</finishy>
        <startx number="56">47</startx>
        <starty number="56">33</starty>
        <finishx number="56">9</finishx>
        <finishy number="56">23</finishy>
        <startx number="57">18</startx>
        <starty number="57">40</starty>
        <finishx number="57">62</finishx>
        <finishy number="57">49</finishy>
        <startx number="58">22</startx>
        <starty number="58">8</starty>
        <finishx number="58">10</finishx>
        <finishy number="58">45</finishy>
        <startx number="59">28</startx>
        <starty number="59">12</starty>
        <finishx number="59">30</finishx>
        <finishy number="59">9</finishy>
        <startx number="60">13</startx>
        <starty number="60">20</starty>
        <finishx number="60">54</finishx>
        <finishy number="60">35</finishy>
        <startx number="61">24</startx>
        <starty number="61">2</starty>
        <finishx number="61">34</finishx>
        <finishy number="61">27</finishy>
        <startx number="62">10</startx>
        <starty number="62">37</starty>
        <finishx number="62">52</finishx>
        <finishy number="62">40</finishy>
        <startx number="63">60</startx>
        <starty number="63">63</starty>
        <finishx number="63">51</finishx>
        <finishy number="63">43</finishy>
        <startx number="64">42</startx>
        <starty number="64">31</starty>
        <finishx number="64">49</finishx>
        <finishy number="64">49</finishy>
        <startx number="65">43</startx>
        <starty number="65">58</starty>
        <finishx number="65">40</finishx>
        <finishy number="65">23</finishy>
        <startx number="66">39</startx>
        <starty number="66">11</starty>
        <finishx number="66">41</finishx>
        <finishy number="66">60</finishy>
        <startx number="67">23</startx>
        <starty number="67">24</starty>
        <finishx number="67">46</finishx>
        <finishy number="67">28</finishy>
        <startx number="68">35</startx>
        <starty number="68">19</starty>
        <finishx number="68">9</finishx>
        <finishy number="68">56</finishy>
        <startx number="69">41</startx>
        <starty number="69">53</starty>
        <finishx number="69">10</finishx>
        <finishy number="69">42</finishy>
        <startx number="70">26</startx>
        <starty number="70">39</starty>
        <finishx number="70">24</finishx>
        <finishy number="70">61</finishy>
        <startx number="71">21</startx>
        <starty number="71">11</starty>
        <finishx number="71">61</finishx>
        <finishy number="71">17</finishy>
        <startx number="72">8</startx>
        <starty number="72">2</starty>
        <finishx number="72">47</finishx>
        <finishy number="72">23</finishy>
        <startx number="73">6</startx>
        <starty number="73">5</starty>
        <finishx number="73">46</finishx>
        <finishy number="73">49</finishy>
        <startx number="74">6</startx>
        <starty number="74">21</starty>
        <finishx number="74">19</finishx>
        <finishy number="74">51</finishy>
        <startx number="75">35</startx>
        <starty number="75">6</starty>
        <finishx number="75">24</finishx>
        <finishy number="75">45</finishy>
        <startx number="76">3</startx>
        <starty number="76">3</starty>
        <finishx number="76">5</finishx>
        <finishy number="76">32</finishy>
        <startx number="77">57</startx>
        <starty number="77">34</starty>
        <finishx number="77">26</finishx>
        <finishy number="77">55</finishy>
        <startx number="78">30</startx>
        <starty number="78">47</starty>
        <finishx number="78">22</finishx>
        <finishy number="78">35</finishy>
        <startx number="79">24</startx>
        <starty number="79">37</starty>
        <finishx number="79">40</finishx>
        <finishy number="79">63</finishy>
        <startx number="80">0</startx>
        <starty number="80">43</starty>
        <finishx number="80">12</finishx>
        <finishy number="80">1</finishy>
        <startx number="81">53</startx>
        <starty number="81">43</starty>
        <finishx number="81">0</finishx>
        <finishy number="81">19</finishy>
        <startx number="82">24</startx>
        <starty number="82">10</starty>
        <finishx number="82">53</finishx>
        <finishy number="82">56</finishy>
        <startx number="83">37</startx>
        <starty number="83">24</starty>
        <finishx number="83">47</finishx>
        <finishy number="83">17</finishy>
        <startx number="84">5</startx>
        <starty number="84">59</starty>
        <finishx number="84">34</finishx>
        <finishy number="84">62</finishy>
        <startx number="85">39</startx>
        <starty number="85">42</starty>
        <finishx number="85">18</finishx>
        <finishy number="85">27</finishy>
        <startx number="86">3</startx>
        <starty number="86">43</starty>
        <finishx number="86">61</finishx>
        <finishy number="86">41</finishy>
        <startx number="87">59</startx>
        <starty number="87">36</starty>
        <finishx number="87">2</finishx>
        <finishy number="87">54</finishy>
        <startx number="88">7</startx>
        <starty number="88">32</starty>
        <finishx number="88">30</finishx>
        <finishy number="88">57</finishy>
        <startx number="89">16</startx>
        <starty number="89">30</starty>
        <finishx number="89">51</finishx>
        <finishy number="89">17</finishy>
        <startx number="90">36</startx>
        <starty number="90">3</starty>
        <finishx number="90">22</finishx>
        <finishy number="90">6</finishy>
        <startx number="91">55</startx>
        <starty number="91">61</starty>
        <finishx number="91">26</finishx>
        <finishy number="91">50</finishy>
        <startx number="92">15</startx>
        <starty number="92">12</starty>
        <finishx number="92">28</finishx>
        <finishy number="92">44</finishy>
        <startx number="93">47</startx>
        <starty number="93">6</starty>
        <finishx number="93">28</finishx>
        <finishy number="93">28</finishy>
        <startx number="94">11</startx>
        <starty number="94">21</starty>
        <finishx number="94">2</finishx>
        <finishy number="94">8</finishy>
        <startx number="95">8</startx>
        <starty number="95">21</starty>
        <finishx number="95">11</finishx>
        <finishy number="95">26</finishy>
        <startx number="96">50</startx>
        <starty number="96">46</starty>
        <finishx number="96">53</finishx>
        <finishy number="96">48</finishy>
        <startx number="97">41</startx>
        <starty number="97">58</starty>
        <finishx number="97">54</finishx>
        <finishy number="97">29</finishy>
        <startx number="98">62</startx>
        <starty number="98">44</starty>
        <finishx number="98">7</finishx>
        <finishy number="98">15</finishy>
        <startx number="99">20</startx>
        <starty number="99">56</starty>
        <finishx number="99">26</finishx>
        <finishy number="99">52</finishy>
        <startx number="100">30</startx>
        <starty number="100">38</starty>
        <finishx number="100">12</finishx>
        <finishy number="100">50</finishy>
        <startx number="101">56</startx>
        <starty number="101">7</starty>
        <finishx number="101">36</finishx>
        <finishy number="101">43</finishy>
        <startx number="102">2</startx>
        <starty number="102">0</starty>
        <finishx number="102">27</finishx>
        <finishy number="102">60</finishy>
        <startx number="103">7</startx>
        <starty number="103">58</starty>
        <finishx number="103">26</finishx>
        <finishy number="103">63</finishy>
        <startx number="104">49</startx>
        <starty number="104">41</starty>
        <finishx number="104">35</finishx>
        <finishy number="104">59</finishy>
        <startx number="105">43</startx>
        <starty number="105">7</starty>
        <finishx number="105">40</finishx>
        <finishy number="105">39</finishy>
        <startx number="106">49</startx>
        <starty number="106">51</starty>
        <finishx number="106">36</finishx>
        <finishy number="106">27</finishy>
        <startx number="107">42</startx>
        <starty number="107">18</starty>
        <finishx number="107">51</finishx>
        <finishy number="107">8</finishy>
        <startx number="108">16</startx>
        <starty number="108">14</starty>
        <finishx number="108">1</finishx>
        <finishy number="108">30</finishy>
        <startx number="109">8</startx>
        <starty number="109">29</starty>
        <finishx number="109">39</finishx>
        <finishy number="109">16</finishy>
        <startx number="110">32</startx>
        <starty number="110">62</starty>
        <finishx number="110">10</finishx>
        <finishy number="110">2</finishy>
        <startx number="111">25</startx>
        <starty number="111">34</starty>
        <finishx number="111">54</finishx>
        <finishy number="111">3</finishy>
        <startx number="112">32</startx>
        <starty number="112">9</starty>
        <finishx number="112">18</finishx>
        <finishy number="112">59</finishy>
        <startx number="113">1</startx>
        <starty number="113">25</starty>
        <finishx number="113">28</finishx>
        <finishy number="113">52</finishy>
        <startx number="114">52</startx>
        <starty number="114">6</starty>
        <finishx number="114">58</finishx>
        <finishy number="114">26</finishy>
        <startx number="115">54</startx>
        <starty number="115">26</starty>
        <finishx number="115">22</finishx>
        <finishy number="115">32</finishy>
        <startx number="116">45</startx>
        <starty number="116">46</starty>
        <finishx number="116">31</finishx>
        <finishy number="116">30</finishy>
        <startx number="117">10</startx>
        <starty number="117">61</starty>
        <finishx number="117">57</finishx>
        <finishy number="117">37</finishy>
        <startx number="118">15</startx>
        <starty number="118">20</starty>
        <finishx number="118">43</finishx>
        <finishy number="118">23</finishy>
        <startx number="119">35</startx>
        <starty number="119">35</starty>
        <finishx number="119">54</finishx>
        <finishy number="119">38</finishy>
        <startx number="120">16</startx>
        <starty number="120">33</starty>
        <finishx number="120">40</finishx>
        <finishy number="120">45</finishy>
        <startx number="121">10</startx>
        <starty number="121">29</starty>
        <finishx number="121">22</finishx>
        <finishy number="121">56</finishy>
        <startx number="122">52</startx>
        <starty number="122">62</starty>
        <finishx number="122">31</finishx>
        <finishy number="122">36</finishy>
        <startx number="123">6</startx>
        <starty number="123">35</starty>
        <finishx number="123">17</finishx>
        <finishy number="123">9</finishy>
        <startx number="124">8</startx>
        <starty number="124">61</starty>
        <finishx number="124">3</finishx>
        <finishy number="124">35</finishy>
        <startx number="125">14</startx>
        <starty number="125">62</starty>
        <finishx number="125">31</finishx>
        <finishy number="125">41</finishy>
        <startx number="126">2</startx>
        <starty number="126">17</starty>
        <finishx number="126">61</finishx>
        <finishy number="126">4</finishy>
        <startx number="127">18</startx>
        <starty number="127">56</starty>
        <finishx number="127">43</finishx>
        <finishy number="127">50</finishy>
        <startx number="128">16</startx>
        <starty number="128">62</starty>
        <finishx number="128">29</finishx>
        <finishy number="128">23</finishy>
        <startx number="129">57</startx>
        <starty number="129">12</starty>
        <finishx number="129">6</finishx>
        <finishy number="129">56</finishy>
        <startx number="130">44</startx>
        <starty number="130">25</starty>
        <finishx number="130">6</finishx>
        <finishy number="130">37</finishy>
        <startx number="131">53</startx>
        <starty number="131">8</starty>
        <finishx number="131">44</finishx>
        <finishy number="131">41</finishy>
        <startx number="132">16</startx>
        <starty number="132">49</starty>
        <finishx number="132">30</finishx>
        <finishy number="132">25</finishy>
        <startx number="133">63</startx>
        <starty number="133">4</starty>
        <finishx number="133">8</finishx>
        <finishy number="133">45</finishy>
        <startx number="134">32</startx>
        <starty number="134">57</starty>
        <finishx number="134">39</finishx>
        <finishy number="134">53</finishy>
        <startx number="135">34</startx>
        <starty number="135">16</starty>
        <finishx number="135">31</finishx>
        <finishy number="135">20</finishy>
        <startx number="136">25</startx>
        <starty number="136">8</starty>
        <finishx number="136">56</finishx>
        <finishy number="136">29</finishy>
        <startx number="137">2</startx>
        <starty number="137">38</starty>
        <finishx number="137">31</finishx>
        <finishy number="137">59</finishy>
        <startx number="138">63</startx>
        <starty number="138">19</starty>
        <finishx number="138">3</finishx>
        <finishy number="138">11</finishy>
        <startx number="139">8</startx>
        <starty number="139">12</starty>
        <finishx number="139">0</finishx>
        <finishy number="139">41</finishy>
        <startx number="140">39</startx>
        <starty number="140">2</starty>
        <finishx number="140">26</finishx>
        <finishy number="140">18</finishy>
        <startx number="141">34</startx>
        <starty number="141">48</starty>
        <finishx number="141">12</finishx>
        <finishy number="141">63</finishy>
        <startx number="142">15</startx>
        <starty number="142">1</starty>
        <finishx number="142">20</finishx>
        <finishy number="142">6</finishy>
        <startx number="143">14</startx>
        <starty number="143">25</starty>
        <finishx number="143">34</finishx>
        <finishy number="143">46</finishy>
        <startx number="144">45</startx>
        <starty number="144">44</starty>
        <finishx number="144">29</finishx>
        <finishy number="144">55</finishy>
        <startx number="145">21</startx>
        <starty number="145">21</starty>
        <finishx number="145">14</finishx>
        <finishy number="145">55</finishy>
        <startx number="146">5</startx>
        <starty number="146">50</starty>
        <finishx number="146">14</finishx>
        <finishy number="146">14</finishy>
        <startx number="147">45</startx>
        <starty number="147">39</starty>
        <finishx number="147">52</finishx>
        <finishy number="147">35</finishy>
        <startx number="148">41</startx>
        <starty number="148">13</starty>
        <finishx number="148">18</finishx>
        <finishy number="148">32</finishy>
        <startx number="149">40</startx>
        <starty number="149">29</starty>
        <finishx number="149">13</finishx>
        <finishy number="149">44</finishy>
        <grid>
            <row>0 0 0 0 0 0 0 0 0 0 0 0 0 0 0 0 0 0 0 0 0 0 0 0 0 0 0 0 0 0 0 0 0 0 0 0 0 0 0 0 0 0 0 0 0 0 0 0 0 0 0 0 0 0 0 0 0 0 0 0 0 0 0 0</row>
            <row>0 0 0 0 0 0 0 0 0 0 0 0 0 0 0 0 0 0 0 0 0 0 0 0 0 0 0 0 0 0 0 0 0 0 0 0 0 0 0 0 0 0 0 0 0 0 0 0 0 0 0 0 0 0 0 0 0 0 0 0 0 0 0 0</row>
            <row>0 0 0 0 0 0 0 0 0 0 0 0 0 0 0 0 0 0 0 0 0 0 0 0 0 0 0 0 0 0 0 0 0 0 0 0 0 0 0 0 0 0 0 0 0 0 0 0 0 0 0 0 0 0 0 0 0 0 0 0 0 0 0 0</row>
            <row>0 0 0 0 0 0 0 0 0 0 0 0 0 0 0 0 0 0 0 0 0 0 0 0 0 0 0 0 0 0 0 0 0 0 0 0 0 0 0 0 0 0 0 0 0 0 0 0 0 0 0 0 0 0 0 0 0 0 0 0 0 0 0 0</row>
            <row>0 0 0 0 0 0 0 0 0 0 0 0 0 0 0 0 0 0 0 0 0 0 0 0 0 0 0 0 0 0 0 0 0 0 0 0 0 0 0 0 0 0 0 0 0 0 0 0 0 0 0 0 0 0 0 0 0 0 0 0 0 0 0 0</row>
            <row>0 0 0 0 0 0 0 0 0 0 0 0 0 0 0 0 0 0 0 0 0 0 0 0 0 0 0 0 0 0 0 0 0 0 0 0 0 0 0 0 0 0 0 0 0 0 0 0 0 0 0 0 0 0 0 0 0 0 0 0 0 0 0 0</row>
            <row>0 0 0 0 0 0 0 0 0 0 0 0 0 0 0 0 0 0 0 0 0 0 0 0 0 0 0 0 0 0 0 0 0 0 0 0 0 0 0 0 0 0 0 0 0 0 0 0 0 0 0 0 0 0 0 0 0 0 0 0 0 0 0 0</row>
            <row>0 0 0 0 0 0 0 0 0 0 0 0 0 0 0 0 0 0 0 0 0 0 0 0 0 0 0 0 0 0 0 0 0 0 0 0 0 0 0 0 0 0 0 0 0 0 0 0 0 0 0 0 0 0 0 0 0 0 0 0 0 0 0 0</row>
            <row>0 0 0 0 0 0 0 0 0 0 0 0 0 0 0 0 0 0 0 0 0 0 0 0 0 0 0 0 0 0 0 0 0 0 0 0 0 0 0 0 0 0 0 0 0 0 0 0 0 0 0 0 0 0 0 0 0 0 0 0 0 0 0 0</row>
            <row>0 0 0 0 0 0 0 0 0 0 0 0 0 0 0 0 0 0 0 0 0 0 0 0 0 0 0 0 0 0 0 0 0 0 0 0 0 0 0 0 0 0 0 0 0 0 0 0 0 0 0 0 0 0 0 0 0 0 0 0 0 0 0 0</row>
            <row>0 0 0 0 0 0 0 0 0 0 0 0 0 0 0 0 0 0 0 0 0 0 0 0 0 0 0 0 0 0 0 0 0 0 0 0 0 0 0 0 0 0 0 0 0 0 0 0 0 0 0 0 0 0 0 0 0 0 0 0 0 0 0 0</row>
            <row>0 0 0 0 0 0 0 0 0 0 0 0 0 0 0 0 0 0 0 0 0 0 0 0 0 0 0 0 0 0 0 0 0 0 0 0 0 0 0 0 0 0 0 0 0 0 0 0 0 0 0 0 0 0 0 0 0 0 0 0 0 0 0 0</row>
            <row>0 0 0 0 0 0 0 0 0 0 0 0 0 0 0 0 0 0 0 0 0 0 0 0 0 0 0 0 0 0 0 0 0 0 0 0 0 0 0 0 0 0 0 0 0 0 0 0 0 0 0 0 0 0 0 0 0 0 0 0 0 0 0 0</row>
            <row>0 0 0 0 0 0 0 0 0 0 0 0 0 0 0 0 0 0 0 0 0 0 0 0 0 0 0 0 0 0 0 0 0 0 0 0 0 0 0 0 0 0 0 0 0 0 0 0 0 0 0 0 0 0 0 0 0 0 0 0 0 0 0 0</row>
            <row>0 0 0 0 0 0 0 0 0 0 0 0 0 0 0 0 0 0 0 0 0 0 0 0 0 0 0 0 0 0 0 0 0 0 0 0 0 0 0 0 0 0 0 0 0 0 0 0 0 0 0 0 0 0 0 0 0 0 0 0 0 0 0 0</row>
            <row>0 0 0 0 0 0 0 0 0 0 0 0 0 0 0 0 0 0 0 0 0 0 0 0 0 0 0 0 0 0 0 0 0 0 0 0 0 0 0 0 0 0 0 0 0 0 0 0 0 0 0 0 0 0 0 0 0 0 0 0 0 0 0 0</row>
            <row>0 0 0 0 0 0 0 0 0 0 0 0 0 0 0 0 0 0 0 0 0 0 0 0 0 0 0 0 0 0 0 0 0 0 0 0 0 0 0 0 0 0 0 0 0 0 0 0 0 0 0 0 0 0 0 0 0 0 0 0 0 0 0 0</row>
            <row>0 0 0 0 0 0 0 0 0 0 0 0 0 0 0 0 0 0 0 0 0 0 0 0 0 0 0 0 0 0 0 0 0 0 0 0 0 0 0 0 0 0 0 0 0 0 0 0 0 0 0 0 0 0 0 0 0 0 0 0 0 0 0 0</row>
            <row>0 0 0 0 0 0 0 0 0 0 0 0 0 0 0 0 0 0 0 0 0 0 0 0 0 0 0 0 0 0 0 0 0 0 0 0 0 0 0 0 0 0 0 0 0 0 0 0 0 0 0 0 0 0 0 0 0 0 0 0 0 0 0 0</row>
            <row>0 0 0 0 0 0 0 0 0 0 0 0 0 0 0 0 0 0 0 0 0 0 0 0 0 0 0 0 0 0 0 0 0 0 0 0 0 0 0 0 0 0 0 0 0 0 0 0 0 0 0 0 0 0 0 0 0 0 0 0 0 0 0 0</row>
            <row>0 0 0 0 0 0 0 0 0 0 0 0 0 0 0 0 0 0 0 0 0 0 0 0 0 0 0 0 0 0 0 0 0 0 0 0 0 0 0 0 0 0 0 0 0 0 0 0 0 0 0 0 0 0 0 0 0 0 0 0 0 0 0 0</row>
            <row>0 0 0 0 0 0 0 0 0 0 0 0 0 0 0 0 0 0 0 0 0 0 0 0 0 0 0 0 0 0 0 0 0 0 0 0 0 0 0 0 0 0 0 0 0 0 0 0 0 0 0 0 0 0 0 0 0 0 0 0 0 0 0 0</row>
            <row>0 0 0 0 0 0 0 0 0 0 0 0 0 0 0 0 0 0 0 0 0 0 0 0 0 0 0 0 0 0 0 0 0 0 0 0 0 0 0 0 0 0 0 0 0 0 0 0 0 0 0 0 0 0 0 0 0 0 0 0 0 0 0 0</row>
            <row>0 0 0 0 0 0 0 0 0 0 0 0 0 0 0 0 0 0 0 0 0 0 0 0 0 0 0 0 0 0 0 0 0 0 0 0 0 0 0 0 0 0 0 0 0 0 0 0 0 0 0 0 0 0 0 0 0 0 0 0 0 0 0 0</row>
            <row>0 0 0 0 0 0 0 0 0 0 0 0 0 0 0 0 0 0 0 0 0 0 0 0 0 0 0 0 0 0 0 0 0 0 0 0 0 0 0 0 0 0 0 0 0 0 0 0 0 0 0 0 0 0 0 0 0 0 0 0 0 0 0 0</row>
            <row>0 0 0 0 0 0 0 0 0 0 0 0 0 0 0 0 0 0 0 0 0 0 0 0 0 0 0 0 0 0 0 0 0 0 0 0 0 0 0 0 0 0 0 0 0 0 0 0 0 0 0 0 0 0 0 0 0 0 0 0 0 0 0 0</row>
            <row>0 0 0 0 0 0 0 0 0 0 0 0 0 0 0 0 0 0 0 0 0 0 0 0 0 0 0 0 0 0 0 0 0 0 0 0 0 0 0 0 0 0 0 0 0 0 0 0 0 0 0 0 0 0 0 0 0 0 0 0 0 0 0 0</row>
            <row>0 0 0 0 0 0 0 0 0 0 0 0 0 0 0 0 0 0 0 0 0 0 0 0 0 0 0 0 0 0 0 0 0 0 0 0 0 0 0 0 0 0 0 0 0 0 0 0 0 0 0 0 0 0 0 0 0 0 0 0 0 0 0 0</row>
            <row>0 0 0 0 0 0 0 0 0 0 0 0 0 0 0 0 0 0 0 0 0 0 0 0 0 0 0 0 0 0 0 0 0 0 0 0 0 0 0 0 0 0 0 0 0 0 0 0 0 0 0 0 0 0 0 0 0 0 0 0 0 0 0 0</row>
            <row>0 0 0 0 0 0 0 0 0 0 0 0 0 0 0 0 0 0 0 0 0 0 0 0 0 0 0 0 0 0 0 0 0 0 0 0 0 0 0 0 0 0 0 0 0 0 0 0 0 0 0 0 0 0 0 0 0 0 0 0 0 0 0 0</row>
            <row>0 0 0 0 0 0 0 0 0 0 0 0 0 0 0 0 0 0 0 0 0 0 0 0 0 0 0 0 0 0 0 0 0 0 0 0 0 0 0 0 0 0 0 0 0 0 0 0 0 0 0 0 0 0 0 0 0 0 0 0 0 0 0 0</row>
            <row>0 0 0 0 0 0 0 0 0 0 0 0 0 0 0 0 0 0 0 0 0 0 0 0 0 0 0 0 0 0 0 0 0 0 0 0 0 0 0 0 0 0 0 0 0 0 0 0 0 0 0 0 0 0 0 0 0 0 0 0 0 0 0 0</row>
            <row>0 0 0 0 0 0 0 0 0 0 0 0 0 0 0 0 0 0 0 0 0 0 0 0 0 0 0 0 0 0 0 0 0 0 0 0 0 0 0 0 0 0 0 0 0 0 0 0 0 0 0 0 0 0 0 0 0 0 0 0 0 0 0 0</row>
            <row>0 0 0 0 0 0 0 0 0 0 0 0 0 0 0 0 0 0 0 0 0 0 0 0 0 0 0 0 0 0 0 0 0 0 0 0 0 0 0 0 0 0 0 0 0 0 0 0 0 0 0 0 0 0 0 0 0 0 0 0 0 0 0 0</row>
            <row>0 0 0 0 0 0 0 0 0 0 0 0 0 0 0 0 0 0 0 0 0 0 0 0 0 0 0 0 0 0 0 0 0 0 0 0 0 0 0 0 0 0 0 0 0 0 0 0 0 0 0 0 0 0 0 0 0 0 0 0 0 0 0 0</row>
            <row>0 0 0 0 0 0 0 0 0 0 0 0 0 0 0 0 0 0 0 0 0 0 0 0 0 0 0 0 0 0 0 0 0 0 0 0 0 0 0 0 0 0 0 0 0 0 0 0 0 0 0 0 0 0 0 0 0 0 0 0 0 0 0 0</row>
            <row>0 0 0 0 0 0 0 0 0 0 0 0 0 0 0 0 0 0 0 0 0 0 0 0 0 0 0 0 0 0 0 0 0 0 0 0 0 0 0 0 0 0 0 0 0 0 0 0 0 0 0 0 0 0 0 0 0 0 0 0 0 0 0 0</row>
            <row>0 0 0 0 0 0 0 0 0 0 0 0 0 0 0 0 0 0 0 0 0 0 0 0 0 0 0 0 0 0 0 0 0 0 0 0 0 0 0 0 0 0 0 0 0 0 0 0 0 0 0 0 0 0 0 0 0 0 0 0 0 0 0 0</row>
            <row>0 0 0 0 0 0 0 0 0 0 0 0 0 0 0 0 0 0 0 0 0 0 0 0 0 0 0 0 0 0 0 0 0 0 0 0 0 0 0 0 0 0 0 0 0 0 0 0 0 0 0 0 0 0 0 0 0 0 0 0 0 0 0 0</row>
            <row>0 0 0 0 0 0 0 0 0 0 0 0 0 0 0 0 0 0 0 0 0 0 0 0 0 0 0 0 0 0 0 0 0 0 0 0 0 0 0 0 0 0 0 0 0 0 0 0 0 0 0 0 0 0 0 0 0 0 0 0 0 0 0 0</row>
            <row>0 0 0 0 0 0 0 0 0 0 0 0 0 0 0 0 0 0 0 0 0 0 0 0 0 0 0 0 0 0 0 0 0 0 0 0 0 0 0 0 0 0 0 0 0 0 0 0 0 0 0 0 0 0 0 0 0 0 0 0 0 0 0 0</row>
            <row>0 0 0 0 0 0 0 0 0 0 0 0 0 0 0 0 0 0 0 0 0 0 0 0 0 0 0 0 0 0 0 0 0 0 0 0 0 0 0 0 0 0 0 0 0 0 0 0 0 0 0 0 0 0 0 0 0 0 0 0 0 0 0 0</row>
            <row>0 0 0 0 0 0 0 0 0 0 0 0 0 0 0 0 0 0 0 0 0 0 0 0 0 0 0 0 0 0 0 0 0 0 0 0 0 0 0 0 0 0 0 0 0 0 0 0 0 0 0 0 0 0 0 0 0 0 0 0 0 0 0 0</row>
            <row>0 0 0 0 0 0 0 0 0 0 0 0 0 0 0 0 0 0 0 0 0 0 0 0 0 0 0 0 0 0 0 0 0 0 0 0 0 0 0 0 0 0 0 0 0 0 0 0 0 0 0 0 0 0 0 0 0 0 0 0 0 0 0 0</row>
            <row>0 0 0 0 0 0 0 0 0 0 0 0 0 0 0 0 0 0 0 0 0 0 0 0 0 0 0 0 0 0 0 0 0 0 0 0 0 0 0 0 0 0 0 0 0 0 0 0 0 0 0 0 0 0 0 0 0 0 0 0 0 0 0 0</row>
            <row>0 0 0 0 0 0 0 0 0 0 0 0 0 0 0 0 0 0 0 0 0 0 0 0 0 0 0 0 0 0 0 0 0 0 0 0 0 0 0 0 0 0 0 0 0 0 0 0 0 0 0 0 0 0 0 0 0 0 0 0 0 0 0 0</row>
            <row>0 0 0 0 0 0 0 0 0 0 0 0 0 0 0 0 0 0 0 0 0 0 0 0 0 0 0 0 0 0 0 0 0 0 0 0 0 0 0 0 0 0 0 0 0 0 0 0 0 0 0 0 0 0 0 0 0 0 0 0 0 0 0 0</row>
            <row>0 0 0 0 0 0 0 0 0 0 0 0 0 0 0 0 0 0 0 0 0 0 0 0 0 0 0 0 0 0 0 0 0 0 0 0 0 0 0 0 0 0 0 0 0 0 0 0 0 0 0 0 0 0 0 0 0 0 0 0 0 0 0 0</row>
            <row>0 0 0 0 0 0 0 0 0 0 0 0 0 0 0 0 0 0 0 0 0 0 0 0 0 0 0 0 0 0 0 0 0 0 0 0 0 0 0 0 0 0 0 0 0 0 0 0 0 0 0 0 0 0 0 0 0 0 0 0 0 0 0 0</row>
            <row>0 0 0 0 0 0 0 0 0 0 0 0 0 0 0 0 0 0 0 0 0 0 0 0 0 0 0 0 0 0 0 0 0 0 0 0 0 0 0 0 0 0 0 0 0 0 0 0 0 0 0 0 0 0 0 0 0 0 0 0 0 0 0 0</row>
            <row>0 0 0 0 0 0 0 0 0 0 0 0 0 0 0 0 0 0 0 0 0 0 0 0 0 0 0 0 0 0 0 0 0 0 0 0 0 0 0 0 0 0 0 0 0 0 0 0 0 0 0 0 0 0 0 0 0 0 0 0 0 0 0 0</row>
            <row>0 0 0 0 0 0 0 0 0 0 0 0 0 0 0 0 0 0 0 0 0 0 0 0 0 0 0 0 0 0 0 0 0 0 0 0 0 0 0 0 0 0 0 0 0 0 0 0 0 0 0 0 0 0 0 0 0 0 0 0 0 0 0 0</row>
            <row>0 0 0 0 0 0 0 0 0 0 0 0 0 0 0 0 0 0 0 0 0 0 0 0 0 0 0 0 0 0 0 0 0 0 0 0 0 0 0 0 0 0 0 0 0 0 0 0 0 0 0 0 0 0 0 0 0 0 0 0 0 0 0 0</row>
            <row>0 0 0 0 0 0 0 0 0 0 0 0 0 0 0 0 0 0 0 0 0 0 0 0 0 0 0 0 0 0 0 0 0 0 0 0 0 0 0 0 0 0 0 0 0 0 0 0 0 0 0 0 0 0 0 0 0 0 0 0 0 0 0 0</row>
            <row>0 0 0 0 0 0 0 0 0 0 0 0 0 0 0 0 0 0 0 0 0 0 0 0 0 0 0 0 0 0 0 0 0 0 0 0 0 0 0 0 0 0 0 0 0 0 0 0 0 0 0 0 0 0 0 0 0 0 0 0 0 0 0 0</row>
            <row>0 0 0 0 0 0 0 0 0 0 0 0 0 0 0 0 0 0 0 0 0 0 0 0 0 0 0 0 0 0 0 0 0 0 0 0 0 0 0 0 0 0 0 0 0 0 0 0 0 0 0 0 0 0 0 0 0 0 0 0 0 0 0 0</row>
            <row>0 0 0 0 0 0 0 0 0 0 0 0 0 0 0 0 0 0 0 0 0 0 0 0 0 0 0 0 0 0 0 0 0 0 0 0 0 0 0 0 0 0 0 0 0 0 0 0 0 0 0 0 0 0 0 0 0 0 0 0 0 0 0 0</row>
            <row>0 0 0 0 0 0 0 0 0 0 0 0 0 0 0 0 0 0 0 0 0 0 0 0 0 0 0 0 0 0 0 0 0 0 0 0 0 0 0 0 0 0 0 0 0 0 0 0 0 0 0 0 0 0 0 0 0 0 0 0 0 0 0 0</row>
            <row>0 0 0 0 0 0 0 0 0 0 0 0 0 0 0 0 0 0 0 0 0 0 0 0 0 0 0 0 0 0 0 0 0 0 0 0 0 0 0 0 0 0 0 0 0 0 0 0 0 0 0 0 0 0 0 0 0 0 0 0 0 0 0 0</row>
            <row>0 0 0 0 0 0 0 0 0 0 0 0 0 0 0 0 0 0 0 0 0 0 0 0 0 0 0 0 0 0 0 0 0 0 0 0 0 0 0 0 0 0 0 0 0 0 0 0 0 0 0 0 0 0 0 0 0 0 0 0 0 0 0 0</row>
            <row>0 0 0 0 0 0 0 0 0 0 0 0 0 0 0 0 0 0 0 0 0 0 0 0 0 0 0 0 0 0 0 0 0 0 0 0 0 0 0 0 0 0 0 0 0 0 0 0 0 0 0 0 0 0 0 0 0 0 0 0 0 0 0 0</row>
            <row>0 0 0 0 0 0 0 0 0 0 0 0 0 0 0 0 0 0 0 0 0 0 0 0 0 0 0 0 0 0 0 0 0 0 0 0 0 0 0 0 0 0 0 0 0 0 0 0 0 0 0 0 0 0 0 0 0 0 0 0 0 0 0 0</row>
            <row>0 0 0 0 0 0 0 0 0 0 0 0 0 0 0 0 0 0 0 0 0 0 0 0 0 0 0 0 0 0 0 0 0 0 0 0 0 0 0 0 0 0 0 0 0 0 0 0 0 0 0 0 0 0 0 0 0 0 0 0 0 0 0 0</row>
            <row>0 0 0 0 0 0 0 0 0 0 0 0 0 0 0 0 0 0 0 0 0 0 0 0 0 0 0 0 0 0 0 0 0 0 0 0 0 0 0 0 0 0 0 0 0 0 0 0 0 0 0 0 0 0 0 0 0 0 0 0 0 0 0 0</row>
        </grid>
    </map>
    <algorithm>
        <allowanyangle>true</allowanyangle>
        <metrictype>euclid</metrictype>
        <breakingties>g-max</breakingties>
        <weight>1</weight>
    </algorithm>
    <options>
        <loglevel>1</loglevel>
        <logpath />
        <logfilename />
    </options>
</root>
