<?xml version="1.0" ?>
<root>
    <map>
        <width>64</width>
        <height>64</height>
        <agents>100</agents>
        <startx number="0">11</startx>
        <starty number="0">39</starty>
        <finishx number="0">19</finishx>
        <finishy number="0">24</finishy>
        <startx number="1">41</startx>
        <starty number="1">42</starty>
        <finishx number="1">46</finishx>
        <finishy number="1">18</finishy>
        <startx number="2">6</startx>
        <starty number="2">5</starty>
        <finishx number="2">34</finishx>
        <finishy number="2">25</finishy>
        <startx number="3">51</startx>
        <starty number="3">3</starty>
        <finishx number="3">56</finishx>
        <finishy number="3">61</finishy>
        <startx number="4">51</startx>
        <starty number="4">54</starty>
        <finishx number="4">6</finishx>
        <finishy number="4">50</finishy>
        <startx number="5">39</startx>
        <starty number="5">51</starty>
        <finishx number="5">5</finishx>
        <finishy number="5">40</finishy>
        <startx number="6">0</startx>
        <starty number="6">17</starty>
        <finishx number="6">55</finishx>
        <finishy number="6">29</finishy>
        <startx number="7">36</startx>
        <starty number="7">11</starty>
        <finishx number="7">32</finishx>
        <finishy number="7">47</finishy>
        <startx number="8">10</startx>
        <starty number="8">50</starty>
        <finishx number="8">36</finishx>
        <finishy number="8">62</finishy>
        <startx number="9">5</startx>
        <starty number="9">26</starty>
        <finishx number="9">56</finishx>
        <finishy number="9">23</finishy>
        <startx number="10">36</startx>
        <starty number="10">40</starty>
        <finishx number="10">11</finishx>
        <finishy number="10">31</finishy>
        <startx number="11">33</startx>
        <starty number="11">33</starty>
        <finishx number="11">8</finishx>
        <finishy number="11">0</finishy>
        <startx number="12">21</startx>
        <starty number="12">37</starty>
        <finishx number="12">50</finishx>
        <finishy number="12">22</finishy>
        <startx number="13">28</startx>
        <starty number="13">10</starty>
        <finishx number="13">12</finishx>
        <finishy number="13">1</finishy>
        <startx number="14">16</startx>
        <starty number="14">60</starty>
        <finishx number="14">13</finishx>
        <finishy number="14">9</finishy>
        <startx number="15">31</startx>
        <starty number="15">57</starty>
        <finishx number="15">28</finishx>
        <finishy number="15">47</finishy>
        <startx number="16">49</startx>
        <starty number="16">20</starty>
        <finishx number="16">46</finishx>
        <finishy number="16">41</finishy>
        <startx number="17">17</startx>
        <starty number="17">25</starty>
        <finishx number="17">52</finishx>
        <finishy number="17">0</finishy>
        <startx number="18">13</startx>
        <starty number="18">60</starty>
        <finishx number="18">23</finishx>
        <finishy number="18">27</finishy>
        <startx number="19">41</startx>
        <starty number="19">47</starty>
        <finishx number="19">21</finishx>
        <finishy number="19">61</finishy>
        <startx number="20">2</startx>
        <starty number="20">54</starty>
        <finishx number="20">61</finishx>
        <finishy number="20">23</finishy>
        <startx number="21">12</startx>
        <starty number="21">15</starty>
        <finishx number="21">63</finishx>
        <finishy number="21">22</finishy>
        <startx number="22">0</startx>
        <starty number="22">33</starty>
        <finishx number="22">41</finishx>
        <finishy number="22">61</finishy>
        <startx number="23">31</startx>
        <starty number="23">49</starty>
        <finishx number="23">60</finishx>
        <finishy number="23">7</finishy>
        <startx number="24">22</startx>
        <starty number="24">51</starty>
        <finishx number="24">28</finishx>
        <finishy number="24">33</finishy>
        <startx number="25">17</startx>
        <starty number="25">62</starty>
        <finishx number="25">63</finishx>
        <finishy number="25">25</finishy>
        <startx number="26">44</startx>
        <starty number="26">55</starty>
        <finishx number="26">40</finishx>
        <finishy number="26">8</finishy>
        <startx number="27">46</startx>
        <starty number="27">15</starty>
        <finishx number="27">23</finishx>
        <finishy number="27">40</finishy>
        <startx number="28">30</startx>
        <starty number="28">9</starty>
        <finishx number="28">10</finishx>
        <finishy number="28">47</finishy>
        <startx number="29">35</startx>
        <starty number="29">14</starty>
        <finishx number="29">31</finishx>
        <finishy number="29">30</finishy>
        <startx number="30">15</startx>
        <starty number="30">4</starty>
        <finishx number="30">41</finishx>
        <finishy number="30">18</finishy>
        <startx number="31">30</startx>
        <starty number="31">60</starty>
        <finishx number="31">14</finishx>
        <finishy number="31">62</finishy>
        <startx number="32">39</startx>
        <starty number="32">0</starty>
        <finishx number="32">6</finishx>
        <finishy number="32">56</finishy>
        <startx number="33">2</startx>
        <starty number="33">32</starty>
        <finishx number="33">42</finishx>
        <finishy number="33">16</finishy>
        <startx number="34">21</startx>
        <starty number="34">59</starty>
        <finishx number="34">6</finishx>
        <finishy number="34">48</finishy>
        <startx number="35">32</startx>
        <starty number="35">25</starty>
        <finishx number="35">57</finishx>
        <finishy number="35">47</finishy>
        <startx number="36">20</startx>
        <starty number="36">11</starty>
        <finishx number="36">44</finishx>
        <finishy number="36">4</finishy>
        <startx number="37">26</startx>
        <starty number="37">42</starty>
        <finishx number="37">55</finishx>
        <finishy number="37">45</finishy>
        <startx number="38">0</startx>
        <starty number="38">7</starty>
        <finishx number="38">40</finishx>
        <finishy number="38">10</finishy>
        <startx number="39">41</startx>
        <starty number="39">63</starty>
        <finishx number="39">11</finishx>
        <finishy number="39">42</finishy>
        <startx number="40">29</startx>
        <starty number="40">23</starty>
        <finishx number="40">17</finishx>
        <finishy number="40">3</finishy>
        <startx number="41">45</startx>
        <starty number="41">1</starty>
        <finishx number="41">39</finishx>
        <finishy number="41">48</finishy>
        <startx number="42">32</startx>
        <starty number="42">52</starty>
        <finishx number="42">35</finishx>
        <finishy number="42">48</finishy>
        <startx number="43">59</startx>
        <starty number="43">18</starty>
        <finishx number="43">7</finishx>
        <finishy number="43">53</finishy>
        <startx number="44">0</startx>
        <starty number="44">19</starty>
        <finishx number="44">50</finishx>
        <finishy number="44">43</finishy>
        <startx number="45">42</startx>
        <starty number="45">34</starty>
        <finishx number="45">26</finishx>
        <finishy number="45">53</finishy>
        <startx number="46">25</startx>
        <starty number="46">7</starty>
        <finishx number="46">42</finishx>
        <finishy number="46">29</finishy>
        <startx number="47">59</startx>
        <starty number="47">10</starty>
        <finishx number="47">54</finishx>
        <finishy number="47">16</finishy>
        <startx number="48">43</startx>
        <starty number="48">52</starty>
        <finishx number="48">51</finishx>
        <finishy number="48">62</finishy>
        <startx number="49">7</startx>
        <starty number="49">16</starty>
        <finishx number="49">26</finishx>
        <finishy number="49">20</finishy>
        <startx number="50">59</startx>
        <starty number="50">23</starty>
        <finishx number="50">47</finishx>
        <finishy number="50">33</finishy>
        <startx number="51">1</startx>
        <starty number="51">1</starty>
        <finishx number="51">13</finishx>
        <finishy number="51">42</finishy>
        <startx number="52">61</startx>
        <starty number="52">47</starty>
        <finishx number="52">43</finishx>
        <finishy number="52">12</finishy>
        <startx number="53">44</startx>
        <starty number="53">36</starty>
        <finishx number="53">60</finishx>
        <finishy number="53">45</finishy>
        <startx number="54">43</startx>
        <starty number="54">61</starty>
        <finishx number="54">4</finishx>
        <finishy number="54">16</finishy>
        <startx number="55">38</startx>
        <starty number="55">56</starty>
        <finishx number="55">51</finishx>
        <finishy number="55">46</finishy>
        <startx number="56">3</startx>
        <starty number="56">56</starty>
        <finishx number="56">38</finishx>
        <finishy number="56">59</finishy>
        <startx number="57">41</startx>
        <starty number="57">31</starty>
        <finishx number="57">43</finishx>
        <finishy number="57">10</finishy>
        <startx number="58">47</startx>
        <starty number="58">30</starty>
        <finishx number="58">9</finishx>
        <finishy number="58">34</finishy>
        <startx number="59">62</startx>
        <starty number="59">4</starty>
        <finishx number="59">14</finishx>
        <finishy number="59">17</finishy>
        <startx number="60">38</startx>
        <starty number="60">53</starty>
        <finishx number="60">7</finishx>
        <finishy number="60">34</finishy>
        <startx number="61">12</startx>
        <starty number="61">44</starty>
        <finishx number="61">58</finishx>
        <finishy number="61">50</finishy>
        <startx number="62">61</startx>
        <starty number="62">60</starty>
        <finishx number="62">44</finishx>
        <finishy number="62">47</finishy>
        <startx number="63">39</startx>
        <starty number="63">43</starty>
        <finishx number="63">50</finishx>
        <finishy number="63">30</finishy>
        <startx number="64">7</startx>
        <starty number="64">24</starty>
        <finishx number="64">42</finishx>
        <finishy number="64">55</finishy>
        <startx number="65">57</startx>
        <starty number="65">21</starty>
        <finishx number="65">8</finishx>
        <finishy number="65">29</finishy>
        <startx number="66">42</startx>
        <starty number="66">39</starty>
        <finishx number="66">61</finishx>
        <finishy number="66">1</finishy>
        <startx number="67">20</startx>
        <starty number="67">56</starty>
        <finishx number="67">14</finishx>
        <finishy number="67">7</finishy>
        <startx number="68">57</startx>
        <starty number="68">39</starty>
        <finishx number="68">53</finishx>
        <finishy number="68">56</finishy>
        <startx number="69">30</startx>
        <starty number="69">36</starty>
        <finishx number="69">0</finishx>
        <finishy number="69">41</finishy>
        <startx number="70">30</startx>
        <starty number="70">62</starty>
        <finishx number="70">62</finishx>
        <finishy number="70">41</finishy>
        <startx number="71">61</startx>
        <starty number="71">49</starty>
        <finishx number="71">37</finishx>
        <finishy number="71">46</finishy>
        <startx number="72">54</startx>
        <starty number="72">42</starty>
        <finishx number="72">47</finishx>
        <finishy number="72">7</finishy>
        <startx number="73">54</startx>
        <starty number="73">6</starty>
        <finishx number="73">31</finishx>
        <finishy number="73">41</finishy>
        <startx number="74">16</startx>
        <starty number="74">30</starty>
        <finishx number="74">38</finishx>
        <finishy number="74">18</finishy>
        <startx number="75">41</startx>
        <starty number="75">58</starty>
        <finishx number="75">33</finishx>
        <finishy number="75">4</finishy>
        <startx number="76">56</startx>
        <starty number="76">15</starty>
        <finishx number="76">44</finishx>
        <finishy number="76">20</finishy>
        <startx number="77">29</startx>
        <starty number="77">17</starty>
        <finishx number="77">43</finishx>
        <finishy number="77">42</finishy>
        <startx number="78">62</startx>
        <starty number="78">54</starty>
        <finishx number="78">5</finishx>
        <finishy number="78">22</finishy>
        <startx number="79">27</startx>
        <starty number="79">2</starty>
        <finishx number="79">63</finishx>
        <finishy number="79">17</finishy>
        <startx number="80">25</startx>
        <starty number="80">45</starty>
        <finishx number="80">57</finishx>
        <finishy number="80">2</finishy>
        <startx number="81">15</startx>
        <starty number="81">54</starty>
        <finishx number="81">49</finishx>
        <finishy number="81">1</finishy>
        <startx number="82">14</startx>
        <starty number="82">30</starty>
        <finishx number="82">53</finishx>
        <finishy number="82">22</finishy>
        <startx number="83">0</startx>
        <starty number="83">25</starty>
        <finishx number="83">14</finishx>
        <finishy number="83">51</finishy>
        <startx number="84">12</startx>
        <starty number="84">55</starty>
        <finishx number="84">61</finishx>
        <finishy number="84">58</finishy>
        <startx number="85">40</startx>
        <starty number="85">56</starty>
        <finishx number="85">44</finishx>
        <finishy number="85">39</finishy>
        <startx number="86">32</startx>
        <starty number="86">12</starty>
        <finishx number="86">51</finishx>
        <finishy number="86">19</finishy>
        <startx number="87">53</startx>
        <starty number="87">8</starty>
        <finishx number="87">33</finishx>
        <finishy number="87">36</finishy>
        <startx number="88">34</startx>
        <starty number="88">1</starty>
        <finishx number="88">31</finishx>
        <finishy number="88">14</finishy>
        <startx number="89">9</startx>
        <starty number="89">53</starty>
        <finishx number="89">21</finishx>
        <finishy number="89">40</finishy>
        <startx number="90">44</startx>
        <starty number="90">7</starty>
        <finishx number="90">16</finishx>
        <finishy number="90">22</finishy>
        <startx number="91">47</startx>
        <starty number="91">44</starty>
        <finishx number="91">63</finishx>
        <finishy number="91">12</finishy>
        <startx number="92">6</startx>
        <starty number="92">59</starty>
        <finishx number="92">8</finishx>
        <finishy number="92">32</finishy>
        <startx number="93">60</startx>
        <starty number="93">25</starty>
        <finishx number="93">40</finishx>
        <finishy number="93">29</finishy>
        <startx number="94">23</startx>
        <starty number="94">13</starty>
        <finishx number="94">34</finishx>
        <finishy number="94">52</finishy>
        <startx number="95">18</startx>
        <starty number="95">1</starty>
        <finishx number="95">47</finishx>
        <finishy number="95">22</finishy>
        <startx number="96">62</startx>
        <starty number="96">20</starty>
        <finishx number="96">45</finishx>
        <finishy number="96">12</finishy>
        <startx number="97">20</startx>
        <starty number="97">48</starty>
        <finishx number="97">2</finishx>
        <finishy number="97">3</finishy>
        <startx number="98">23</startx>
        <starty number="98">5</starty>
        <finishx number="98">63</finishx>
        <finishy number="98">62</finishy>
        <startx number="99">49</startx>
        <starty number="99">17</starty>
        <finishx number="99">4</finishx>
        <finishy number="99">5</finishy>
        <grid>
            <row>0 0 0 0 0 0 0 0 0 0 0 0 0 0 0 0 0 0 0 0 0 0 0 0 0 0 0 0 0 0 0 0 0 0 0 0 0 0 0 0 0 0 0 0 0 0 0 0 0 0 0 0 0 0 0 0 0 0 0 0 0 0 0 0</row>
            <row>0 0 0 0 0 0 0 0 0 0 0 0 0 0 0 0 0 0 0 0 0 0 0 0 0 0 0 0 0 0 0 0 0 0 0 0 0 0 0 0 0 0 0 0 0 0 0 0 0 0 0 0 0 0 0 0 0 0 0 0 0 0 0 0</row>
            <row>0 0 0 0 0 0 0 0 0 0 0 0 0 0 0 0 0 0 0 0 0 0 0 0 0 0 0 0 0 0 0 0 0 0 0 0 0 0 0 0 0 0 0 0 0 0 0 0 0 0 0 0 0 0 0 0 0 0 0 0 0 0 0 0</row>
            <row>0 0 0 0 0 0 0 0 0 0 0 0 0 0 0 0 0 0 0 0 0 0 0 0 0 0 0 0 0 0 0 0 0 0 0 0 0 0 0 0 0 0 0 0 0 0 0 0 0 0 0 0 0 0 0 0 0 0 0 0 0 0 0 0</row>
            <row>0 0 0 0 0 0 0 0 0 0 0 0 0 0 0 0 0 0 0 0 0 0 0 0 0 0 0 0 0 0 0 0 0 0 0 0 0 0 0 0 0 0 0 0 0 0 0 0 0 0 0 0 0 0 0 0 0 0 0 0 0 0 0 0</row>
            <row>0 0 0 0 0 0 0 0 0 0 0 0 0 0 0 0 0 0 0 0 0 0 0 0 0 0 0 0 0 0 0 0 0 0 0 0 0 0 0 0 0 0 0 0 0 0 0 0 0 0 0 0 0 0 0 0 0 0 0 0 0 0 0 0</row>
            <row>0 0 0 0 0 0 0 0 0 0 0 0 0 0 0 0 0 0 0 0 0 0 0 0 0 0 0 0 0 0 0 0 0 0 0 0 0 0 0 0 0 0 0 0 0 0 0 0 0 0 0 0 0 0 0 0 0 0 0 0 0 0 0 0</row>
            <row>0 0 0 0 0 0 0 0 0 0 0 0 0 0 0 0 0 0 0 0 0 0 0 0 0 0 0 0 0 0 0 0 0 0 0 0 0 0 0 0 0 0 0 0 0 0 0 0 0 0 0 0 0 0 0 0 0 0 0 0 0 0 0 0</row>
            <row>0 0 0 0 0 0 0 0 0 0 0 0 0 0 0 0 0 0 0 0 0 0 0 0 0 0 0 0 0 0 0 0 0 0 0 0 0 0 0 0 0 0 0 0 0 0 0 0 0 0 0 0 0 0 0 0 0 0 0 0 0 0 0 0</row>
            <row>0 0 0 0 0 0 0 0 0 0 0 0 0 0 0 0 0 0 0 0 0 0 0 0 0 0 0 0 0 0 0 0 0 0 0 0 0 0 0 0 0 0 0 0 0 0 0 0 0 0 0 0 0 0 0 0 0 0 0 0 0 0 0 0</row>
            <row>0 0 0 0 0 0 0 0 0 0 0 0 0 0 0 0 0 0 0 0 0 0 0 0 0 0 0 0 0 0 0 0 0 0 0 0 0 0 0 0 0 0 0 0 0 0 0 0 0 0 0 0 0 0 0 0 0 0 0 0 0 0 0 0</row>
            <row>0 0 0 0 0 0 0 0 0 0 0 0 0 0 0 0 0 0 0 0 0 0 0 0 0 0 0 0 0 0 0 0 0 0 0 0 0 0 0 0 0 0 0 0 0 0 0 0 0 0 0 0 0 0 0 0 0 0 0 0 0 0 0 0</row>
            <row>0 0 0 0 0 0 0 0 0 0 0 0 0 0 0 0 0 0 0 0 0 0 0 0 0 0 0 0 0 0 0 0 0 0 0 0 0 0 0 0 0 0 0 0 0 0 0 0 0 0 0 0 0 0 0 0 0 0 0 0 0 0 0 0</row>
            <row>0 0 0 0 0 0 0 0 0 0 0 0 0 0 0 0 0 0 0 0 0 0 0 0 0 0 0 0 0 0 0 0 0 0 0 0 0 0 0 0 0 0 0 0 0 0 0 0 0 0 0 0 0 0 0 0 0 0 0 0 0 0 0 0</row>
            <row>0 0 0 0 0 0 0 0 0 0 0 0 0 0 0 0 0 0 0 0 0 0 0 0 0 0 0 0 0 0 0 0 0 0 0 0 0 0 0 0 0 0 0 0 0 0 0 0 0 0 0 0 0 0 0 0 0 0 0 0 0 0 0 0</row>
            <row>0 0 0 0 0 0 0 0 0 0 0 0 0 0 0 0 0 0 0 0 0 0 0 0 0 0 0 0 0 0 0 0 0 0 0 0 0 0 0 0 0 0 0 0 0 0 0 0 0 0 0 0 0 0 0 0 0 0 0 0 0 0 0 0</row>
            <row>0 0 0 0 0 0 0 0 0 0 0 0 0 0 0 0 0 0 0 0 0 0 0 0 0 0 0 0 0 0 0 0 0 0 0 0 0 0 0 0 0 0 0 0 0 0 0 0 0 0 0 0 0 0 0 0 0 0 0 0 0 0 0 0</row>
            <row>0 0 0 0 0 0 0 0 0 0 0 0 0 0 0 0 0 0 0 0 0 0 0 0 0 0 0 0 0 0 0 0 0 0 0 0 0 0 0 0 0 0 0 0 0 0 0 0 0 0 0 0 0 0 0 0 0 0 0 0 0 0 0 0</row>
            <row>0 0 0 0 0 0 0 0 0 0 0 0 0 0 0 0 0 0 0 0 0 0 0 0 0 0 0 0 0 0 0 0 0 0 0 0 0 0 0 0 0 0 0 0 0 0 0 0 0 0 0 0 0 0 0 0 0 0 0 0 0 0 0 0</row>
            <row>0 0 0 0 0 0 0 0 0 0 0 0 0 0 0 0 0 0 0 0 0 0 0 0 0 0 0 0 0 0 0 0 0 0 0 0 0 0 0 0 0 0 0 0 0 0 0 0 0 0 0 0 0 0 0 0 0 0 0 0 0 0 0 0</row>
            <row>0 0 0 0 0 0 0 0 0 0 0 0 0 0 0 0 0 0 0 0 0 0 0 0 0 0 0 0 0 0 0 0 0 0 0 0 0 0 0 0 0 0 0 0 0 0 0 0 0 0 0 0 0 0 0 0 0 0 0 0 0 0 0 0</row>
            <row>0 0 0 0 0 0 0 0 0 0 0 0 0 0 0 0 0 0 0 0 0 0 0 0 0 0 0 0 0 0 0 0 0 0 0 0 0 0 0 0 0 0 0 0 0 0 0 0 0 0 0 0 0 0 0 0 0 0 0 0 0 0 0 0</row>
            <row>0 0 0 0 0 0 0 0 0 0 0 0 0 0 0 0 0 0 0 0 0 0 0 0 0 0 0 0 0 0 0 0 0 0 0 0 0 0 0 0 0 0 0 0 0 0 0 0 0 0 0 0 0 0 0 0 0 0 0 0 0 0 0 0</row>
            <row>0 0 0 0 0 0 0 0 0 0 0 0 0 0 0 0 0 0 0 0 0 0 0 0 0 0 0 0 0 0 0 0 0 0 0 0 0 0 0 0 0 0 0 0 0 0 0 0 0 0 0 0 0 0 0 0 0 0 0 0 0 0 0 0</row>
            <row>0 0 0 0 0 0 0 0 0 0 0 0 0 0 0 0 0 0 0 0 0 0 0 0 0 0 0 0 0 0 0 0 0 0 0 0 0 0 0 0 0 0 0 0 0 0 0 0 0 0 0 0 0 0 0 0 0 0 0 0 0 0 0 0</row>
            <row>0 0 0 0 0 0 0 0 0 0 0 0 0 0 0 0 0 0 0 0 0 0 0 0 0 0 0 0 0 0 0 0 0 0 0 0 0 0 0 0 0 0 0 0 0 0 0 0 0 0 0 0 0 0 0 0 0 0 0 0 0 0 0 0</row>
            <row>0 0 0 0 0 0 0 0 0 0 0 0 0 0 0 0 0 0 0 0 0 0 0 0 0 0 0 0 0 0 0 0 0 0 0 0 0 0 0 0 0 0 0 0 0 0 0 0 0 0 0 0 0 0 0 0 0 0 0 0 0 0 0 0</row>
            <row>0 0 0 0 0 0 0 0 0 0 0 0 0 0 0 0 0 0 0 0 0 0 0 0 0 0 0 0 0 0 0 0 0 0 0 0 0 0 0 0 0 0 0 0 0 0 0 0 0 0 0 0 0 0 0 0 0 0 0 0 0 0 0 0</row>
            <row>0 0 0 0 0 0 0 0 0 0 0 0 0 0 0 0 0 0 0 0 0 0 0 0 0 0 0 0 0 0 0 0 0 0 0 0 0 0 0 0 0 0 0 0 0 0 0 0 0 0 0 0 0 0 0 0 0 0 0 0 0 0 0 0</row>
            <row>0 0 0 0 0 0 0 0 0 0 0 0 0 0 0 0 0 0 0 0 0 0 0 0 0 0 0 0 0 0 0 0 0 0 0 0 0 0 0 0 0 0 0 0 0 0 0 0 0 0 0 0 0 0 0 0 0 0 0 0 0 0 0 0</row>
            <row>0 0 0 0 0 0 0 0 0 0 0 0 0 0 0 0 0 0 0 0 0 0 0 0 0 0 0 0 0 0 0 0 0 0 0 0 0 0 0 0 0 0 0 0 0 0 0 0 0 0 0 0 0 0 0 0 0 0 0 0 0 0 0 0</row>
            <row>0 0 0 0 0 0 0 0 0 0 0 0 0 0 0 0 0 0 0 0 0 0 0 0 0 0 0 0 0 0 0 0 0 0 0 0 0 0 0 0 0 0 0 0 0 0 0 0 0 0 0 0 0 0 0 0 0 0 0 0 0 0 0 0</row>
            <row>0 0 0 0 0 0 0 0 0 0 0 0 0 0 0 0 0 0 0 0 0 0 0 0 0 0 0 0 0 0 0 0 0 0 0 0 0 0 0 0 0 0 0 0 0 0 0 0 0 0 0 0 0 0 0 0 0 0 0 0 0 0 0 0</row>
            <row>0 0 0 0 0 0 0 0 0 0 0 0 0 0 0 0 0 0 0 0 0 0 0 0 0 0 0 0 0 0 0 0 0 0 0 0 0 0 0 0 0 0 0 0 0 0 0 0 0 0 0 0 0 0 0 0 0 0 0 0 0 0 0 0</row>
            <row>0 0 0 0 0 0 0 0 0 0 0 0 0 0 0 0 0 0 0 0 0 0 0 0 0 0 0 0 0 0 0 0 0 0 0 0 0 0 0 0 0 0 0 0 0 0 0 0 0 0 0 0 0 0 0 0 0 0 0 0 0 0 0 0</row>
            <row>0 0 0 0 0 0 0 0 0 0 0 0 0 0 0 0 0 0 0 0 0 0 0 0 0 0 0 0 0 0 0 0 0 0 0 0 0 0 0 0 0 0 0 0 0 0 0 0 0 0 0 0 0 0 0 0 0 0 0 0 0 0 0 0</row>
            <row>0 0 0 0 0 0 0 0 0 0 0 0 0 0 0 0 0 0 0 0 0 0 0 0 0 0 0 0 0 0 0 0 0 0 0 0 0 0 0 0 0 0 0 0 0 0 0 0 0 0 0 0 0 0 0 0 0 0 0 0 0 0 0 0</row>
            <row>0 0 0 0 0 0 0 0 0 0 0 0 0 0 0 0 0 0 0 0 0 0 0 0 0 0 0 0 0 0 0 0 0 0 0 0 0 0 0 0 0 0 0 0 0 0 0 0 0 0 0 0 0 0 0 0 0 0 0 0 0 0 0 0</row>
            <row>0 0 0 0 0 0 0 0 0 0 0 0 0 0 0 0 0 0 0 0 0 0 0 0 0 0 0 0 0 0 0 0 0 0 0 0 0 0 0 0 0 0 0 0 0 0 0 0 0 0 0 0 0 0 0 0 0 0 0 0 0 0 0 0</row>
            <row>0 0 0 0 0 0 0 0 0 0 0 0 0 0 0 0 0 0 0 0 0 0 0 0 0 0 0 0 0 0 0 0 0 0 0 0 0 0 0 0 0 0 0 0 0 0 0 0 0 0 0 0 0 0 0 0 0 0 0 0 0 0 0 0</row>
            <row>0 0 0 0 0 0 0 0 0 0 0 0 0 0 0 0 0 0 0 0 0 0 0 0 0 0 0 0 0 0 0 0 0 0 0 0 0 0 0 0 0 0 0 0 0 0 0 0 0 0 0 0 0 0 0 0 0 0 0 0 0 0 0 0</row>
            <row>0 0 0 0 0 0 0 0 0 0 0 0 0 0 0 0 0 0 0 0 0 0 0 0 0 0 0 0 0 0 0 0 0 0 0 0 0 0 0 0 0 0 0 0 0 0 0 0 0 0 0 0 0 0 0 0 0 0 0 0 0 0 0 0</row>
            <row>0 0 0 0 0 0 0 0 0 0 0 0 0 0 0 0 0 0 0 0 0 0 0 0 0 0 0 0 0 0 0 0 0 0 0 0 0 0 0 0 0 0 0 0 0 0 0 0 0 0 0 0 0 0 0 0 0 0 0 0 0 0 0 0</row>
            <row>0 0 0 0 0 0 0 0 0 0 0 0 0 0 0 0 0 0 0 0 0 0 0 0 0 0 0 0 0 0 0 0 0 0 0 0 0 0 0 0 0 0 0 0 0 0 0 0 0 0 0 0 0 0 0 0 0 0 0 0 0 0 0 0</row>
            <row>0 0 0 0 0 0 0 0 0 0 0 0 0 0 0 0 0 0 0 0 0 0 0 0 0 0 0 0 0 0 0 0 0 0 0 0 0 0 0 0 0 0 0 0 0 0 0 0 0 0 0 0 0 0 0 0 0 0 0 0 0 0 0 0</row>
            <row>0 0 0 0 0 0 0 0 0 0 0 0 0 0 0 0 0 0 0 0 0 0 0 0 0 0 0 0 0 0 0 0 0 0 0 0 0 0 0 0 0 0 0 0 0 0 0 0 0 0 0 0 0 0 0 0 0 0 0 0 0 0 0 0</row>
            <row>0 0 0 0 0 0 0 0 0 0 0 0 0 0 0 0 0 0 0 0 0 0 0 0 0 0 0 0 0 0 0 0 0 0 0 0 0 0 0 0 0 0 0 0 0 0 0 0 0 0 0 0 0 0 0 0 0 0 0 0 0 0 0 0</row>
            <row>0 0 0 0 0 0 0 0 0 0 0 0 0 0 0 0 0 0 0 0 0 0 0 0 0 0 0 0 0 0 0 0 0 0 0 0 0 0 0 0 0 0 0 0 0 0 0 0 0 0 0 0 0 0 0 0 0 0 0 0 0 0 0 0</row>
            <row>0 0 0 0 0 0 0 0 0 0 0 0 0 0 0 0 0 0 0 0 0 0 0 0 0 0 0 0 0 0 0 0 0 0 0 0 0 0 0 0 0 0 0 0 0 0 0 0 0 0 0 0 0 0 0 0 0 0 0 0 0 0 0 0</row>
            <row>0 0 0 0 0 0 0 0 0 0 0 0 0 0 0 0 0 0 0 0 0 0 0 0 0 0 0 0 0 0 0 0 0 0 0 0 0 0 0 0 0 0 0 0 0 0 0 0 0 0 0 0 0 0 0 0 0 0 0 0 0 0 0 0</row>
            <row>0 0 0 0 0 0 0 0 0 0 0 0 0 0 0 0 0 0 0 0 0 0 0 0 0 0 0 0 0 0 0 0 0 0 0 0 0 0 0 0 0 0 0 0 0 0 0 0 0 0 0 0 0 0 0 0 0 0 0 0 0 0 0 0</row>
            <row>0 0 0 0 0 0 0 0 0 0 0 0 0 0 0 0 0 0 0 0 0 0 0 0 0 0 0 0 0 0 0 0 0 0 0 0 0 0 0 0 0 0 0 0 0 0 0 0 0 0 0 0 0 0 0 0 0 0 0 0 0 0 0 0</row>
            <row>0 0 0 0 0 0 0 0 0 0 0 0 0 0 0 0 0 0 0 0 0 0 0 0 0 0 0 0 0 0 0 0 0 0 0 0 0 0 0 0 0 0 0 0 0 0 0 0 0 0 0 0 0 0 0 0 0 0 0 0 0 0 0 0</row>
            <row>0 0 0 0 0 0 0 0 0 0 0 0 0 0 0 0 0 0 0 0 0 0 0 0 0 0 0 0 0 0 0 0 0 0 0 0 0 0 0 0 0 0 0 0 0 0 0 0 0 0 0 0 0 0 0 0 0 0 0 0 0 0 0 0</row>
            <row>0 0 0 0 0 0 0 0 0 0 0 0 0 0 0 0 0 0 0 0 0 0 0 0 0 0 0 0 0 0 0 0 0 0 0 0 0 0 0 0 0 0 0 0 0 0 0 0 0 0 0 0 0 0 0 0 0 0 0 0 0 0 0 0</row>
            <row>0 0 0 0 0 0 0 0 0 0 0 0 0 0 0 0 0 0 0 0 0 0 0 0 0 0 0 0 0 0 0 0 0 0 0 0 0 0 0 0 0 0 0 0 0 0 0 0 0 0 0 0 0 0 0 0 0 0 0 0 0 0 0 0</row>
            <row>0 0 0 0 0 0 0 0 0 0 0 0 0 0 0 0 0 0 0 0 0 0 0 0 0 0 0 0 0 0 0 0 0 0 0 0 0 0 0 0 0 0 0 0 0 0 0 0 0 0 0 0 0 0 0 0 0 0 0 0 0 0 0 0</row>
            <row>0 0 0 0 0 0 0 0 0 0 0 0 0 0 0 0 0 0 0 0 0 0 0 0 0 0 0 0 0 0 0 0 0 0 0 0 0 0 0 0 0 0 0 0 0 0 0 0 0 0 0 0 0 0 0 0 0 0 0 0 0 0 0 0</row>
            <row>0 0 0 0 0 0 0 0 0 0 0 0 0 0 0 0 0 0 0 0 0 0 0 0 0 0 0 0 0 0 0 0 0 0 0 0 0 0 0 0 0 0 0 0 0 0 0 0 0 0 0 0 0 0 0 0 0 0 0 0 0 0 0 0</row>
            <row>0 0 0 0 0 0 0 0 0 0 0 0 0 0 0 0 0 0 0 0 0 0 0 0 0 0 0 0 0 0 0 0 0 0 0 0 0 0 0 0 0 0 0 0 0 0 0 0 0 0 0 0 0 0 0 0 0 0 0 0 0 0 0 0</row>
            <row>0 0 0 0 0 0 0 0 0 0 0 0 0 0 0 0 0 0 0 0 0 0 0 0 0 0 0 0 0 0 0 0 0 0 0 0 0 0 0 0 0 0 0 0 0 0 0 0 0 0 0 0 0 0 0 0 0 0 0 0 0 0 0 0</row>
            <row>0 0 0 0 0 0 0 0 0 0 0 0 0 0 0 0 0 0 0 0 0 0 0 0 0 0 0 0 0 0 0 0 0 0 0 0 0 0 0 0 0 0 0 0 0 0 0 0 0 0 0 0 0 0 0 0 0 0 0 0 0 0 0 0</row>
            <row>0 0 0 0 0 0 0 0 0 0 0 0 0 0 0 0 0 0 0 0 0 0 0 0 0 0 0 0 0 0 0 0 0 0 0 0 0 0 0 0 0 0 0 0 0 0 0 0 0 0 0 0 0 0 0 0 0 0 0 0 0 0 0 0</row>
            <row>0 0 0 0 0 0 0 0 0 0 0 0 0 0 0 0 0 0 0 0 0 0 0 0 0 0 0 0 0 0 0 0 0 0 0 0 0 0 0 0 0 0 0 0 0 0 0 0 0 0 0 0 0 0 0 0 0 0 0 0 0 0 0 0</row>
        </grid>
    </map>
    <algorithm>
        <allowanyangle>true</allowanyangle>
        <metrictype>euclid</metrictype>
        <breakingties>g-max</breakingties>
        <weight>1</weight>
    </algorithm>
    <options>
        <loglevel>1</loglevel>
        <logpath />
        <logfilename />
    </options>
</root>
