<?xml version="1.0" ?>
<root>
    <map>
        <width>64</width>
        <height>64</height>
        <agents>200</agents>
        <startx number="0">53</startx>
        <starty number="0">6</starty>
        <finishx number="0">43</finishx>
        <finishy number="0">61</finishy>
        <startx number="1">38</startx>
        <starty number="1">45</starty>
        <finishx number="1">62</finishx>
        <finishy number="1">7</finishy>
        <startx number="2">62</startx>
        <starty number="2">20</starty>
        <finishx number="2">60</finishx>
        <finishy number="2">26</finishy>
        <startx number="3">19</startx>
        <starty number="3">40</starty>
        <finishx number="3">49</finishx>
        <finishy number="3">59</finishy>
        <startx number="4">4</startx>
        <starty number="4">16</starty>
        <finishx number="4">38</finishx>
        <finishy number="4">40</finishy>
        <startx number="5">57</startx>
        <starty number="5">37</starty>
        <finishx number="5">60</finishx>
        <finishy number="5">44</finishy>
        <startx number="6">46</startx>
        <starty number="6">44</starty>
        <finishx number="6">24</finishx>
        <finishy number="6">18</finishy>
        <startx number="7">47</startx>
        <starty number="7">41</starty>
        <finishx number="7">29</finishx>
        <finishy number="7">28</finishy>
        <startx number="8">62</startx>
        <starty number="8">62</starty>
        <finishx number="8">46</finishx>
        <finishy number="8">52</finishy>
        <startx number="9">34</startx>
        <starty number="9">60</starty>
        <finishx number="9">59</finishx>
        <finishy number="9">36</finishy>
        <startx number="10">36</startx>
        <starty number="10">27</starty>
        <finishx number="10">31</finishx>
        <finishy number="10">55</finishy>
        <startx number="11">32</startx>
        <starty number="11">17</starty>
        <finishx number="11">35</finishx>
        <finishy number="11">8</finishy>
        <startx number="12">12</startx>
        <starty number="12">33</starty>
        <finishx number="12">56</finishx>
        <finishy number="12">45</finishy>
        <startx number="13">43</startx>
        <starty number="13">39</starty>
        <finishx number="13">56</finishx>
        <finishy number="13">24</finishy>
        <startx number="14">7</startx>
        <starty number="14">23</starty>
        <finishx number="14">4</finishx>
        <finishy number="14">43</finishy>
        <startx number="15">21</startx>
        <starty number="15">45</starty>
        <finishx number="15">7</finishx>
        <finishy number="15">61</finishy>
        <startx number="16">61</startx>
        <starty number="16">28</starty>
        <finishx number="16">30</finishx>
        <finishy number="16">22</finishy>
        <startx number="17">49</startx>
        <starty number="17">19</starty>
        <finishx number="17">63</finishx>
        <finishy number="17">4</finishy>
        <startx number="18">58</startx>
        <starty number="18">47</starty>
        <finishx number="18">10</finishx>
        <finishy number="18">50</finishy>
        <startx number="19">7</startx>
        <starty number="19">13</starty>
        <finishx number="19">59</finishx>
        <finishy number="19">49</finishy>
        <startx number="20">43</startx>
        <starty number="20">10</starty>
        <finishx number="20">16</finishx>
        <finishy number="20">14</finishy>
        <startx number="21">33</startx>
        <starty number="21">19</starty>
        <finishx number="21">25</finishx>
        <finishy number="21">55</finishy>
        <startx number="22">56</startx>
        <starty number="22">8</starty>
        <finishx number="22">24</finishx>
        <finishy number="22">26</finishy>
        <startx number="23">62</startx>
        <starty number="23">14</starty>
        <finishx number="23">26</finishx>
        <finishy number="23">58</finishy>
        <startx number="24">12</startx>
        <starty number="24">15</starty>
        <finishx number="24">21</finishx>
        <finishy number="24">61</finishy>
        <startx number="25">47</startx>
        <starty number="25">63</starty>
        <finishx number="25">44</finishx>
        <finishy number="25">42</finishy>
        <startx number="26">48</startx>
        <starty number="26">46</starty>
        <finishx number="26">6</finishx>
        <finishy number="26">2</finishy>
        <startx number="27">59</startx>
        <starty number="27">28</starty>
        <finishx number="27">31</finishx>
        <finishy number="27">60</finishy>
        <startx number="28">38</startx>
        <starty number="28">59</starty>
        <finishx number="28">45</finishx>
        <finishy number="28">6</finishy>
        <startx number="29">40</startx>
        <starty number="29">13</starty>
        <finishx number="29">6</finishx>
        <finishy number="29">16</finishy>
        <startx number="30">57</startx>
        <starty number="30">5</starty>
        <finishx number="30">26</finishx>
        <finishy number="30">18</finishy>
        <startx number="31">6</startx>
        <starty number="31">40</starty>
        <finishx number="31">46</finishx>
        <finishy number="31">12</finishy>
        <startx number="32">45</startx>
        <starty number="32">55</starty>
        <finishx number="32">30</finishx>
        <finishy number="32">63</finishy>
        <startx number="33">31</startx>
        <starty number="33">1</starty>
        <finishx number="33">53</finishx>
        <finishy number="33">53</finishy>
        <startx number="34">21</startx>
        <starty number="34">37</starty>
        <finishx number="34">55</finishx>
        <finishy number="34">18</finishy>
        <startx number="35">23</startx>
        <starty number="35">42</starty>
        <finishx number="35">18</finishx>
        <finishy number="35">6</finishy>
        <startx number="36">5</startx>
        <starty number="36">48</starty>
        <finishx number="36">20</finishx>
        <finishy number="36">14</finishy>
        <startx number="37">52</startx>
        <starty number="37">22</starty>
        <finishx number="37">40</finishx>
        <finishy number="37">2</finishy>
        <startx number="38">37</startx>
        <starty number="38">5</starty>
        <finishx number="38">4</finishx>
        <finishy number="38">29</finishy>
        <startx number="39">9</startx>
        <starty number="39">58</starty>
        <finishx number="39">13</finishx>
        <finishy number="39">47</finishy>
        <startx number="40">24</startx>
        <starty number="40">61</starty>
        <finishx number="40">44</finishx>
        <finishy number="40">63</finishy>
        <startx number="41">11</startx>
        <starty number="41">41</starty>
        <finishx number="41">22</finishx>
        <finishy number="41">29</finishy>
        <startx number="42">19</startx>
        <starty number="42">59</starty>
        <finishx number="42">7</finishx>
        <finishy number="42">32</finishy>
        <startx number="43">41</startx>
        <starty number="43">26</starty>
        <finishx number="43">62</finishx>
        <finishy number="43">52</finishy>
        <startx number="44">20</startx>
        <starty number="44">0</starty>
        <finishx number="44">54</finishx>
        <finishy number="44">56</finishy>
        <startx number="45">18</startx>
        <starty number="45">44</starty>
        <finishx number="45">27</finishx>
        <finishy number="45">50</finishy>
        <startx number="46">54</startx>
        <starty number="46">13</starty>
        <finishx number="46">2</finishx>
        <finishy number="46">19</finishy>
        <startx number="47">7</startx>
        <starty number="47">53</starty>
        <finishx number="47">34</finishx>
        <finishy number="47">35</finishy>
        <startx number="48">19</startx>
        <starty number="48">35</starty>
        <finishx number="48">7</finishx>
        <finishy number="48">21</finishy>
        <startx number="49">56</startx>
        <starty number="49">56</starty>
        <finishx number="49">33</finishx>
        <finishy number="49">27</finishy>
        <startx number="50">50</startx>
        <starty number="50">4</starty>
        <finishx number="50">6</finishx>
        <finishy number="50">37</finishy>
        <startx number="51">0</startx>
        <starty number="51">17</starty>
        <finishx number="51">5</finishx>
        <finishy number="51">5</finishy>
        <startx number="52">42</startx>
        <starty number="52">34</starty>
        <finishx number="52">25</finishx>
        <finishy number="52">23</finishy>
        <startx number="53">54</startx>
        <starty number="53">2</starty>
        <finishx number="53">60</finishx>
        <finishy number="53">39</finishy>
        <startx number="54">14</startx>
        <starty number="54">9</starty>
        <finishx number="54">38</finishx>
        <finishy number="54">56</finishy>
        <startx number="55">0</startx>
        <starty number="55">19</starty>
        <finishx number="55">60</finishx>
        <finishy number="55">7</finishy>
        <startx number="56">4</startx>
        <starty number="56">62</starty>
        <finishx number="56">13</finishx>
        <finishy number="56">49</finishy>
        <startx number="57">45</startx>
        <starty number="57">49</starty>
        <finishx number="57">63</finishx>
        <finishy number="57">44</finishy>
        <startx number="58">27</startx>
        <starty number="58">13</starty>
        <finishx number="58">7</finishx>
        <finishy number="58">0</finishy>
        <startx number="59">7</startx>
        <starty number="59">34</starty>
        <finishx number="59">12</finishx>
        <finishy number="59">36</finishy>
        <startx number="60">12</startx>
        <starty number="60">23</starty>
        <finishx number="60">43</finishx>
        <finishy number="60">21</finishy>
        <startx number="61">9</startx>
        <starty number="61">26</starty>
        <finishx number="61">28</finishx>
        <finishy number="61">37</finishy>
        <startx number="62">5</startx>
        <starty number="62">56</starty>
        <finishx number="62">46</finishx>
        <finishy number="62">9</finishy>
        <startx number="63">48</startx>
        <starty number="63">51</starty>
        <finishx number="63">40</finishx>
        <finishy number="63">16</finishy>
        <startx number="64">17</startx>
        <starty number="64">11</starty>
        <finishx number="64">10</finishx>
        <finishy number="64">23</finishy>
        <startx number="65">4</startx>
        <starty number="65">59</starty>
        <finishx number="65">25</finishx>
        <finishy number="65">40</finishy>
        <startx number="66">13</startx>
        <starty number="66">60</starty>
        <finishx number="66">46</finishx>
        <finishy number="66">20</finishy>
        <startx number="67">34</startx>
        <starty number="67">24</starty>
        <finishx number="67">53</finishx>
        <finishy number="67">0</finishy>
        <startx number="68">42</startx>
        <starty number="68">29</starty>
        <finishx number="68">47</finishx>
        <finishy number="68">49</finishy>
        <startx number="69">15</startx>
        <starty number="69">35</starty>
        <finishx number="69">28</finishx>
        <finishy number="69">31</finishy>
        <startx number="70">10</startx>
        <starty number="70">45</starty>
        <finishx number="70">4</finishx>
        <finishy number="70">51</finishy>
        <startx number="71">42</startx>
        <starty number="71">31</starty>
        <finishx number="71">31</finishx>
        <finishy number="71">47</finishy>
        <startx number="72">14</startx>
        <starty number="72">3</starty>
        <finishx number="72">3</finishx>
        <finishy number="72">6</finishy>
        <startx number="73">3</startx>
        <starty number="73">32</starty>
        <finishx number="73">32</finishx>
        <finishy number="73">51</finishy>
        <startx number="74">21</startx>
        <starty number="74">2</starty>
        <finishx number="74">39</finishx>
        <finishy number="74">53</finishy>
        <startx number="75">31</startx>
        <starty number="75">43</starty>
        <finishx number="75">38</finishx>
        <finishy number="75">13</finishy>
        <startx number="76">38</startx>
        <starty number="76">26</starty>
        <finishx number="76">28</finishx>
        <finishy number="76">23</finishy>
        <startx number="77">34</startx>
        <starty number="77">48</starty>
        <finishx number="77">60</finishx>
        <finishy number="77">15</finishy>
        <startx number="78">9</startx>
        <starty number="78">29</starty>
        <finishx number="78">23</finishx>
        <finishy number="78">51</finishy>
        <startx number="79">46</startx>
        <starty number="79">28</starty>
        <finishx number="79">31</finishx>
        <finishy number="79">25</finishy>
        <startx number="80">22</startx>
        <starty number="80">5</starty>
        <finishx number="80">15</finishx>
        <finishy number="80">33</finishy>
        <startx number="81">56</startx>
        <starty number="81">34</starty>
        <finishx number="81">15</finishx>
        <finishy number="81">60</finishy>
        <startx number="82">41</startx>
        <starty number="82">5</starty>
        <finishx number="82">53</finishx>
        <finishy number="82">45</finishy>
        <startx number="83">60</startx>
        <starty number="83">20</starty>
        <finishx number="83">12</finishx>
        <finishy number="83">31</finishy>
        <startx number="84">47</startx>
        <starty number="84">54</starty>
        <finishx number="84">24</finishx>
        <finishy number="84">58</finishy>
        <startx number="85">32</startx>
        <starty number="85">3</starty>
        <finishx number="85">42</finishx>
        <finishy number="85">18</finishy>
        <startx number="86">14</startx>
        <starty number="86">41</starty>
        <finishx number="86">5</finishx>
        <finishy number="86">32</finishy>
        <startx number="87">22</startx>
        <starty number="87">35</starty>
        <finishx number="87">54</finishx>
        <finishy number="87">24</finishy>
        <startx number="88">57</startx>
        <starty number="88">58</starty>
        <finishx number="88">14</finishx>
        <finishy number="88">12</finishy>
        <startx number="89">7</startx>
        <starty number="89">43</starty>
        <finishx number="89">27</finishx>
        <finishy number="89">60</finishy>
        <startx number="90">31</startx>
        <starty number="90">30</starty>
        <finishx number="90">36</finishx>
        <finishy number="90">24</finishy>
        <startx number="91">11</startx>
        <starty number="91">10</starty>
        <finishx number="91">38</finishx>
        <finishy number="91">37</finishy>
        <startx number="92">56</startx>
        <starty number="92">42</starty>
        <finishx number="92">43</finishx>
        <finishy number="92">49</finishy>
        <startx number="93">25</startx>
        <starty number="93">53</starty>
        <finishx number="93">9</finishx>
        <finishy number="93">48</finishy>
        <startx number="94">42</startx>
        <starty number="94">2</starty>
        <finishx number="94">48</finishx>
        <finishy number="94">12</finishy>
        <startx number="95">21</startx>
        <starty number="95">50</starty>
        <finishx number="95">50</finishx>
        <finishy number="95">28</finishy>
        <startx number="96">10</startx>
        <starty number="96">63</starty>
        <finishx number="96">38</finishx>
        <finishy number="96">61</finishy>
        <startx number="97">58</startx>
        <starty number="97">31</starty>
        <finishx number="97">35</finishx>
        <finishy number="97">11</finishy>
        <startx number="98">3</startx>
        <starty number="98">56</starty>
        <finishx number="98">41</finishx>
        <finishy number="98">61</finishy>
        <startx number="99">32</startx>
        <starty number="99">33</starty>
        <finishx number="99">20</finishx>
        <finishy number="99">21</finishy>
        <startx number="100">25</startx>
        <starty number="100">10</starty>
        <finishx number="100">50</finishx>
        <finishy number="100">0</finishy>
        <startx number="101">18</startx>
        <starty number="101">17</starty>
        <finishx number="101">41</finishx>
        <finishy number="101">23</finishy>
        <startx number="102">50</startx>
        <starty number="102">43</starty>
        <finishx number="102">1</finishx>
        <finishy number="102">33</finishy>
        <startx number="103">43</startx>
        <starty number="103">58</starty>
        <finishx number="103">31</finishx>
        <finishy number="103">19</finishy>
        <startx number="104">49</startx>
        <starty number="104">33</starty>
        <finishx number="104">56</finishx>
        <finishy number="104">21</finishy>
        <startx number="105">4</startx>
        <starty number="105">8</starty>
        <finishx number="105">27</finishx>
        <finishy number="105">29</finishy>
        <startx number="106">18</startx>
        <starty number="106">28</starty>
        <finishx number="106">43</finishx>
        <finishy number="106">13</finishy>
        <startx number="107">56</startx>
        <starty number="107">10</starty>
        <finishx number="107">3</finishx>
        <finishy number="107">37</finishy>
        <startx number="108">53</startx>
        <starty number="108">59</starty>
        <finishx number="108">35</finishx>
        <finishy number="108">22</finishy>
        <startx number="109">13</startx>
        <starty number="109">55</starty>
        <finishx number="109">3</finishx>
        <finishy number="109">27</finishy>
        <startx number="110">16</startx>
        <starty number="110">46</starty>
        <finishx number="110">40</finishx>
        <finishy number="110">63</finishy>
        <startx number="111">24</startx>
        <starty number="111">5</starty>
        <finishx number="111">13</finishx>
        <finishy number="111">57</finishy>
        <startx number="112">50</startx>
        <starty number="112">25</starty>
        <finishx number="112">26</finishx>
        <finishy number="112">37</finishy>
        <startx number="113">27</startx>
        <starty number="113">4</starty>
        <finishx number="113">63</finishx>
        <finishy number="113">9</finishy>
        <startx number="114">26</startx>
        <starty number="114">31</starty>
        <finishx number="114">52</finishx>
        <finishy number="114">48</finishy>
        <startx number="115">8</startx>
        <starty number="115">37</starty>
        <finishx number="115">52</finishx>
        <finishy number="115">35</finishy>
        <startx number="116">26</startx>
        <starty number="116">7</starty>
        <finishx number="116">49</finishx>
        <finishy number="116">62</finishy>
        <startx number="117">47</startx>
        <starty number="117">1</starty>
        <finishx number="117">30</finishx>
        <finishy number="117">57</finishy>
        <startx number="118">45</startx>
        <starty number="118">36</starty>
        <finishx number="118">2</finishx>
        <finishy number="118">40</finishy>
        <startx number="119">35</startx>
        <starty number="119">40</starty>
        <finishx number="119">23</finishx>
        <finishy number="119">8</finishy>
        <startx number="120">8</startx>
        <starty number="120">5</starty>
        <finishx number="120">22</finishx>
        <finishy number="120">40</finishy>
        <startx number="121">58</startx>
        <starty number="121">34</starty>
        <finishx number="121">1</finishx>
        <finishy number="121">54</finishy>
        <startx number="122">54</startx>
        <starty number="122">40</starty>
        <finishx number="122">56</finishx>
        <finishy number="122">13</finishy>
        <startx number="123">17</startx>
        <starty number="123">62</starty>
        <finishx number="123">3</finishx>
        <finishy number="123">46</finishy>
        <startx number="124">46</startx>
        <starty number="124">60</starty>
        <finishx number="124">2</finishx>
        <finishy number="124">49</finishy>
        <startx number="125">25</startx>
        <starty number="125">47</starty>
        <finishx number="125">42</finishx>
        <finishy number="125">7</finishy>
        <startx number="126">29</startx>
        <starty number="126">33</starty>
        <finishx number="126">32</finishx>
        <finishy number="126">12</finishy>
        <startx number="127">12</startx>
        <starty number="127">28</starty>
        <finishx number="127">16</finishx>
        <finishy number="127">25</finishy>
        <startx number="128">39</startx>
        <starty number="128">11</starty>
        <finishx number="128">23</finishx>
        <finishy number="128">37</finishy>
        <startx number="129">36</startx>
        <starty number="129">0</starty>
        <finishx number="129">40</finishx>
        <finishy number="129">21</finishy>
        <startx number="130">19</startx>
        <starty number="130">48</starty>
        <finishx number="130">63</finishx>
        <finishy number="130">36</finishy>
        <startx number="131">0</startx>
        <starty number="131">14</starty>
        <finishx number="131">2</finishx>
        <finishy number="131">9</finishy>
        <startx number="132">31</startx>
        <starty number="132">9</starty>
        <finishx number="132">23</finishx>
        <finishy number="132">3</finishy>
        <startx number="133">53</startx>
        <starty number="133">26</starty>
        <finishx number="133">16</finishx>
        <finishy number="133">1</finishy>
        <startx number="134">52</startx>
        <starty number="134">61</starty>
        <finishx number="134">37</finishx>
        <finishy number="134">16</finishy>
        <startx number="135">32</startx>
        <starty number="135">15</starty>
        <finishx number="135">37</finishx>
        <finishy number="135">43</finishy>
        <startx number="136">0</startx>
        <starty number="136">51</starty>
        <finishx number="136">22</finishx>
        <finishy number="136">32</finishy>
        <startx number="137">1</startx>
        <starty number="137">36</starty>
        <finishx number="137">27</finishx>
        <finishy number="137">20</finishy>
        <startx number="138">41</startx>
        <starty number="138">10</starty>
        <finishx number="138">23</finishx>
        <finishy number="138">56</finishy>
        <startx number="139">38</startx>
        <starty number="139">32</starty>
        <finishx number="139">48</finishx>
        <finishy number="139">4</finishy>
        <startx number="140">62</startx>
        <starty number="140">57</starty>
        <finishx number="140">52</finishx>
        <finishy number="140">32</finishy>
        <startx number="141">29</startx>
        <starty number="141">26</starty>
        <finishx number="141">62</finishx>
        <finishy number="141">41</finishy>
        <startx number="142">7</startx>
        <starty number="142">56</starty>
        <finishx number="142">19</finishx>
        <finishy number="142">30</finishy>
        <startx number="143">39</startx>
        <starty number="143">18</starty>
        <finishx number="143">55</finishx>
        <finishy number="143">32</finishy>
        <startx number="144">51</startx>
        <starty number="144">51</starty>
        <finishx number="144">21</finishx>
        <finishy number="144">43</finishy>
        <startx number="145">25</startx>
        <starty number="145">21</starty>
        <finishx number="145">43</finishx>
        <finishy number="145">53</finishy>
        <startx number="146">55</startx>
        <starty number="146">0</starty>
        <finishx number="146">5</finishx>
        <finishy number="146">35</finishy>
        <startx number="147">51</startx>
        <starty number="147">53</starty>
        <finishx number="147">11</finishx>
        <finishy number="147">26</finishy>
        <startx number="148">58</startx>
        <starty number="148">61</starty>
        <finishx number="148">1</finishx>
        <finishy number="148">46</finishy>
        <startx number="149">61</startx>
        <starty number="149">47</starty>
        <finishx number="149">52</finishx>
        <finishy number="149">18</finishy>
        <startx number="150">18</startx>
        <starty number="150">19</starty>
        <finishx number="150">31</finishx>
        <finishy number="150">6</finishy>
        <startx number="151">16</startx>
        <starty number="151">57</starty>
        <finishx number="151">43</finishx>
        <finishy number="151">4</finishy>
        <startx number="152">14</startx>
        <starty number="152">23</starty>
        <finishx number="152">25</finishx>
        <finishy number="152">2</finishy>
        <startx number="153">29</startx>
        <starty number="153">52</starty>
        <finishx number="153">8</finishx>
        <finishy number="153">8</finishy>
        <startx number="154">43</startx>
        <starty number="154">44</starty>
        <finishx number="154">28</finishx>
        <finishy number="154">9</finishy>
        <startx number="155">61</startx>
        <starty number="155">4</starty>
        <finishx number="155">15</finishx>
        <finishy number="155">44</finishy>
        <startx number="156">51</startx>
        <starty number="156">38</starty>
        <finishx number="156">21</finishx>
        <finishy number="156">27</finishy>
        <startx number="157">12</startx>
        <starty number="157">1</starty>
        <finishx number="157">15</finishx>
        <finishy number="157">38</finishy>
        <startx number="158">29</startx>
        <starty number="158">41</starty>
        <finishx number="158">60</finishx>
        <finishy number="158">1</finishy>
        <startx number="159">2</startx>
        <starty number="159">62</starty>
        <finishx number="159">16</finishx>
        <finishy number="159">22</finishy>
        <startx number="160">2</startx>
        <starty number="160">11</starty>
        <finishx number="160">9</finishx>
        <finishy number="160">13</finishy>
        <startx number="161">5</startx>
        <starty number="161">53</starty>
        <finishx number="161">47</finishx>
        <finishy number="161">25</finishy>
        <startx number="162">33</startx>
        <starty number="162">41</starty>
        <finishx number="162">28</finishx>
        <finishy number="162">17</finishy>
        <startx number="163">61</startx>
        <starty number="163">55</starty>
        <finishx number="163">22</finishx>
        <finishy number="163">53</finishy>
        <startx number="164">0</startx>
        <starty number="164">25</starty>
        <finishx number="164">18</finishx>
        <finishy number="164">8</finishy>
        <startx number="165">47</startx>
        <starty number="165">14</starty>
        <finishx number="165">36</finishx>
        <finishy number="165">59</finishy>
        <startx number="166">56</startx>
        <starty number="166">40</starty>
        <finishx number="166">46</finishx>
        <finishy number="166">38</finishy>
        <startx number="167">18</startx>
        <starty number="167">54</starty>
        <finishx number="167">48</finishx>
        <finishy number="167">35</finishy>
        <startx number="168">27</startx>
        <starty number="168">44</starty>
        <finishx number="168">49</finishx>
        <finishy number="168">49</finishy>
        <startx number="169">9</startx>
        <starty number="169">61</starty>
        <finishx number="169">51</finishx>
        <finishy number="169">6</finishy>
        <startx number="170">60</startx>
        <starty number="170">63</starty>
        <finishx number="170">53</finishx>
        <finishy number="170">11</finishy>
        <startx number="171">5</startx>
        <starty number="171">13</starty>
        <finishx number="171">62</finishx>
        <finishy number="171">60</finishy>
        <startx number="172">21</startx>
        <starty number="172">48</starty>
        <finishx number="172">63</finishx>
        <finishy number="172">17</finishy>
        <startx number="173">11</startx>
        <starty number="173">60</starty>
        <finishx number="173">48</finishx>
        <finishy number="173">38</finishy>
        <startx number="174">62</startx>
        <starty number="174">12</starty>
        <finishx number="174">38</finishx>
        <finishy number="174">2</finishy>
        <startx number="175">19</startx>
        <starty number="175">56</starty>
        <finishx number="175">27</finishx>
        <finishy number="175">25</finishy>
        <startx number="176">47</startx>
        <starty number="176">22</starty>
        <finishx number="176">59</finishx>
        <finishy number="176">17</finishy>
        <startx number="177">7</startx>
        <starty number="177">29</starty>
        <finishx number="177">27</finishx>
        <finishy number="177">63</finishy>
        <startx number="178">11</startx>
        <starty number="178">47</starty>
        <finishx number="178">50</finishx>
        <finishy number="178">16</finishy>
        <startx number="179">36</startx>
        <starty number="179">19</starty>
        <finishx number="179">10</finishx>
        <finishy number="179">31</finishy>
        <startx number="180">36</startx>
        <starty number="180">35</starty>
        <finishx number="180">53</finishx>
        <finishy number="180">37</finishy>
        <startx number="181">14</startx>
        <starty number="181">28</starty>
        <finishx number="181">3</finishx>
        <finishy number="181">14</finishy>
        <startx number="182">58</startx>
        <starty number="182">55</starty>
        <finishx number="182">34</finishx>
        <finishy number="182">1</finishy>
        <startx number="183">32</startx>
        <starty number="183">57</starty>
        <finishx number="183">26</finishx>
        <finishy number="183">15</finishy>
        <startx number="184">53</startx>
        <starty number="184">8</starty>
        <finishx number="184">39</finishx>
        <finishy number="184">29</finishy>
        <startx number="185">6</startx>
        <starty number="185">58</starty>
        <finishx number="185">20</finishx>
        <finishy number="185">32</finishy>
        <startx number="186">25</startx>
        <starty number="186">34</starty>
        <finishx number="186">50</finishx>
        <finishy number="186">9</finishy>
        <startx number="187">52</startx>
        <starty number="187">24</starty>
        <finishx number="187">35</finishx>
        <finishy number="187">16</finishy>
        <startx number="188">39</startx>
        <starty number="188">23</starty>
        <finishx number="188">28</finishx>
        <finishy number="188">39</finishy>
        <startx number="189">10</startx>
        <starty number="189">34</starty>
        <finishx number="189">63</finishx>
        <finishy number="189">49</finishy>
        <startx number="190">14</startx>
        <starty number="190">7</starty>
        <finishx number="190">42</finishx>
        <finishy number="190">47</finishy>
        <startx number="191">35</startx>
        <starty number="191">54</starty>
        <finishx number="191">21</finishx>
        <finishy number="191">8</finishy>
        <startx number="192">62</startx>
        <starty number="192">39</starty>
        <finishx number="192">29</finishx>
        <finishy number="192">60</finishy>
        <startx number="193">53</startx>
        <starty number="193">29</starty>
        <finishx number="193">3</finishx>
        <finishy number="193">35</finishy>
        <startx number="194">60</startx>
        <starty number="194">34</starty>
        <finishx number="194">57</finishx>
        <finishy number="194">29</finishy>
        <startx number="195">56</startx>
        <starty number="195">48</starty>
        <finishx number="195">7</finishx>
        <finishy number="195">11</finishy>
        <startx number="196">29</startx>
        <starty number="196">12</starty>
        <finishx number="196">8</finishx>
        <finishy number="196">63</finishy>
        <startx number="197">35</startx>
        <starty number="197">38</starty>
        <finishx number="197">37</finishx>
        <finishy number="197">54</finishy>
        <startx number="198">35</startx>
        <starty number="198">5</starty>
        <finishx number="198">15</finishx>
        <finishy number="198">20</finishy>
        <startx number="199">44</startx>
        <starty number="199">25</starty>
        <finishx number="199">0</finishx>
        <finishy number="199">6</finishy>
        <grid>
            <row>0 0 0 0 0 0 0 0 0 0 0 0 0 0 0 0 0 0 0 0 0 0 0 0 0 0 0 0 0 0 0 0 0 0 0 0 0 0 0 0 0 0 0 0 0 0 0 0 0 0 0 0 0 0 0 0 0 0 0 0 0 0 0 0</row>
            <row>0 0 0 0 0 0 0 0 0 0 0 0 0 0 0 0 0 0 0 0 0 0 0 0 0 0 0 0 0 0 0 0 0 0 0 0 0 0 0 0 0 0 0 0 0 0 0 0 0 0 0 0 0 0 0 0 0 0 0 0 0 0 0 0</row>
            <row>0 0 0 0 0 0 0 0 0 0 0 0 0 0 0 0 0 0 0 0 0 0 0 0 0 0 0 0 0 0 0 0 0 0 0 0 0 0 0 0 0 0 0 0 0 0 0 0 0 0 0 0 0 0 0 0 0 0 0 0 0 0 0 0</row>
            <row>0 0 0 0 0 0 0 0 0 0 0 0 0 0 0 0 0 0 0 0 0 0 0 0 0 0 0 0 0 0 0 0 0 0 0 0 0 0 0 0 0 0 0 0 0 0 0 0 0 0 0 0 0 0 0 0 0 0 0 0 0 0 0 0</row>
            <row>0 0 0 0 0 0 0 0 0 0 0 0 0 0 0 0 0 0 0 0 0 0 0 0 0 0 0 0 0 0 0 0 0 0 0 0 0 0 0 0 0 0 0 0 0 0 0 0 0 0 0 0 0 0 0 0 0 0 0 0 0 0 0 0</row>
            <row>0 0 0 0 0 0 0 0 0 0 0 0 0 0 0 0 0 0 0 0 0 0 0 0 0 0 0 0 0 0 0 0 0 0 0 0 0 0 0 0 0 0 0 0 0 0 0 0 0 0 0 0 0 0 0 0 0 0 0 0 0 0 0 0</row>
            <row>0 0 0 0 0 0 0 0 0 0 0 0 0 0 0 0 0 0 0 0 0 0 0 0 0 0 0 0 0 0 0 0 0 0 0 0 0 0 0 0 0 0 0 0 0 0 0 0 0 0 0 0 0 0 0 0 0 0 0 0 0 0 0 0</row>
            <row>0 0 0 0 0 0 0 0 0 0 0 0 0 0 0 0 0 0 0 0 0 0 0 0 0 0 0 0 0 0 0 0 0 0 0 0 0 0 0 0 0 0 0 0 0 0 0 0 0 0 0 0 0 0 0 0 0 0 0 0 0 0 0 0</row>
            <row>0 0 0 0 0 0 0 0 0 0 0 0 0 0 0 0 0 0 0 0 0 0 0 0 0 0 0 0 0 0 0 0 0 0 0 0 0 0 0 0 0 0 0 0 0 0 0 0 0 0 0 0 0 0 0 0 0 0 0 0 0 0 0 0</row>
            <row>0 0 0 0 0 0 0 0 0 0 0 0 0 0 0 0 0 0 0 0 0 0 0 0 0 0 0 0 0 0 0 0 0 0 0 0 0 0 0 0 0 0 0 0 0 0 0 0 0 0 0 0 0 0 0 0 0 0 0 0 0 0 0 0</row>
            <row>0 0 0 0 0 0 0 0 0 0 0 0 0 0 0 0 0 0 0 0 0 0 0 0 0 0 0 0 0 0 0 0 0 0 0 0 0 0 0 0 0 0 0 0 0 0 0 0 0 0 0 0 0 0 0 0 0 0 0 0 0 0 0 0</row>
            <row>0 0 0 0 0 0 0 0 0 0 0 0 0 0 0 0 0 0 0 0 0 0 0 0 0 0 0 0 0 0 0 0 0 0 0 0 0 0 0 0 0 0 0 0 0 0 0 0 0 0 0 0 0 0 0 0 0 0 0 0 0 0 0 0</row>
            <row>0 0 0 0 0 0 0 0 0 0 0 0 0 0 0 0 0 0 0 0 0 0 0 0 0 0 0 0 0 0 0 0 0 0 0 0 0 0 0 0 0 0 0 0 0 0 0 0 0 0 0 0 0 0 0 0 0 0 0 0 0 0 0 0</row>
            <row>0 0 0 0 0 0 0 0 0 0 0 0 0 0 0 0 0 0 0 0 0 0 0 0 0 0 0 0 0 0 0 0 0 0 0 0 0 0 0 0 0 0 0 0 0 0 0 0 0 0 0 0 0 0 0 0 0 0 0 0 0 0 0 0</row>
            <row>0 0 0 0 0 0 0 0 0 0 0 0 0 0 0 0 0 0 0 0 0 0 0 0 0 0 0 0 0 0 0 0 0 0 0 0 0 0 0 0 0 0 0 0 0 0 0 0 0 0 0 0 0 0 0 0 0 0 0 0 0 0 0 0</row>
            <row>0 0 0 0 0 0 0 0 0 0 0 0 0 0 0 0 0 0 0 0 0 0 0 0 0 0 0 0 0 0 0 0 0 0 0 0 0 0 0 0 0 0 0 0 0 0 0 0 0 0 0 0 0 0 0 0 0 0 0 0 0 0 0 0</row>
            <row>0 0 0 0 0 0 0 0 0 0 0 0 0 0 0 0 0 0 0 0 0 0 0 0 0 0 0 0 0 0 0 0 0 0 0 0 0 0 0 0 0 0 0 0 0 0 0 0 0 0 0 0 0 0 0 0 0 0 0 0 0 0 0 0</row>
            <row>0 0 0 0 0 0 0 0 0 0 0 0 0 0 0 0 0 0 0 0 0 0 0 0 0 0 0 0 0 0 0 0 0 0 0 0 0 0 0 0 0 0 0 0 0 0 0 0 0 0 0 0 0 0 0 0 0 0 0 0 0 0 0 0</row>
            <row>0 0 0 0 0 0 0 0 0 0 0 0 0 0 0 0 0 0 0 0 0 0 0 0 0 0 0 0 0 0 0 0 0 0 0 0 0 0 0 0 0 0 0 0 0 0 0 0 0 0 0 0 0 0 0 0 0 0 0 0 0 0 0 0</row>
            <row>0 0 0 0 0 0 0 0 0 0 0 0 0 0 0 0 0 0 0 0 0 0 0 0 0 0 0 0 0 0 0 0 0 0 0 0 0 0 0 0 0 0 0 0 0 0 0 0 0 0 0 0 0 0 0 0 0 0 0 0 0 0 0 0</row>
            <row>0 0 0 0 0 0 0 0 0 0 0 0 0 0 0 0 0 0 0 0 0 0 0 0 0 0 0 0 0 0 0 0 0 0 0 0 0 0 0 0 0 0 0 0 0 0 0 0 0 0 0 0 0 0 0 0 0 0 0 0 0 0 0 0</row>
            <row>0 0 0 0 0 0 0 0 0 0 0 0 0 0 0 0 0 0 0 0 0 0 0 0 0 0 0 0 0 0 0 0 0 0 0 0 0 0 0 0 0 0 0 0 0 0 0 0 0 0 0 0 0 0 0 0 0 0 0 0 0 0 0 0</row>
            <row>0 0 0 0 0 0 0 0 0 0 0 0 0 0 0 0 0 0 0 0 0 0 0 0 0 0 0 0 0 0 0 0 0 0 0 0 0 0 0 0 0 0 0 0 0 0 0 0 0 0 0 0 0 0 0 0 0 0 0 0 0 0 0 0</row>
            <row>0 0 0 0 0 0 0 0 0 0 0 0 0 0 0 0 0 0 0 0 0 0 0 0 0 0 0 0 0 0 0 0 0 0 0 0 0 0 0 0 0 0 0 0 0 0 0 0 0 0 0 0 0 0 0 0 0 0 0 0 0 0 0 0</row>
            <row>0 0 0 0 0 0 0 0 0 0 0 0 0 0 0 0 0 0 0 0 0 0 0 0 0 0 0 0 0 0 0 0 0 0 0 0 0 0 0 0 0 0 0 0 0 0 0 0 0 0 0 0 0 0 0 0 0 0 0 0 0 0 0 0</row>
            <row>0 0 0 0 0 0 0 0 0 0 0 0 0 0 0 0 0 0 0 0 0 0 0 0 0 0 0 0 0 0 0 0 0 0 0 0 0 0 0 0 0 0 0 0 0 0 0 0 0 0 0 0 0 0 0 0 0 0 0 0 0 0 0 0</row>
            <row>0 0 0 0 0 0 0 0 0 0 0 0 0 0 0 0 0 0 0 0 0 0 0 0 0 0 0 0 0 0 0 0 0 0 0 0 0 0 0 0 0 0 0 0 0 0 0 0 0 0 0 0 0 0 0 0 0 0 0 0 0 0 0 0</row>
            <row>0 0 0 0 0 0 0 0 0 0 0 0 0 0 0 0 0 0 0 0 0 0 0 0 0 0 0 0 0 0 0 0 0 0 0 0 0 0 0 0 0 0 0 0 0 0 0 0 0 0 0 0 0 0 0 0 0 0 0 0 0 0 0 0</row>
            <row>0 0 0 0 0 0 0 0 0 0 0 0 0 0 0 0 0 0 0 0 0 0 0 0 0 0 0 0 0 0 0 0 0 0 0 0 0 0 0 0 0 0 0 0 0 0 0 0 0 0 0 0 0 0 0 0 0 0 0 0 0 0 0 0</row>
            <row>0 0 0 0 0 0 0 0 0 0 0 0 0 0 0 0 0 0 0 0 0 0 0 0 0 0 0 0 0 0 0 0 0 0 0 0 0 0 0 0 0 0 0 0 0 0 0 0 0 0 0 0 0 0 0 0 0 0 0 0 0 0 0 0</row>
            <row>0 0 0 0 0 0 0 0 0 0 0 0 0 0 0 0 0 0 0 0 0 0 0 0 0 0 0 0 0 0 0 0 0 0 0 0 0 0 0 0 0 0 0 0 0 0 0 0 0 0 0 0 0 0 0 0 0 0 0 0 0 0 0 0</row>
            <row>0 0 0 0 0 0 0 0 0 0 0 0 0 0 0 0 0 0 0 0 0 0 0 0 0 0 0 0 0 0 0 0 0 0 0 0 0 0 0 0 0 0 0 0 0 0 0 0 0 0 0 0 0 0 0 0 0 0 0 0 0 0 0 0</row>
            <row>0 0 0 0 0 0 0 0 0 0 0 0 0 0 0 0 0 0 0 0 0 0 0 0 0 0 0 0 0 0 0 0 0 0 0 0 0 0 0 0 0 0 0 0 0 0 0 0 0 0 0 0 0 0 0 0 0 0 0 0 0 0 0 0</row>
            <row>0 0 0 0 0 0 0 0 0 0 0 0 0 0 0 0 0 0 0 0 0 0 0 0 0 0 0 0 0 0 0 0 0 0 0 0 0 0 0 0 0 0 0 0 0 0 0 0 0 0 0 0 0 0 0 0 0 0 0 0 0 0 0 0</row>
            <row>0 0 0 0 0 0 0 0 0 0 0 0 0 0 0 0 0 0 0 0 0 0 0 0 0 0 0 0 0 0 0 0 0 0 0 0 0 0 0 0 0 0 0 0 0 0 0 0 0 0 0 0 0 0 0 0 0 0 0 0 0 0 0 0</row>
            <row>0 0 0 0 0 0 0 0 0 0 0 0 0 0 0 0 0 0 0 0 0 0 0 0 0 0 0 0 0 0 0 0 0 0 0 0 0 0 0 0 0 0 0 0 0 0 0 0 0 0 0 0 0 0 0 0 0 0 0 0 0 0 0 0</row>
            <row>0 0 0 0 0 0 0 0 0 0 0 0 0 0 0 0 0 0 0 0 0 0 0 0 0 0 0 0 0 0 0 0 0 0 0 0 0 0 0 0 0 0 0 0 0 0 0 0 0 0 0 0 0 0 0 0 0 0 0 0 0 0 0 0</row>
            <row>0 0 0 0 0 0 0 0 0 0 0 0 0 0 0 0 0 0 0 0 0 0 0 0 0 0 0 0 0 0 0 0 0 0 0 0 0 0 0 0 0 0 0 0 0 0 0 0 0 0 0 0 0 0 0 0 0 0 0 0 0 0 0 0</row>
            <row>0 0 0 0 0 0 0 0 0 0 0 0 0 0 0 0 0 0 0 0 0 0 0 0 0 0 0 0 0 0 0 0 0 0 0 0 0 0 0 0 0 0 0 0 0 0 0 0 0 0 0 0 0 0 0 0 0 0 0 0 0 0 0 0</row>
            <row>0 0 0 0 0 0 0 0 0 0 0 0 0 0 0 0 0 0 0 0 0 0 0 0 0 0 0 0 0 0 0 0 0 0 0 0 0 0 0 0 0 0 0 0 0 0 0 0 0 0 0 0 0 0 0 0 0 0 0 0 0 0 0 0</row>
            <row>0 0 0 0 0 0 0 0 0 0 0 0 0 0 0 0 0 0 0 0 0 0 0 0 0 0 0 0 0 0 0 0 0 0 0 0 0 0 0 0 0 0 0 0 0 0 0 0 0 0 0 0 0 0 0 0 0 0 0 0 0 0 0 0</row>
            <row>0 0 0 0 0 0 0 0 0 0 0 0 0 0 0 0 0 0 0 0 0 0 0 0 0 0 0 0 0 0 0 0 0 0 0 0 0 0 0 0 0 0 0 0 0 0 0 0 0 0 0 0 0 0 0 0 0 0 0 0 0 0 0 0</row>
            <row>0 0 0 0 0 0 0 0 0 0 0 0 0 0 0 0 0 0 0 0 0 0 0 0 0 0 0 0 0 0 0 0 0 0 0 0 0 0 0 0 0 0 0 0 0 0 0 0 0 0 0 0 0 0 0 0 0 0 0 0 0 0 0 0</row>
            <row>0 0 0 0 0 0 0 0 0 0 0 0 0 0 0 0 0 0 0 0 0 0 0 0 0 0 0 0 0 0 0 0 0 0 0 0 0 0 0 0 0 0 0 0 0 0 0 0 0 0 0 0 0 0 0 0 0 0 0 0 0 0 0 0</row>
            <row>0 0 0 0 0 0 0 0 0 0 0 0 0 0 0 0 0 0 0 0 0 0 0 0 0 0 0 0 0 0 0 0 0 0 0 0 0 0 0 0 0 0 0 0 0 0 0 0 0 0 0 0 0 0 0 0 0 0 0 0 0 0 0 0</row>
            <row>0 0 0 0 0 0 0 0 0 0 0 0 0 0 0 0 0 0 0 0 0 0 0 0 0 0 0 0 0 0 0 0 0 0 0 0 0 0 0 0 0 0 0 0 0 0 0 0 0 0 0 0 0 0 0 0 0 0 0 0 0 0 0 0</row>
            <row>0 0 0 0 0 0 0 0 0 0 0 0 0 0 0 0 0 0 0 0 0 0 0 0 0 0 0 0 0 0 0 0 0 0 0 0 0 0 0 0 0 0 0 0 0 0 0 0 0 0 0 0 0 0 0 0 0 0 0 0 0 0 0 0</row>
            <row>0 0 0 0 0 0 0 0 0 0 0 0 0 0 0 0 0 0 0 0 0 0 0 0 0 0 0 0 0 0 0 0 0 0 0 0 0 0 0 0 0 0 0 0 0 0 0 0 0 0 0 0 0 0 0 0 0 0 0 0 0 0 0 0</row>
            <row>0 0 0 0 0 0 0 0 0 0 0 0 0 0 0 0 0 0 0 0 0 0 0 0 0 0 0 0 0 0 0 0 0 0 0 0 0 0 0 0 0 0 0 0 0 0 0 0 0 0 0 0 0 0 0 0 0 0 0 0 0 0 0 0</row>
            <row>0 0 0 0 0 0 0 0 0 0 0 0 0 0 0 0 0 0 0 0 0 0 0 0 0 0 0 0 0 0 0 0 0 0 0 0 0 0 0 0 0 0 0 0 0 0 0 0 0 0 0 0 0 0 0 0 0 0 0 0 0 0 0 0</row>
            <row>0 0 0 0 0 0 0 0 0 0 0 0 0 0 0 0 0 0 0 0 0 0 0 0 0 0 0 0 0 0 0 0 0 0 0 0 0 0 0 0 0 0 0 0 0 0 0 0 0 0 0 0 0 0 0 0 0 0 0 0 0 0 0 0</row>
            <row>0 0 0 0 0 0 0 0 0 0 0 0 0 0 0 0 0 0 0 0 0 0 0 0 0 0 0 0 0 0 0 0 0 0 0 0 0 0 0 0 0 0 0 0 0 0 0 0 0 0 0 0 0 0 0 0 0 0 0 0 0 0 0 0</row>
            <row>0 0 0 0 0 0 0 0 0 0 0 0 0 0 0 0 0 0 0 0 0 0 0 0 0 0 0 0 0 0 0 0 0 0 0 0 0 0 0 0 0 0 0 0 0 0 0 0 0 0 0 0 0 0 0 0 0 0 0 0 0 0 0 0</row>
            <row>0 0 0 0 0 0 0 0 0 0 0 0 0 0 0 0 0 0 0 0 0 0 0 0 0 0 0 0 0 0 0 0 0 0 0 0 0 0 0 0 0 0 0 0 0 0 0 0 0 0 0 0 0 0 0 0 0 0 0 0 0 0 0 0</row>
            <row>0 0 0 0 0 0 0 0 0 0 0 0 0 0 0 0 0 0 0 0 0 0 0 0 0 0 0 0 0 0 0 0 0 0 0 0 0 0 0 0 0 0 0 0 0 0 0 0 0 0 0 0 0 0 0 0 0 0 0 0 0 0 0 0</row>
            <row>0 0 0 0 0 0 0 0 0 0 0 0 0 0 0 0 0 0 0 0 0 0 0 0 0 0 0 0 0 0 0 0 0 0 0 0 0 0 0 0 0 0 0 0 0 0 0 0 0 0 0 0 0 0 0 0 0 0 0 0 0 0 0 0</row>
            <row>0 0 0 0 0 0 0 0 0 0 0 0 0 0 0 0 0 0 0 0 0 0 0 0 0 0 0 0 0 0 0 0 0 0 0 0 0 0 0 0 0 0 0 0 0 0 0 0 0 0 0 0 0 0 0 0 0 0 0 0 0 0 0 0</row>
            <row>0 0 0 0 0 0 0 0 0 0 0 0 0 0 0 0 0 0 0 0 0 0 0 0 0 0 0 0 0 0 0 0 0 0 0 0 0 0 0 0 0 0 0 0 0 0 0 0 0 0 0 0 0 0 0 0 0 0 0 0 0 0 0 0</row>
            <row>0 0 0 0 0 0 0 0 0 0 0 0 0 0 0 0 0 0 0 0 0 0 0 0 0 0 0 0 0 0 0 0 0 0 0 0 0 0 0 0 0 0 0 0 0 0 0 0 0 0 0 0 0 0 0 0 0 0 0 0 0 0 0 0</row>
            <row>0 0 0 0 0 0 0 0 0 0 0 0 0 0 0 0 0 0 0 0 0 0 0 0 0 0 0 0 0 0 0 0 0 0 0 0 0 0 0 0 0 0 0 0 0 0 0 0 0 0 0 0 0 0 0 0 0 0 0 0 0 0 0 0</row>
            <row>0 0 0 0 0 0 0 0 0 0 0 0 0 0 0 0 0 0 0 0 0 0 0 0 0 0 0 0 0 0 0 0 0 0 0 0 0 0 0 0 0 0 0 0 0 0 0 0 0 0 0 0 0 0 0 0 0 0 0 0 0 0 0 0</row>
            <row>0 0 0 0 0 0 0 0 0 0 0 0 0 0 0 0 0 0 0 0 0 0 0 0 0 0 0 0 0 0 0 0 0 0 0 0 0 0 0 0 0 0 0 0 0 0 0 0 0 0 0 0 0 0 0 0 0 0 0 0 0 0 0 0</row>
            <row>0 0 0 0 0 0 0 0 0 0 0 0 0 0 0 0 0 0 0 0 0 0 0 0 0 0 0 0 0 0 0 0 0 0 0 0 0 0 0 0 0 0 0 0 0 0 0 0 0 0 0 0 0 0 0 0 0 0 0 0 0 0 0 0</row>
            <row>0 0 0 0 0 0 0 0 0 0 0 0 0 0 0 0 0 0 0 0 0 0 0 0 0 0 0 0 0 0 0 0 0 0 0 0 0 0 0 0 0 0 0 0 0 0 0 0 0 0 0 0 0 0 0 0 0 0 0 0 0 0 0 0</row>
        </grid>
    </map>
    <algorithm>
        <allowanyangle>true</allowanyangle>
        <metrictype>euclid</metrictype>
        <breakingties>g-max</breakingties>
        <weight>1</weight>
    </algorithm>
    <options>
        <loglevel>1</loglevel>
        <logpath />
        <logfilename />
    </options>
</root>
