<?xml version="1.0" ?>
<root>
    <map>
        <width>64</width>
        <height>64</height>
        <agents>250</agents>
        <startx number="0">56</startx>
        <starty number="0">58</starty>
        <finishx number="0">8</finishx>
        <finishy number="0">42</finishy>
        <startx number="1">23</startx>
        <starty number="1">45</starty>
        <finishx number="1">37</finishx>
        <finishy number="1">56</finishy>
        <startx number="2">52</startx>
        <starty number="2">37</starty>
        <finishx number="2">4</finishx>
        <finishy number="2">21</finishy>
        <startx number="3">41</startx>
        <starty number="3">58</starty>
        <finishx number="3">9</finishx>
        <finishy number="3">7</finishy>
        <startx number="4">50</startx>
        <starty number="4">30</starty>
        <finishx number="4">52</finishx>
        <finishy number="4">5</finishy>
        <startx number="5">54</startx>
        <starty number="5">40</starty>
        <finishx number="5">47</finishx>
        <finishy number="5">33</finishy>
        <startx number="6">50</startx>
        <starty number="6">3</starty>
        <finishx number="6">55</finishx>
        <finishy number="6">24</finishy>
        <startx number="7">11</startx>
        <starty number="7">28</starty>
        <finishx number="7">2</finishx>
        <finishy number="7">14</finishy>
        <startx number="8">33</startx>
        <starty number="8">59</starty>
        <finishx number="8">54</finishx>
        <finishy number="8">21</finishy>
        <startx number="9">45</startx>
        <starty number="9">9</starty>
        <finishx number="9">57</finishx>
        <finishy number="9">2</finishy>
        <startx number="10">20</startx>
        <starty number="10">35</starty>
        <finishx number="10">42</finishx>
        <finishy number="10">28</finishy>
        <startx number="11">4</startx>
        <starty number="11">11</starty>
        <finishx number="11">61</finishx>
        <finishy number="11">38</finishy>
        <startx number="12">28</startx>
        <starty number="12">50</starty>
        <finishx number="12">59</finishx>
        <finishy number="12">57</finishy>
        <startx number="13">7</startx>
        <starty number="13">16</starty>
        <finishx number="13">15</finishx>
        <finishy number="13">28</finishy>
        <startx number="14">37</startx>
        <starty number="14">59</starty>
        <finishx number="14">28</finishx>
        <finishy number="14">44</finishy>
        <startx number="15">40</startx>
        <starty number="15">48</starty>
        <finishx number="15">4</finishx>
        <finishy number="15">0</finishy>
        <startx number="16">6</startx>
        <starty number="16">11</starty>
        <finishx number="16">41</finishx>
        <finishy number="16">2</finishy>
        <startx number="17">22</startx>
        <starty number="17">21</starty>
        <finishx number="17">51</finishx>
        <finishy number="17">51</finishy>
        <startx number="18">56</startx>
        <starty number="18">26</starty>
        <finishx number="18">45</finishx>
        <finishy number="18">41</finishy>
        <startx number="19">19</startx>
        <starty number="19">48</starty>
        <finishx number="19">49</finishx>
        <finishy number="19">6</finishy>
        <startx number="20">1</startx>
        <starty number="20">17</starty>
        <finishx number="20">43</finishx>
        <finishy number="20">44</finishy>
        <startx number="21">13</startx>
        <starty number="21">14</starty>
        <finishx number="21">59</finishx>
        <finishy number="21">55</finishy>
        <startx number="22">30</startx>
        <starty number="22">62</starty>
        <finishx number="22">52</finishx>
        <finishy number="22">48</finishy>
        <startx number="23">47</startx>
        <starty number="23">60</starty>
        <finishx number="23">49</finishx>
        <finishy number="23">25</finishy>
        <startx number="24">9</startx>
        <starty number="24">16</starty>
        <finishx number="24">62</finishx>
        <finishy number="24">4</finishy>
        <startx number="25">38</startx>
        <starty number="25">35</starty>
        <finishx number="25">24</finishx>
        <finishy number="25">2</finishy>
        <startx number="26">7</startx>
        <starty number="26">61</starty>
        <finishx number="26">52</finishx>
        <finishy number="26">43</finishy>
        <startx number="27">18</startx>
        <starty number="27">16</starty>
        <finishx number="27">27</finishx>
        <finishy number="27">10</finishy>
        <startx number="28">26</startx>
        <starty number="28">45</starty>
        <finishx number="28">35</finishx>
        <finishy number="28">38</finishy>
        <startx number="29">54</startx>
        <starty number="29">34</starty>
        <finishx number="29">14</finishx>
        <finishy number="29">57</finishy>
        <startx number="30">62</startx>
        <starty number="30">46</starty>
        <finishx number="30">38</finishx>
        <finishy number="30">5</finishy>
        <startx number="31">60</startx>
        <starty number="31">36</starty>
        <finishx number="31">33</finishx>
        <finishy number="31">44</finishy>
        <startx number="32">24</startx>
        <starty number="32">47</starty>
        <finishx number="32">27</finishx>
        <finishy number="32">39</finishy>
        <startx number="33">18</startx>
        <starty number="33">59</starty>
        <finishx number="33">61</finishx>
        <finishy number="33">55</finishy>
        <startx number="34">20</startx>
        <starty number="34">11</starty>
        <finishx number="34">42</finishx>
        <finishy number="34">55</finishy>
        <startx number="35">24</startx>
        <starty number="35">42</starty>
        <finishx number="35">59</finishx>
        <finishy number="35">18</finishy>
        <startx number="36">25</startx>
        <starty number="36">34</starty>
        <finishx number="36">23</finishx>
        <finishy number="36">10</finishy>
        <startx number="37">24</startx>
        <starty number="37">58</starty>
        <finishx number="37">47</finishx>
        <finishy number="37">25</finishy>
        <startx number="38">21</startx>
        <starty number="38">0</starty>
        <finishx number="38">17</finishx>
        <finishy number="38">38</finishy>
        <startx number="39">18</startx>
        <starty number="39">27</starty>
        <finishx number="39">25</finishx>
        <finishy number="39">10</finishy>
        <startx number="40">63</startx>
        <starty number="40">30</starty>
        <finishx number="40">39</finishx>
        <finishy number="40">45</finishy>
        <startx number="41">55</startx>
        <starty number="41">29</starty>
        <finishx number="41">27</finishx>
        <finishy number="41">25</finishy>
        <startx number="42">16</startx>
        <starty number="42">59</starty>
        <finishx number="42">6</finishx>
        <finishy number="42">8</finishy>
        <startx number="43">4</startx>
        <starty number="43">16</starty>
        <finishx number="43">28</finishx>
        <finishy number="43">58</finishy>
        <startx number="44">44</startx>
        <starty number="44">7</starty>
        <finishx number="44">8</finishx>
        <finishy number="44">47</finishy>
        <startx number="45">34</startx>
        <starty number="45">14</starty>
        <finishx number="45">26</finishx>
        <finishy number="45">4</finishy>
        <startx number="46">48</startx>
        <starty number="46">28</starty>
        <finishx number="46">7</finishx>
        <finishy number="46">37</finishy>
        <startx number="47">43</startx>
        <starty number="47">23</starty>
        <finishx number="47">58</finishx>
        <finishy number="47">34</finishy>
        <startx number="48">59</startx>
        <starty number="48">39</starty>
        <finishx number="48">13</finishx>
        <finishy number="48">9</finishy>
        <startx number="49">46</startx>
        <starty number="49">17</starty>
        <finishx number="49">2</finishx>
        <finishy number="49">11</finishy>
        <startx number="50">18</startx>
        <starty number="50">8</starty>
        <finishx number="50">2</finishx>
        <finishy number="50">38</finishy>
        <startx number="51">21</startx>
        <starty number="51">53</starty>
        <finishx number="51">23</finishx>
        <finishy number="51">29</finishy>
        <startx number="52">39</startx>
        <starty number="52">16</starty>
        <finishx number="52">42</finishx>
        <finishy number="52">18</finishy>
        <startx number="53">2</startx>
        <starty number="53">59</starty>
        <finishx number="53">21</finishx>
        <finishy number="53">43</finishy>
        <startx number="54">31</startx>
        <starty number="54">46</starty>
        <finishx number="54">2</finishx>
        <finishy number="54">35</finishy>
        <startx number="55">55</startx>
        <starty number="55">37</starty>
        <finishx number="55">59</finishx>
        <finishy number="55">20</finishy>
        <startx number="56">18</startx>
        <starty number="56">3</starty>
        <finishx number="56">27</finishx>
        <finishy number="56">12</finishy>
        <startx number="57">15</startx>
        <starty number="57">46</starty>
        <finishx number="57">13</finishx>
        <finishy number="57">17</finishy>
        <startx number="58">39</startx>
        <starty number="58">32</starty>
        <finishx number="58">29</finishx>
        <finishy number="58">4</finishy>
        <startx number="59">15</startx>
        <starty number="59">17</starty>
        <finishx number="59">37</finishx>
        <finishy number="59">8</finishy>
        <startx number="60">17</startx>
        <starty number="60">1</starty>
        <finishx number="60">38</finishx>
        <finishy number="60">48</finishy>
        <startx number="61">36</startx>
        <starty number="61">43</starty>
        <finishx number="61">45</finishx>
        <finishy number="61">4</finishy>
        <startx number="62">15</startx>
        <starty number="62">23</starty>
        <finishx number="62">2</finishx>
        <finishy number="62">54</finishy>
        <startx number="63">48</startx>
        <starty number="63">52</starty>
        <finishx number="63">8</finishx>
        <finishy number="63">29</finishy>
        <startx number="64">1</startx>
        <starty number="64">27</starty>
        <finishx number="64">57</finishx>
        <finishy number="64">23</finishy>
        <startx number="65">10</startx>
        <starty number="65">4</starty>
        <finishx number="65">2</finishx>
        <finishy number="65">1</finishy>
        <startx number="66">43</startx>
        <starty number="66">50</starty>
        <finishx number="66">48</finishx>
        <finishy number="66">54</finishy>
        <startx number="67">46</startx>
        <starty number="67">36</starty>
        <finishx number="67">27</finishx>
        <finishy number="67">2</finishy>
        <startx number="68">16</startx>
        <starty number="68">44</starty>
        <finishx number="68">19</finishx>
        <finishy number="68">22</finishy>
        <startx number="69">35</startx>
        <starty number="69">40</starty>
        <finishx number="69">12</finishx>
        <finishy number="69">12</finishy>
        <startx number="70">41</startx>
        <starty number="70">45</starty>
        <finishx number="70">17</finishx>
        <finishy number="70">54</finishy>
        <startx number="71">57</startx>
        <starty number="71">18</starty>
        <finishx number="71">18</finishx>
        <finishy number="71">51</finishy>
        <startx number="72">57</startx>
        <starty number="72">7</starty>
        <finishx number="72">7</finishx>
        <finishy number="72">63</finishy>
        <startx number="73">31</startx>
        <starty number="73">52</starty>
        <finishx number="73">38</finishx>
        <finishy number="73">2</finishy>
        <startx number="74">22</startx>
        <starty number="74">61</starty>
        <finishx number="74">28</finishx>
        <finishy number="74">28</finishy>
        <startx number="75">62</startx>
        <starty number="75">26</starty>
        <finishx number="75">5</finishx>
        <finishy number="75">32</finishy>
        <startx number="76">40</startx>
        <starty number="76">13</starty>
        <finishx number="76">53</finishx>
        <finishy number="76">54</finishy>
        <startx number="77">23</startx>
        <starty number="77">26</starty>
        <finishx number="77">20</finishx>
        <finishy number="77">24</finishy>
        <startx number="78">60</startx>
        <starty number="78">12</starty>
        <finishx number="78">20</finishx>
        <finishy number="78">3</finishy>
        <startx number="79">36</startx>
        <starty number="79">53</starty>
        <finishx number="79">6</finishx>
        <finishy number="79">21</finishy>
        <startx number="80">37</startx>
        <starty number="80">62</starty>
        <finishx number="80">12</finishx>
        <finishy number="80">20</finishy>
        <startx number="81">5</startx>
        <starty number="81">5</starty>
        <finishx number="81">19</finishx>
        <finishy number="81">43</finishy>
        <startx number="82">10</startx>
        <starty number="82">55</starty>
        <finishx number="82">1</finishx>
        <finishy number="82">49</finishy>
        <startx number="83">32</startx>
        <starty number="83">25</starty>
        <finishx number="83">43</finishx>
        <finishy number="83">41</finishy>
        <startx number="84">29</startx>
        <starty number="84">31</starty>
        <finishx number="84">16</finishx>
        <finishy number="84">3</finishy>
        <startx number="85">48</startx>
        <starty number="85">62</starty>
        <finishx number="85">31</finishx>
        <finishy number="85">28</finishy>
        <startx number="86">47</startx>
        <starty number="86">41</starty>
        <finishx number="86">7</finishx>
        <finishy number="86">34</finishy>
        <startx number="87">7</startx>
        <starty number="87">18</starty>
        <finishx number="87">14</finishx>
        <finishy number="87">54</finishy>
        <startx number="88">17</startx>
        <starty number="88">11</starty>
        <finishx number="88">50</finishx>
        <finishy number="88">54</finishy>
        <startx number="89">11</startx>
        <starty number="89">15</starty>
        <finishx number="89">4</finishx>
        <finishy number="89">35</finishy>
        <startx number="90">53</startx>
        <starty number="90">45</starty>
        <finishx number="90">31</finishx>
        <finishy number="90">9</finishy>
        <startx number="91">4</startx>
        <starty number="91">43</starty>
        <finishx number="91">20</finishx>
        <finishy number="91">51</finishy>
        <startx number="92">19</startx>
        <starty number="92">56</starty>
        <finishx number="92">4</finishx>
        <finishy number="92">14</finishy>
        <startx number="93">14</startx>
        <starty number="93">30</starty>
        <finishx number="93">38</finishx>
        <finishy number="93">24</finishy>
        <startx number="94">37</startx>
        <starty number="94">29</starty>
        <finishx number="94">56</finishx>
        <finishy number="94">45</finishy>
        <startx number="95">33</startx>
        <starty number="95">30</starty>
        <finishx number="95">9</finishx>
        <finishy number="95">23</finishy>
        <startx number="96">51</startx>
        <starty number="96">46</starty>
        <finishx number="96">29</finishx>
        <finishy number="96">17</finishy>
        <startx number="97">2</startx>
        <starty number="97">62</starty>
        <finishx number="97">4</finishx>
        <finishy number="97">46</finishy>
        <startx number="98">46</startx>
        <starty number="98">57</starty>
        <finishx number="98">55</finishx>
        <finishy number="98">8</finishy>
        <startx number="99">38</startx>
        <starty number="99">50</starty>
        <finishx number="99">16</finishx>
        <finishy number="99">57</finishy>
        <startx number="100">53</startx>
        <starty number="100">11</starty>
        <finishx number="100">60</finishx>
        <finishy number="100">47</finishy>
        <startx number="101">13</startx>
        <starty number="101">7</starty>
        <finishx number="101">34</finishx>
        <finishy number="101">19</finishy>
        <startx number="102">46</startx>
        <starty number="102">63</starty>
        <finishx number="102">28</finishx>
        <finishy number="102">14</finishy>
        <startx number="103">27</startx>
        <starty number="103">23</starty>
        <finishx number="103">62</finishx>
        <finishy number="103">57</finishy>
        <startx number="104">7</startx>
        <starty number="104">45</starty>
        <finishx number="104">57</finishx>
        <finishy number="104">10</finishy>
        <startx number="105">51</startx>
        <starty number="105">8</starty>
        <finishx number="105">27</finishx>
        <finishy number="105">55</finishy>
        <startx number="106">41</startx>
        <starty number="106">31</starty>
        <finishx number="106">20</finishx>
        <finishy number="106">6</finishy>
        <startx number="107">35</startx>
        <starty number="107">30</starty>
        <finishx number="107">54</finishx>
        <finishy number="107">5</finishy>
        <startx number="108">61</startx>
        <starty number="108">31</starty>
        <finishx number="108">59</finishx>
        <finishy number="108">63</finishy>
        <startx number="109">20</startx>
        <starty number="109">62</starty>
        <finishx number="109">43</finishx>
        <finishy number="109">58</finishy>
        <startx number="110">9</startx>
        <starty number="110">21</starty>
        <finishx number="110">46</finishx>
        <finishy number="110">28</finishy>
        <startx number="111">50</startx>
        <starty number="111">33</starty>
        <finishx number="111">28</finishx>
        <finishy number="111">21</finishy>
        <startx number="112">22</startx>
        <starty number="112">56</starty>
        <finishx number="112">58</finishx>
        <finishy number="112">60</finishy>
        <startx number="113">0</startx>
        <starty number="113">36</starty>
        <finishx number="113">10</finishx>
        <finishy number="113">58</finishy>
        <startx number="114">13</startx>
        <starty number="114">44</starty>
        <finishx number="114">35</finishx>
        <finishy number="114">27</finishy>
        <startx number="115">18</startx>
        <starty number="115">24</starty>
        <finishx number="115">48</finishx>
        <finishy number="115">38</finishy>
        <startx number="116">56</startx>
        <starty number="116">0</starty>
        <finishx number="116">40</finishx>
        <finishy number="116">61</finishy>
        <startx number="117">53</startx>
        <starty number="117">8</starty>
        <finishx number="117">10</finishx>
        <finishy number="117">12</finishy>
        <startx number="118">63</startx>
        <starty number="118">14</starty>
        <finishx number="118">2</finishx>
        <finishy number="118">25</finishy>
        <startx number="119">25</startx>
        <starty number="119">20</starty>
        <finishx number="119">35</finishx>
        <finishy number="119">5</finishy>
        <startx number="120">43</startx>
        <starty number="120">2</starty>
        <finishx number="120">34</finishx>
        <finishy number="120">22</finishy>
        <startx number="121">37</startx>
        <starty number="121">11</starty>
        <finishx number="121">22</finishx>
        <finishy number="121">34</finishy>
        <startx number="122">1</startx>
        <starty number="122">22</starty>
        <finishx number="122">7</finishx>
        <finishy number="122">5</finishy>
        <startx number="123">29</startx>
        <starty number="123">23</starty>
        <finishx number="123">54</finishx>
        <finishy number="123">32</finishy>
        <startx number="124">22</startx>
        <starty number="124">24</starty>
        <finishx number="124">31</finishx>
        <finishy number="124">59</finishy>
        <startx number="125">36</startx>
        <starty number="125">45</starty>
        <finishx number="125">43</finishx>
        <finishy number="125">31</finishy>
        <startx number="126">40</startx>
        <starty number="126">50</starty>
        <finishx number="126">8</finishx>
        <finishy number="126">58</finishy>
        <startx number="127">38</startx>
        <starty number="127">42</starty>
        <finishx number="127">53</finishx>
        <finishy number="127">3</finishy>
        <startx number="128">55</startx>
        <starty number="128">18</starty>
        <finishx number="128">24</finishx>
        <finishy number="128">56</finishy>
        <startx number="129">30</startx>
        <starty number="129">33</starty>
        <finishx number="129">9</finishx>
        <finishy number="129">45</finishy>
        <startx number="130">14</startx>
        <starty number="130">52</starty>
        <finishx number="130">45</finishx>
        <finishy number="130">12</finishy>
        <startx number="131">47</startx>
        <starty number="131">6</starty>
        <finishx number="131">51</finishx>
        <finishy number="131">11</finishy>
        <startx number="132">40</startx>
        <starty number="132">56</starty>
        <finishx number="132">31</finishx>
        <finishy number="132">14</finishy>
        <startx number="133">6</startx>
        <starty number="133">13</starty>
        <finishx number="133">29</finishx>
        <finishy number="133">55</finishy>
        <startx number="134">31</startx>
        <starty number="134">17</starty>
        <finishx number="134">8</finishx>
        <finishy number="134">26</finishy>
        <startx number="135">27</startx>
        <starty number="135">42</starty>
        <finishx number="135">43</finishx>
        <finishy number="135">39</finishy>
        <startx number="136">40</startx>
        <starty number="136">29</starty>
        <finishx number="136">45</finishx>
        <finishy number="136">26</finishy>
        <startx number="137">42</startx>
        <starty number="137">10</starty>
        <finishx number="137">0</finishx>
        <finishy number="137">25</finishy>
        <startx number="138">31</startx>
        <starty number="138">44</starty>
        <finishx number="138">3</finishx>
        <finishy number="138">51</finishy>
        <startx number="139">63</startx>
        <starty number="139">41</starty>
        <finishx number="139">48</finishx>
        <finishy number="139">1</finishy>
        <startx number="140">52</startx>
        <starty number="140">24</starty>
        <finishx number="140">1</finishx>
        <finishy number="140">30</finishy>
        <startx number="141">51</startx>
        <starty number="141">27</starty>
        <finishx number="141">0</finishx>
        <finishy number="141">57</finishy>
        <startx number="142">11</startx>
        <starty number="142">23</starty>
        <finishx number="142">23</finishx>
        <finishy number="142">0</finishy>
        <startx number="143">51</startx>
        <starty number="143">13</starty>
        <finishx number="143">6</finishx>
        <finishy number="143">2</finishy>
        <startx number="144">0</startx>
        <starty number="144">9</starty>
        <finishx number="144">31</finishx>
        <finishy number="144">57</finishy>
        <startx number="145">3</startx>
        <starty number="145">27</starty>
        <finishx number="145">48</finishx>
        <finishy number="145">44</finishy>
        <startx number="146">41</startx>
        <starty number="146">34</starty>
        <finishx number="146">13</finishx>
        <finishy number="146">47</finishy>
        <startx number="147">41</startx>
        <starty number="147">5</starty>
        <finishx number="147">27</finishx>
        <finishy number="147">18</finishy>
        <startx number="148">32</startx>
        <starty number="148">41</starty>
        <finishx number="148">17</finishx>
        <finishy number="148">62</finishy>
        <startx number="149">34</startx>
        <starty number="149">35</starty>
        <finishx number="149">40</finishx>
        <finishy number="149">23</finishy>
        <startx number="150">8</startx>
        <starty number="150">50</starty>
        <finishx number="150">25</finishx>
        <finishy number="150">31</finishy>
        <startx number="151">9</startx>
        <starty number="151">53</starty>
        <finishx number="151">15</finishx>
        <finishy number="151">14</finishy>
        <startx number="152">25</startx>
        <starty number="152">61</starty>
        <finishx number="152">20</finishx>
        <finishy number="152">30</finishy>
        <startx number="153">48</startx>
        <starty number="153">46</starty>
        <finishx number="153">43</finishx>
        <finishy number="153">20</finishy>
        <startx number="154">42</startx>
        <starty number="154">47</starty>
        <finishx number="154">62</finishx>
        <finishy number="154">20</finishy>
        <startx number="155">2</startx>
        <starty number="155">43</starty>
        <finishx number="155">23</finishx>
        <finishy number="155">18</finishy>
        <startx number="156">35</startx>
        <starty number="156">32</starty>
        <finishx number="156">49</finishx>
        <finishy number="156">41</finishy>
        <startx number="157">19</startx>
        <starty number="157">37</starty>
        <finishx number="157">39</finishx>
        <finishy number="157">10</finishy>
        <startx number="158">22</startx>
        <starty number="158">13</starty>
        <finishx number="158">12</finishx>
        <finishy number="158">2</finishy>
        <startx number="159">20</startx>
        <starty number="159">46</starty>
        <finishx number="159">51</finishx>
        <finishy number="159">40</finishy>
        <startx number="160">63</startx>
        <starty number="160">49</starty>
        <finishx number="160">19</finishx>
        <finishy number="160">54</finishy>
        <startx number="161">17</startx>
        <starty number="161">19</starty>
        <finishx number="161">15</finishx>
        <finishy number="161">62</finishy>
        <startx number="162">36</startx>
        <starty number="162">24</starty>
        <finishx number="162">22</finishx>
        <finishy number="162">50</finishy>
        <startx number="163">51</startx>
        <starty number="163">57</starty>
        <finishx number="163">33</finishx>
        <finishy number="163">62</finishy>
        <startx number="164">5</startx>
        <starty number="164">59</starty>
        <finishx number="164">58</finishx>
        <finishy number="164">26</finishy>
        <startx number="165">14</startx>
        <starty number="165">33</starty>
        <finishx number="165">26</finishx>
        <finishy number="165">7</finishy>
        <startx number="166">2</startx>
        <starty number="166">4</starty>
        <finishx number="166">33</finishx>
        <finishy number="166">8</finishy>
        <startx number="167">56</startx>
        <starty number="167">21</starty>
        <finishx number="167">60</finishx>
        <finishy number="167">42</finishy>
        <startx number="168">33</startx>
        <starty number="168">33</starty>
        <finishx number="168">1</finishx>
        <finishy number="168">46</finishy>
        <startx number="169">30</startx>
        <starty number="169">25</starty>
        <finishx number="169">43</finishx>
        <finishy number="169">61</finishy>
        <startx number="170">39</startx>
        <starty number="170">0</starty>
        <finishx number="170">57</finishx>
        <finishy number="170">5</finishy>
        <startx number="171">18</startx>
        <starty number="171">35</starty>
        <finishx number="171">55</finishx>
        <finishy number="171">13</finishy>
        <startx number="172">20</startx>
        <starty number="172">32</starty>
        <finishx number="172">4</finishx>
        <finishy number="172">3</finishy>
        <startx number="173">49</startx>
        <starty number="173">8</starty>
        <finishx number="173">43</finishx>
        <finishy number="173">15</finishy>
        <startx number="174">15</startx>
        <starty number="174">36</starty>
        <finishx number="174">5</finishx>
        <finishy number="174">62</finishy>
        <startx number="175">23</startx>
        <starty number="175">5</starty>
        <finishx number="175">45</finishx>
        <finishy number="175">44</finishy>
        <startx number="176">48</startx>
        <starty number="176">22</starty>
        <finishx number="176">28</finishx>
        <finishy number="176">6</finishy>
        <startx number="177">46</startx>
        <starty number="177">49</starty>
        <finishx number="177">36</finishx>
        <finishy number="177">17</finishy>
        <startx number="178">10</startx>
        <starty number="178">50</starty>
        <finishx number="178">30</finishx>
        <finishy number="178">36</finishy>
        <startx number="179">13</startx>
        <starty number="179">39</starty>
        <finishx number="179">61</finishx>
        <finishy number="179">1</finishy>
        <startx number="180">29</startx>
        <starty number="180">9</starty>
        <finishx number="180">61</finishx>
        <finishy number="180">60</finishy>
        <startx number="181">21</startx>
        <starty number="181">16</starty>
        <finishx number="181">3</finishx>
        <finishy number="181">6</finishy>
        <startx number="182">58</startx>
        <starty number="182">31</starty>
        <finishx number="182">12</finishx>
        <finishy number="182">60</finishy>
        <startx number="183">37</startx>
        <starty number="183">14</starty>
        <finishx number="183">62</finishx>
        <finishy number="183">33</finishy>
        <startx number="184">26</startx>
        <starty number="184">15</starty>
        <finishx number="184">60</finishx>
        <finishy number="184">44</finishy>
        <startx number="185">3</startx>
        <starty number="185">40</starty>
        <finishx number="185">40</finishx>
        <finishy number="185">21</finishy>
        <startx number="186">26</startx>
        <starty number="186">52</starty>
        <finishx number="186">54</finishx>
        <finishy number="186">26</finishy>
        <startx number="187">23</startx>
        <starty number="187">53</starty>
        <finishx number="187">11</finishx>
        <finishy number="187">36</finishy>
        <startx number="188">9</startx>
        <starty number="188">2</starty>
        <finishx number="188">11</finishx>
        <finishy number="188">63</finishy>
        <startx number="189">30</startx>
        <starty number="189">11</starty>
        <finishx number="189">52</finishx>
        <finishy number="189">62</finishy>
        <startx number="190">5</startx>
        <starty number="190">56</starty>
        <finishx number="190">16</finishx>
        <finishy number="190">33</finishy>
        <startx number="191">41</startx>
        <starty number="191">63</starty>
        <finishx number="191">51</finishx>
        <finishy number="191">17</finishy>
        <startx number="192">31</startx>
        <starty number="192">30</starty>
        <finishx number="192">20</finishx>
        <finishy number="192">14</finishy>
        <startx number="193">45</startx>
        <starty number="193">46</starty>
        <finishx number="193">62</finishx>
        <finishy number="193">36</finishy>
        <startx number="194">30</startx>
        <starty number="194">41</starty>
        <finishx number="194">33</finishx>
        <finishy number="194">38</finishy>
        <startx number="195">51</startx>
        <starty number="195">21</starty>
        <finishx number="195">23</finishx>
        <finishy number="195">37</finishy>
        <startx number="196">35</startx>
        <starty number="196">59</starty>
        <finishx number="196">41</finishx>
        <finishy number="196">8</finishy>
        <startx number="197">63</startx>
        <starty number="197">6</starty>
        <finishx number="197">36</finishx>
        <finishy number="197">21</finishy>
        <startx number="198">11</startx>
        <starty number="198">10</starty>
        <finishx number="198">21</finishx>
        <finishy number="198">8</finishy>
        <startx number="199">54</startx>
        <starty number="199">48</starty>
        <finishx number="199">9</finishx>
        <finishy number="199">63</finishy>
        <startx number="200">13</startx>
        <starty number="200">36</starty>
        <finishx number="200">63</finishx>
        <finishy number="200">54</finishy>
        <startx number="201">49</startx>
        <starty number="201">14</starty>
        <finishx number="201">2</finishx>
        <finishy number="201">33</finishy>
        <startx number="202">4</startx>
        <starty number="202">37</starty>
        <finishx number="202">48</finishx>
        <finishy number="202">17</finishy>
        <startx number="203">6</startx>
        <starty number="203">48</starty>
        <finishx number="203">48</finishx>
        <finishy number="203">57</finishy>
        <startx number="204">32</startx>
        <starty number="204">1</starty>
        <finishx number="204">17</finishx>
        <finishy number="204">6</finishy>
        <startx number="205">40</startx>
        <starty number="205">39</starty>
        <finishx number="205">55</finishx>
        <finishy number="205">63</finishy>
        <startx number="206">0</startx>
        <starty number="206">3</starty>
        <finishx number="206">56</finishx>
        <finishy number="206">56</finishy>
        <startx number="207">60</startx>
        <starty number="207">53</starty>
        <finishx number="207">5</finishx>
        <finishy number="207">24</finishy>
        <startx number="208">56</startx>
        <starty number="208">50</starty>
        <finishx number="208">40</finishx>
        <finishy number="208">18</finishy>
        <startx number="209">42</startx>
        <starty number="209">26</starty>
        <finishx number="209">50</finishx>
        <finishy number="209">35</finishy>
        <startx number="210">1</startx>
        <starty number="210">6</starty>
        <finishx number="210">33</finishx>
        <finishy number="210">28</finishy>
        <startx number="211">44</startx>
        <starty number="211">34</starty>
        <finishx number="211">55</finishx>
        <finishy number="211">16</finishy>
        <startx number="212">37</startx>
        <starty number="212">27</starty>
        <finishx number="212">1</finishx>
        <finishy number="212">40</finishy>
        <startx number="213">6</startx>
        <starty number="213">51</starty>
        <finishx number="213">32</finishx>
        <finishy number="213">35</finishy>
        <startx number="214">34</startx>
        <starty number="214">56</starty>
        <finishx number="214">57</finishx>
        <finishy number="214">29</finishy>
        <startx number="215">49</startx>
        <starty number="215">19</starty>
        <finishx number="215">42</finishx>
        <finishy number="215">52</finishy>
        <startx number="216">47</startx>
        <starty number="216">30</starty>
        <finishx number="216">63</finishx>
        <finishy number="216">38</finishy>
        <startx number="217">53</startx>
        <starty number="217">13</starty>
        <finishx number="217">48</finishx>
        <finishy number="217">36</finishy>
        <startx number="218">26</startx>
        <starty number="218">36</starty>
        <finishx number="218">16</finishx>
        <finishy number="218">49</finishy>
        <startx number="219">14</startx>
        <starty number="219">25</starty>
        <finishx number="219">59</finishx>
        <finishy number="219">28</finishy>
        <startx number="220">54</startx>
        <starty number="220">0</starty>
        <finishx number="220">47</finishx>
        <finishy number="220">20</finishy>
        <startx number="221">10</startx>
        <starty number="221">39</starty>
        <finishx number="221">8</finishx>
        <finishy number="221">56</finishy>
        <startx number="222">17</startx>
        <starty number="222">14</starty>
        <finishx number="222">34</finishx>
        <finishy number="222">11</finishy>
        <startx number="223">23</startx>
        <starty number="223">16</starty>
        <finishx number="223">0</finishx>
        <finishy number="223">55</finishy>
        <startx number="224">9</startx>
        <starty number="224">61</starty>
        <finishx number="224">33</finishx>
        <finishy number="224">48</finishy>
        <startx number="225">7</startx>
        <starty number="225">39</starty>
        <finishx number="225">28</finishx>
        <finishy number="225">47</finishy>
        <startx number="226">34</startx>
        <starty number="226">25</starty>
        <finishx number="226">22</finishx>
        <finishy number="226">48</finishy>
        <startx number="227">10</startx>
        <starty number="227">18</starty>
        <finishx number="227">57</finishx>
        <finishy number="227">42</finishy>
        <startx number="228">49</startx>
        <starty number="228">11</starty>
        <finishx number="228">12</finishx>
        <finishy number="228">31</finishy>
        <startx number="229">11</startx>
        <starty number="229">26</starty>
        <finishx number="229">63</finishx>
        <finishy number="229">60</finishy>
        <startx number="230">39</startx>
        <starty number="230">26</starty>
        <finishx number="230">63</finishx>
        <finishy number="230">1</finishy>
        <startx number="231">35</startx>
        <starty number="231">0</starty>
        <finishx number="231">21</finishx>
        <finishy number="231">19</finishy>
        <startx number="232">5</startx>
        <starty number="232">53</starty>
        <finishx number="232">25</finishx>
        <finishy number="232">50</finishy>
        <startx number="233">59</startx>
        <starty number="233">10</starty>
        <finishx number="233">35</finishx>
        <finishy number="233">3</finishy>
        <startx number="234">37</startx>
        <starty number="234">38</starty>
        <finishx number="234">2</finishx>
        <finishy number="234">9</finishy>
        <startx number="235">30</startx>
        <starty number="235">49</starty>
        <finishx number="235">52</finishx>
        <finishy number="235">29</finishy>
        <startx number="236">15</startx>
        <starty number="236">7</starty>
        <finishx number="236">11</finishx>
        <finishy number="236">52</finishy>
        <startx number="237">0</startx>
        <starty number="237">60</starty>
        <finishx number="237">13</finishx>
        <finishy number="237">41</finishy>
        <startx number="238">40</startx>
        <starty number="238">37</starty>
        <finishx number="238">60</finishx>
        <finishy number="238">4</finishy>
        <startx number="239">57</startx>
        <starty number="239">13</starty>
        <finishx number="239">28</finishx>
        <finishy number="239">63</finishy>
        <startx number="240">36</startx>
        <starty number="240">48</starty>
        <finishx number="240">30</finishx>
        <finishy number="240">20</finishy>
        <startx number="241">45</startx>
        <starty number="241">1</starty>
        <finishx number="241">30</finishx>
        <finishy number="241">7</finishy>
        <startx number="242">26</startx>
        <starty number="242">47</starty>
        <finishx number="242">9</finishx>
        <finishy number="242">37</finishy>
        <startx number="243">18</startx>
        <starty number="243">32</starty>
        <finishx number="243">4</finishx>
        <finishy number="243">19</finishy>
        <startx number="244">15</startx>
        <starty number="244">38</starty>
        <finishx number="244">59</finishx>
        <finishy number="244">23</finishy>
        <startx number="245">25</startx>
        <starty number="245">63</starty>
        <finishx number="245">3</finishx>
        <finishy number="245">30</finishy>
        <startx number="246">33</startx>
        <starty number="246">52</starty>
        <finishx number="246">22</finishx>
        <finishy number="246">40</finishy>
        <startx number="247">49</startx>
        <starty number="247">49</starty>
        <finishx number="247">27</finishx>
        <finishy number="247">60</finishy>
        <startx number="248">57</startx>
        <starty number="248">53</starty>
        <finishx number="248">21</finishx>
        <finishy number="248">26</finishy>
        <startx number="249">63</startx>
        <starty number="249">11</starty>
        <finishx number="249">10</finishx>
        <finishy number="249">0</finishy>
        <grid>
            <row>0 0 0 0 0 0 0 0 0 0 0 0 0 0 0 0 0 0 0 0 0 0 0 0 0 0 0 0 0 0 0 0 0 0 0 0 0 0 0 0 0 0 0 0 0 0 0 0 0 0 0 0 0 0 0 0 0 0 0 0 0 0 0 0</row>
            <row>0 0 0 0 0 0 0 0 0 0 0 0 0 0 0 0 0 0 0 0 0 0 0 0 0 0 0 0 0 0 0 0 0 0 0 0 0 0 0 0 0 0 0 0 0 0 0 0 0 0 0 0 0 0 0 0 0 0 0 0 0 0 0 0</row>
            <row>0 0 0 0 0 0 0 0 0 0 0 0 0 0 0 0 0 0 0 0 0 0 0 0 0 0 0 0 0 0 0 0 0 0 0 0 0 0 0 0 0 0 0 0 0 0 0 0 0 0 0 0 0 0 0 0 0 0 0 0 0 0 0 0</row>
            <row>0 0 0 0 0 0 0 0 0 0 0 0 0 0 0 0 0 0 0 0 0 0 0 0 0 0 0 0 0 0 0 0 0 0 0 0 0 0 0 0 0 0 0 0 0 0 0 0 0 0 0 0 0 0 0 0 0 0 0 0 0 0 0 0</row>
            <row>0 0 0 0 0 0 0 0 0 0 0 0 0 0 0 0 0 0 0 0 0 0 0 0 0 0 0 0 0 0 0 0 0 0 0 0 0 0 0 0 0 0 0 0 0 0 0 0 0 0 0 0 0 0 0 0 0 0 0 0 0 0 0 0</row>
            <row>0 0 0 0 0 0 0 0 0 0 0 0 0 0 0 0 0 0 0 0 0 0 0 0 0 0 0 0 0 0 0 0 0 0 0 0 0 0 0 0 0 0 0 0 0 0 0 0 0 0 0 0 0 0 0 0 0 0 0 0 0 0 0 0</row>
            <row>0 0 0 0 0 0 0 0 0 0 0 0 0 0 0 0 0 0 0 0 0 0 0 0 0 0 0 0 0 0 0 0 0 0 0 0 0 0 0 0 0 0 0 0 0 0 0 0 0 0 0 0 0 0 0 0 0 0 0 0 0 0 0 0</row>
            <row>0 0 0 0 0 0 0 0 0 0 0 0 0 0 0 0 0 0 0 0 0 0 0 0 0 0 0 0 0 0 0 0 0 0 0 0 0 0 0 0 0 0 0 0 0 0 0 0 0 0 0 0 0 0 0 0 0 0 0 0 0 0 0 0</row>
            <row>0 0 0 0 0 0 0 0 0 0 0 0 0 0 0 0 0 0 0 0 0 0 0 0 0 0 0 0 0 0 0 0 0 0 0 0 0 0 0 0 0 0 0 0 0 0 0 0 0 0 0 0 0 0 0 0 0 0 0 0 0 0 0 0</row>
            <row>0 0 0 0 0 0 0 0 0 0 0 0 0 0 0 0 0 0 0 0 0 0 0 0 0 0 0 0 0 0 0 0 0 0 0 0 0 0 0 0 0 0 0 0 0 0 0 0 0 0 0 0 0 0 0 0 0 0 0 0 0 0 0 0</row>
            <row>0 0 0 0 0 0 0 0 0 0 0 0 0 0 0 0 0 0 0 0 0 0 0 0 0 0 0 0 0 0 0 0 0 0 0 0 0 0 0 0 0 0 0 0 0 0 0 0 0 0 0 0 0 0 0 0 0 0 0 0 0 0 0 0</row>
            <row>0 0 0 0 0 0 0 0 0 0 0 0 0 0 0 0 0 0 0 0 0 0 0 0 0 0 0 0 0 0 0 0 0 0 0 0 0 0 0 0 0 0 0 0 0 0 0 0 0 0 0 0 0 0 0 0 0 0 0 0 0 0 0 0</row>
            <row>0 0 0 0 0 0 0 0 0 0 0 0 0 0 0 0 0 0 0 0 0 0 0 0 0 0 0 0 0 0 0 0 0 0 0 0 0 0 0 0 0 0 0 0 0 0 0 0 0 0 0 0 0 0 0 0 0 0 0 0 0 0 0 0</row>
            <row>0 0 0 0 0 0 0 0 0 0 0 0 0 0 0 0 0 0 0 0 0 0 0 0 0 0 0 0 0 0 0 0 0 0 0 0 0 0 0 0 0 0 0 0 0 0 0 0 0 0 0 0 0 0 0 0 0 0 0 0 0 0 0 0</row>
            <row>0 0 0 0 0 0 0 0 0 0 0 0 0 0 0 0 0 0 0 0 0 0 0 0 0 0 0 0 0 0 0 0 0 0 0 0 0 0 0 0 0 0 0 0 0 0 0 0 0 0 0 0 0 0 0 0 0 0 0 0 0 0 0 0</row>
            <row>0 0 0 0 0 0 0 0 0 0 0 0 0 0 0 0 0 0 0 0 0 0 0 0 0 0 0 0 0 0 0 0 0 0 0 0 0 0 0 0 0 0 0 0 0 0 0 0 0 0 0 0 0 0 0 0 0 0 0 0 0 0 0 0</row>
            <row>0 0 0 0 0 0 0 0 0 0 0 0 0 0 0 0 0 0 0 0 0 0 0 0 0 0 0 0 0 0 0 0 0 0 0 0 0 0 0 0 0 0 0 0 0 0 0 0 0 0 0 0 0 0 0 0 0 0 0 0 0 0 0 0</row>
            <row>0 0 0 0 0 0 0 0 0 0 0 0 0 0 0 0 0 0 0 0 0 0 0 0 0 0 0 0 0 0 0 0 0 0 0 0 0 0 0 0 0 0 0 0 0 0 0 0 0 0 0 0 0 0 0 0 0 0 0 0 0 0 0 0</row>
            <row>0 0 0 0 0 0 0 0 0 0 0 0 0 0 0 0 0 0 0 0 0 0 0 0 0 0 0 0 0 0 0 0 0 0 0 0 0 0 0 0 0 0 0 0 0 0 0 0 0 0 0 0 0 0 0 0 0 0 0 0 0 0 0 0</row>
            <row>0 0 0 0 0 0 0 0 0 0 0 0 0 0 0 0 0 0 0 0 0 0 0 0 0 0 0 0 0 0 0 0 0 0 0 0 0 0 0 0 0 0 0 0 0 0 0 0 0 0 0 0 0 0 0 0 0 0 0 0 0 0 0 0</row>
            <row>0 0 0 0 0 0 0 0 0 0 0 0 0 0 0 0 0 0 0 0 0 0 0 0 0 0 0 0 0 0 0 0 0 0 0 0 0 0 0 0 0 0 0 0 0 0 0 0 0 0 0 0 0 0 0 0 0 0 0 0 0 0 0 0</row>
            <row>0 0 0 0 0 0 0 0 0 0 0 0 0 0 0 0 0 0 0 0 0 0 0 0 0 0 0 0 0 0 0 0 0 0 0 0 0 0 0 0 0 0 0 0 0 0 0 0 0 0 0 0 0 0 0 0 0 0 0 0 0 0 0 0</row>
            <row>0 0 0 0 0 0 0 0 0 0 0 0 0 0 0 0 0 0 0 0 0 0 0 0 0 0 0 0 0 0 0 0 0 0 0 0 0 0 0 0 0 0 0 0 0 0 0 0 0 0 0 0 0 0 0 0 0 0 0 0 0 0 0 0</row>
            <row>0 0 0 0 0 0 0 0 0 0 0 0 0 0 0 0 0 0 0 0 0 0 0 0 0 0 0 0 0 0 0 0 0 0 0 0 0 0 0 0 0 0 0 0 0 0 0 0 0 0 0 0 0 0 0 0 0 0 0 0 0 0 0 0</row>
            <row>0 0 0 0 0 0 0 0 0 0 0 0 0 0 0 0 0 0 0 0 0 0 0 0 0 0 0 0 0 0 0 0 0 0 0 0 0 0 0 0 0 0 0 0 0 0 0 0 0 0 0 0 0 0 0 0 0 0 0 0 0 0 0 0</row>
            <row>0 0 0 0 0 0 0 0 0 0 0 0 0 0 0 0 0 0 0 0 0 0 0 0 0 0 0 0 0 0 0 0 0 0 0 0 0 0 0 0 0 0 0 0 0 0 0 0 0 0 0 0 0 0 0 0 0 0 0 0 0 0 0 0</row>
            <row>0 0 0 0 0 0 0 0 0 0 0 0 0 0 0 0 0 0 0 0 0 0 0 0 0 0 0 0 0 0 0 0 0 0 0 0 0 0 0 0 0 0 0 0 0 0 0 0 0 0 0 0 0 0 0 0 0 0 0 0 0 0 0 0</row>
            <row>0 0 0 0 0 0 0 0 0 0 0 0 0 0 0 0 0 0 0 0 0 0 0 0 0 0 0 0 0 0 0 0 0 0 0 0 0 0 0 0 0 0 0 0 0 0 0 0 0 0 0 0 0 0 0 0 0 0 0 0 0 0 0 0</row>
            <row>0 0 0 0 0 0 0 0 0 0 0 0 0 0 0 0 0 0 0 0 0 0 0 0 0 0 0 0 0 0 0 0 0 0 0 0 0 0 0 0 0 0 0 0 0 0 0 0 0 0 0 0 0 0 0 0 0 0 0 0 0 0 0 0</row>
            <row>0 0 0 0 0 0 0 0 0 0 0 0 0 0 0 0 0 0 0 0 0 0 0 0 0 0 0 0 0 0 0 0 0 0 0 0 0 0 0 0 0 0 0 0 0 0 0 0 0 0 0 0 0 0 0 0 0 0 0 0 0 0 0 0</row>
            <row>0 0 0 0 0 0 0 0 0 0 0 0 0 0 0 0 0 0 0 0 0 0 0 0 0 0 0 0 0 0 0 0 0 0 0 0 0 0 0 0 0 0 0 0 0 0 0 0 0 0 0 0 0 0 0 0 0 0 0 0 0 0 0 0</row>
            <row>0 0 0 0 0 0 0 0 0 0 0 0 0 0 0 0 0 0 0 0 0 0 0 0 0 0 0 0 0 0 0 0 0 0 0 0 0 0 0 0 0 0 0 0 0 0 0 0 0 0 0 0 0 0 0 0 0 0 0 0 0 0 0 0</row>
            <row>0 0 0 0 0 0 0 0 0 0 0 0 0 0 0 0 0 0 0 0 0 0 0 0 0 0 0 0 0 0 0 0 0 0 0 0 0 0 0 0 0 0 0 0 0 0 0 0 0 0 0 0 0 0 0 0 0 0 0 0 0 0 0 0</row>
            <row>0 0 0 0 0 0 0 0 0 0 0 0 0 0 0 0 0 0 0 0 0 0 0 0 0 0 0 0 0 0 0 0 0 0 0 0 0 0 0 0 0 0 0 0 0 0 0 0 0 0 0 0 0 0 0 0 0 0 0 0 0 0 0 0</row>
            <row>0 0 0 0 0 0 0 0 0 0 0 0 0 0 0 0 0 0 0 0 0 0 0 0 0 0 0 0 0 0 0 0 0 0 0 0 0 0 0 0 0 0 0 0 0 0 0 0 0 0 0 0 0 0 0 0 0 0 0 0 0 0 0 0</row>
            <row>0 0 0 0 0 0 0 0 0 0 0 0 0 0 0 0 0 0 0 0 0 0 0 0 0 0 0 0 0 0 0 0 0 0 0 0 0 0 0 0 0 0 0 0 0 0 0 0 0 0 0 0 0 0 0 0 0 0 0 0 0 0 0 0</row>
            <row>0 0 0 0 0 0 0 0 0 0 0 0 0 0 0 0 0 0 0 0 0 0 0 0 0 0 0 0 0 0 0 0 0 0 0 0 0 0 0 0 0 0 0 0 0 0 0 0 0 0 0 0 0 0 0 0 0 0 0 0 0 0 0 0</row>
            <row>0 0 0 0 0 0 0 0 0 0 0 0 0 0 0 0 0 0 0 0 0 0 0 0 0 0 0 0 0 0 0 0 0 0 0 0 0 0 0 0 0 0 0 0 0 0 0 0 0 0 0 0 0 0 0 0 0 0 0 0 0 0 0 0</row>
            <row>0 0 0 0 0 0 0 0 0 0 0 0 0 0 0 0 0 0 0 0 0 0 0 0 0 0 0 0 0 0 0 0 0 0 0 0 0 0 0 0 0 0 0 0 0 0 0 0 0 0 0 0 0 0 0 0 0 0 0 0 0 0 0 0</row>
            <row>0 0 0 0 0 0 0 0 0 0 0 0 0 0 0 0 0 0 0 0 0 0 0 0 0 0 0 0 0 0 0 0 0 0 0 0 0 0 0 0 0 0 0 0 0 0 0 0 0 0 0 0 0 0 0 0 0 0 0 0 0 0 0 0</row>
            <row>0 0 0 0 0 0 0 0 0 0 0 0 0 0 0 0 0 0 0 0 0 0 0 0 0 0 0 0 0 0 0 0 0 0 0 0 0 0 0 0 0 0 0 0 0 0 0 0 0 0 0 0 0 0 0 0 0 0 0 0 0 0 0 0</row>
            <row>0 0 0 0 0 0 0 0 0 0 0 0 0 0 0 0 0 0 0 0 0 0 0 0 0 0 0 0 0 0 0 0 0 0 0 0 0 0 0 0 0 0 0 0 0 0 0 0 0 0 0 0 0 0 0 0 0 0 0 0 0 0 0 0</row>
            <row>0 0 0 0 0 0 0 0 0 0 0 0 0 0 0 0 0 0 0 0 0 0 0 0 0 0 0 0 0 0 0 0 0 0 0 0 0 0 0 0 0 0 0 0 0 0 0 0 0 0 0 0 0 0 0 0 0 0 0 0 0 0 0 0</row>
            <row>0 0 0 0 0 0 0 0 0 0 0 0 0 0 0 0 0 0 0 0 0 0 0 0 0 0 0 0 0 0 0 0 0 0 0 0 0 0 0 0 0 0 0 0 0 0 0 0 0 0 0 0 0 0 0 0 0 0 0 0 0 0 0 0</row>
            <row>0 0 0 0 0 0 0 0 0 0 0 0 0 0 0 0 0 0 0 0 0 0 0 0 0 0 0 0 0 0 0 0 0 0 0 0 0 0 0 0 0 0 0 0 0 0 0 0 0 0 0 0 0 0 0 0 0 0 0 0 0 0 0 0</row>
            <row>0 0 0 0 0 0 0 0 0 0 0 0 0 0 0 0 0 0 0 0 0 0 0 0 0 0 0 0 0 0 0 0 0 0 0 0 0 0 0 0 0 0 0 0 0 0 0 0 0 0 0 0 0 0 0 0 0 0 0 0 0 0 0 0</row>
            <row>0 0 0 0 0 0 0 0 0 0 0 0 0 0 0 0 0 0 0 0 0 0 0 0 0 0 0 0 0 0 0 0 0 0 0 0 0 0 0 0 0 0 0 0 0 0 0 0 0 0 0 0 0 0 0 0 0 0 0 0 0 0 0 0</row>
            <row>0 0 0 0 0 0 0 0 0 0 0 0 0 0 0 0 0 0 0 0 0 0 0 0 0 0 0 0 0 0 0 0 0 0 0 0 0 0 0 0 0 0 0 0 0 0 0 0 0 0 0 0 0 0 0 0 0 0 0 0 0 0 0 0</row>
            <row>0 0 0 0 0 0 0 0 0 0 0 0 0 0 0 0 0 0 0 0 0 0 0 0 0 0 0 0 0 0 0 0 0 0 0 0 0 0 0 0 0 0 0 0 0 0 0 0 0 0 0 0 0 0 0 0 0 0 0 0 0 0 0 0</row>
            <row>0 0 0 0 0 0 0 0 0 0 0 0 0 0 0 0 0 0 0 0 0 0 0 0 0 0 0 0 0 0 0 0 0 0 0 0 0 0 0 0 0 0 0 0 0 0 0 0 0 0 0 0 0 0 0 0 0 0 0 0 0 0 0 0</row>
            <row>0 0 0 0 0 0 0 0 0 0 0 0 0 0 0 0 0 0 0 0 0 0 0 0 0 0 0 0 0 0 0 0 0 0 0 0 0 0 0 0 0 0 0 0 0 0 0 0 0 0 0 0 0 0 0 0 0 0 0 0 0 0 0 0</row>
            <row>0 0 0 0 0 0 0 0 0 0 0 0 0 0 0 0 0 0 0 0 0 0 0 0 0 0 0 0 0 0 0 0 0 0 0 0 0 0 0 0 0 0 0 0 0 0 0 0 0 0 0 0 0 0 0 0 0 0 0 0 0 0 0 0</row>
            <row>0 0 0 0 0 0 0 0 0 0 0 0 0 0 0 0 0 0 0 0 0 0 0 0 0 0 0 0 0 0 0 0 0 0 0 0 0 0 0 0 0 0 0 0 0 0 0 0 0 0 0 0 0 0 0 0 0 0 0 0 0 0 0 0</row>
            <row>0 0 0 0 0 0 0 0 0 0 0 0 0 0 0 0 0 0 0 0 0 0 0 0 0 0 0 0 0 0 0 0 0 0 0 0 0 0 0 0 0 0 0 0 0 0 0 0 0 0 0 0 0 0 0 0 0 0 0 0 0 0 0 0</row>
            <row>0 0 0 0 0 0 0 0 0 0 0 0 0 0 0 0 0 0 0 0 0 0 0 0 0 0 0 0 0 0 0 0 0 0 0 0 0 0 0 0 0 0 0 0 0 0 0 0 0 0 0 0 0 0 0 0 0 0 0 0 0 0 0 0</row>
            <row>0 0 0 0 0 0 0 0 0 0 0 0 0 0 0 0 0 0 0 0 0 0 0 0 0 0 0 0 0 0 0 0 0 0 0 0 0 0 0 0 0 0 0 0 0 0 0 0 0 0 0 0 0 0 0 0 0 0 0 0 0 0 0 0</row>
            <row>0 0 0 0 0 0 0 0 0 0 0 0 0 0 0 0 0 0 0 0 0 0 0 0 0 0 0 0 0 0 0 0 0 0 0 0 0 0 0 0 0 0 0 0 0 0 0 0 0 0 0 0 0 0 0 0 0 0 0 0 0 0 0 0</row>
            <row>0 0 0 0 0 0 0 0 0 0 0 0 0 0 0 0 0 0 0 0 0 0 0 0 0 0 0 0 0 0 0 0 0 0 0 0 0 0 0 0 0 0 0 0 0 0 0 0 0 0 0 0 0 0 0 0 0 0 0 0 0 0 0 0</row>
            <row>0 0 0 0 0 0 0 0 0 0 0 0 0 0 0 0 0 0 0 0 0 0 0 0 0 0 0 0 0 0 0 0 0 0 0 0 0 0 0 0 0 0 0 0 0 0 0 0 0 0 0 0 0 0 0 0 0 0 0 0 0 0 0 0</row>
            <row>0 0 0 0 0 0 0 0 0 0 0 0 0 0 0 0 0 0 0 0 0 0 0 0 0 0 0 0 0 0 0 0 0 0 0 0 0 0 0 0 0 0 0 0 0 0 0 0 0 0 0 0 0 0 0 0 0 0 0 0 0 0 0 0</row>
            <row>0 0 0 0 0 0 0 0 0 0 0 0 0 0 0 0 0 0 0 0 0 0 0 0 0 0 0 0 0 0 0 0 0 0 0 0 0 0 0 0 0 0 0 0 0 0 0 0 0 0 0 0 0 0 0 0 0 0 0 0 0 0 0 0</row>
            <row>0 0 0 0 0 0 0 0 0 0 0 0 0 0 0 0 0 0 0 0 0 0 0 0 0 0 0 0 0 0 0 0 0 0 0 0 0 0 0 0 0 0 0 0 0 0 0 0 0 0 0 0 0 0 0 0 0 0 0 0 0 0 0 0</row>
            <row>0 0 0 0 0 0 0 0 0 0 0 0 0 0 0 0 0 0 0 0 0 0 0 0 0 0 0 0 0 0 0 0 0 0 0 0 0 0 0 0 0 0 0 0 0 0 0 0 0 0 0 0 0 0 0 0 0 0 0 0 0 0 0 0</row>
            <row>0 0 0 0 0 0 0 0 0 0 0 0 0 0 0 0 0 0 0 0 0 0 0 0 0 0 0 0 0 0 0 0 0 0 0 0 0 0 0 0 0 0 0 0 0 0 0 0 0 0 0 0 0 0 0 0 0 0 0 0 0 0 0 0</row>
        </grid>
    </map>
    <algorithm>
        <allowanyangle>true</allowanyangle>
        <metrictype>euclid</metrictype>
        <breakingties>g-max</breakingties>
        <weight>1</weight>
    </algorithm>
    <options>
        <loglevel>1</loglevel>
        <logpath />
        <logfilename />
    </options>
</root>
