<?xml version="1.0" ?>
<root>
    <map>
        <width>64</width>
        <height>64</height>
        <agents>150</agents>
        <startx number="0">30</startx>
        <starty number="0">9</starty>
        <finishx number="0">60</finishx>
        <finishy number="0">33</finishy>
        <startx number="1">29</startx>
        <starty number="1">50</starty>
        <finishx number="1">53</finishx>
        <finishy number="1">19</finishy>
        <startx number="2">4</startx>
        <starty number="2">0</starty>
        <finishx number="2">53</finishx>
        <finishy number="2">30</finishy>
        <startx number="3">1</startx>
        <starty number="3">1</starty>
        <finishx number="3">61</finishx>
        <finishy number="3">54</finishy>
        <startx number="4">44</startx>
        <starty number="4">47</starty>
        <finishx number="4">1</finishx>
        <finishy number="4">62</finishy>
        <startx number="5">22</startx>
        <starty number="5">13</starty>
        <finishx number="5">18</finishx>
        <finishy number="5">0</finishy>
        <startx number="6">35</startx>
        <starty number="6">0</starty>
        <finishx number="6">27</finishx>
        <finishy number="6">58</finishy>
        <startx number="7">18</startx>
        <starty number="7">46</starty>
        <finishx number="7">2</finishx>
        <finishy number="7">56</finishy>
        <startx number="8">30</startx>
        <starty number="8">1</starty>
        <finishx number="8">35</finishx>
        <finishy number="8">38</finishy>
        <startx number="9">20</startx>
        <starty number="9">53</starty>
        <finishx number="9">26</finishx>
        <finishy number="9">34</finishy>
        <startx number="10">40</startx>
        <starty number="10">53</starty>
        <finishx number="10">43</finishx>
        <finishy number="10">55</finishy>
        <startx number="11">60</startx>
        <starty number="11">23</starty>
        <finishx number="11">43</finishx>
        <finishy number="11">13</finishy>
        <startx number="12">13</startx>
        <starty number="12">36</starty>
        <finishx number="12">10</finishx>
        <finishy number="12">61</finishy>
        <startx number="13">37</startx>
        <starty number="13">62</starty>
        <finishx number="13">17</finishx>
        <finishy number="13">19</finishy>
        <startx number="14">49</startx>
        <starty number="14">27</starty>
        <finishx number="14">10</finishx>
        <finishy number="14">23</finishy>
        <startx number="15">53</startx>
        <starty number="15">48</starty>
        <finishx number="15">10</finishx>
        <finishy number="15">31</finishy>
        <startx number="16">5</startx>
        <starty number="16">45</starty>
        <finishx number="16">16</finishx>
        <finishy number="16">51</finishy>
        <startx number="17">34</startx>
        <starty number="17">14</starty>
        <finishx number="17">22</finishx>
        <finishy number="17">3</finishy>
        <startx number="18">5</startx>
        <starty number="18">29</starty>
        <finishx number="18">24</finishx>
        <finishy number="18">34</finishy>
        <startx number="19">60</startx>
        <starty number="19">42</starty>
        <finishx number="19">0</finishx>
        <finishy number="19">12</finishy>
        <startx number="20">17</startx>
        <starty number="20">48</starty>
        <finishx number="20">0</finishx>
        <finishy number="20">38</finishy>
        <startx number="21">7</startx>
        <starty number="21">61</starty>
        <finishx number="21">44</finishx>
        <finishy number="21">28</finishy>
        <startx number="22">34</startx>
        <starty number="22">35</starty>
        <finishx number="22">41</finishx>
        <finishy number="22">10</finishy>
        <startx number="23">12</startx>
        <starty number="23">23</starty>
        <finishx number="23">14</finishx>
        <finishy number="23">57</finishy>
        <startx number="24">11</startx>
        <starty number="24">36</starty>
        <finishx number="24">23</finishx>
        <finishy number="24">53</finishy>
        <startx number="25">17</startx>
        <starty number="25">22</starty>
        <finishx number="25">61</finishx>
        <finishy number="25">15</finishy>
        <startx number="26">12</startx>
        <starty number="26">52</starty>
        <finishx number="26">1</finishx>
        <finishy number="26">59</finishy>
        <startx number="27">26</startx>
        <starty number="27">39</starty>
        <finishx number="27">3</finishx>
        <finishy number="27">8</finishy>
        <startx number="28">56</startx>
        <starty number="28">18</starty>
        <finishx number="28">17</finishx>
        <finishy number="28">43</finishy>
        <startx number="29">39</startx>
        <starty number="29">15</starty>
        <finishx number="29">57</finishx>
        <finishy number="29">34</finishy>
        <startx number="30">45</startx>
        <starty number="30">36</starty>
        <finishx number="30">36</finishx>
        <finishy number="30">32</finishy>
        <startx number="31">11</startx>
        <starty number="31">18</starty>
        <finishx number="31">42</finishx>
        <finishy number="31">26</finishy>
        <startx number="32">31</startx>
        <starty number="32">11</starty>
        <finishx number="32">45</finishx>
        <finishy number="32">31</finishy>
        <startx number="33">38</startx>
        <starty number="33">53</starty>
        <finishx number="33">1</finishx>
        <finishy number="33">46</finishy>
        <startx number="34">14</startx>
        <starty number="34">28</starty>
        <finishx number="34">43</finishx>
        <finishy number="34">39</finishy>
        <startx number="35">8</startx>
        <starty number="35">37</starty>
        <finishx number="35">42</finishx>
        <finishy number="35">44</finishy>
        <startx number="36">38</startx>
        <starty number="36">13</starty>
        <finishx number="36">7</finishx>
        <finishy number="36">18</finishy>
        <startx number="37">28</startx>
        <starty number="37">55</starty>
        <finishx number="37">32</finishx>
        <finishy number="37">49</finishy>
        <startx number="38">52</startx>
        <starty number="38">11</starty>
        <finishx number="38">7</finishx>
        <finishy number="38">50</finishy>
        <startx number="39">5</startx>
        <starty number="39">54</starty>
        <finishx number="39">20</finishx>
        <finishy number="39">33</finishy>
        <startx number="40">57</startx>
        <starty number="40">39</starty>
        <finishx number="40">33</finishx>
        <finishy number="40">56</finishy>
        <startx number="41">55</startx>
        <starty number="41">61</starty>
        <finishx number="41">61</finishx>
        <finishy number="41">17</finishy>
        <startx number="42">60</startx>
        <starty number="42">12</starty>
        <finishx number="42">34</finishx>
        <finishy number="42">19</finishy>
        <startx number="43">32</startx>
        <starty number="43">25</starty>
        <finishx number="43">37</finishx>
        <finishy number="43">3</finishy>
        <startx number="44">59</startx>
        <starty number="44">52</starty>
        <finishx number="44">22</finishx>
        <finishy number="44">35</finishy>
        <startx number="45">25</startx>
        <starty number="45">42</starty>
        <finishx number="45">49</finishx>
        <finishy number="45">56</finishy>
        <startx number="46">22</startx>
        <starty number="46">51</starty>
        <finishx number="46">19</finishx>
        <finishy number="46">27</finishy>
        <startx number="47">9</startx>
        <starty number="47">34</starty>
        <finishx number="47">42</finishx>
        <finishy number="47">42</finishy>
        <startx number="48">39</startx>
        <starty number="48">40</starty>
        <finishx number="48">59</finishx>
        <finishy number="48">44</finishy>
        <startx number="49">56</startx>
        <starty number="49">24</starty>
        <finishx number="49">47</finishx>
        <finishy number="49">44</finishy>
        <startx number="50">45</startx>
        <starty number="50">44</starty>
        <finishx number="50">63</finishx>
        <finishy number="50">3</finishy>
        <startx number="51">47</startx>
        <starty number="51">1</starty>
        <finishx number="51">15</finishx>
        <finishy number="51">17</finishy>
        <startx number="52">55</startx>
        <starty number="52">26</starty>
        <finishx number="52">47</finishx>
        <finishy number="52">46</finishy>
        <startx number="53">4</startx>
        <starty number="53">27</starty>
        <finishx number="53">43</finishx>
        <finishy number="53">50</finishy>
        <startx number="54">12</startx>
        <starty number="54">42</starty>
        <finishx number="54">56</finishx>
        <finishy number="54">47</finishy>
        <startx number="55">63</startx>
        <starty number="55">60</starty>
        <finishx number="55">36</finishx>
        <finishy number="55">40</finishy>
        <startx number="56">62</startx>
        <starty number="56">12</starty>
        <finishx number="56">9</finishx>
        <finishy number="56">16</finishy>
        <startx number="57">6</startx>
        <starty number="57">56</starty>
        <finishx number="57">15</finishx>
        <finishy number="57">1</finishy>
        <startx number="58">58</startx>
        <starty number="58">63</starty>
        <finishx number="58">27</finishx>
        <finishy number="58">61</finishy>
        <startx number="59">53</startx>
        <starty number="59">59</starty>
        <finishx number="59">17</finishx>
        <finishy number="59">32</finishy>
        <startx number="60">18</startx>
        <starty number="60">3</starty>
        <finishx number="60">14</finishx>
        <finishy number="60">12</finishy>
        <startx number="61">62</startx>
        <starty number="61">7</starty>
        <finishx number="61">33</finishx>
        <finishy number="61">41</finishy>
        <startx number="62">6</startx>
        <starty number="62">37</starty>
        <finishx number="62">49</finishx>
        <finishy number="62">30</finishy>
        <startx number="63">51</startx>
        <starty number="63">37</starty>
        <finishx number="63">13</finishx>
        <finishy number="63">50</finishy>
        <startx number="64">26</startx>
        <starty number="64">21</starty>
        <finishx number="64">19</finishx>
        <finishy number="64">14</finishy>
        <startx number="65">6</startx>
        <starty number="65">3</starty>
        <finishx number="65">18</finishx>
        <finishy number="65">35</finishy>
        <startx number="66">27</startx>
        <starty number="66">36</starty>
        <finishx number="66">6</finishx>
        <finishy number="66">0</finishy>
        <startx number="67">33</startx>
        <starty number="67">6</starty>
        <finishx number="67">63</finishx>
        <finishy number="67">44</finishy>
        <startx number="68">57</startx>
        <starty number="68">55</starty>
        <finishx number="68">22</finishx>
        <finishy number="68">18</finishy>
        <startx number="69">59</startx>
        <starty number="69">15</starty>
        <finishx number="69">19</finishx>
        <finishy number="69">61</finishy>
        <startx number="70">34</startx>
        <starty number="70">51</starty>
        <finishx number="70">32</finishx>
        <finishy number="70">9</finishy>
        <startx number="71">40</startx>
        <starty number="71">32</starty>
        <finishx number="71">23</finishx>
        <finishy number="71">29</finishy>
        <startx number="72">8</startx>
        <starty number="72">21</starty>
        <finishx number="72">50</finishx>
        <finishy number="72">6</finishy>
        <startx number="73">12</startx>
        <starty number="73">7</starty>
        <finishx number="73">39</finishx>
        <finishy number="73">18</finishy>
        <startx number="74">40</startx>
        <starty number="74">3</starty>
        <finishx number="74">37</finishx>
        <finishy number="74">46</finishy>
        <startx number="75">20</startx>
        <starty number="75">30</starty>
        <finishx number="75">5</finishx>
        <finishy number="75">51</finishy>
        <startx number="76">63</startx>
        <starty number="76">25</starty>
        <finishx number="76">4</finishx>
        <finishy number="76">5</finishy>
        <startx number="77">47</startx>
        <starty number="77">20</starty>
        <finishx number="77">51</finishx>
        <finishy number="77">0</finishy>
        <startx number="78">0</startx>
        <starty number="78">6</starty>
        <finishx number="78">31</finishx>
        <finishy number="78">23</finishy>
        <startx number="79">53</startx>
        <starty number="79">24</starty>
        <finishx number="79">0</finishx>
        <finishy number="79">3</finishy>
        <startx number="80">58</startx>
        <starty number="80">13</starty>
        <finishx number="80">29</finishx>
        <finishy number="80">33</finishy>
        <startx number="81">19</startx>
        <starty number="81">51</starty>
        <finishx number="81">29</finishx>
        <finishy number="81">25</finishy>
        <startx number="82">59</startx>
        <starty number="82">60</starty>
        <finishx number="82">46</finishx>
        <finishy number="82">57</finishy>
        <startx number="83">12</startx>
        <starty number="83">63</starty>
        <finishx number="83">16</finishx>
        <finishy number="83">60</finishy>
        <startx number="84">19</startx>
        <starty number="84">40</starty>
        <finishx number="84">23</finishx>
        <finishy number="84">0</finishy>
        <startx number="85">62</startx>
        <starty number="85">57</starty>
        <finishx number="85">50</finishx>
        <finishy number="85">24</finishy>
        <startx number="86">55</startx>
        <starty number="86">13</starty>
        <finishx number="86">42</finishx>
        <finishy number="86">63</finishy>
        <startx number="87">51</startx>
        <starty number="87">14</starty>
        <finishx number="87">56</finishx>
        <finishy number="87">29</finishy>
        <startx number="88">54</startx>
        <starty number="88">32</starty>
        <finishx number="88">15</finishx>
        <finishy number="88">20</finishy>
        <startx number="89">54</startx>
        <starty number="89">16</starty>
        <finishx number="89">36</finishx>
        <finishy number="89">14</finishy>
        <startx number="90">3</startx>
        <starty number="90">46</starty>
        <finishx number="90">11</finishx>
        <finishy number="90">39</finishy>
        <startx number="91">59</startx>
        <starty number="91">10</starty>
        <finishx number="91">41</finishx>
        <finishy number="91">23</finishy>
        <startx number="92">19</startx>
        <starty number="92">38</starty>
        <finishx number="92">39</finishx>
        <finishy number="92">21</finishy>
        <startx number="93">32</startx>
        <starty number="93">54</starty>
        <finishx number="93">12</finishx>
        <finishy number="93">58</finishy>
        <startx number="94">17</startx>
        <starty number="94">41</starty>
        <finishx number="94">27</finishx>
        <finishy number="94">12</finishy>
        <startx number="95">20</startx>
        <starty number="95">43</starty>
        <finishx number="95">60</finishx>
        <finishy number="95">5</finishy>
        <startx number="96">25</startx>
        <starty number="96">58</starty>
        <finishx number="96">34</finishx>
        <finishy number="96">25</finishy>
        <startx number="97">37</startx>
        <starty number="97">58</starty>
        <finishx number="97">45</finishx>
        <finishy number="97">33</finishy>
        <startx number="98">32</startx>
        <starty number="98">20</starty>
        <finishx number="98">60</finishx>
        <finishy number="98">47</finishy>
        <startx number="99">34</startx>
        <starty number="99">28</starty>
        <finishx number="99">9</finishx>
        <finishy number="99">53</finishy>
        <startx number="100">7</startx>
        <starty number="100">34</starty>
        <finishx number="100">55</finishx>
        <finishy number="100">53</finishy>
        <startx number="101">5</startx>
        <starty number="101">16</starty>
        <finishx number="101">20</finishx>
        <finishy number="101">5</finishy>
        <startx number="102">19</startx>
        <starty number="102">22</starty>
        <finishx number="102">45</finishx>
        <finishy number="102">10</finishy>
        <startx number="103">19</startx>
        <starty number="103">9</starty>
        <finishx number="103">53</finishx>
        <finishy number="103">38</finishy>
        <startx number="104">61</startx>
        <starty number="104">49</starty>
        <finishx number="104">32</finishx>
        <finishy number="104">33</finishy>
        <startx number="105">44</startx>
        <starty number="105">52</starty>
        <finishx number="105">28</finishx>
        <finishy number="105">31</finishy>
        <startx number="106">2</startx>
        <starty number="106">5</starty>
        <finishx number="106">36</finishx>
        <finishy number="106">35</finishy>
        <startx number="107">6</startx>
        <starty number="107">59</starty>
        <finishx number="107">0</finishx>
        <finishy number="107">44</finishy>
        <startx number="108">23</startx>
        <starty number="108">61</starty>
        <finishx number="108">31</finishx>
        <finishy number="108">14</finishy>
        <startx number="109">49</startx>
        <starty number="109">51</starty>
        <finishx number="109">13</finishx>
        <finishy number="109">47</finishy>
        <startx number="110">23</startx>
        <starty number="110">21</starty>
        <finishx number="110">37</finishx>
        <finishy number="110">30</finishy>
        <startx number="111">38</startx>
        <starty number="111">0</starty>
        <finishx number="111">63</finishx>
        <finishy number="111">22</finishy>
        <startx number="112">55</startx>
        <starty number="112">7</starty>
        <finishx number="112">14</finishx>
        <finishy number="112">55</finishy>
        <startx number="113">50</startx>
        <starty number="113">62</starty>
        <finishx number="113">10</finishx>
        <finishy number="113">28</finishy>
        <startx number="114">50</startx>
        <starty number="114">22</starty>
        <finishx number="114">15</finishx>
        <finishy number="114">25</finishy>
        <startx number="115">0</startx>
        <starty number="115">49</starty>
        <finishx number="115">5</finishx>
        <finishy number="115">35</finishy>
        <startx number="116">55</startx>
        <starty number="116">3</starty>
        <finishx number="116">27</finishx>
        <finishy number="116">44</finishy>
        <startx number="117">34</startx>
        <starty number="117">59</starty>
        <finishx number="117">41</finishx>
        <finishy number="117">40</finishy>
        <startx number="118">24</startx>
        <starty number="118">50</starty>
        <finishx number="118">11</finishx>
        <finishy number="118">47</finishy>
        <startx number="119">39</startx>
        <starty number="119">24</starty>
        <finishx number="119">13</finishx>
        <finishy number="119">44</finishy>
        <startx number="120">23</startx>
        <starty number="120">45</starty>
        <finishx number="120">42</finishx>
        <finishy number="120">52</finishy>
        <startx number="121">29</startx>
        <starty number="121">28</starty>
        <finishx number="121">38</finishx>
        <finishy number="121">43</finishy>
        <startx number="122">25</startx>
        <starty number="122">53</starty>
        <finishx number="122">59</finishx>
        <finishy number="122">26</finishy>
        <startx number="123">0</startx>
        <starty number="123">22</starty>
        <finishx number="123">10</finishx>
        <finishy number="123">10</finishy>
        <startx number="124">3</startx>
        <starty number="124">19</starty>
        <finishx number="124">25</finishx>
        <finishy number="124">13</finishy>
        <startx number="125">10</startx>
        <starty number="125">55</starty>
        <finishx number="125">55</finishx>
        <finishy number="125">43</finishy>
        <startx number="126">24</startx>
        <starty number="126">47</starty>
        <finishx number="126">34</finishx>
        <finishy number="126">30</finishy>
        <startx number="127">12</startx>
        <starty number="127">60</starty>
        <finishx number="127">28</finishx>
        <finishy number="127">4</finishy>
        <startx number="128">2</startx>
        <starty number="128">3</starty>
        <finishx number="128">46</finishx>
        <finishy number="128">6</finishy>
        <startx number="129">21</startx>
        <starty number="129">56</starty>
        <finishx number="129">62</finishx>
        <finishy number="129">20</finishy>
        <startx number="130">3</startx>
        <starty number="130">22</starty>
        <finishx number="130">62</finishx>
        <finishy number="130">62</finishy>
        <startx number="131">9</startx>
        <starty number="131">45</starty>
        <finishx number="131">54</finishx>
        <finishy number="131">10</finishy>
        <startx number="132">50</startx>
        <starty number="132">46</starty>
        <finishx number="132">35</finishx>
        <finishy number="132">53</finishy>
        <startx number="133">54</startx>
        <starty number="133">45</starty>
        <finishx number="133">19</finishx>
        <finishy number="133">11</finishy>
        <startx number="134">60</startx>
        <starty number="134">28</starty>
        <finishx number="134">1</finishx>
        <finishy number="134">14</finishy>
        <startx number="135">2</startx>
        <starty number="135">27</starty>
        <finishx number="135">45</finishx>
        <finishy number="135">42</finishy>
        <startx number="136">49</startx>
        <starty number="136">59</starty>
        <finishx number="136">41</finishx>
        <finishy number="136">36</finishy>
        <startx number="137">52</startx>
        <starty number="137">5</starty>
        <finishx number="137">37</finishx>
        <finishy number="137">18</finishy>
        <startx number="138">3</startx>
        <starty number="138">40</starty>
        <finishx number="138">53</finishx>
        <finishy number="138">0</finishy>
        <startx number="139">34</startx>
        <starty number="139">11</starty>
        <finishx number="139">27</finishx>
        <finishy number="139">53</finishy>
        <startx number="140">47</startx>
        <starty number="140">28</starty>
        <finishx number="140">8</finishx>
        <finishy number="140">5</finishy>
        <startx number="141">55</startx>
        <starty number="141">40</starty>
        <finishx number="141">30</finishx>
        <finishy number="141">63</finishy>
        <startx number="142">4</startx>
        <starty number="142">61</starty>
        <finishx number="142">62</finishx>
        <finishy number="142">52</finishy>
        <startx number="143">38</startx>
        <starty number="143">27</starty>
        <finishx number="143">52</finishx>
        <finishy number="143">62</finishy>
        <startx number="144">63</startx>
        <starty number="144">9</starty>
        <finishx number="144">22</finishx>
        <finishy number="144">5</finishy>
        <startx number="145">43</startx>
        <starty number="145">23</starty>
        <finishx number="145">63</finishx>
        <finishy number="145">14</finishy>
        <startx number="146">35</startx>
        <starty number="146">8</starty>
        <finishx number="146">48</finishx>
        <finishy number="146">22</finishy>
        <startx number="147">12</startx>
        <starty number="147">12</starty>
        <finishx number="147">1</finishx>
        <finishy number="147">32</finishy>
        <startx number="148">11</startx>
        <starty number="148">5</starty>
        <finishx number="148">50</finishx>
        <finishy number="148">54</finishy>
        <startx number="149">29</startx>
        <starty number="149">14</starty>
        <finishx number="149">49</finishx>
        <finishy number="149">1</finishy>
        <grid>
            <row>0 0 0 0 0 0 0 0 0 0 0 0 0 0 0 0 0 0 0 0 0 0 0 0 0 0 0 0 0 0 0 0 0 0 0 0 0 0 0 0 0 0 0 0 0 0 0 0 0 0 0 0 0 0 0 0 0 0 0 0 0 0 0 0</row>
            <row>0 0 0 0 0 0 0 0 0 0 0 0 0 0 0 0 0 0 0 0 0 0 0 0 0 0 0 0 0 0 0 0 0 0 0 0 0 0 0 0 0 0 0 0 0 0 0 0 0 0 0 0 0 0 0 0 0 0 0 0 0 0 0 0</row>
            <row>0 0 0 0 0 0 0 0 0 0 0 0 0 0 0 0 0 0 0 0 0 0 0 0 0 0 0 0 0 0 0 0 0 0 0 0 0 0 0 0 0 0 0 0 0 0 0 0 0 0 0 0 0 0 0 0 0 0 0 0 0 0 0 0</row>
            <row>0 0 0 0 0 0 0 0 0 0 0 0 0 0 0 0 0 0 0 0 0 0 0 0 0 0 0 0 0 0 0 0 0 0 0 0 0 0 0 0 0 0 0 0 0 0 0 0 0 0 0 0 0 0 0 0 0 0 0 0 0 0 0 0</row>
            <row>0 0 0 0 0 0 0 0 0 0 0 0 0 0 0 0 0 0 0 0 0 0 0 0 0 0 0 0 0 0 0 0 0 0 0 0 0 0 0 0 0 0 0 0 0 0 0 0 0 0 0 0 0 0 0 0 0 0 0 0 0 0 0 0</row>
            <row>0 0 0 0 0 0 0 0 0 0 0 0 0 0 0 0 0 0 0 0 0 0 0 0 0 0 0 0 0 0 0 0 0 0 0 0 0 0 0 0 0 0 0 0 0 0 0 0 0 0 0 0 0 0 0 0 0 0 0 0 0 0 0 0</row>
            <row>0 0 0 0 0 0 0 0 0 0 0 0 0 0 0 0 0 0 0 0 0 0 0 0 0 0 0 0 0 0 0 0 0 0 0 0 0 0 0 0 0 0 0 0 0 0 0 0 0 0 0 0 0 0 0 0 0 0 0 0 0 0 0 0</row>
            <row>0 0 0 0 0 0 0 0 0 0 0 0 0 0 0 0 0 0 0 0 0 0 0 0 0 0 0 0 0 0 0 0 0 0 0 0 0 0 0 0 0 0 0 0 0 0 0 0 0 0 0 0 0 0 0 0 0 0 0 0 0 0 0 0</row>
            <row>0 0 0 0 0 0 0 0 0 0 0 0 0 0 0 0 0 0 0 0 0 0 0 0 0 0 0 0 0 0 0 0 0 0 0 0 0 0 0 0 0 0 0 0 0 0 0 0 0 0 0 0 0 0 0 0 0 0 0 0 0 0 0 0</row>
            <row>0 0 0 0 0 0 0 0 0 0 0 0 0 0 0 0 0 0 0 0 0 0 0 0 0 0 0 0 0 0 0 0 0 0 0 0 0 0 0 0 0 0 0 0 0 0 0 0 0 0 0 0 0 0 0 0 0 0 0 0 0 0 0 0</row>
            <row>0 0 0 0 0 0 0 0 0 0 0 0 0 0 0 0 0 0 0 0 0 0 0 0 0 0 0 0 0 0 0 0 0 0 0 0 0 0 0 0 0 0 0 0 0 0 0 0 0 0 0 0 0 0 0 0 0 0 0 0 0 0 0 0</row>
            <row>0 0 0 0 0 0 0 0 0 0 0 0 0 0 0 0 0 0 0 0 0 0 0 0 0 0 0 0 0 0 0 0 0 0 0 0 0 0 0 0 0 0 0 0 0 0 0 0 0 0 0 0 0 0 0 0 0 0 0 0 0 0 0 0</row>
            <row>0 0 0 0 0 0 0 0 0 0 0 0 0 0 0 0 0 0 0 0 0 0 0 0 0 0 0 0 0 0 0 0 0 0 0 0 0 0 0 0 0 0 0 0 0 0 0 0 0 0 0 0 0 0 0 0 0 0 0 0 0 0 0 0</row>
            <row>0 0 0 0 0 0 0 0 0 0 0 0 0 0 0 0 0 0 0 0 0 0 0 0 0 0 0 0 0 0 0 0 0 0 0 0 0 0 0 0 0 0 0 0 0 0 0 0 0 0 0 0 0 0 0 0 0 0 0 0 0 0 0 0</row>
            <row>0 0 0 0 0 0 0 0 0 0 0 0 0 0 0 0 0 0 0 0 0 0 0 0 0 0 0 0 0 0 0 0 0 0 0 0 0 0 0 0 0 0 0 0 0 0 0 0 0 0 0 0 0 0 0 0 0 0 0 0 0 0 0 0</row>
            <row>0 0 0 0 0 0 0 0 0 0 0 0 0 0 0 0 0 0 0 0 0 0 0 0 0 0 0 0 0 0 0 0 0 0 0 0 0 0 0 0 0 0 0 0 0 0 0 0 0 0 0 0 0 0 0 0 0 0 0 0 0 0 0 0</row>
            <row>0 0 0 0 0 0 0 0 0 0 0 0 0 0 0 0 0 0 0 0 0 0 0 0 0 0 0 0 0 0 0 0 0 0 0 0 0 0 0 0 0 0 0 0 0 0 0 0 0 0 0 0 0 0 0 0 0 0 0 0 0 0 0 0</row>
            <row>0 0 0 0 0 0 0 0 0 0 0 0 0 0 0 0 0 0 0 0 0 0 0 0 0 0 0 0 0 0 0 0 0 0 0 0 0 0 0 0 0 0 0 0 0 0 0 0 0 0 0 0 0 0 0 0 0 0 0 0 0 0 0 0</row>
            <row>0 0 0 0 0 0 0 0 0 0 0 0 0 0 0 0 0 0 0 0 0 0 0 0 0 0 0 0 0 0 0 0 0 0 0 0 0 0 0 0 0 0 0 0 0 0 0 0 0 0 0 0 0 0 0 0 0 0 0 0 0 0 0 0</row>
            <row>0 0 0 0 0 0 0 0 0 0 0 0 0 0 0 0 0 0 0 0 0 0 0 0 0 0 0 0 0 0 0 0 0 0 0 0 0 0 0 0 0 0 0 0 0 0 0 0 0 0 0 0 0 0 0 0 0 0 0 0 0 0 0 0</row>
            <row>0 0 0 0 0 0 0 0 0 0 0 0 0 0 0 0 0 0 0 0 0 0 0 0 0 0 0 0 0 0 0 0 0 0 0 0 0 0 0 0 0 0 0 0 0 0 0 0 0 0 0 0 0 0 0 0 0 0 0 0 0 0 0 0</row>
            <row>0 0 0 0 0 0 0 0 0 0 0 0 0 0 0 0 0 0 0 0 0 0 0 0 0 0 0 0 0 0 0 0 0 0 0 0 0 0 0 0 0 0 0 0 0 0 0 0 0 0 0 0 0 0 0 0 0 0 0 0 0 0 0 0</row>
            <row>0 0 0 0 0 0 0 0 0 0 0 0 0 0 0 0 0 0 0 0 0 0 0 0 0 0 0 0 0 0 0 0 0 0 0 0 0 0 0 0 0 0 0 0 0 0 0 0 0 0 0 0 0 0 0 0 0 0 0 0 0 0 0 0</row>
            <row>0 0 0 0 0 0 0 0 0 0 0 0 0 0 0 0 0 0 0 0 0 0 0 0 0 0 0 0 0 0 0 0 0 0 0 0 0 0 0 0 0 0 0 0 0 0 0 0 0 0 0 0 0 0 0 0 0 0 0 0 0 0 0 0</row>
            <row>0 0 0 0 0 0 0 0 0 0 0 0 0 0 0 0 0 0 0 0 0 0 0 0 0 0 0 0 0 0 0 0 0 0 0 0 0 0 0 0 0 0 0 0 0 0 0 0 0 0 0 0 0 0 0 0 0 0 0 0 0 0 0 0</row>
            <row>0 0 0 0 0 0 0 0 0 0 0 0 0 0 0 0 0 0 0 0 0 0 0 0 0 0 0 0 0 0 0 0 0 0 0 0 0 0 0 0 0 0 0 0 0 0 0 0 0 0 0 0 0 0 0 0 0 0 0 0 0 0 0 0</row>
            <row>0 0 0 0 0 0 0 0 0 0 0 0 0 0 0 0 0 0 0 0 0 0 0 0 0 0 0 0 0 0 0 0 0 0 0 0 0 0 0 0 0 0 0 0 0 0 0 0 0 0 0 0 0 0 0 0 0 0 0 0 0 0 0 0</row>
            <row>0 0 0 0 0 0 0 0 0 0 0 0 0 0 0 0 0 0 0 0 0 0 0 0 0 0 0 0 0 0 0 0 0 0 0 0 0 0 0 0 0 0 0 0 0 0 0 0 0 0 0 0 0 0 0 0 0 0 0 0 0 0 0 0</row>
            <row>0 0 0 0 0 0 0 0 0 0 0 0 0 0 0 0 0 0 0 0 0 0 0 0 0 0 0 0 0 0 0 0 0 0 0 0 0 0 0 0 0 0 0 0 0 0 0 0 0 0 0 0 0 0 0 0 0 0 0 0 0 0 0 0</row>
            <row>0 0 0 0 0 0 0 0 0 0 0 0 0 0 0 0 0 0 0 0 0 0 0 0 0 0 0 0 0 0 0 0 0 0 0 0 0 0 0 0 0 0 0 0 0 0 0 0 0 0 0 0 0 0 0 0 0 0 0 0 0 0 0 0</row>
            <row>0 0 0 0 0 0 0 0 0 0 0 0 0 0 0 0 0 0 0 0 0 0 0 0 0 0 0 0 0 0 0 0 0 0 0 0 0 0 0 0 0 0 0 0 0 0 0 0 0 0 0 0 0 0 0 0 0 0 0 0 0 0 0 0</row>
            <row>0 0 0 0 0 0 0 0 0 0 0 0 0 0 0 0 0 0 0 0 0 0 0 0 0 0 0 0 0 0 0 0 0 0 0 0 0 0 0 0 0 0 0 0 0 0 0 0 0 0 0 0 0 0 0 0 0 0 0 0 0 0 0 0</row>
            <row>0 0 0 0 0 0 0 0 0 0 0 0 0 0 0 0 0 0 0 0 0 0 0 0 0 0 0 0 0 0 0 0 0 0 0 0 0 0 0 0 0 0 0 0 0 0 0 0 0 0 0 0 0 0 0 0 0 0 0 0 0 0 0 0</row>
            <row>0 0 0 0 0 0 0 0 0 0 0 0 0 0 0 0 0 0 0 0 0 0 0 0 0 0 0 0 0 0 0 0 0 0 0 0 0 0 0 0 0 0 0 0 0 0 0 0 0 0 0 0 0 0 0 0 0 0 0 0 0 0 0 0</row>
            <row>0 0 0 0 0 0 0 0 0 0 0 0 0 0 0 0 0 0 0 0 0 0 0 0 0 0 0 0 0 0 0 0 0 0 0 0 0 0 0 0 0 0 0 0 0 0 0 0 0 0 0 0 0 0 0 0 0 0 0 0 0 0 0 0</row>
            <row>0 0 0 0 0 0 0 0 0 0 0 0 0 0 0 0 0 0 0 0 0 0 0 0 0 0 0 0 0 0 0 0 0 0 0 0 0 0 0 0 0 0 0 0 0 0 0 0 0 0 0 0 0 0 0 0 0 0 0 0 0 0 0 0</row>
            <row>0 0 0 0 0 0 0 0 0 0 0 0 0 0 0 0 0 0 0 0 0 0 0 0 0 0 0 0 0 0 0 0 0 0 0 0 0 0 0 0 0 0 0 0 0 0 0 0 0 0 0 0 0 0 0 0 0 0 0 0 0 0 0 0</row>
            <row>0 0 0 0 0 0 0 0 0 0 0 0 0 0 0 0 0 0 0 0 0 0 0 0 0 0 0 0 0 0 0 0 0 0 0 0 0 0 0 0 0 0 0 0 0 0 0 0 0 0 0 0 0 0 0 0 0 0 0 0 0 0 0 0</row>
            <row>0 0 0 0 0 0 0 0 0 0 0 0 0 0 0 0 0 0 0 0 0 0 0 0 0 0 0 0 0 0 0 0 0 0 0 0 0 0 0 0 0 0 0 0 0 0 0 0 0 0 0 0 0 0 0 0 0 0 0 0 0 0 0 0</row>
            <row>0 0 0 0 0 0 0 0 0 0 0 0 0 0 0 0 0 0 0 0 0 0 0 0 0 0 0 0 0 0 0 0 0 0 0 0 0 0 0 0 0 0 0 0 0 0 0 0 0 0 0 0 0 0 0 0 0 0 0 0 0 0 0 0</row>
            <row>0 0 0 0 0 0 0 0 0 0 0 0 0 0 0 0 0 0 0 0 0 0 0 0 0 0 0 0 0 0 0 0 0 0 0 0 0 0 0 0 0 0 0 0 0 0 0 0 0 0 0 0 0 0 0 0 0 0 0 0 0 0 0 0</row>
            <row>0 0 0 0 0 0 0 0 0 0 0 0 0 0 0 0 0 0 0 0 0 0 0 0 0 0 0 0 0 0 0 0 0 0 0 0 0 0 0 0 0 0 0 0 0 0 0 0 0 0 0 0 0 0 0 0 0 0 0 0 0 0 0 0</row>
            <row>0 0 0 0 0 0 0 0 0 0 0 0 0 0 0 0 0 0 0 0 0 0 0 0 0 0 0 0 0 0 0 0 0 0 0 0 0 0 0 0 0 0 0 0 0 0 0 0 0 0 0 0 0 0 0 0 0 0 0 0 0 0 0 0</row>
            <row>0 0 0 0 0 0 0 0 0 0 0 0 0 0 0 0 0 0 0 0 0 0 0 0 0 0 0 0 0 0 0 0 0 0 0 0 0 0 0 0 0 0 0 0 0 0 0 0 0 0 0 0 0 0 0 0 0 0 0 0 0 0 0 0</row>
            <row>0 0 0 0 0 0 0 0 0 0 0 0 0 0 0 0 0 0 0 0 0 0 0 0 0 0 0 0 0 0 0 0 0 0 0 0 0 0 0 0 0 0 0 0 0 0 0 0 0 0 0 0 0 0 0 0 0 0 0 0 0 0 0 0</row>
            <row>0 0 0 0 0 0 0 0 0 0 0 0 0 0 0 0 0 0 0 0 0 0 0 0 0 0 0 0 0 0 0 0 0 0 0 0 0 0 0 0 0 0 0 0 0 0 0 0 0 0 0 0 0 0 0 0 0 0 0 0 0 0 0 0</row>
            <row>0 0 0 0 0 0 0 0 0 0 0 0 0 0 0 0 0 0 0 0 0 0 0 0 0 0 0 0 0 0 0 0 0 0 0 0 0 0 0 0 0 0 0 0 0 0 0 0 0 0 0 0 0 0 0 0 0 0 0 0 0 0 0 0</row>
            <row>0 0 0 0 0 0 0 0 0 0 0 0 0 0 0 0 0 0 0 0 0 0 0 0 0 0 0 0 0 0 0 0 0 0 0 0 0 0 0 0 0 0 0 0 0 0 0 0 0 0 0 0 0 0 0 0 0 0 0 0 0 0 0 0</row>
            <row>0 0 0 0 0 0 0 0 0 0 0 0 0 0 0 0 0 0 0 0 0 0 0 0 0 0 0 0 0 0 0 0 0 0 0 0 0 0 0 0 0 0 0 0 0 0 0 0 0 0 0 0 0 0 0 0 0 0 0 0 0 0 0 0</row>
            <row>0 0 0 0 0 0 0 0 0 0 0 0 0 0 0 0 0 0 0 0 0 0 0 0 0 0 0 0 0 0 0 0 0 0 0 0 0 0 0 0 0 0 0 0 0 0 0 0 0 0 0 0 0 0 0 0 0 0 0 0 0 0 0 0</row>
            <row>0 0 0 0 0 0 0 0 0 0 0 0 0 0 0 0 0 0 0 0 0 0 0 0 0 0 0 0 0 0 0 0 0 0 0 0 0 0 0 0 0 0 0 0 0 0 0 0 0 0 0 0 0 0 0 0 0 0 0 0 0 0 0 0</row>
            <row>0 0 0 0 0 0 0 0 0 0 0 0 0 0 0 0 0 0 0 0 0 0 0 0 0 0 0 0 0 0 0 0 0 0 0 0 0 0 0 0 0 0 0 0 0 0 0 0 0 0 0 0 0 0 0 0 0 0 0 0 0 0 0 0</row>
            <row>0 0 0 0 0 0 0 0 0 0 0 0 0 0 0 0 0 0 0 0 0 0 0 0 0 0 0 0 0 0 0 0 0 0 0 0 0 0 0 0 0 0 0 0 0 0 0 0 0 0 0 0 0 0 0 0 0 0 0 0 0 0 0 0</row>
            <row>0 0 0 0 0 0 0 0 0 0 0 0 0 0 0 0 0 0 0 0 0 0 0 0 0 0 0 0 0 0 0 0 0 0 0 0 0 0 0 0 0 0 0 0 0 0 0 0 0 0 0 0 0 0 0 0 0 0 0 0 0 0 0 0</row>
            <row>0 0 0 0 0 0 0 0 0 0 0 0 0 0 0 0 0 0 0 0 0 0 0 0 0 0 0 0 0 0 0 0 0 0 0 0 0 0 0 0 0 0 0 0 0 0 0 0 0 0 0 0 0 0 0 0 0 0 0 0 0 0 0 0</row>
            <row>0 0 0 0 0 0 0 0 0 0 0 0 0 0 0 0 0 0 0 0 0 0 0 0 0 0 0 0 0 0 0 0 0 0 0 0 0 0 0 0 0 0 0 0 0 0 0 0 0 0 0 0 0 0 0 0 0 0 0 0 0 0 0 0</row>
            <row>0 0 0 0 0 0 0 0 0 0 0 0 0 0 0 0 0 0 0 0 0 0 0 0 0 0 0 0 0 0 0 0 0 0 0 0 0 0 0 0 0 0 0 0 0 0 0 0 0 0 0 0 0 0 0 0 0 0 0 0 0 0 0 0</row>
            <row>0 0 0 0 0 0 0 0 0 0 0 0 0 0 0 0 0 0 0 0 0 0 0 0 0 0 0 0 0 0 0 0 0 0 0 0 0 0 0 0 0 0 0 0 0 0 0 0 0 0 0 0 0 0 0 0 0 0 0 0 0 0 0 0</row>
            <row>0 0 0 0 0 0 0 0 0 0 0 0 0 0 0 0 0 0 0 0 0 0 0 0 0 0 0 0 0 0 0 0 0 0 0 0 0 0 0 0 0 0 0 0 0 0 0 0 0 0 0 0 0 0 0 0 0 0 0 0 0 0 0 0</row>
            <row>0 0 0 0 0 0 0 0 0 0 0 0 0 0 0 0 0 0 0 0 0 0 0 0 0 0 0 0 0 0 0 0 0 0 0 0 0 0 0 0 0 0 0 0 0 0 0 0 0 0 0 0 0 0 0 0 0 0 0 0 0 0 0 0</row>
            <row>0 0 0 0 0 0 0 0 0 0 0 0 0 0 0 0 0 0 0 0 0 0 0 0 0 0 0 0 0 0 0 0 0 0 0 0 0 0 0 0 0 0 0 0 0 0 0 0 0 0 0 0 0 0 0 0 0 0 0 0 0 0 0 0</row>
            <row>0 0 0 0 0 0 0 0 0 0 0 0 0 0 0 0 0 0 0 0 0 0 0 0 0 0 0 0 0 0 0 0 0 0 0 0 0 0 0 0 0 0 0 0 0 0 0 0 0 0 0 0 0 0 0 0 0 0 0 0 0 0 0 0</row>
            <row>0 0 0 0 0 0 0 0 0 0 0 0 0 0 0 0 0 0 0 0 0 0 0 0 0 0 0 0 0 0 0 0 0 0 0 0 0 0 0 0 0 0 0 0 0 0 0 0 0 0 0 0 0 0 0 0 0 0 0 0 0 0 0 0</row>
            <row>0 0 0 0 0 0 0 0 0 0 0 0 0 0 0 0 0 0 0 0 0 0 0 0 0 0 0 0 0 0 0 0 0 0 0 0 0 0 0 0 0 0 0 0 0 0 0 0 0 0 0 0 0 0 0 0 0 0 0 0 0 0 0 0</row>
        </grid>
    </map>
    <algorithm>
        <allowanyangle>true</allowanyangle>
        <metrictype>euclid</metrictype>
        <breakingties>g-max</breakingties>
        <weight>1</weight>
    </algorithm>
    <options>
        <loglevel>1</loglevel>
        <logpath />
        <logfilename />
    </options>
</root>
