<?xml version="1.0" ?>
<root>
    <map>
        <width>64</width>
        <height>64</height>
        <agents>150</agents>
        <startx number="0">2</startx>
        <starty number="0">56</starty>
        <finishx number="0">0</finishx>
        <finishy number="0">27</finishy>
        <startx number="1">10</startx>
        <starty number="1">58</starty>
        <finishx number="1">63</finishx>
        <finishy number="1">17</finishy>
        <startx number="2">57</startx>
        <starty number="2">5</starty>
        <finishx number="2">37</finishx>
        <finishy number="2">56</finishy>
        <startx number="3">54</startx>
        <starty number="3">8</starty>
        <finishx number="3">38</finishx>
        <finishy number="3">32</finishy>
        <startx number="4">2</startx>
        <starty number="4">59</starty>
        <finishx number="4">41</finishx>
        <finishy number="4">44</finishy>
        <startx number="5">11</startx>
        <starty number="5">10</starty>
        <finishx number="5">48</finishx>
        <finishy number="5">35</finishy>
        <startx number="6">37</startx>
        <starty number="6">13</starty>
        <finishx number="6">35</finishx>
        <finishy number="6">6</finishy>
        <startx number="7">21</startx>
        <starty number="7">27</starty>
        <finishx number="7">45</finishx>
        <finishy number="7">31</finishy>
        <startx number="8">58</startx>
        <starty number="8">29</starty>
        <finishx number="8">38</finishx>
        <finishy number="8">2</finishy>
        <startx number="9">54</startx>
        <starty number="9">58</starty>
        <finishx number="9">43</finishx>
        <finishy number="9">2</finishy>
        <startx number="10">44</startx>
        <starty number="10">55</starty>
        <finishx number="10">49</finishx>
        <finishy number="10">17</finishy>
        <startx number="11">20</startx>
        <starty number="11">10</starty>
        <finishx number="11">6</finishx>
        <finishy number="11">55</finishy>
        <startx number="12">6</startx>
        <starty number="12">45</starty>
        <finishx number="12">29</finishx>
        <finishy number="12">10</finishy>
        <startx number="13">18</startx>
        <starty number="13">8</starty>
        <finishx number="13">22</finishx>
        <finishy number="13">32</finishy>
        <startx number="14">3</startx>
        <starty number="14">11</starty>
        <finishx number="14">14</finishx>
        <finishy number="14">1</finishy>
        <startx number="15">6</startx>
        <starty number="15">2</starty>
        <finishx number="15">52</finishx>
        <finishy number="15">29</finishy>
        <startx number="16">54</startx>
        <starty number="16">0</starty>
        <finishx number="16">16</finishx>
        <finishy number="16">54</finishy>
        <startx number="17">22</startx>
        <starty number="17">45</starty>
        <finishx number="17">7</finishx>
        <finishy number="17">61</finishy>
        <startx number="18">3</startx>
        <starty number="18">19</starty>
        <finishx number="18">35</finishx>
        <finishy number="18">3</finishy>
        <startx number="19">53</startx>
        <starty number="19">53</starty>
        <finishx number="19">16</finishx>
        <finishy number="19">14</finishy>
        <startx number="20">45</startx>
        <starty number="20">52</starty>
        <finishx number="20">57</finishx>
        <finishy number="20">13</finishy>
        <startx number="21">6</startx>
        <starty number="21">29</starty>
        <finishx number="21">43</finishx>
        <finishy number="21">42</finishy>
        <startx number="22">63</startx>
        <starty number="22">12</starty>
        <finishx number="22">32</finishx>
        <finishy number="22">62</finishy>
        <startx number="23">18</startx>
        <starty number="23">3</starty>
        <finishx number="23">55</finishx>
        <finishy number="23">32</finishy>
        <startx number="24">44</startx>
        <starty number="24">18</starty>
        <finishx number="24">35</finishx>
        <finishy number="24">43</finishy>
        <startx number="25">53</startx>
        <starty number="25">18</starty>
        <finishx number="25">60</finishx>
        <finishy number="25">55</finishy>
        <startx number="26">18</startx>
        <starty number="26">11</starty>
        <finishx number="26">10</finishx>
        <finishy number="26">23</finishy>
        <startx number="27">59</startx>
        <starty number="27">60</starty>
        <finishx number="27">8</finishx>
        <finishy number="27">7</finishy>
        <startx number="28">32</startx>
        <starty number="28">19</starty>
        <finishx number="28">29</finishx>
        <finishy number="28">4</finishy>
        <startx number="29">12</startx>
        <starty number="29">28</starty>
        <finishx number="29">25</finishx>
        <finishy number="29">26</finishy>
        <startx number="30">56</startx>
        <starty number="30">34</starty>
        <finishx number="30">29</finishx>
        <finishy number="30">25</finishy>
        <startx number="31">25</startx>
        <starty number="31">24</starty>
        <finishx number="31">41</finishx>
        <finishy number="31">18</finishy>
        <startx number="32">7</startx>
        <starty number="32">53</starty>
        <finishx number="32">43</finishx>
        <finishy number="32">34</finishy>
        <startx number="33">13</startx>
        <starty number="33">36</starty>
        <finishx number="33">37</finishx>
        <finishy number="33">30</finishy>
        <startx number="34">4</startx>
        <starty number="34">40</starty>
        <finishx number="34">6</finishx>
        <finishy number="34">35</finishy>
        <startx number="35">40</startx>
        <starty number="35">36</starty>
        <finishx number="35">31</finishx>
        <finishy number="35">49</finishy>
        <startx number="36">18</startx>
        <starty number="36">27</starty>
        <finishx number="36">1</finishx>
        <finishy number="36">22</finishy>
        <startx number="37">51</startx>
        <starty number="37">56</starty>
        <finishx number="37">1</finishx>
        <finishy number="37">30</finishy>
        <startx number="38">42</startx>
        <starty number="38">26</starty>
        <finishx number="38">14</finishx>
        <finishy number="38">12</finishy>
        <startx number="39">31</startx>
        <starty number="39">22</starty>
        <finishx number="39">22</finishx>
        <finishy number="39">0</finishy>
        <startx number="40">57</startx>
        <starty number="40">31</starty>
        <finishx number="40">39</finishx>
        <finishy number="40">61</finishy>
        <startx number="41">9</startx>
        <starty number="41">2</starty>
        <finishx number="41">28</finishx>
        <finishy number="41">7</finishy>
        <startx number="42">41</startx>
        <starty number="42">40</starty>
        <finishx number="42">2</finishx>
        <finishy number="42">17</finishy>
        <startx number="43">18</startx>
        <starty number="43">48</starty>
        <finishx number="43">20</finishx>
        <finishy number="43">29</finishy>
        <startx number="44">3</startx>
        <starty number="44">30</starty>
        <finishx number="44">51</finishx>
        <finishy number="44">3</finishy>
        <startx number="45">16</startx>
        <starty number="45">57</starty>
        <finishx number="45">41</finishx>
        <finishy number="45">13</finishy>
        <startx number="46">61</startx>
        <starty number="46">7</starty>
        <finishx number="46">5</finishx>
        <finishy number="46">10</finishy>
        <startx number="47">34</startx>
        <starty number="47">27</starty>
        <finishx number="47">48</finishx>
        <finishy number="47">33</finishy>
        <startx number="48">62</startx>
        <starty number="48">14</starty>
        <finishx number="48">30</finishx>
        <finishy number="48">44</finishy>
        <startx number="49">21</startx>
        <starty number="49">61</starty>
        <finishx number="49">2</finishx>
        <finishy number="49">27</finishy>
        <startx number="50">30</startx>
        <starty number="50">36</starty>
        <finishx number="50">14</finishx>
        <finishy number="50">17</finishy>
        <startx number="51">7</startx>
        <starty number="51">19</starty>
        <finishx number="51">26</finishx>
        <finishy number="51">50</finishy>
        <startx number="52">54</startx>
        <starty number="52">45</starty>
        <finishx number="52">38</finishx>
        <finishy number="52">0</finishy>
        <startx number="53">52</startx>
        <starty number="53">22</starty>
        <finishx number="53">39</finishx>
        <finishy number="53">48</finishy>
        <startx number="54">33</startx>
        <starty number="54">14</starty>
        <finishx number="54">47</finishx>
        <finishy number="54">62</finishy>
        <startx number="55">20</startx>
        <starty number="55">22</starty>
        <finishx number="55">7</finishx>
        <finishy number="55">5</finishy>
        <startx number="56">42</startx>
        <starty number="56">53</starty>
        <finishx number="56">58</finishx>
        <finishy number="56">58</finishy>
        <startx number="57">9</startx>
        <starty number="57">50</starty>
        <finishx number="57">55</finishx>
        <finishy number="57">5</finishy>
        <startx number="58">33</startx>
        <starty number="58">52</starty>
        <finishx number="58">44</finishx>
        <finishy number="58">57</finishy>
        <startx number="59">1</startx>
        <starty number="59">51</starty>
        <finishx number="59">31</finishx>
        <finishy number="59">33</finishy>
        <startx number="60">11</startx>
        <starty number="60">49</starty>
        <finishx number="60">49</finishx>
        <finishy number="60">38</finishy>
        <startx number="61">26</startx>
        <starty number="61">28</starty>
        <finishx number="61">14</finishx>
        <finishy number="61">4</finishy>
        <startx number="62">4</startx>
        <starty number="62">56</starty>
        <finishx number="62">47</finishx>
        <finishy number="62">4</finishy>
        <startx number="63">34</startx>
        <starty number="63">1</starty>
        <finishx number="63">37</finishx>
        <finishy number="63">48</finishy>
        <startx number="64">32</startx>
        <starty number="64">30</starty>
        <finishx number="64">44</finishx>
        <finishy number="64">4</finishy>
        <startx number="65">61</startx>
        <starty number="65">31</starty>
        <finishx number="65">11</finishx>
        <finishy number="65">26</finishy>
        <startx number="66">36</startx>
        <starty number="66">45</starty>
        <finishx number="66">7</finishx>
        <finishy number="66">50</finishy>
        <startx number="67">37</startx>
        <starty number="67">53</starty>
        <finishx number="67">20</finishx>
        <finishy number="67">56</finishy>
        <startx number="68">2</startx>
        <starty number="68">9</starty>
        <finishx number="68">35</finishx>
        <finishy number="68">53</finishy>
        <startx number="69">56</startx>
        <starty number="69">56</starty>
        <finishx number="69">36</finishx>
        <finishy number="69">21</finishy>
        <startx number="70">14</startx>
        <starty number="70">41</starty>
        <finishx number="70">9</finishx>
        <finishy number="70">18</finishy>
        <startx number="71">50</startx>
        <starty number="71">30</starty>
        <finishx number="71">12</finishx>
        <finishy number="71">55</finishy>
        <startx number="72">6</startx>
        <starty number="72">59</starty>
        <finishx number="72">20</finishx>
        <finishy number="72">53</finishy>
        <startx number="73">23</startx>
        <starty number="73">2</starty>
        <finishx number="73">27</finishx>
        <finishy number="73">41</finishy>
        <startx number="74">62</startx>
        <starty number="74">44</starty>
        <finishx number="74">5</finishx>
        <finishy number="74">61</finishy>
        <startx number="75">0</startx>
        <starty number="75">38</starty>
        <finishx number="75">29</finishx>
        <finishy number="75">18</finishy>
        <startx number="76">13</startx>
        <starty number="76">6</starty>
        <finishx number="76">61</finishx>
        <finishy number="76">20</finishy>
        <startx number="77">43</startx>
        <starty number="77">12</starty>
        <finishx number="77">9</finishx>
        <finishy number="77">29</finishy>
        <startx number="78">60</startx>
        <starty number="78">26</starty>
        <finishx number="78">40</finishx>
        <finishy number="78">58</finishy>
        <startx number="79">16</startx>
        <starty number="79">6</starty>
        <finishx number="79">48</finishx>
        <finishy number="79">54</finishy>
        <startx number="80">31</startx>
        <starty number="80">28</starty>
        <finishx number="80">45</finishx>
        <finishy number="80">1</finishy>
        <startx number="81">61</startx>
        <starty number="81">17</starty>
        <finishx number="81">14</finishx>
        <finishy number="81">23</finishy>
        <startx number="82">10</startx>
        <starty number="82">15</starty>
        <finishx number="82">28</finishx>
        <finishy number="82">23</finishy>
        <startx number="83">62</startx>
        <starty number="83">9</starty>
        <finishx number="83">54</finishx>
        <finishy number="83">26</finishy>
        <startx number="84">63</startx>
        <starty number="84">38</starty>
        <finishx number="84">37</finishx>
        <finishy number="84">61</finishy>
        <startx number="85">26</startx>
        <starty number="85">4</starty>
        <finishx number="85">4</finishx>
        <finishy number="85">14</finishy>
        <startx number="86">28</startx>
        <starty number="86">58</starty>
        <finishx number="86">35</finishx>
        <finishy number="86">17</finishy>
        <startx number="87">8</startx>
        <starty number="87">55</starty>
        <finishx number="87">36</finishx>
        <finishy number="87">11</finishy>
        <startx number="88">21</startx>
        <starty number="88">40</starty>
        <finishx number="88">33</finishx>
        <finishy number="88">35</finishy>
        <startx number="89">50</startx>
        <starty number="89">54</starty>
        <finishx number="89">12</finishx>
        <finishy number="89">2</finishy>
        <startx number="90">55</startx>
        <starty number="90">63</starty>
        <finishx number="90">16</finishx>
        <finishy number="90">9</finishy>
        <startx number="91">46</startx>
        <starty number="91">20</starty>
        <finishx number="91">12</finishx>
        <finishy number="91">60</finishy>
        <startx number="92">25</startx>
        <starty number="92">61</starty>
        <finishx number="92">48</finishx>
        <finishy number="92">49</finishy>
        <startx number="93">16</startx>
        <starty number="93">22</starty>
        <finishx number="93">23</finishx>
        <finishy number="93">29</finishy>
        <startx number="94">49</startx>
        <starty number="94">62</starty>
        <finishx number="94">44</finishx>
        <finishy number="94">22</finishy>
        <startx number="95">63</startx>
        <starty number="95">22</starty>
        <finishx number="95">57</finishx>
        <finishy number="95">15</finishy>
        <startx number="96">31</startx>
        <starty number="96">54</starty>
        <finishx number="96">49</finishx>
        <finishy number="96">46</finishy>
        <startx number="97">52</startx>
        <starty number="97">25</starty>
        <finishx number="97">22</finishx>
        <finishy number="97">50</finishy>
        <startx number="98">3</startx>
        <starty number="98">43</starty>
        <finishx number="98">48</finishx>
        <finishy number="98">6</finishy>
        <startx number="99">10</startx>
        <starty number="99">39</starty>
        <finishx number="99">45</finishx>
        <finishy number="99">12</finishy>
        <startx number="100">50</startx>
        <starty number="100">9</starty>
        <finishx number="100">44</finishx>
        <finishy number="100">36</finishy>
        <startx number="101">46</startx>
        <starty number="101">55</starty>
        <finishx number="101">33</finishx>
        <finishy number="101">12</finishy>
        <startx number="102">13</startx>
        <starty number="102">52</starty>
        <finishx number="102">23</finishx>
        <finishy number="102">61</finishy>
        <startx number="103">41</startx>
        <starty number="103">50</starty>
        <finishx number="103">28</finishx>
        <finishy number="103">15</finishy>
        <startx number="104">0</startx>
        <starty number="104">62</starty>
        <finishx number="104">34</finishx>
        <finishy number="104">40</finishy>
        <startx number="105">40</startx>
        <starty number="105">53</starty>
        <finishx number="105">5</finishx>
        <finishy number="105">6</finishy>
        <startx number="106">61</startx>
        <starty number="106">41</starty>
        <finishx number="106">28</finishx>
        <finishy number="106">44</finishy>
        <startx number="107">33</startx>
        <starty number="107">9</starty>
        <finishx number="107">5</finishx>
        <finishy number="107">24</finishy>
        <startx number="108">13</startx>
        <starty number="108">15</starty>
        <finishx number="108">7</finishx>
        <finishy number="108">31</finishy>
        <startx number="109">56</startx>
        <starty number="109">45</starty>
        <finishx number="109">29</finishx>
        <finishy number="109">20</finishy>
        <startx number="110">45</startx>
        <starty number="110">49</starty>
        <finishx number="110">7</finishx>
        <finishy number="110">43</finishy>
        <startx number="111">30</startx>
        <starty number="111">47</starty>
        <finishx number="111">19</finishx>
        <finishy number="111">62</finishy>
        <startx number="112">39</startx>
        <starty number="112">21</starty>
        <finishx number="112">50</finishx>
        <finishy number="112">49</finishy>
        <startx number="113">24</startx>
        <starty number="113">0</starty>
        <finishx number="113">31</finishx>
        <finishy number="113">52</finishy>
        <startx number="114">54</startx>
        <starty number="114">48</starty>
        <finishx number="114">25</finishx>
        <finishy number="114">55</finishy>
        <startx number="115">0</startx>
        <starty number="115">4</starty>
        <finishx number="115">5</finishx>
        <finishy number="115">8</finishy>
        <startx number="116">14</startx>
        <starty number="116">54</starty>
        <finishx number="116">4</finishx>
        <finishy number="116">46</finishy>
        <startx number="117">34</startx>
        <starty number="117">19</starty>
        <finishx number="117">9</finishx>
        <finishy number="117">31</finishy>
        <startx number="118">51</startx>
        <starty number="118">27</starty>
        <finishx number="118">11</finishx>
        <finishy number="118">34</finishy>
        <startx number="119">54</startx>
        <starty number="119">21</starty>
        <finishx number="119">37</finishx>
        <finishy number="119">8</finishy>
        <startx number="120">0</startx>
        <starty number="120">12</starty>
        <finishx number="120">27</finishx>
        <finishy number="120">31</finishy>
        <startx number="121">5</startx>
        <starty number="121">38</starty>
        <finishx number="121">0</finishx>
        <finishy number="121">9</finishy>
        <startx number="122">12</startx>
        <starty number="122">39</starty>
        <finishx number="122">25</finishx>
        <finishy number="122">21</finishy>
        <startx number="123">16</startx>
        <starty number="123">11</starty>
        <finishx number="123">23</finishx>
        <finishy number="123">34</finishy>
        <startx number="124">43</startx>
        <starty number="124">15</starty>
        <finishx number="124">60</finishx>
        <finishy number="124">63</finishy>
        <startx number="125">14</startx>
        <starty number="125">44</starty>
        <finishx number="125">52</finishx>
        <finishy number="125">8</finishy>
        <startx number="126">30</startx>
        <starty number="126">39</starty>
        <finishx number="126">0</finishx>
        <finishy number="126">33</finishy>
        <startx number="127">4</startx>
        <starty number="127">3</starty>
        <finishx number="127">55</finishx>
        <finishy number="127">23</finishy>
        <startx number="128">47</startx>
        <starty number="128">44</starty>
        <finishx number="128">16</finishx>
        <finishy number="128">38</finishy>
        <startx number="129">37</startx>
        <starty number="129">37</starty>
        <finishx number="129">44</finishx>
        <finishy number="129">61</finishy>
        <startx number="130">41</startx>
        <starty number="130">32</starty>
        <finishx number="130">44</finishx>
        <finishy number="130">39</finishy>
        <startx number="131">1</startx>
        <starty number="131">48</starty>
        <finishx number="131">35</finishx>
        <finishy number="131">62</finishy>
        <startx number="132">54</startx>
        <starty number="132">61</starty>
        <finishx number="132">31</finishx>
        <finishy number="132">57</finishy>
        <startx number="133">3</startx>
        <starty number="133">51</starty>
        <finishx number="133">16</finishx>
        <finishy number="133">47</finishy>
        <startx number="134">16</startx>
        <starty number="134">36</starty>
        <finishx number="134">24</finishx>
        <finishy number="134">63</finishy>
        <startx number="135">28</startx>
        <starty number="135">50</starty>
        <finishx number="135">15</finishx>
        <finishy number="135">33</finishy>
        <startx number="136">27</startx>
        <starty number="136">47</starty>
        <finishx number="136">38</finishx>
        <finishy number="136">16</finishy>
        <startx number="137">17</startx>
        <starty number="137">33</starty>
        <finishx number="137">25</finishx>
        <finishy number="137">37</finishy>
        <startx number="138">4</startx>
        <starty number="138">16</starty>
        <finishx number="138">59</finishx>
        <finishy number="138">31</finishy>
        <startx number="139">0</startx>
        <starty number="139">14</starty>
        <finishx number="139">20</finishx>
        <finishy number="139">8</finishy>
        <startx number="140">7</startx>
        <starty number="140">23</starty>
        <finishx number="140">9</finishx>
        <finishy number="140">10</finishy>
        <startx number="141">58</startx>
        <starty number="141">47</starty>
        <finishx number="141">21</finishx>
        <finishy number="141">24</finishy>
        <startx number="142">5</startx>
        <starty number="142">19</starty>
        <finishx number="142">30</finishx>
        <finishy number="142">62</finishy>
        <startx number="143">38</startx>
        <starty number="143">46</starty>
        <finishx number="143">49</finishx>
        <finishy number="143">41</finishy>
        <startx number="144">27</startx>
        <starty number="144">34</starty>
        <finishx number="144">39</finishx>
        <finishy number="144">18</finishy>
        <startx number="145">56</startx>
        <starty number="145">2</starty>
        <finishx number="145">61</finishx>
        <finishy number="145">57</finishy>
        <startx number="146">18</startx>
        <starty number="146">43</starty>
        <finishx number="146">44</finishx>
        <finishy number="146">28</finishy>
        <startx number="147">22</startx>
        <starty number="147">11</starty>
        <finishx number="147">50</finishx>
        <finishy number="147">19</finishy>
        <startx number="148">23</startx>
        <starty number="148">8</starty>
        <finishx number="148">57</finishx>
        <finishy number="148">42</finishy>
        <startx number="149">28</startx>
        <starty number="149">60</starty>
        <finishx number="149">33</finishx>
        <finishy number="149">43</finishy>
        <grid>
            <row>0 0 0 0 0 0 0 0 0 0 0 0 0 0 0 0 0 0 0 0 0 0 0 0 0 0 0 0 0 0 0 0 0 0 0 0 0 0 0 0 0 0 0 0 0 0 0 0 0 0 0 0 0 0 0 0 0 0 0 0 0 0 0 0</row>
            <row>0 0 0 0 0 0 0 0 0 0 0 0 0 0 0 0 0 0 0 0 0 0 0 0 0 0 0 0 0 0 0 0 0 0 0 0 0 0 0 0 0 0 0 0 0 0 0 0 0 0 0 0 0 0 0 0 0 0 0 0 0 0 0 0</row>
            <row>0 0 0 0 0 0 0 0 0 0 0 0 0 0 0 0 0 0 0 0 0 0 0 0 0 0 0 0 0 0 0 0 0 0 0 0 0 0 0 0 0 0 0 0 0 0 0 0 0 0 0 0 0 0 0 0 0 0 0 0 0 0 0 0</row>
            <row>0 0 0 0 0 0 0 0 0 0 0 0 0 0 0 0 0 0 0 0 0 0 0 0 0 0 0 0 0 0 0 0 0 0 0 0 0 0 0 0 0 0 0 0 0 0 0 0 0 0 0 0 0 0 0 0 0 0 0 0 0 0 0 0</row>
            <row>0 0 0 0 0 0 0 0 0 0 0 0 0 0 0 0 0 0 0 0 0 0 0 0 0 0 0 0 0 0 0 0 0 0 0 0 0 0 0 0 0 0 0 0 0 0 0 0 0 0 0 0 0 0 0 0 0 0 0 0 0 0 0 0</row>
            <row>0 0 0 0 0 0 0 0 0 0 0 0 0 0 0 0 0 0 0 0 0 0 0 0 0 0 0 0 0 0 0 0 0 0 0 0 0 0 0 0 0 0 0 0 0 0 0 0 0 0 0 0 0 0 0 0 0 0 0 0 0 0 0 0</row>
            <row>0 0 0 0 0 0 0 0 0 0 0 0 0 0 0 0 0 0 0 0 0 0 0 0 0 0 0 0 0 0 0 0 0 0 0 0 0 0 0 0 0 0 0 0 0 0 0 0 0 0 0 0 0 0 0 0 0 0 0 0 0 0 0 0</row>
            <row>0 0 0 0 0 0 0 0 0 0 0 0 0 0 0 0 0 0 0 0 0 0 0 0 0 0 0 0 0 0 0 0 0 0 0 0 0 0 0 0 0 0 0 0 0 0 0 0 0 0 0 0 0 0 0 0 0 0 0 0 0 0 0 0</row>
            <row>0 0 0 0 0 0 0 0 0 0 0 0 0 0 0 0 0 0 0 0 0 0 0 0 0 0 0 0 0 0 0 0 0 0 0 0 0 0 0 0 0 0 0 0 0 0 0 0 0 0 0 0 0 0 0 0 0 0 0 0 0 0 0 0</row>
            <row>0 0 0 0 0 0 0 0 0 0 0 0 0 0 0 0 0 0 0 0 0 0 0 0 0 0 0 0 0 0 0 0 0 0 0 0 0 0 0 0 0 0 0 0 0 0 0 0 0 0 0 0 0 0 0 0 0 0 0 0 0 0 0 0</row>
            <row>0 0 0 0 0 0 0 0 0 0 0 0 0 0 0 0 0 0 0 0 0 0 0 0 0 0 0 0 0 0 0 0 0 0 0 0 0 0 0 0 0 0 0 0 0 0 0 0 0 0 0 0 0 0 0 0 0 0 0 0 0 0 0 0</row>
            <row>0 0 0 0 0 0 0 0 0 0 0 0 0 0 0 0 0 0 0 0 0 0 0 0 0 0 0 0 0 0 0 0 0 0 0 0 0 0 0 0 0 0 0 0 0 0 0 0 0 0 0 0 0 0 0 0 0 0 0 0 0 0 0 0</row>
            <row>0 0 0 0 0 0 0 0 0 0 0 0 0 0 0 0 0 0 0 0 0 0 0 0 0 0 0 0 0 0 0 0 0 0 0 0 0 0 0 0 0 0 0 0 0 0 0 0 0 0 0 0 0 0 0 0 0 0 0 0 0 0 0 0</row>
            <row>0 0 0 0 0 0 0 0 0 0 0 0 0 0 0 0 0 0 0 0 0 0 0 0 0 0 0 0 0 0 0 0 0 0 0 0 0 0 0 0 0 0 0 0 0 0 0 0 0 0 0 0 0 0 0 0 0 0 0 0 0 0 0 0</row>
            <row>0 0 0 0 0 0 0 0 0 0 0 0 0 0 0 0 0 0 0 0 0 0 0 0 0 0 0 0 0 0 0 0 0 0 0 0 0 0 0 0 0 0 0 0 0 0 0 0 0 0 0 0 0 0 0 0 0 0 0 0 0 0 0 0</row>
            <row>0 0 0 0 0 0 0 0 0 0 0 0 0 0 0 0 0 0 0 0 0 0 0 0 0 0 0 0 0 0 0 0 0 0 0 0 0 0 0 0 0 0 0 0 0 0 0 0 0 0 0 0 0 0 0 0 0 0 0 0 0 0 0 0</row>
            <row>0 0 0 0 0 0 0 0 0 0 0 0 0 0 0 0 0 0 0 0 0 0 0 0 0 0 0 0 0 0 0 0 0 0 0 0 0 0 0 0 0 0 0 0 0 0 0 0 0 0 0 0 0 0 0 0 0 0 0 0 0 0 0 0</row>
            <row>0 0 0 0 0 0 0 0 0 0 0 0 0 0 0 0 0 0 0 0 0 0 0 0 0 0 0 0 0 0 0 0 0 0 0 0 0 0 0 0 0 0 0 0 0 0 0 0 0 0 0 0 0 0 0 0 0 0 0 0 0 0 0 0</row>
            <row>0 0 0 0 0 0 0 0 0 0 0 0 0 0 0 0 0 0 0 0 0 0 0 0 0 0 0 0 0 0 0 0 0 0 0 0 0 0 0 0 0 0 0 0 0 0 0 0 0 0 0 0 0 0 0 0 0 0 0 0 0 0 0 0</row>
            <row>0 0 0 0 0 0 0 0 0 0 0 0 0 0 0 0 0 0 0 0 0 0 0 0 0 0 0 0 0 0 0 0 0 0 0 0 0 0 0 0 0 0 0 0 0 0 0 0 0 0 0 0 0 0 0 0 0 0 0 0 0 0 0 0</row>
            <row>0 0 0 0 0 0 0 0 0 0 0 0 0 0 0 0 0 0 0 0 0 0 0 0 0 0 0 0 0 0 0 0 0 0 0 0 0 0 0 0 0 0 0 0 0 0 0 0 0 0 0 0 0 0 0 0 0 0 0 0 0 0 0 0</row>
            <row>0 0 0 0 0 0 0 0 0 0 0 0 0 0 0 0 0 0 0 0 0 0 0 0 0 0 0 0 0 0 0 0 0 0 0 0 0 0 0 0 0 0 0 0 0 0 0 0 0 0 0 0 0 0 0 0 0 0 0 0 0 0 0 0</row>
            <row>0 0 0 0 0 0 0 0 0 0 0 0 0 0 0 0 0 0 0 0 0 0 0 0 0 0 0 0 0 0 0 0 0 0 0 0 0 0 0 0 0 0 0 0 0 0 0 0 0 0 0 0 0 0 0 0 0 0 0 0 0 0 0 0</row>
            <row>0 0 0 0 0 0 0 0 0 0 0 0 0 0 0 0 0 0 0 0 0 0 0 0 0 0 0 0 0 0 0 0 0 0 0 0 0 0 0 0 0 0 0 0 0 0 0 0 0 0 0 0 0 0 0 0 0 0 0 0 0 0 0 0</row>
            <row>0 0 0 0 0 0 0 0 0 0 0 0 0 0 0 0 0 0 0 0 0 0 0 0 0 0 0 0 0 0 0 0 0 0 0 0 0 0 0 0 0 0 0 0 0 0 0 0 0 0 0 0 0 0 0 0 0 0 0 0 0 0 0 0</row>
            <row>0 0 0 0 0 0 0 0 0 0 0 0 0 0 0 0 0 0 0 0 0 0 0 0 0 0 0 0 0 0 0 0 0 0 0 0 0 0 0 0 0 0 0 0 0 0 0 0 0 0 0 0 0 0 0 0 0 0 0 0 0 0 0 0</row>
            <row>0 0 0 0 0 0 0 0 0 0 0 0 0 0 0 0 0 0 0 0 0 0 0 0 0 0 0 0 0 0 0 0 0 0 0 0 0 0 0 0 0 0 0 0 0 0 0 0 0 0 0 0 0 0 0 0 0 0 0 0 0 0 0 0</row>
            <row>0 0 0 0 0 0 0 0 0 0 0 0 0 0 0 0 0 0 0 0 0 0 0 0 0 0 0 0 0 0 0 0 0 0 0 0 0 0 0 0 0 0 0 0 0 0 0 0 0 0 0 0 0 0 0 0 0 0 0 0 0 0 0 0</row>
            <row>0 0 0 0 0 0 0 0 0 0 0 0 0 0 0 0 0 0 0 0 0 0 0 0 0 0 0 0 0 0 0 0 0 0 0 0 0 0 0 0 0 0 0 0 0 0 0 0 0 0 0 0 0 0 0 0 0 0 0 0 0 0 0 0</row>
            <row>0 0 0 0 0 0 0 0 0 0 0 0 0 0 0 0 0 0 0 0 0 0 0 0 0 0 0 0 0 0 0 0 0 0 0 0 0 0 0 0 0 0 0 0 0 0 0 0 0 0 0 0 0 0 0 0 0 0 0 0 0 0 0 0</row>
            <row>0 0 0 0 0 0 0 0 0 0 0 0 0 0 0 0 0 0 0 0 0 0 0 0 0 0 0 0 0 0 0 0 0 0 0 0 0 0 0 0 0 0 0 0 0 0 0 0 0 0 0 0 0 0 0 0 0 0 0 0 0 0 0 0</row>
            <row>0 0 0 0 0 0 0 0 0 0 0 0 0 0 0 0 0 0 0 0 0 0 0 0 0 0 0 0 0 0 0 0 0 0 0 0 0 0 0 0 0 0 0 0 0 0 0 0 0 0 0 0 0 0 0 0 0 0 0 0 0 0 0 0</row>
            <row>0 0 0 0 0 0 0 0 0 0 0 0 0 0 0 0 0 0 0 0 0 0 0 0 0 0 0 0 0 0 0 0 0 0 0 0 0 0 0 0 0 0 0 0 0 0 0 0 0 0 0 0 0 0 0 0 0 0 0 0 0 0 0 0</row>
            <row>0 0 0 0 0 0 0 0 0 0 0 0 0 0 0 0 0 0 0 0 0 0 0 0 0 0 0 0 0 0 0 0 0 0 0 0 0 0 0 0 0 0 0 0 0 0 0 0 0 0 0 0 0 0 0 0 0 0 0 0 0 0 0 0</row>
            <row>0 0 0 0 0 0 0 0 0 0 0 0 0 0 0 0 0 0 0 0 0 0 0 0 0 0 0 0 0 0 0 0 0 0 0 0 0 0 0 0 0 0 0 0 0 0 0 0 0 0 0 0 0 0 0 0 0 0 0 0 0 0 0 0</row>
            <row>0 0 0 0 0 0 0 0 0 0 0 0 0 0 0 0 0 0 0 0 0 0 0 0 0 0 0 0 0 0 0 0 0 0 0 0 0 0 0 0 0 0 0 0 0 0 0 0 0 0 0 0 0 0 0 0 0 0 0 0 0 0 0 0</row>
            <row>0 0 0 0 0 0 0 0 0 0 0 0 0 0 0 0 0 0 0 0 0 0 0 0 0 0 0 0 0 0 0 0 0 0 0 0 0 0 0 0 0 0 0 0 0 0 0 0 0 0 0 0 0 0 0 0 0 0 0 0 0 0 0 0</row>
            <row>0 0 0 0 0 0 0 0 0 0 0 0 0 0 0 0 0 0 0 0 0 0 0 0 0 0 0 0 0 0 0 0 0 0 0 0 0 0 0 0 0 0 0 0 0 0 0 0 0 0 0 0 0 0 0 0 0 0 0 0 0 0 0 0</row>
            <row>0 0 0 0 0 0 0 0 0 0 0 0 0 0 0 0 0 0 0 0 0 0 0 0 0 0 0 0 0 0 0 0 0 0 0 0 0 0 0 0 0 0 0 0 0 0 0 0 0 0 0 0 0 0 0 0 0 0 0 0 0 0 0 0</row>
            <row>0 0 0 0 0 0 0 0 0 0 0 0 0 0 0 0 0 0 0 0 0 0 0 0 0 0 0 0 0 0 0 0 0 0 0 0 0 0 0 0 0 0 0 0 0 0 0 0 0 0 0 0 0 0 0 0 0 0 0 0 0 0 0 0</row>
            <row>0 0 0 0 0 0 0 0 0 0 0 0 0 0 0 0 0 0 0 0 0 0 0 0 0 0 0 0 0 0 0 0 0 0 0 0 0 0 0 0 0 0 0 0 0 0 0 0 0 0 0 0 0 0 0 0 0 0 0 0 0 0 0 0</row>
            <row>0 0 0 0 0 0 0 0 0 0 0 0 0 0 0 0 0 0 0 0 0 0 0 0 0 0 0 0 0 0 0 0 0 0 0 0 0 0 0 0 0 0 0 0 0 0 0 0 0 0 0 0 0 0 0 0 0 0 0 0 0 0 0 0</row>
            <row>0 0 0 0 0 0 0 0 0 0 0 0 0 0 0 0 0 0 0 0 0 0 0 0 0 0 0 0 0 0 0 0 0 0 0 0 0 0 0 0 0 0 0 0 0 0 0 0 0 0 0 0 0 0 0 0 0 0 0 0 0 0 0 0</row>
            <row>0 0 0 0 0 0 0 0 0 0 0 0 0 0 0 0 0 0 0 0 0 0 0 0 0 0 0 0 0 0 0 0 0 0 0 0 0 0 0 0 0 0 0 0 0 0 0 0 0 0 0 0 0 0 0 0 0 0 0 0 0 0 0 0</row>
            <row>0 0 0 0 0 0 0 0 0 0 0 0 0 0 0 0 0 0 0 0 0 0 0 0 0 0 0 0 0 0 0 0 0 0 0 0 0 0 0 0 0 0 0 0 0 0 0 0 0 0 0 0 0 0 0 0 0 0 0 0 0 0 0 0</row>
            <row>0 0 0 0 0 0 0 0 0 0 0 0 0 0 0 0 0 0 0 0 0 0 0 0 0 0 0 0 0 0 0 0 0 0 0 0 0 0 0 0 0 0 0 0 0 0 0 0 0 0 0 0 0 0 0 0 0 0 0 0 0 0 0 0</row>
            <row>0 0 0 0 0 0 0 0 0 0 0 0 0 0 0 0 0 0 0 0 0 0 0 0 0 0 0 0 0 0 0 0 0 0 0 0 0 0 0 0 0 0 0 0 0 0 0 0 0 0 0 0 0 0 0 0 0 0 0 0 0 0 0 0</row>
            <row>0 0 0 0 0 0 0 0 0 0 0 0 0 0 0 0 0 0 0 0 0 0 0 0 0 0 0 0 0 0 0 0 0 0 0 0 0 0 0 0 0 0 0 0 0 0 0 0 0 0 0 0 0 0 0 0 0 0 0 0 0 0 0 0</row>
            <row>0 0 0 0 0 0 0 0 0 0 0 0 0 0 0 0 0 0 0 0 0 0 0 0 0 0 0 0 0 0 0 0 0 0 0 0 0 0 0 0 0 0 0 0 0 0 0 0 0 0 0 0 0 0 0 0 0 0 0 0 0 0 0 0</row>
            <row>0 0 0 0 0 0 0 0 0 0 0 0 0 0 0 0 0 0 0 0 0 0 0 0 0 0 0 0 0 0 0 0 0 0 0 0 0 0 0 0 0 0 0 0 0 0 0 0 0 0 0 0 0 0 0 0 0 0 0 0 0 0 0 0</row>
            <row>0 0 0 0 0 0 0 0 0 0 0 0 0 0 0 0 0 0 0 0 0 0 0 0 0 0 0 0 0 0 0 0 0 0 0 0 0 0 0 0 0 0 0 0 0 0 0 0 0 0 0 0 0 0 0 0 0 0 0 0 0 0 0 0</row>
            <row>0 0 0 0 0 0 0 0 0 0 0 0 0 0 0 0 0 0 0 0 0 0 0 0 0 0 0 0 0 0 0 0 0 0 0 0 0 0 0 0 0 0 0 0 0 0 0 0 0 0 0 0 0 0 0 0 0 0 0 0 0 0 0 0</row>
            <row>0 0 0 0 0 0 0 0 0 0 0 0 0 0 0 0 0 0 0 0 0 0 0 0 0 0 0 0 0 0 0 0 0 0 0 0 0 0 0 0 0 0 0 0 0 0 0 0 0 0 0 0 0 0 0 0 0 0 0 0 0 0 0 0</row>
            <row>0 0 0 0 0 0 0 0 0 0 0 0 0 0 0 0 0 0 0 0 0 0 0 0 0 0 0 0 0 0 0 0 0 0 0 0 0 0 0 0 0 0 0 0 0 0 0 0 0 0 0 0 0 0 0 0 0 0 0 0 0 0 0 0</row>
            <row>0 0 0 0 0 0 0 0 0 0 0 0 0 0 0 0 0 0 0 0 0 0 0 0 0 0 0 0 0 0 0 0 0 0 0 0 0 0 0 0 0 0 0 0 0 0 0 0 0 0 0 0 0 0 0 0 0 0 0 0 0 0 0 0</row>
            <row>0 0 0 0 0 0 0 0 0 0 0 0 0 0 0 0 0 0 0 0 0 0 0 0 0 0 0 0 0 0 0 0 0 0 0 0 0 0 0 0 0 0 0 0 0 0 0 0 0 0 0 0 0 0 0 0 0 0 0 0 0 0 0 0</row>
            <row>0 0 0 0 0 0 0 0 0 0 0 0 0 0 0 0 0 0 0 0 0 0 0 0 0 0 0 0 0 0 0 0 0 0 0 0 0 0 0 0 0 0 0 0 0 0 0 0 0 0 0 0 0 0 0 0 0 0 0 0 0 0 0 0</row>
            <row>0 0 0 0 0 0 0 0 0 0 0 0 0 0 0 0 0 0 0 0 0 0 0 0 0 0 0 0 0 0 0 0 0 0 0 0 0 0 0 0 0 0 0 0 0 0 0 0 0 0 0 0 0 0 0 0 0 0 0 0 0 0 0 0</row>
            <row>0 0 0 0 0 0 0 0 0 0 0 0 0 0 0 0 0 0 0 0 0 0 0 0 0 0 0 0 0 0 0 0 0 0 0 0 0 0 0 0 0 0 0 0 0 0 0 0 0 0 0 0 0 0 0 0 0 0 0 0 0 0 0 0</row>
            <row>0 0 0 0 0 0 0 0 0 0 0 0 0 0 0 0 0 0 0 0 0 0 0 0 0 0 0 0 0 0 0 0 0 0 0 0 0 0 0 0 0 0 0 0 0 0 0 0 0 0 0 0 0 0 0 0 0 0 0 0 0 0 0 0</row>
            <row>0 0 0 0 0 0 0 0 0 0 0 0 0 0 0 0 0 0 0 0 0 0 0 0 0 0 0 0 0 0 0 0 0 0 0 0 0 0 0 0 0 0 0 0 0 0 0 0 0 0 0 0 0 0 0 0 0 0 0 0 0 0 0 0</row>
            <row>0 0 0 0 0 0 0 0 0 0 0 0 0 0 0 0 0 0 0 0 0 0 0 0 0 0 0 0 0 0 0 0 0 0 0 0 0 0 0 0 0 0 0 0 0 0 0 0 0 0 0 0 0 0 0 0 0 0 0 0 0 0 0 0</row>
            <row>0 0 0 0 0 0 0 0 0 0 0 0 0 0 0 0 0 0 0 0 0 0 0 0 0 0 0 0 0 0 0 0 0 0 0 0 0 0 0 0 0 0 0 0 0 0 0 0 0 0 0 0 0 0 0 0 0 0 0 0 0 0 0 0</row>
            <row>0 0 0 0 0 0 0 0 0 0 0 0 0 0 0 0 0 0 0 0 0 0 0 0 0 0 0 0 0 0 0 0 0 0 0 0 0 0 0 0 0 0 0 0 0 0 0 0 0 0 0 0 0 0 0 0 0 0 0 0 0 0 0 0</row>
        </grid>
    </map>
    <algorithm>
        <allowanyangle>true</allowanyangle>
        <metrictype>euclid</metrictype>
        <breakingties>g-max</breakingties>
        <weight>1</weight>
    </algorithm>
    <options>
        <loglevel>1</loglevel>
        <logpath />
        <logfilename />
    </options>
</root>
