<?xml version="1.0" ?>
<root>
    <map>
        <width>64</width>
        <height>64</height>
        <agents>250</agents>
        <startx number="0">56</startx>
        <starty number="0">2</starty>
        <finishx number="0">42</finishx>
        <finishy number="0">50</finishy>
        <startx number="1">5</startx>
        <starty number="1">16</starty>
        <finishx number="1">30</finishx>
        <finishy number="1">25</finishy>
        <startx number="2">22</startx>
        <starty number="2">53</starty>
        <finishx number="2">16</finishx>
        <finishy number="2">17</finishy>
        <startx number="3">25</startx>
        <starty number="3">58</starty>
        <finishx number="3">38</finishx>
        <finishy number="3">0</finishy>
        <startx number="4">38</startx>
        <starty number="4">48</starty>
        <finishx number="4">33</finishx>
        <finishy number="4">27</finishy>
        <startx number="5">1</startx>
        <starty number="5">51</starty>
        <finishx number="5">8</finishx>
        <finishy number="5">13</finishy>
        <startx number="6">46</startx>
        <starty number="6">20</starty>
        <finishx number="6">10</finishx>
        <finishy number="6">31</finishy>
        <startx number="7">61</startx>
        <starty number="7">41</starty>
        <finishx number="7">9</finishx>
        <finishy number="7">36</finishy>
        <startx number="8">22</startx>
        <starty number="8">24</starty>
        <finishx number="8">33</finishx>
        <finishy number="8">46</finishy>
        <startx number="9">13</startx>
        <starty number="9">17</starty>
        <finishx number="9">59</finishx>
        <finishy number="9">31</finishy>
        <startx number="10">4</startx>
        <starty number="10">38</starty>
        <finishx number="10">51</finishx>
        <finishy number="10">25</finishy>
        <startx number="11">20</startx>
        <starty number="11">19</starty>
        <finishx number="11">14</finishx>
        <finishy number="11">39</finishy>
        <startx number="12">58</startx>
        <starty number="12">50</starty>
        <finishx number="12">55</finishx>
        <finishy number="12">19</finishy>
        <startx number="13">63</startx>
        <starty number="13">4</starty>
        <finishx number="13">53</finishx>
        <finishy number="13">14</finishy>
        <startx number="14">42</startx>
        <starty number="14">60</starty>
        <finishx number="14">13</finishx>
        <finishy number="14">52</finishy>
        <startx number="15">20</startx>
        <starty number="15">30</starty>
        <finishx number="15">11</finishx>
        <finishy number="15">58</finishy>
        <startx number="16">28</startx>
        <starty number="16">20</starty>
        <finishx number="16">30</finishx>
        <finishy number="16">33</finishy>
        <startx number="17">27</startx>
        <starty number="17">10</starty>
        <finishx number="17">14</finishx>
        <finishy number="17">33</finishy>
        <startx number="18">7</startx>
        <starty number="18">11</starty>
        <finishx number="18">48</finishx>
        <finishy number="18">1</finishy>
        <startx number="19">6</startx>
        <starty number="19">53</starty>
        <finishx number="19">28</finishx>
        <finishy number="19">39</finishy>
        <startx number="20">5</startx>
        <starty number="20">24</starty>
        <finishx number="20">62</finishx>
        <finishy number="20">2</finishy>
        <startx number="21">16</startx>
        <starty number="21">14</starty>
        <finishx number="21">54</finishx>
        <finishy number="21">62</finishy>
        <startx number="22">56</startx>
        <starty number="22">53</starty>
        <finishx number="22">50</finishx>
        <finishy number="22">14</finishy>
        <startx number="23">62</startx>
        <starty number="23">22</starty>
        <finishx number="23">34</finishx>
        <finishy number="23">59</finishy>
        <startx number="24">12</startx>
        <starty number="24">31</starty>
        <finishx number="24">60</finishx>
        <finishy number="24">47</finishy>
        <startx number="25">59</startx>
        <starty number="25">34</starty>
        <finishx number="25">57</finishx>
        <finishy number="25">20</finishy>
        <startx number="26">2</startx>
        <starty number="26">27</starty>
        <finishx number="26">50</finishx>
        <finishy number="26">56</finishy>
        <startx number="27">10</startx>
        <starty number="27">42</starty>
        <finishx number="27">7</finishx>
        <finishy number="27">34</finishy>
        <startx number="28">21</startx>
        <starty number="28">21</starty>
        <finishx number="28">57</finishx>
        <finishy number="28">47</finishy>
        <startx number="29">10</startx>
        <starty number="29">34</starty>
        <finishx number="29">38</finishx>
        <finishy number="29">37</finishy>
        <startx number="30">38</startx>
        <starty number="30">29</starty>
        <finishx number="30">49</finishx>
        <finishy number="30">52</finishy>
        <startx number="31">4</startx>
        <starty number="31">5</starty>
        <finishx number="31">26</finishx>
        <finishy number="31">18</finishy>
        <startx number="32">52</startx>
        <starty number="32">3</starty>
        <finishx number="32">63</finishx>
        <finishy number="32">41</finishy>
        <startx number="33">57</startx>
        <starty number="33">24</starty>
        <finishx number="33">51</finishx>
        <finishy number="33">19</finishy>
        <startx number="34">50</startx>
        <starty number="34">27</starty>
        <finishx number="34">3</finishx>
        <finishy number="34">0</finishy>
        <startx number="35">41</startx>
        <starty number="35">0</starty>
        <finishx number="35">57</finishx>
        <finishy number="35">63</finishy>
        <startx number="36">15</startx>
        <starty number="36">54</starty>
        <finishx number="36">45</finishx>
        <finishy number="36">52</finishy>
        <startx number="37">18</startx>
        <starty number="37">24</starty>
        <finishx number="37">57</finishx>
        <finishy number="37">5</finishy>
        <startx number="38">24</startx>
        <starty number="38">29</starty>
        <finishx number="38">3</finishx>
        <finishy number="38">59</finishy>
        <startx number="39">47</startx>
        <starty number="39">38</starty>
        <finishx number="39">34</finishx>
        <finishy number="39">3</finishy>
        <startx number="40">10</startx>
        <starty number="40">44</starty>
        <finishx number="40">0</finishx>
        <finishy number="40">49</finishy>
        <startx number="41">54</startx>
        <starty number="41">11</starty>
        <finishx number="41">6</finishx>
        <finishy number="41">58</finishy>
        <startx number="42">18</startx>
        <starty number="42">51</starty>
        <finishx number="42">44</finishx>
        <finishy number="42">12</finishy>
        <startx number="43">50</startx>
        <starty number="43">48</starty>
        <finishx number="43">32</finishx>
        <finishy number="43">43</finishy>
        <startx number="44">41</startx>
        <starty number="44">42</starty>
        <finishx number="44">38</finishx>
        <finishy number="44">56</finishy>
        <startx number="45">54</startx>
        <starty number="45">29</starty>
        <finishx number="45">48</finishx>
        <finishy number="45">49</finishy>
        <startx number="46">2</startx>
        <starty number="46">49</starty>
        <finishx number="46">7</finishx>
        <finishy number="46">56</finishy>
        <startx number="47">25</startx>
        <starty number="47">37</starty>
        <finishx number="47">22</finishx>
        <finishy number="47">5</finishy>
        <startx number="48">2</startx>
        <starty number="48">45</starty>
        <finishx number="48">35</finishx>
        <finishy number="48">25</finishy>
        <startx number="49">38</startx>
        <starty number="49">45</starty>
        <finishx number="49">40</finishx>
        <finishy number="49">50</finishy>
        <startx number="50">52</startx>
        <starty number="50">48</starty>
        <finishx number="50">12</finishx>
        <finishy number="50">7</finishy>
        <startx number="51">33</startx>
        <starty number="51">22</starty>
        <finishx number="51">60</finishx>
        <finishy number="51">12</finishy>
        <startx number="52">24</startx>
        <starty number="52">61</starty>
        <finishx number="52">31</finishx>
        <finishy number="52">15</finishy>
        <startx number="53">61</startx>
        <starty number="53">15</starty>
        <finishx number="53">17</finishx>
        <finishy number="53">44</finishy>
        <startx number="54">40</startx>
        <starty number="54">24</starty>
        <finishx number="54">16</finishx>
        <finishy number="54">38</finishy>
        <startx number="55">16</startx>
        <starty number="55">30</starty>
        <finishx number="55">43</finishx>
        <finishy number="55">4</finishy>
        <startx number="56">20</startx>
        <starty number="56">17</starty>
        <finishx number="56">14</finishx>
        <finishy number="56">36</finishy>
        <startx number="57">8</startx>
        <starty number="57">5</starty>
        <finishx number="57">1</finishx>
        <finishy number="57">60</finishy>
        <startx number="58">27</startx>
        <starty number="58">44</starty>
        <finishx number="58">39</finishx>
        <finishy number="58">42</finishy>
        <startx number="59">15</startx>
        <starty number="59">46</starty>
        <finishx number="59">29</finishx>
        <finishy number="59">55</finishy>
        <startx number="60">53</startx>
        <starty number="60">51</starty>
        <finishx number="60">5</finishx>
        <finishy number="60">48</finishy>
        <startx number="61">14</startx>
        <starty number="61">14</starty>
        <finishx number="61">60</finishx>
        <finishy number="61">4</finishy>
        <startx number="62">40</startx>
        <starty number="62">21</starty>
        <finishx number="62">34</finishx>
        <finishy number="62">54</finishy>
        <startx number="63">4</startx>
        <starty number="63">14</starty>
        <finishx number="63">47</finishx>
        <finishy number="63">46</finishy>
        <startx number="64">37</startx>
        <starty number="64">35</starty>
        <finishx number="64">28</finishx>
        <finishy number="64">25</finishy>
        <startx number="65">18</startx>
        <starty number="65">17</starty>
        <finishx number="65">21</finishx>
        <finishy number="65">61</finishy>
        <startx number="66">50</startx>
        <starty number="66">30</starty>
        <finishx number="66">53</finishx>
        <finishy number="66">35</finishy>
        <startx number="67">8</startx>
        <starty number="67">26</starty>
        <finishx number="67">23</finishx>
        <finishy number="67">58</finishy>
        <startx number="68">12</startx>
        <starty number="68">54</starty>
        <finishx number="68">2</finishx>
        <finishy number="68">62</finishy>
        <startx number="69">54</startx>
        <starty number="69">8</starty>
        <finishx number="69">20</finishx>
        <finishy number="69">43</finishy>
        <startx number="70">23</startx>
        <starty number="70">55</starty>
        <finishx number="70">8</finishx>
        <finishy number="70">59</finishy>
        <startx number="71">63</startx>
        <starty number="71">6</starty>
        <finishx number="71">51</finishx>
        <finishy number="71">40</finishy>
        <startx number="72">15</startx>
        <starty number="72">12</starty>
        <finishx number="72">0</finishx>
        <finishy number="72">14</finishy>
        <startx number="73">51</startx>
        <starty number="73">59</starty>
        <finishx number="73">43</finishx>
        <finishy number="73">31</finishy>
        <startx number="74">20</startx>
        <starty number="74">37</starty>
        <finishx number="74">50</finishx>
        <finishy number="74">22</finishy>
        <startx number="75">53</startx>
        <starty number="75">42</starty>
        <finishx number="75">51</finishx>
        <finishy number="75">38</finishy>
        <startx number="76">7</startx>
        <starty number="76">2</starty>
        <finishx number="76">27</finishx>
        <finishy number="76">15</finishy>
        <startx number="77">60</startx>
        <starty number="77">18</starty>
        <finishx number="77">63</finishx>
        <finishy number="77">28</finishy>
        <startx number="78">8</startx>
        <starty number="78">29</starty>
        <finishx number="78">16</finishx>
        <finishy number="78">35</finishy>
        <startx number="79">50</startx>
        <starty number="79">46</starty>
        <finishx number="79">44</finishx>
        <finishy number="79">33</finishy>
        <startx number="80">59</startx>
        <starty number="80">2</starty>
        <finishx number="80">19</finishx>
        <finishy number="80">46</finishy>
        <startx number="81">15</startx>
        <starty number="81">41</starty>
        <finishx number="81">53</finishx>
        <finishy number="81">16</finishy>
        <startx number="82">0</startx>
        <starty number="82">9</starty>
        <finishx number="82">31</finishx>
        <finishy number="82">7</finishy>
        <startx number="83">56</startx>
        <starty number="83">56</starty>
        <finishx number="83">26</finishx>
        <finishy number="83">12</finishy>
        <startx number="84">31</startx>
        <starty number="84">52</starty>
        <finishx number="84">42</finishx>
        <finishy number="84">47</finishy>
        <startx number="85">51</startx>
        <starty number="85">33</starty>
        <finishx number="85">33</finishx>
        <finishy number="85">1</finishy>
        <startx number="86">47</startx>
        <starty number="86">44</starty>
        <finishx number="86">5</finishx>
        <finishy number="86">11</finishy>
        <startx number="87">23</startx>
        <starty number="87">27</starty>
        <finishx number="87">13</finishx>
        <finishy number="87">12</finishy>
        <startx number="88">58</startx>
        <starty number="88">12</starty>
        <finishx number="88">43</finishx>
        <finishy number="88">44</finishy>
        <startx number="89">42</startx>
        <starty number="89">15</starty>
        <finishx number="89">44</finishx>
        <finishy number="89">50</finishy>
        <startx number="90">19</startx>
        <starty number="90">27</starty>
        <finishx number="90">42</finishx>
        <finishy number="90">2</finishy>
        <startx number="91">19</startx>
        <starty number="91">0</starty>
        <finishx number="91">41</finishx>
        <finishy number="91">34</finishy>
        <startx number="92">0</startx>
        <starty number="92">46</starty>
        <finishx number="92">39</finishx>
        <finishy number="92">18</finishy>
        <startx number="93">58</startx>
        <starty number="93">58</starty>
        <finishx number="93">0</finishx>
        <finishy number="93">36</finishy>
        <startx number="94">43</startx>
        <starty number="94">18</starty>
        <finishx number="94">25</finishx>
        <finishy number="94">34</finishy>
        <startx number="95">12</startx>
        <starty number="95">25</starty>
        <finishx number="95">18</finishx>
        <finishy number="95">8</finishy>
        <startx number="96">39</startx>
        <starty number="96">16</starty>
        <finishx number="96">59</finishx>
        <finishy number="96">10</finishy>
        <startx number="97">5</startx>
        <starty number="97">35</starty>
        <finishx number="97">7</finishx>
        <finishy number="97">39</finishy>
        <startx number="98">45</startx>
        <starty number="98">4</starty>
        <finishx number="98">18</finishx>
        <finishy number="98">33</finishy>
        <startx number="99">22</startx>
        <starty number="99">0</starty>
        <finishx number="99">28</finishx>
        <finishy number="99">4</finishy>
        <startx number="100">31</startx>
        <starty number="100">12</starty>
        <finishx number="100">47</finishx>
        <finishy number="100">6</finishy>
        <startx number="101">53</startx>
        <starty number="101">54</starty>
        <finishx number="101">48</finishx>
        <finishy number="101">60</finishy>
        <startx number="102">59</startx>
        <starty number="102">42</starty>
        <finishx number="102">9</finishx>
        <finishy number="102">56</finishy>
        <startx number="103">48</startx>
        <starty number="103">25</starty>
        <finishx number="103">30</finishx>
        <finishy number="103">60</finishy>
        <startx number="104">31</startx>
        <starty number="104">36</starty>
        <finishx number="104">56</finishx>
        <finishy number="104">16</finishy>
        <startx number="105">23</startx>
        <starty number="105">39</starty>
        <finishx number="105">27</finishx>
        <finishy number="105">58</finishy>
        <startx number="106">19</startx>
        <starty number="106">5</starty>
        <finishx number="106">23</finishx>
        <finishy number="106">21</finishy>
        <startx number="107">50</startx>
        <starty number="107">43</starty>
        <finishx number="107">53</finishx>
        <finishy number="107">32</finishy>
        <startx number="108">60</startx>
        <starty number="108">60</starty>
        <finishx number="108">47</finishx>
        <finishy number="108">33</finishy>
        <startx number="109">31</startx>
        <starty number="109">17</starty>
        <finishx number="109">25</finishx>
        <finishy number="109">44</finishy>
        <startx number="110">9</startx>
        <starty number="110">39</starty>
        <finishx number="110">28</finishx>
        <finishy number="110">42</finishy>
        <startx number="111">61</startx>
        <starty number="111">49</starty>
        <finishx number="111">35</finishx>
        <finishy number="111">27</finishy>
        <startx number="112">29</startx>
        <starty number="112">12</starty>
        <finishx number="112">0</finishx>
        <finishy number="112">30</finishy>
        <startx number="113">63</startx>
        <starty number="113">12</starty>
        <finishx number="113">21</finishx>
        <finishy number="113">34</finishy>
        <startx number="114">10</startx>
        <starty number="114">26</starty>
        <finishx number="114">31</finishx>
        <finishy number="114">39</finishy>
        <startx number="115">44</startx>
        <starty number="115">47</starty>
        <finishx number="115">0</finishx>
        <finishy number="115">6</finishy>
        <startx number="116">46</startx>
        <starty number="116">41</starty>
        <finishx number="116">22</finishx>
        <finishy number="116">32</finishy>
        <startx number="117">31</startx>
        <starty number="117">22</starty>
        <finishx number="117">0</finishx>
        <finishy number="117">44</finishy>
        <startx number="118">52</startx>
        <starty number="118">8</starty>
        <finishx number="118">30</finishx>
        <finishy number="118">41</finishy>
        <startx number="119">43</startx>
        <starty number="119">63</starty>
        <finishx number="119">61</finishx>
        <finishy number="119">31</finishy>
        <startx number="120">0</startx>
        <starty number="120">41</starty>
        <finishx number="120">60</finishx>
        <finishy number="120">26</finishy>
        <startx number="121">2</startx>
        <starty number="121">3</starty>
        <finishx number="121">46</finishx>
        <finishy number="121">31</finishy>
        <startx number="122">35</startx>
        <starty number="122">14</starty>
        <finishx number="122">17</finishx>
        <finishy number="122">62</finishy>
        <startx number="123">7</startx>
        <starty number="123">21</starty>
        <finishx number="123">54</finishx>
        <finishy number="123">0</finishy>
        <startx number="124">25</startx>
        <starty number="124">52</starty>
        <finishx number="124">14</finishx>
        <finishy number="124">22</finishy>
        <startx number="125">2</startx>
        <starty number="125">54</starty>
        <finishx number="125">55</finishx>
        <finishy number="125">34</finishy>
        <startx number="126">2</startx>
        <starty number="126">22</starty>
        <finishx number="126">18</finishx>
        <finishy number="126">35</finishy>
        <startx number="127">26</startx>
        <starty number="127">29</starty>
        <finishx number="127">49</finishx>
        <finishy number="127">41</finishy>
        <startx number="128">18</startx>
        <starty number="128">48</starty>
        <finishx number="128">0</finishx>
        <finishy number="128">0</finishy>
        <startx number="129">63</startx>
        <starty number="129">30</starty>
        <finishx number="129">55</finishx>
        <finishy number="129">24</finishy>
        <startx number="130">44</startx>
        <starty number="130">60</starty>
        <finishx number="130">63</finishx>
        <finishy number="130">46</finishy>
        <startx number="131">23</startx>
        <starty number="131">42</starty>
        <finishx number="131">9</finishx>
        <finishy number="131">61</finishy>
        <startx number="132">63</startx>
        <starty number="132">33</starty>
        <finishx number="132">37</finishx>
        <finishy number="132">26</finishy>
        <startx number="133">5</startx>
        <starty number="133">40</starty>
        <finishx number="133">43</finishx>
        <finishy number="133">25</finishy>
        <startx number="134">3</startx>
        <starty number="134">11</starty>
        <finishx number="134">6</finishx>
        <finishy number="134">29</finishy>
        <startx number="135">48</startx>
        <starty number="135">9</starty>
        <finishx number="135">41</finishx>
        <finishy number="135">12</finishy>
        <startx number="136">41</startx>
        <starty number="136">58</starty>
        <finishx number="136">22</finishx>
        <finishy number="136">29</finishy>
        <startx number="137">8</startx>
        <starty number="137">50</starty>
        <finishx number="137">39</finishx>
        <finishy number="137">53</finishy>
        <startx number="138">27</startx>
        <starty number="138">31</starty>
        <finishx number="138">43</finishx>
        <finishy number="138">36</finishy>
        <startx number="139">22</startx>
        <starty number="139">37</starty>
        <finishx number="139">35</finishx>
        <finishy number="139">35</finishy>
        <startx number="140">43</startx>
        <starty number="140">9</starty>
        <finishx number="140">8</finishx>
        <finishy number="140">42</finishy>
        <startx number="141">15</startx>
        <starty number="141">49</starty>
        <finishx number="141">4</finishx>
        <finishy number="141">32</finishy>
        <startx number="142">0</startx>
        <starty number="142">33</starty>
        <finishx number="142">40</finishx>
        <finishy number="142">39</finishy>
        <startx number="143">45</startx>
        <starty number="143">22</starty>
        <finishx number="143">58</finishx>
        <finishy number="143">26</finishy>
        <startx number="144">27</startx>
        <starty number="144">63</starty>
        <finishx number="144">61</finishx>
        <finishy number="144">39</finishy>
        <startx number="145">14</startx>
        <starty number="145">44</starty>
        <finishx number="145">39</finishx>
        <finishy number="145">5</finishy>
        <startx number="146">60</startx>
        <starty number="146">20</starty>
        <finishx number="146">47</finishx>
        <finishy number="146">3</finishy>
        <startx number="147">36</startx>
        <starty number="147">16</starty>
        <finishx number="147">15</finishx>
        <finishy number="147">25</finishy>
        <startx number="148">31</startx>
        <starty number="148">49</starty>
        <finishx number="148">63</finishx>
        <finishy number="148">17</finishy>
        <startx number="149">7</startx>
        <starty number="149">37</starty>
        <finishx number="149">48</finishx>
        <finishy number="149">12</finishy>
        <startx number="150">19</startx>
        <starty number="150">59</starty>
        <finishx number="150">5</finishx>
        <finishy number="150">46</finishy>
        <startx number="151">6</startx>
        <starty number="151">61</starty>
        <finishx number="151">2</finishx>
        <finishy number="151">19</finishy>
        <startx number="152">46</startx>
        <starty number="152">63</starty>
        <finishx number="152">41</finishx>
        <finishy number="152">37</finishy>
        <startx number="153">12</startx>
        <starty number="153">4</starty>
        <finishx number="153">59</finishx>
        <finishy number="153">53</finishy>
        <startx number="154">12</startx>
        <starty number="154">47</starty>
        <finishx number="154">36</finishx>
        <finishy number="154">58</finishy>
        <startx number="155">26</startx>
        <starty number="155">47</starty>
        <finishx number="155">28</finishx>
        <finishy number="155">49</finishy>
        <startx number="156">61</startx>
        <starty number="156">57</starty>
        <finishx number="156">57</finishx>
        <finishy number="156">10</finishy>
        <startx number="157">35</startx>
        <starty number="157">45</starty>
        <finishx number="157">63</finishx>
        <finishy number="157">59</finishy>
        <startx number="158">45</startx>
        <starty number="158">26</starty>
        <finishx number="158">33</finishx>
        <finishy number="158">6</finishy>
        <startx number="159">63</startx>
        <starty number="159">52</starty>
        <finishx number="159">11</finishx>
        <finishy number="159">23</finishy>
        <startx number="160">28</startx>
        <starty number="160">47</starty>
        <finishx number="160">14</finishx>
        <finishy number="160">20</finishy>
        <startx number="161">5</startx>
        <starty number="161">42</starty>
        <finishx number="161">36</finishx>
        <finishy number="161">22</finishy>
        <startx number="162">2</startx>
        <starty number="162">24</starty>
        <finishx number="162">9</finishx>
        <finishy number="162">18</finishy>
        <startx number="163">55</startx>
        <starty number="163">45</starty>
        <finishx number="163">21</finishx>
        <finishy number="163">48</finishy>
        <startx number="164">18</startx>
        <starty number="164">11</starty>
        <finishx number="164">54</finishx>
        <finishy number="164">40</finishy>
        <startx number="165">18</startx>
        <starty number="165">14</starty>
        <finishx number="165">36</finishx>
        <finishy number="165">43</finishy>
        <startx number="166">26</startx>
        <starty number="166">23</starty>
        <finishx number="166">22</finishx>
        <finishy number="166">8</finishy>
        <startx number="167">19</startx>
        <starty number="167">62</starty>
        <finishx number="167">53</finishx>
        <finishy number="167">24</finishy>
        <startx number="168">61</startx>
        <starty number="168">33</starty>
        <finishx number="168">57</finishx>
        <finishy number="168">18</finishy>
        <startx number="169">43</startx>
        <starty number="169">23</starty>
        <finishx number="169">7</finishx>
        <finishy number="169">18</finishy>
        <startx number="170">28</startx>
        <starty number="170">36</starty>
        <finishx number="170">4</finishx>
        <finishy number="170">51</finishy>
        <startx number="171">20</startx>
        <starty number="171">13</starty>
        <finishx number="171">36</finishx>
        <finishy number="171">62</finishy>
        <startx number="172">43</startx>
        <starty number="172">7</starty>
        <finishx number="172">4</finishx>
        <finishy number="172">27</finishy>
        <startx number="173">31</startx>
        <starty number="173">62</starty>
        <finishx number="173">57</finishx>
        <finishy number="173">7</finishy>
        <startx number="174">24</startx>
        <starty number="174">23</starty>
        <finishx number="174">38</finishx>
        <finishy number="174">13</finishy>
        <startx number="175">40</startx>
        <starty number="175">45</starty>
        <finishx number="175">25</finishx>
        <finishy number="175">26</finishy>
        <startx number="176">32</startx>
        <starty number="176">54</starty>
        <finishx number="176">29</finishx>
        <finishy number="176">62</finishy>
        <startx number="177">25</startx>
        <starty number="177">55</starty>
        <finishx number="177">2</finishx>
        <finishy number="177">32</finishy>
        <startx number="178">47</startx>
        <starty number="178">28</starty>
        <finishx number="178">11</finishx>
        <finishy number="178">61</finishy>
        <startx number="179">55</startx>
        <starty number="179">13</starty>
        <finishx number="179">57</finishx>
        <finishy number="179">29</finishy>
        <startx number="180">49</startx>
        <starty number="180">35</starty>
        <finishx number="180">37</finishx>
        <finishy number="180">32</finishy>
        <startx number="181">2</startx>
        <starty number="181">14</starty>
        <finishx number="181">53</finishx>
        <finishy number="181">6</finishy>
        <startx number="182">19</startx>
        <starty number="182">40</starty>
        <finishx number="182">33</finishx>
        <finishy number="182">62</finishy>
        <startx number="183">56</startx>
        <starty number="183">61</starty>
        <finishx number="183">54</finishx>
        <finishy number="183">38</finishy>
        <startx number="184">20</startx>
        <starty number="184">54</starty>
        <finishx number="184">22</finishx>
        <finishy number="184">2</finishy>
        <startx number="185">49</startx>
        <starty number="185">3</starty>
        <finishx number="185">5</finishx>
        <finishy number="185">0</finishy>
        <startx number="186">34</startx>
        <starty number="186">16</starty>
        <finishx number="186">13</finishx>
        <finishy number="186">50</finishy>
        <startx number="187">49</startx>
        <starty number="187">62</starty>
        <finishx number="187">28</finishx>
        <finishy number="187">7</finishy>
        <startx number="188">55</startx>
        <starty number="188">47</starty>
        <finishx number="188">18</finishx>
        <finishy number="188">38</finishy>
        <startx number="189">44</startx>
        <starty number="189">58</starty>
        <finishx number="189">7</finishx>
        <finishy number="189">24</finishy>
        <startx number="190">63</startx>
        <starty number="190">15</starty>
        <finishx number="190">4</finishx>
        <finishy number="190">56</finishy>
        <startx number="191">63</startx>
        <starty number="191">49</starty>
        <finishx number="191">17</finishx>
        <finishy number="191">28</finishy>
        <startx number="192">51</startx>
        <starty number="192">6</starty>
        <finishx number="192">45</finishx>
        <finishy number="192">44</finishy>
        <startx number="193">43</startx>
        <starty number="193">55</starty>
        <finishx number="193">38</finishx>
        <finishy number="193">50</finishy>
        <startx number="194">53</startx>
        <starty number="194">45</starty>
        <finishx number="194">30</finishx>
        <finishy number="194">28</finishy>
        <startx number="195">13</startx>
        <starty number="195">60</starty>
        <finishx number="195">36</finishx>
        <finishy number="195">11</finishy>
        <startx number="196">0</startx>
        <starty number="196">57</starty>
        <finishx number="196">35</finishx>
        <finishy number="196">19</finishy>
        <startx number="197">41</startx>
        <starty number="197">18</starty>
        <finishx number="197">35</finishx>
        <finishy number="197">32</finishy>
        <startx number="198">39</startx>
        <starty number="198">10</starty>
        <finishx number="198">26</finishx>
        <finishy number="198">39</finishy>
        <startx number="199">37</startx>
        <starty number="199">3</starty>
        <finishx number="199">9</finishx>
        <finishy number="199">23</finishy>
        <startx number="200">31</startx>
        <starty number="200">1</starty>
        <finishx number="200">46</finishx>
        <finishy number="200">35</finishy>
        <startx number="201">16</startx>
        <starty number="201">19</starty>
        <finishx number="201">23</finishx>
        <finishy number="201">35</finishy>
        <startx number="202">32</startx>
        <starty number="202">4</starty>
        <finishx number="202">15</finishx>
        <finishy number="202">9</finishy>
        <startx number="203">55</startx>
        <starty number="203">42</starty>
        <finishx number="203">36</finishx>
        <finishy number="203">51</finishy>
        <startx number="204">59</startx>
        <starty number="204">39</starty>
        <finishx number="204">35</finishx>
        <finishy number="204">30</finishy>
        <startx number="205">12</startx>
        <starty number="205">28</starty>
        <finishx number="205">0</finishx>
        <finishy number="205">11</finishy>
        <startx number="206">8</startx>
        <starty number="206">63</starty>
        <finishx number="206">36</finishx>
        <finishy number="206">56</finishy>
        <startx number="207">52</startx>
        <starty number="207">11</starty>
        <finishx number="207">22</finishx>
        <finishy number="207">16</finishy>
        <startx number="208">34</startx>
        <starty number="208">51</starty>
        <finishx number="208">23</finishx>
        <finishy number="208">10</finishy>
        <startx number="209">45</startx>
        <starty number="209">18</starty>
        <finishx number="209">18</finishx>
        <finishy number="209">53</finishy>
        <startx number="210">15</startx>
        <starty number="210">57</starty>
        <finishx number="210">36</finishx>
        <finishy number="210">53</finishy>
        <startx number="211">18</startx>
        <starty number="211">3</starty>
        <finishx number="211">20</finishx>
        <finishy number="211">24</finishy>
        <startx number="212">18</startx>
        <starty number="212">30</starty>
        <finishx number="212">25</finishx>
        <finishy number="212">5</finishy>
        <startx number="213">51</startx>
        <starty number="213">0</starty>
        <finishx number="213">11</finishx>
        <finishy number="213">50</finishy>
        <startx number="214">4</startx>
        <starty number="214">61</starty>
        <finishx number="214">6</finishx>
        <finishy number="214">32</finishy>
        <startx number="215">56</startx>
        <starty number="215">39</starty>
        <finishx number="215">51</finishx>
        <finishy number="215">16</finishy>
        <startx number="216">48</startx>
        <starty number="216">57</starty>
        <finishx number="216">2</finishx>
        <finishy number="216">38</finishy>
        <startx number="217">39</startx>
        <starty number="217">2</starty>
        <finishx number="217">2</finishx>
        <finishy number="217">17</finishy>
        <startx number="218">59</startx>
        <starty number="218">7</starty>
        <finishx number="218">55</finishx>
        <finishy number="218">51</finishy>
        <startx number="219">48</startx>
        <starty number="219">17</starty>
        <finishx number="219">63</finishx>
        <finishy number="219">55</finishy>
        <startx number="220">10</startx>
        <starty number="220">63</starty>
        <finishx number="220">23</finishx>
        <finishy number="220">45</finishy>
        <startx number="221">17</startx>
        <starty number="221">0</starty>
        <finishx number="221">56</finishx>
        <finishy number="221">37</finishy>
        <startx number="222">15</startx>
        <starty number="222">52</starty>
        <finishx number="222">2</finishx>
        <finishy number="222">40</finishy>
        <startx number="223">49</startx>
        <starty number="223">38</starty>
        <finishx number="223">15</finishx>
        <finishy number="223">4</finishy>
        <startx number="224">43</startx>
        <starty number="224">42</starty>
        <finishx number="224">36</finishx>
        <finishy number="224">40</finishy>
        <startx number="225">13</startx>
        <starty number="225">62</starty>
        <finishx number="225">18</finishx>
        <finishy number="225">56</finishy>
        <startx number="226">28</startx>
        <starty number="226">34</starty>
        <finishx number="226">17</finishx>
        <finishy number="226">59</finishy>
        <startx number="227">53</startx>
        <starty number="227">27</starty>
        <finishx number="227">61</finishx>
        <finishy number="227">36</finishy>
        <startx number="228">45</startx>
        <starty number="228">2</starty>
        <finishx number="228">28</finishx>
        <finishy number="228">52</finishy>
        <startx number="229">5</startx>
        <starty number="229">21</starty>
        <finishx number="229">10</finishx>
        <finishy number="229">15</finishy>
        <startx number="230">12</startx>
        <starty number="230">15</starty>
        <finishx number="230">2</finishx>
        <finishy number="230">6</finishy>
        <startx number="231">45</startx>
        <starty number="231">7</starty>
        <finishx number="231">62</finishx>
        <finishy number="231">20</finishy>
        <startx number="232">13</startx>
        <starty number="232">57</starty>
        <finishx number="232">34</finishx>
        <finishy number="232">11</finishy>
        <startx number="233">36</startx>
        <starty number="233">48</starty>
        <finishx number="233">24</finishx>
        <finishy number="233">50</finishy>
        <startx number="234">0</startx>
        <starty number="234">62</starty>
        <finishx number="234">17</finishx>
        <finishy number="234">46</finishy>
        <startx number="235">27</startx>
        <starty number="235">55</starty>
        <finishx number="235">46</finishx>
        <finishy number="235">57</finishy>
        <startx number="236">20</startx>
        <starty number="236">56</starty>
        <finishx number="236">8</finishx>
        <finishy number="236">15</finishy>
        <startx number="237">2</startx>
        <starty number="237">35</starty>
        <finishx number="237">13</finishx>
        <finishy number="237">41</finishy>
        <startx number="238">7</startx>
        <starty number="238">48</starty>
        <finishx number="238">45</finishx>
        <finishy number="238">10</finishy>
        <startx number="239">11</startx>
        <starty number="239">21</starty>
        <finishx number="239">32</finishx>
        <finishy number="239">30</finishy>
        <startx number="240">7</startx>
        <starty number="240">8</starty>
        <finishx number="240">62</finishx>
        <finishy number="240">25</finishy>
        <startx number="241">55</startx>
        <starty number="241">21</starty>
        <finishx number="241">0</finishx>
        <finishy number="241">25</finishy>
        <startx number="242">6</startx>
        <starty number="242">13</starty>
        <finishx number="242">37</finishx>
        <finishy number="242">24</finishy>
        <startx number="243">40</startx>
        <starty number="243">61</starty>
        <finishx number="243">14</finishx>
        <finishy number="243">28</finishy>
        <startx number="244">24</startx>
        <starty number="244">0</starty>
        <finishx number="244">10</finishx>
        <finishy number="244">2</finishy>
        <startx number="245">26</startx>
        <starty number="245">2</starty>
        <finishx number="245">53</finishx>
        <finishy number="245">56</finishy>
        <startx number="246">18</startx>
        <starty number="246">19</starty>
        <finishx number="246">10</finishx>
        <finishy number="246">47</finishy>
        <startx number="247">41</startx>
        <starty number="247">52</starty>
        <finishx number="247">57</finishx>
        <finishy number="247">44</finishy>
        <startx number="248">35</startx>
        <starty number="248">8</starty>
        <finishx number="248">49</finishx>
        <finishy number="248">19</finishy>
        <startx number="249">32</startx>
        <starty number="249">60</starty>
        <finishx number="249">0</finishx>
        <finishy number="249">27</finishy>
        <grid>
            <row>0 0 0 0 0 0 0 0 0 0 0 0 0 0 0 0 0 0 0 0 0 0 0 0 0 0 0 0 0 0 0 0 0 0 0 0 0 0 0 0 0 0 0 0 0 0 0 0 0 0 0 0 0 0 0 0 0 0 0 0 0 0 0 0</row>
            <row>0 0 0 0 0 0 0 0 0 0 0 0 0 0 0 0 0 0 0 0 0 0 0 0 0 0 0 0 0 0 0 0 0 0 0 0 0 0 0 0 0 0 0 0 0 0 0 0 0 0 0 0 0 0 0 0 0 0 0 0 0 0 0 0</row>
            <row>0 0 0 0 0 0 0 0 0 0 0 0 0 0 0 0 0 0 0 0 0 0 0 0 0 0 0 0 0 0 0 0 0 0 0 0 0 0 0 0 0 0 0 0 0 0 0 0 0 0 0 0 0 0 0 0 0 0 0 0 0 0 0 0</row>
            <row>0 0 0 0 0 0 0 0 0 0 0 0 0 0 0 0 0 0 0 0 0 0 0 0 0 0 0 0 0 0 0 0 0 0 0 0 0 0 0 0 0 0 0 0 0 0 0 0 0 0 0 0 0 0 0 0 0 0 0 0 0 0 0 0</row>
            <row>0 0 0 0 0 0 0 0 0 0 0 0 0 0 0 0 0 0 0 0 0 0 0 0 0 0 0 0 0 0 0 0 0 0 0 0 0 0 0 0 0 0 0 0 0 0 0 0 0 0 0 0 0 0 0 0 0 0 0 0 0 0 0 0</row>
            <row>0 0 0 0 0 0 0 0 0 0 0 0 0 0 0 0 0 0 0 0 0 0 0 0 0 0 0 0 0 0 0 0 0 0 0 0 0 0 0 0 0 0 0 0 0 0 0 0 0 0 0 0 0 0 0 0 0 0 0 0 0 0 0 0</row>
            <row>0 0 0 0 0 0 0 0 0 0 0 0 0 0 0 0 0 0 0 0 0 0 0 0 0 0 0 0 0 0 0 0 0 0 0 0 0 0 0 0 0 0 0 0 0 0 0 0 0 0 0 0 0 0 0 0 0 0 0 0 0 0 0 0</row>
            <row>0 0 0 0 0 0 0 0 0 0 0 0 0 0 0 0 0 0 0 0 0 0 0 0 0 0 0 0 0 0 0 0 0 0 0 0 0 0 0 0 0 0 0 0 0 0 0 0 0 0 0 0 0 0 0 0 0 0 0 0 0 0 0 0</row>
            <row>0 0 0 0 0 0 0 0 0 0 0 0 0 0 0 0 0 0 0 0 0 0 0 0 0 0 0 0 0 0 0 0 0 0 0 0 0 0 0 0 0 0 0 0 0 0 0 0 0 0 0 0 0 0 0 0 0 0 0 0 0 0 0 0</row>
            <row>0 0 0 0 0 0 0 0 0 0 0 0 0 0 0 0 0 0 0 0 0 0 0 0 0 0 0 0 0 0 0 0 0 0 0 0 0 0 0 0 0 0 0 0 0 0 0 0 0 0 0 0 0 0 0 0 0 0 0 0 0 0 0 0</row>
            <row>0 0 0 0 0 0 0 0 0 0 0 0 0 0 0 0 0 0 0 0 0 0 0 0 0 0 0 0 0 0 0 0 0 0 0 0 0 0 0 0 0 0 0 0 0 0 0 0 0 0 0 0 0 0 0 0 0 0 0 0 0 0 0 0</row>
            <row>0 0 0 0 0 0 0 0 0 0 0 0 0 0 0 0 0 0 0 0 0 0 0 0 0 0 0 0 0 0 0 0 0 0 0 0 0 0 0 0 0 0 0 0 0 0 0 0 0 0 0 0 0 0 0 0 0 0 0 0 0 0 0 0</row>
            <row>0 0 0 0 0 0 0 0 0 0 0 0 0 0 0 0 0 0 0 0 0 0 0 0 0 0 0 0 0 0 0 0 0 0 0 0 0 0 0 0 0 0 0 0 0 0 0 0 0 0 0 0 0 0 0 0 0 0 0 0 0 0 0 0</row>
            <row>0 0 0 0 0 0 0 0 0 0 0 0 0 0 0 0 0 0 0 0 0 0 0 0 0 0 0 0 0 0 0 0 0 0 0 0 0 0 0 0 0 0 0 0 0 0 0 0 0 0 0 0 0 0 0 0 0 0 0 0 0 0 0 0</row>
            <row>0 0 0 0 0 0 0 0 0 0 0 0 0 0 0 0 0 0 0 0 0 0 0 0 0 0 0 0 0 0 0 0 0 0 0 0 0 0 0 0 0 0 0 0 0 0 0 0 0 0 0 0 0 0 0 0 0 0 0 0 0 0 0 0</row>
            <row>0 0 0 0 0 0 0 0 0 0 0 0 0 0 0 0 0 0 0 0 0 0 0 0 0 0 0 0 0 0 0 0 0 0 0 0 0 0 0 0 0 0 0 0 0 0 0 0 0 0 0 0 0 0 0 0 0 0 0 0 0 0 0 0</row>
            <row>0 0 0 0 0 0 0 0 0 0 0 0 0 0 0 0 0 0 0 0 0 0 0 0 0 0 0 0 0 0 0 0 0 0 0 0 0 0 0 0 0 0 0 0 0 0 0 0 0 0 0 0 0 0 0 0 0 0 0 0 0 0 0 0</row>
            <row>0 0 0 0 0 0 0 0 0 0 0 0 0 0 0 0 0 0 0 0 0 0 0 0 0 0 0 0 0 0 0 0 0 0 0 0 0 0 0 0 0 0 0 0 0 0 0 0 0 0 0 0 0 0 0 0 0 0 0 0 0 0 0 0</row>
            <row>0 0 0 0 0 0 0 0 0 0 0 0 0 0 0 0 0 0 0 0 0 0 0 0 0 0 0 0 0 0 0 0 0 0 0 0 0 0 0 0 0 0 0 0 0 0 0 0 0 0 0 0 0 0 0 0 0 0 0 0 0 0 0 0</row>
            <row>0 0 0 0 0 0 0 0 0 0 0 0 0 0 0 0 0 0 0 0 0 0 0 0 0 0 0 0 0 0 0 0 0 0 0 0 0 0 0 0 0 0 0 0 0 0 0 0 0 0 0 0 0 0 0 0 0 0 0 0 0 0 0 0</row>
            <row>0 0 0 0 0 0 0 0 0 0 0 0 0 0 0 0 0 0 0 0 0 0 0 0 0 0 0 0 0 0 0 0 0 0 0 0 0 0 0 0 0 0 0 0 0 0 0 0 0 0 0 0 0 0 0 0 0 0 0 0 0 0 0 0</row>
            <row>0 0 0 0 0 0 0 0 0 0 0 0 0 0 0 0 0 0 0 0 0 0 0 0 0 0 0 0 0 0 0 0 0 0 0 0 0 0 0 0 0 0 0 0 0 0 0 0 0 0 0 0 0 0 0 0 0 0 0 0 0 0 0 0</row>
            <row>0 0 0 0 0 0 0 0 0 0 0 0 0 0 0 0 0 0 0 0 0 0 0 0 0 0 0 0 0 0 0 0 0 0 0 0 0 0 0 0 0 0 0 0 0 0 0 0 0 0 0 0 0 0 0 0 0 0 0 0 0 0 0 0</row>
            <row>0 0 0 0 0 0 0 0 0 0 0 0 0 0 0 0 0 0 0 0 0 0 0 0 0 0 0 0 0 0 0 0 0 0 0 0 0 0 0 0 0 0 0 0 0 0 0 0 0 0 0 0 0 0 0 0 0 0 0 0 0 0 0 0</row>
            <row>0 0 0 0 0 0 0 0 0 0 0 0 0 0 0 0 0 0 0 0 0 0 0 0 0 0 0 0 0 0 0 0 0 0 0 0 0 0 0 0 0 0 0 0 0 0 0 0 0 0 0 0 0 0 0 0 0 0 0 0 0 0 0 0</row>
            <row>0 0 0 0 0 0 0 0 0 0 0 0 0 0 0 0 0 0 0 0 0 0 0 0 0 0 0 0 0 0 0 0 0 0 0 0 0 0 0 0 0 0 0 0 0 0 0 0 0 0 0 0 0 0 0 0 0 0 0 0 0 0 0 0</row>
            <row>0 0 0 0 0 0 0 0 0 0 0 0 0 0 0 0 0 0 0 0 0 0 0 0 0 0 0 0 0 0 0 0 0 0 0 0 0 0 0 0 0 0 0 0 0 0 0 0 0 0 0 0 0 0 0 0 0 0 0 0 0 0 0 0</row>
            <row>0 0 0 0 0 0 0 0 0 0 0 0 0 0 0 0 0 0 0 0 0 0 0 0 0 0 0 0 0 0 0 0 0 0 0 0 0 0 0 0 0 0 0 0 0 0 0 0 0 0 0 0 0 0 0 0 0 0 0 0 0 0 0 0</row>
            <row>0 0 0 0 0 0 0 0 0 0 0 0 0 0 0 0 0 0 0 0 0 0 0 0 0 0 0 0 0 0 0 0 0 0 0 0 0 0 0 0 0 0 0 0 0 0 0 0 0 0 0 0 0 0 0 0 0 0 0 0 0 0 0 0</row>
            <row>0 0 0 0 0 0 0 0 0 0 0 0 0 0 0 0 0 0 0 0 0 0 0 0 0 0 0 0 0 0 0 0 0 0 0 0 0 0 0 0 0 0 0 0 0 0 0 0 0 0 0 0 0 0 0 0 0 0 0 0 0 0 0 0</row>
            <row>0 0 0 0 0 0 0 0 0 0 0 0 0 0 0 0 0 0 0 0 0 0 0 0 0 0 0 0 0 0 0 0 0 0 0 0 0 0 0 0 0 0 0 0 0 0 0 0 0 0 0 0 0 0 0 0 0 0 0 0 0 0 0 0</row>
            <row>0 0 0 0 0 0 0 0 0 0 0 0 0 0 0 0 0 0 0 0 0 0 0 0 0 0 0 0 0 0 0 0 0 0 0 0 0 0 0 0 0 0 0 0 0 0 0 0 0 0 0 0 0 0 0 0 0 0 0 0 0 0 0 0</row>
            <row>0 0 0 0 0 0 0 0 0 0 0 0 0 0 0 0 0 0 0 0 0 0 0 0 0 0 0 0 0 0 0 0 0 0 0 0 0 0 0 0 0 0 0 0 0 0 0 0 0 0 0 0 0 0 0 0 0 0 0 0 0 0 0 0</row>
            <row>0 0 0 0 0 0 0 0 0 0 0 0 0 0 0 0 0 0 0 0 0 0 0 0 0 0 0 0 0 0 0 0 0 0 0 0 0 0 0 0 0 0 0 0 0 0 0 0 0 0 0 0 0 0 0 0 0 0 0 0 0 0 0 0</row>
            <row>0 0 0 0 0 0 0 0 0 0 0 0 0 0 0 0 0 0 0 0 0 0 0 0 0 0 0 0 0 0 0 0 0 0 0 0 0 0 0 0 0 0 0 0 0 0 0 0 0 0 0 0 0 0 0 0 0 0 0 0 0 0 0 0</row>
            <row>0 0 0 0 0 0 0 0 0 0 0 0 0 0 0 0 0 0 0 0 0 0 0 0 0 0 0 0 0 0 0 0 0 0 0 0 0 0 0 0 0 0 0 0 0 0 0 0 0 0 0 0 0 0 0 0 0 0 0 0 0 0 0 0</row>
            <row>0 0 0 0 0 0 0 0 0 0 0 0 0 0 0 0 0 0 0 0 0 0 0 0 0 0 0 0 0 0 0 0 0 0 0 0 0 0 0 0 0 0 0 0 0 0 0 0 0 0 0 0 0 0 0 0 0 0 0 0 0 0 0 0</row>
            <row>0 0 0 0 0 0 0 0 0 0 0 0 0 0 0 0 0 0 0 0 0 0 0 0 0 0 0 0 0 0 0 0 0 0 0 0 0 0 0 0 0 0 0 0 0 0 0 0 0 0 0 0 0 0 0 0 0 0 0 0 0 0 0 0</row>
            <row>0 0 0 0 0 0 0 0 0 0 0 0 0 0 0 0 0 0 0 0 0 0 0 0 0 0 0 0 0 0 0 0 0 0 0 0 0 0 0 0 0 0 0 0 0 0 0 0 0 0 0 0 0 0 0 0 0 0 0 0 0 0 0 0</row>
            <row>0 0 0 0 0 0 0 0 0 0 0 0 0 0 0 0 0 0 0 0 0 0 0 0 0 0 0 0 0 0 0 0 0 0 0 0 0 0 0 0 0 0 0 0 0 0 0 0 0 0 0 0 0 0 0 0 0 0 0 0 0 0 0 0</row>
            <row>0 0 0 0 0 0 0 0 0 0 0 0 0 0 0 0 0 0 0 0 0 0 0 0 0 0 0 0 0 0 0 0 0 0 0 0 0 0 0 0 0 0 0 0 0 0 0 0 0 0 0 0 0 0 0 0 0 0 0 0 0 0 0 0</row>
            <row>0 0 0 0 0 0 0 0 0 0 0 0 0 0 0 0 0 0 0 0 0 0 0 0 0 0 0 0 0 0 0 0 0 0 0 0 0 0 0 0 0 0 0 0 0 0 0 0 0 0 0 0 0 0 0 0 0 0 0 0 0 0 0 0</row>
            <row>0 0 0 0 0 0 0 0 0 0 0 0 0 0 0 0 0 0 0 0 0 0 0 0 0 0 0 0 0 0 0 0 0 0 0 0 0 0 0 0 0 0 0 0 0 0 0 0 0 0 0 0 0 0 0 0 0 0 0 0 0 0 0 0</row>
            <row>0 0 0 0 0 0 0 0 0 0 0 0 0 0 0 0 0 0 0 0 0 0 0 0 0 0 0 0 0 0 0 0 0 0 0 0 0 0 0 0 0 0 0 0 0 0 0 0 0 0 0 0 0 0 0 0 0 0 0 0 0 0 0 0</row>
            <row>0 0 0 0 0 0 0 0 0 0 0 0 0 0 0 0 0 0 0 0 0 0 0 0 0 0 0 0 0 0 0 0 0 0 0 0 0 0 0 0 0 0 0 0 0 0 0 0 0 0 0 0 0 0 0 0 0 0 0 0 0 0 0 0</row>
            <row>0 0 0 0 0 0 0 0 0 0 0 0 0 0 0 0 0 0 0 0 0 0 0 0 0 0 0 0 0 0 0 0 0 0 0 0 0 0 0 0 0 0 0 0 0 0 0 0 0 0 0 0 0 0 0 0 0 0 0 0 0 0 0 0</row>
            <row>0 0 0 0 0 0 0 0 0 0 0 0 0 0 0 0 0 0 0 0 0 0 0 0 0 0 0 0 0 0 0 0 0 0 0 0 0 0 0 0 0 0 0 0 0 0 0 0 0 0 0 0 0 0 0 0 0 0 0 0 0 0 0 0</row>
            <row>0 0 0 0 0 0 0 0 0 0 0 0 0 0 0 0 0 0 0 0 0 0 0 0 0 0 0 0 0 0 0 0 0 0 0 0 0 0 0 0 0 0 0 0 0 0 0 0 0 0 0 0 0 0 0 0 0 0 0 0 0 0 0 0</row>
            <row>0 0 0 0 0 0 0 0 0 0 0 0 0 0 0 0 0 0 0 0 0 0 0 0 0 0 0 0 0 0 0 0 0 0 0 0 0 0 0 0 0 0 0 0 0 0 0 0 0 0 0 0 0 0 0 0 0 0 0 0 0 0 0 0</row>
            <row>0 0 0 0 0 0 0 0 0 0 0 0 0 0 0 0 0 0 0 0 0 0 0 0 0 0 0 0 0 0 0 0 0 0 0 0 0 0 0 0 0 0 0 0 0 0 0 0 0 0 0 0 0 0 0 0 0 0 0 0 0 0 0 0</row>
            <row>0 0 0 0 0 0 0 0 0 0 0 0 0 0 0 0 0 0 0 0 0 0 0 0 0 0 0 0 0 0 0 0 0 0 0 0 0 0 0 0 0 0 0 0 0 0 0 0 0 0 0 0 0 0 0 0 0 0 0 0 0 0 0 0</row>
            <row>0 0 0 0 0 0 0 0 0 0 0 0 0 0 0 0 0 0 0 0 0 0 0 0 0 0 0 0 0 0 0 0 0 0 0 0 0 0 0 0 0 0 0 0 0 0 0 0 0 0 0 0 0 0 0 0 0 0 0 0 0 0 0 0</row>
            <row>0 0 0 0 0 0 0 0 0 0 0 0 0 0 0 0 0 0 0 0 0 0 0 0 0 0 0 0 0 0 0 0 0 0 0 0 0 0 0 0 0 0 0 0 0 0 0 0 0 0 0 0 0 0 0 0 0 0 0 0 0 0 0 0</row>
            <row>0 0 0 0 0 0 0 0 0 0 0 0 0 0 0 0 0 0 0 0 0 0 0 0 0 0 0 0 0 0 0 0 0 0 0 0 0 0 0 0 0 0 0 0 0 0 0 0 0 0 0 0 0 0 0 0 0 0 0 0 0 0 0 0</row>
            <row>0 0 0 0 0 0 0 0 0 0 0 0 0 0 0 0 0 0 0 0 0 0 0 0 0 0 0 0 0 0 0 0 0 0 0 0 0 0 0 0 0 0 0 0 0 0 0 0 0 0 0 0 0 0 0 0 0 0 0 0 0 0 0 0</row>
            <row>0 0 0 0 0 0 0 0 0 0 0 0 0 0 0 0 0 0 0 0 0 0 0 0 0 0 0 0 0 0 0 0 0 0 0 0 0 0 0 0 0 0 0 0 0 0 0 0 0 0 0 0 0 0 0 0 0 0 0 0 0 0 0 0</row>
            <row>0 0 0 0 0 0 0 0 0 0 0 0 0 0 0 0 0 0 0 0 0 0 0 0 0 0 0 0 0 0 0 0 0 0 0 0 0 0 0 0 0 0 0 0 0 0 0 0 0 0 0 0 0 0 0 0 0 0 0 0 0 0 0 0</row>
            <row>0 0 0 0 0 0 0 0 0 0 0 0 0 0 0 0 0 0 0 0 0 0 0 0 0 0 0 0 0 0 0 0 0 0 0 0 0 0 0 0 0 0 0 0 0 0 0 0 0 0 0 0 0 0 0 0 0 0 0 0 0 0 0 0</row>
            <row>0 0 0 0 0 0 0 0 0 0 0 0 0 0 0 0 0 0 0 0 0 0 0 0 0 0 0 0 0 0 0 0 0 0 0 0 0 0 0 0 0 0 0 0 0 0 0 0 0 0 0 0 0 0 0 0 0 0 0 0 0 0 0 0</row>
            <row>0 0 0 0 0 0 0 0 0 0 0 0 0 0 0 0 0 0 0 0 0 0 0 0 0 0 0 0 0 0 0 0 0 0 0 0 0 0 0 0 0 0 0 0 0 0 0 0 0 0 0 0 0 0 0 0 0 0 0 0 0 0 0 0</row>
            <row>0 0 0 0 0 0 0 0 0 0 0 0 0 0 0 0 0 0 0 0 0 0 0 0 0 0 0 0 0 0 0 0 0 0 0 0 0 0 0 0 0 0 0 0 0 0 0 0 0 0 0 0 0 0 0 0 0 0 0 0 0 0 0 0</row>
            <row>0 0 0 0 0 0 0 0 0 0 0 0 0 0 0 0 0 0 0 0 0 0 0 0 0 0 0 0 0 0 0 0 0 0 0 0 0 0 0 0 0 0 0 0 0 0 0 0 0 0 0 0 0 0 0 0 0 0 0 0 0 0 0 0</row>
            <row>0 0 0 0 0 0 0 0 0 0 0 0 0 0 0 0 0 0 0 0 0 0 0 0 0 0 0 0 0 0 0 0 0 0 0 0 0 0 0 0 0 0 0 0 0 0 0 0 0 0 0 0 0 0 0 0 0 0 0 0 0 0 0 0</row>
            <row>0 0 0 0 0 0 0 0 0 0 0 0 0 0 0 0 0 0 0 0 0 0 0 0 0 0 0 0 0 0 0 0 0 0 0 0 0 0 0 0 0 0 0 0 0 0 0 0 0 0 0 0 0 0 0 0 0 0 0 0 0 0 0 0</row>
        </grid>
    </map>
    <algorithm>
        <allowanyangle>true</allowanyangle>
        <metrictype>euclid</metrictype>
        <breakingties>g-max</breakingties>
        <weight>1</weight>
    </algorithm>
    <options>
        <loglevel>1</loglevel>
        <logpath />
        <logfilename />
    </options>
</root>
