<?xml version="1.0" ?>
<root>
    <map>
        <width>64</width>
        <height>64</height>
        <agents>150</agents>
        <startx number="0">53</startx>
        <starty number="0">61</starty>
        <finishx number="0">8</finishx>
        <finishy number="0">10</finishy>
        <startx number="1">38</startx>
        <starty number="1">32</starty>
        <finishx number="1">44</finishx>
        <finishy number="1">23</finishy>
        <startx number="2">4</startx>
        <starty number="2">61</starty>
        <finishx number="2">62</finishx>
        <finishy number="2">9</finishy>
        <startx number="3">51</startx>
        <starty number="3">43</starty>
        <finishx number="3">43</finishx>
        <finishy number="3">34</finishy>
        <startx number="4">46</startx>
        <starty number="4">25</starty>
        <finishx number="4">34</finishx>
        <finishy number="4">46</finishy>
        <startx number="5">51</startx>
        <starty number="5">11</starty>
        <finishx number="5">16</finishx>
        <finishy number="5">52</finishy>
        <startx number="6">14</startx>
        <starty number="6">9</starty>
        <finishx number="6">19</finishx>
        <finishy number="6">48</finishy>
        <startx number="7">58</startx>
        <starty number="7">44</starty>
        <finishx number="7">11</finishx>
        <finishy number="7">52</finishy>
        <startx number="8">31</startx>
        <starty number="8">6</starty>
        <finishx number="8">8</finishx>
        <finishy number="8">45</finishy>
        <startx number="9">39</startx>
        <starty number="9">61</starty>
        <finishx number="9">3</finishx>
        <finishy number="9">54</finishy>
        <startx number="10">11</startx>
        <starty number="10">60</starty>
        <finishx number="10">37</finishx>
        <finishy number="10">5</finishy>
        <startx number="11">5</startx>
        <starty number="11">13</starty>
        <finishx number="11">48</finishx>
        <finishy number="11">41</finishy>
        <startx number="12">7</startx>
        <starty number="12">43</starty>
        <finishx number="12">3</finishx>
        <finishy number="12">59</finishy>
        <startx number="13">19</startx>
        <starty number="13">61</starty>
        <finishx number="13">58</finishx>
        <finishy number="13">31</finishy>
        <startx number="14">39</startx>
        <starty number="14">37</starty>
        <finishx number="14">62</finishx>
        <finishy number="14">12</finishy>
        <startx number="15">24</startx>
        <starty number="15">45</starty>
        <finishx number="15">48</finishx>
        <finishy number="15">60</finishy>
        <startx number="16">58</startx>
        <starty number="16">2</starty>
        <finishx number="16">12</finishx>
        <finishy number="16">15</finishy>
        <startx number="17">48</startx>
        <starty number="17">20</starty>
        <finishx number="17">42</finishx>
        <finishy number="17">23</finishy>
        <startx number="18">16</startx>
        <starty number="18">44</starty>
        <finishx number="18">18</finishx>
        <finishy number="18">35</finishy>
        <startx number="19">41</startx>
        <starty number="19">18</starty>
        <finishx number="19">30</finishx>
        <finishy number="19">60</finishy>
        <startx number="20">38</startx>
        <starty number="20">0</starty>
        <finishx number="20">2</finishx>
        <finishy number="20">17</finishy>
        <startx number="21">32</startx>
        <starty number="21">25</starty>
        <finishx number="21">29</finishx>
        <finishy number="21">44</finishy>
        <startx number="22">22</startx>
        <starty number="22">29</starty>
        <finishx number="22">13</finishx>
        <finishy number="22">33</finishy>
        <startx number="23">55</startx>
        <starty number="23">37</starty>
        <finishx number="23">57</finishx>
        <finishy number="23">16</finishy>
        <startx number="24">17</startx>
        <starty number="24">25</starty>
        <finishx number="24">48</finishx>
        <finishy number="24">6</finishy>
        <startx number="25">46</startx>
        <starty number="25">57</starty>
        <finishx number="25">9</finishx>
        <finishy number="25">39</finishy>
        <startx number="26">6</startx>
        <starty number="26">27</starty>
        <finishx number="26">28</finishx>
        <finishy number="26">2</finishy>
        <startx number="27">3</startx>
        <starty number="27">0</starty>
        <finishx number="27">50</finishx>
        <finishy number="27">38</finishy>
        <startx number="28">17</startx>
        <starty number="28">17</starty>
        <finishx number="28">28</finishx>
        <finishy number="28">60</finishy>
        <startx number="29">37</startx>
        <starty number="29">11</starty>
        <finishx number="29">20</finishx>
        <finishy number="29">30</finishy>
        <startx number="30">25</startx>
        <starty number="30">15</starty>
        <finishx number="30">63</finishx>
        <finishy number="30">6</finishy>
        <startx number="31">45</startx>
        <starty number="31">47</starty>
        <finishx number="31">57</finishx>
        <finishy number="31">40</finishy>
        <startx number="32">50</startx>
        <starty number="32">28</starty>
        <finishx number="32">62</finishx>
        <finishy number="32">33</finishy>
        <startx number="33">24</startx>
        <starty number="33">29</starty>
        <finishx number="33">1</finishx>
        <finishy number="33">41</finishy>
        <startx number="34">14</startx>
        <starty number="34">57</starty>
        <finishx number="34">37</finishx>
        <finishy number="34">48</finishy>
        <startx number="35">24</startx>
        <starty number="35">37</starty>
        <finishx number="35">15</finishx>
        <finishy number="35">20</finishy>
        <startx number="36">4</startx>
        <starty number="36">33</starty>
        <finishx number="36">7</finishx>
        <finishy number="36">13</finishy>
        <startx number="37">6</startx>
        <starty number="37">32</starty>
        <finishx number="37">63</finishx>
        <finishy number="37">14</finishy>
        <startx number="38">14</startx>
        <starty number="38">42</starty>
        <finishx number="38">41</finishx>
        <finishy number="38">63</finishy>
        <startx number="39">53</startx>
        <starty number="39">18</starty>
        <finishx number="39">31</finishx>
        <finishy number="39">31</finishy>
        <startx number="40">63</startx>
        <starty number="40">4</starty>
        <finishx number="40">53</finishx>
        <finishy number="40">32</finishy>
        <startx number="41">29</startx>
        <starty number="41">18</starty>
        <finishx number="41">20</finishx>
        <finishy number="41">32</finishy>
        <startx number="42">45</startx>
        <starty number="42">55</starty>
        <finishx number="42">6</finishx>
        <finishy number="42">24</finishy>
        <startx number="43">38</startx>
        <starty number="43">53</starty>
        <finishx number="43">56</finishx>
        <finishy number="43">5</finishy>
        <startx number="44">21</startx>
        <starty number="44">0</starty>
        <finishx number="44">26</finishx>
        <finishy number="44">5</finishy>
        <startx number="45">1</startx>
        <starty number="45">38</starty>
        <finishx number="45">54</finishx>
        <finishy number="45">56</finishy>
        <startx number="46">2</startx>
        <starty number="46">32</starty>
        <finishx number="46">29</finishx>
        <finishy number="46">23</finishy>
        <startx number="47">0</startx>
        <starty number="47">46</starty>
        <finishx number="47">32</finishx>
        <finishy number="47">33</finishy>
        <startx number="48">52</startx>
        <starty number="48">14</starty>
        <finishx number="48">60</finishx>
        <finishy number="48">17</finishy>
        <startx number="49">22</startx>
        <starty number="49">32</starty>
        <finishx number="49">54</finishx>
        <finishy number="49">24</finishy>
        <startx number="50">33</startx>
        <starty number="50">20</starty>
        <finishx number="50">57</finishx>
        <finishy number="50">18</finishy>
        <startx number="51">25</startx>
        <starty number="51">42</starty>
        <finishx number="51">49</finishx>
        <finishy number="51">33</finishy>
        <startx number="52">21</startx>
        <starty number="52">48</starty>
        <finishx number="52">49</finishx>
        <finishy number="52">36</finishy>
        <startx number="53">8</startx>
        <starty number="53">50</starty>
        <finishx number="53">22</finishx>
        <finishy number="53">5</finishy>
        <startx number="54">46</startx>
        <starty number="54">36</starty>
        <finishx number="54">33</finishx>
        <finishy number="54">41</finishy>
        <startx number="55">2</startx>
        <starty number="55">22</starty>
        <finishx number="55">19</finishx>
        <finishy number="55">11</finishy>
        <startx number="56">7</startx>
        <starty number="56">48</starty>
        <finishx number="56">40</finishx>
        <finishy number="56">2</finishy>
        <startx number="57">35</startx>
        <starty number="57">24</starty>
        <finishx number="57">26</finishx>
        <finishy number="57">12</finishy>
        <startx number="58">29</startx>
        <starty number="58">15</starty>
        <finishx number="58">35</finishx>
        <finishy number="58">35</finishy>
        <startx number="59">7</startx>
        <starty number="59">39</starty>
        <finishx number="59">30</finishx>
        <finishy number="59">36</finishy>
        <startx number="60">17</startx>
        <starty number="60">12</starty>
        <finishx number="60">50</finishx>
        <finishy number="60">48</finishy>
        <startx number="61">57</startx>
        <starty number="61">23</starty>
        <finishx number="61">49</finishx>
        <finishy number="61">1</finishy>
        <startx number="62">32</startx>
        <starty number="62">1</starty>
        <finishx number="62">26</finishx>
        <finishy number="62">20</finishy>
        <startx number="63">56</startx>
        <starty number="63">10</starty>
        <finishx number="63">60</finishx>
        <finishy number="63">60</finishy>
        <startx number="64">50</startx>
        <starty number="64">59</starty>
        <finishx number="64">37</finishx>
        <finishy number="64">45</finishy>
        <startx number="65">50</startx>
        <starty number="65">25</starty>
        <finishx number="65">13</finishx>
        <finishy number="65">55</finishy>
        <startx number="66">40</startx>
        <starty number="66">10</starty>
        <finishx number="66">9</finishx>
        <finishy number="66">37</finishy>
        <startx number="67">9</startx>
        <starty number="67">56</starty>
        <finishx number="67">0</finishx>
        <finishy number="67">44</finishy>
        <startx number="68">45</startx>
        <starty number="68">12</starty>
        <finishx number="68">34</finishx>
        <finishy number="68">30</finishy>
        <startx number="69">36</startx>
        <starty number="69">30</starty>
        <finishx number="69">56</finishx>
        <finishy number="69">13</finishy>
        <startx number="70">6</startx>
        <starty number="70">37</starty>
        <finishx number="70">52</finishx>
        <finishy number="70">45</finishy>
        <startx number="71">17</startx>
        <starty number="71">60</starty>
        <finishx number="71">6</finishx>
        <finishy number="71">2</finishy>
        <startx number="72">27</startx>
        <starty number="72">55</starty>
        <finishx number="72">46</finishx>
        <finishy number="72">17</finishy>
        <startx number="73">40</startx>
        <starty number="73">7</starty>
        <finishx number="73">20</finishx>
        <finishy number="73">27</finishy>
        <startx number="74">4</startx>
        <starty number="74">57</starty>
        <finishx number="74">15</finishx>
        <finishy number="74">49</finishy>
        <startx number="75">19</startx>
        <starty number="75">59</starty>
        <finishx number="75">52</finishx>
        <finishy number="75">24</finishy>
        <startx number="76">15</startx>
        <starty number="76">17</starty>
        <finishx number="76">32</finishx>
        <finishy number="76">54</finishy>
        <startx number="77">27</startx>
        <starty number="77">63</starty>
        <finishx number="77">60</finishx>
        <finishy number="77">41</finishy>
        <startx number="78">2</startx>
        <starty number="78">57</starty>
        <finishx number="78">31</finishx>
        <finishy number="78">28</finishy>
        <startx number="79">61</startx>
        <starty number="79">47</starty>
        <finishx number="79">42</finishx>
        <finishy number="79">50</finishy>
        <startx number="80">60</startx>
        <starty number="80">63</starty>
        <finishx number="80">19</finishx>
        <finishy number="80">19</finishy>
        <startx number="81">8</startx>
        <starty number="81">32</starty>
        <finishx number="81">54</finishx>
        <finishy number="81">35</finishy>
        <startx number="82">26</startx>
        <starty number="82">2</starty>
        <finishx number="82">62</finishx>
        <finishy number="82">36</finishy>
        <startx number="83">21</startx>
        <starty number="83">22</starty>
        <finishx number="83">41</finishx>
        <finishy number="83">45</finishy>
        <startx number="84">15</startx>
        <starty number="84">31</starty>
        <finishx number="84">22</finishx>
        <finishy number="84">50</finishy>
        <startx number="85">3</startx>
        <starty number="85">14</starty>
        <finishx number="85">52</finishx>
        <finishy number="85">8</finishy>
        <startx number="86">13</startx>
        <starty number="86">23</starty>
        <finishx number="86">19</finishx>
        <finishy number="86">46</finishy>
        <startx number="87">21</startx>
        <starty number="87">61</starty>
        <finishx number="87">44</finishx>
        <finishy number="87">2</finishy>
        <startx number="88">35</startx>
        <starty number="88">13</starty>
        <finishx number="88">23</finishx>
        <finishy number="88">43</finishy>
        <startx number="89">41</startx>
        <starty number="89">56</starty>
        <finishx number="89">29</finishx>
        <finishy number="89">10</finishy>
        <startx number="90">38</startx>
        <starty number="90">59</starty>
        <finishx number="90">25</finishx>
        <finishy number="90">18</finishy>
        <startx number="91">47</startx>
        <starty number="91">44</starty>
        <finishx number="91">61</finishx>
        <finishy number="91">50</finishy>
        <startx number="92">46</startx>
        <starty number="92">63</starty>
        <finishx number="92">27</finishx>
        <finishy number="92">28</finishy>
        <startx number="93">44</startx>
        <starty number="93">49</starty>
        <finishx number="93">52</finishx>
        <finishy number="93">54</finishy>
        <startx number="94">31</startx>
        <starty number="94">41</starty>
        <finishx number="94">28</finishx>
        <finishy number="94">4</finishy>
        <startx number="95">25</startx>
        <starty number="95">50</starty>
        <finishx number="95">17</finishx>
        <finishy number="95">54</finishy>
        <startx number="96">16</startx>
        <starty number="96">6</starty>
        <finishx number="96">25</finishx>
        <finishy number="96">34</finishy>
        <startx number="97">60</startx>
        <starty number="97">12</starty>
        <finishx number="97">17</finishx>
        <finishy number="97">41</finishy>
        <startx number="98">40</startx>
        <starty number="98">32</starty>
        <finishx number="98">20</finishx>
        <finishy number="98">38</finishy>
        <startx number="99">29</startx>
        <starty number="99">49</starty>
        <finishx number="99">63</finishx>
        <finishy number="99">57</finishy>
        <startx number="100">48</startx>
        <starty number="100">14</starty>
        <finishx number="100">17</finishx>
        <finishy number="100">9</finishy>
        <startx number="101">1</startx>
        <starty number="101">9</starty>
        <finishx number="101">7</finishx>
        <finishy number="101">21</finishy>
        <startx number="102">7</startx>
        <starty number="102">61</starty>
        <finishx number="102">46</finishx>
        <finishy number="102">4</finishy>
        <startx number="103">23</startx>
        <starty number="103">56</starty>
        <finishx number="103">59</finishx>
        <finishy number="103">47</finishy>
        <startx number="104">11</startx>
        <starty number="104">55</starty>
        <finishx number="104">54</finishx>
        <finishy number="104">8</finishy>
        <startx number="105">38</startx>
        <starty number="105">56</starty>
        <finishx number="105">41</finishx>
        <finishy number="105">21</finishy>
        <startx number="106">0</startx>
        <starty number="106">6</starty>
        <finishx number="106">34</finishx>
        <finishy number="106">17</finishy>
        <startx number="107">6</startx>
        <starty number="107">51</starty>
        <finishx number="107">41</finishx>
        <finishy number="107">5</finishy>
        <startx number="108">54</startx>
        <starty number="108">10</starty>
        <finishx number="108">5</finishx>
        <finishy number="108">59</finishy>
        <startx number="109">29</startx>
        <starty number="109">28</starty>
        <finishx number="109">32</finishx>
        <finishy number="109">38</finishy>
        <startx number="110">43</startx>
        <starty number="110">42</starty>
        <finishx number="110">28</finishx>
        <finishy number="110">12</finishy>
        <startx number="111">41</startx>
        <starty number="111">48</starty>
        <finishx number="111">3</finishx>
        <finishy number="111">19</finishy>
        <startx number="112">0</startx>
        <starty number="112">1</starty>
        <finishx number="112">58</finishx>
        <finishy number="112">63</finishy>
        <startx number="113">11</startx>
        <starty number="113">29</starty>
        <finishx number="113">56</finishx>
        <finishy number="113">8</finishy>
        <startx number="114">63</startx>
        <starty number="114">49</starty>
        <finishx number="114">22</finishx>
        <finishy number="114">35</finishy>
        <startx number="115">47</startx>
        <starty number="115">46</starty>
        <finishx number="115">57</finishx>
        <finishy number="115">21</finishy>
        <startx number="116">34</startx>
        <starty number="116">43</starty>
        <finishx number="116">2</finishx>
        <finishy number="116">46</finishy>
        <startx number="117">34</startx>
        <starty number="117">48</starty>
        <finishx number="117">45</finishx>
        <finishy number="117">39</finishy>
        <startx number="118">60</startx>
        <starty number="118">34</starty>
        <finishx number="118">44</finishx>
        <finishy number="118">28</finishy>
        <startx number="119">50</startx>
        <starty number="119">54</starty>
        <finishx number="119">56</finishx>
        <finishy number="119">58</finishy>
        <startx number="120">19</startx>
        <starty number="120">6</starty>
        <finishx number="120">1</finishx>
        <finishy number="120">49</finishy>
        <startx number="121">0</startx>
        <starty number="121">12</starty>
        <finishx number="121">9</finishx>
        <finishy number="121">42</finishy>
        <startx number="122">10</startx>
        <starty number="122">4</starty>
        <finishx number="122">56</finishx>
        <finishy number="122">61</finishy>
        <startx number="123">38</startx>
        <starty number="123">43</starty>
        <finishx number="123">43</finishx>
        <finishy number="123">18</finishy>
        <startx number="124">41</startx>
        <starty number="124">39</starty>
        <finishx number="124">48</finishx>
        <finishy number="124">28</finishy>
        <startx number="125">63</startx>
        <starty number="125">54</starty>
        <finishx number="125">59</finishx>
        <finishy number="125">23</finishy>
        <startx number="126">26</startx>
        <starty number="126">31</starty>
        <finishx number="126">30</finishx>
        <finishy number="126">2</finishy>
        <startx number="127">54</startx>
        <starty number="127">59</starty>
        <finishx number="127">21</finishx>
        <finishy number="127">3</finishy>
        <startx number="128">28</startx>
        <starty number="128">20</starty>
        <finishx number="128">22</finishx>
        <finishy number="128">8</finishy>
        <startx number="129">1</startx>
        <starty number="129">59</starty>
        <finishx number="129">30</finishx>
        <finishy number="129">55</finishy>
        <startx number="130">22</startx>
        <starty number="130">59</starty>
        <finishx number="130">40</finishx>
        <finishy number="130">13</finishy>
        <startx number="131">63</startx>
        <starty number="131">43</starty>
        <finishx number="131">52</finishx>
        <finishy number="131">3</finishy>
        <startx number="132">44</startx>
        <starty number="132">52</starty>
        <finishx number="132">29</finishx>
        <finishy number="132">7</finishy>
        <startx number="133">15</startx>
        <starty number="133">33</starty>
        <finishx number="133">18</finishx>
        <finishy number="133">22</finishy>
        <startx number="134">48</startx>
        <starty number="134">51</starty>
        <finishx number="134">24</finishx>
        <finishy number="134">21</finishy>
        <startx number="135">13</startx>
        <starty number="135">36</starty>
        <finishx number="135">7</finishx>
        <finishy number="135">5</finishy>
        <startx number="136">12</startx>
        <starty number="136">47</starty>
        <finishx number="136">25</finishx>
        <finishy number="136">61</finishy>
        <startx number="137">12</startx>
        <starty number="137">31</starty>
        <finishx number="137">39</finishx>
        <finishy number="137">29</finishy>
        <startx number="138">50</startx>
        <starty number="138">56</starty>
        <finishx number="138">54</finishx>
        <finishy number="138">3</finishy>
        <startx number="139">44</startx>
        <starty number="139">31</starty>
        <finishx number="139">7</finishx>
        <finishy number="139">8</finishy>
        <startx number="140">58</startx>
        <starty number="140">50</starty>
        <finishx number="140">43</finishx>
        <finishy number="140">26</finishy>
        <startx number="141">16</startx>
        <starty number="141">14</starty>
        <finishx number="141">36</finishx>
        <finishy number="141">19</finishy>
        <startx number="142">13</startx>
        <starty number="142">7</starty>
        <finishx number="142">30</finishx>
        <finishy number="142">20</finishy>
        <startx number="143">8</startx>
        <starty number="143">3</starty>
        <finishx number="143">4</finishx>
        <finishy number="143">6</finishy>
        <startx number="144">15</startx>
        <starty number="144">38</starty>
        <finishx number="144">60</finishx>
        <finishy number="144">14</finishy>
        <startx number="145">28</startx>
        <starty number="145">57</starty>
        <finishx number="145">20</finishx>
        <finishy number="145">40</finishy>
        <startx number="146">43</startx>
        <starty number="146">5</starty>
        <finishx number="146">14</finishx>
        <finishy number="146">1</finishy>
        <startx number="147">31</startx>
        <starty number="147">44</starty>
        <finishx number="147">7</finishx>
        <finishy number="147">58</finishy>
        <startx number="148">52</startx>
        <starty number="148">0</starty>
        <finishx number="148">0</finishx>
        <finishy number="148">33</finishy>
        <startx number="149">18</startx>
        <starty number="149">57</starty>
        <finishx number="149">11</finishx>
        <finishy number="149">7</finishy>
        <grid>
            <row>0 0 0 0 0 0 0 0 0 0 0 0 0 0 0 0 0 0 0 0 0 0 0 0 0 0 0 0 0 0 0 0 0 0 0 0 0 0 0 0 0 0 0 0 0 0 0 0 0 0 0 0 0 0 0 0 0 0 0 0 0 0 0 0</row>
            <row>0 0 0 0 0 0 0 0 0 0 0 0 0 0 0 0 0 0 0 0 0 0 0 0 0 0 0 0 0 0 0 0 0 0 0 0 0 0 0 0 0 0 0 0 0 0 0 0 0 0 0 0 0 0 0 0 0 0 0 0 0 0 0 0</row>
            <row>0 0 0 0 0 0 0 0 0 0 0 0 0 0 0 0 0 0 0 0 0 0 0 0 0 0 0 0 0 0 0 0 0 0 0 0 0 0 0 0 0 0 0 0 0 0 0 0 0 0 0 0 0 0 0 0 0 0 0 0 0 0 0 0</row>
            <row>0 0 0 0 0 0 0 0 0 0 0 0 0 0 0 0 0 0 0 0 0 0 0 0 0 0 0 0 0 0 0 0 0 0 0 0 0 0 0 0 0 0 0 0 0 0 0 0 0 0 0 0 0 0 0 0 0 0 0 0 0 0 0 0</row>
            <row>0 0 0 0 0 0 0 0 0 0 0 0 0 0 0 0 0 0 0 0 0 0 0 0 0 0 0 0 0 0 0 0 0 0 0 0 0 0 0 0 0 0 0 0 0 0 0 0 0 0 0 0 0 0 0 0 0 0 0 0 0 0 0 0</row>
            <row>0 0 0 0 0 0 0 0 0 0 0 0 0 0 0 0 0 0 0 0 0 0 0 0 0 0 0 0 0 0 0 0 0 0 0 0 0 0 0 0 0 0 0 0 0 0 0 0 0 0 0 0 0 0 0 0 0 0 0 0 0 0 0 0</row>
            <row>0 0 0 0 0 0 0 0 0 0 0 0 0 0 0 0 0 0 0 0 0 0 0 0 0 0 0 0 0 0 0 0 0 0 0 0 0 0 0 0 0 0 0 0 0 0 0 0 0 0 0 0 0 0 0 0 0 0 0 0 0 0 0 0</row>
            <row>0 0 0 0 0 0 0 0 0 0 0 0 0 0 0 0 0 0 0 0 0 0 0 0 0 0 0 0 0 0 0 0 0 0 0 0 0 0 0 0 0 0 0 0 0 0 0 0 0 0 0 0 0 0 0 0 0 0 0 0 0 0 0 0</row>
            <row>0 0 0 0 0 0 0 0 0 0 0 0 0 0 0 0 0 0 0 0 0 0 0 0 0 0 0 0 0 0 0 0 0 0 0 0 0 0 0 0 0 0 0 0 0 0 0 0 0 0 0 0 0 0 0 0 0 0 0 0 0 0 0 0</row>
            <row>0 0 0 0 0 0 0 0 0 0 0 0 0 0 0 0 0 0 0 0 0 0 0 0 0 0 0 0 0 0 0 0 0 0 0 0 0 0 0 0 0 0 0 0 0 0 0 0 0 0 0 0 0 0 0 0 0 0 0 0 0 0 0 0</row>
            <row>0 0 0 0 0 0 0 0 0 0 0 0 0 0 0 0 0 0 0 0 0 0 0 0 0 0 0 0 0 0 0 0 0 0 0 0 0 0 0 0 0 0 0 0 0 0 0 0 0 0 0 0 0 0 0 0 0 0 0 0 0 0 0 0</row>
            <row>0 0 0 0 0 0 0 0 0 0 0 0 0 0 0 0 0 0 0 0 0 0 0 0 0 0 0 0 0 0 0 0 0 0 0 0 0 0 0 0 0 0 0 0 0 0 0 0 0 0 0 0 0 0 0 0 0 0 0 0 0 0 0 0</row>
            <row>0 0 0 0 0 0 0 0 0 0 0 0 0 0 0 0 0 0 0 0 0 0 0 0 0 0 0 0 0 0 0 0 0 0 0 0 0 0 0 0 0 0 0 0 0 0 0 0 0 0 0 0 0 0 0 0 0 0 0 0 0 0 0 0</row>
            <row>0 0 0 0 0 0 0 0 0 0 0 0 0 0 0 0 0 0 0 0 0 0 0 0 0 0 0 0 0 0 0 0 0 0 0 0 0 0 0 0 0 0 0 0 0 0 0 0 0 0 0 0 0 0 0 0 0 0 0 0 0 0 0 0</row>
            <row>0 0 0 0 0 0 0 0 0 0 0 0 0 0 0 0 0 0 0 0 0 0 0 0 0 0 0 0 0 0 0 0 0 0 0 0 0 0 0 0 0 0 0 0 0 0 0 0 0 0 0 0 0 0 0 0 0 0 0 0 0 0 0 0</row>
            <row>0 0 0 0 0 0 0 0 0 0 0 0 0 0 0 0 0 0 0 0 0 0 0 0 0 0 0 0 0 0 0 0 0 0 0 0 0 0 0 0 0 0 0 0 0 0 0 0 0 0 0 0 0 0 0 0 0 0 0 0 0 0 0 0</row>
            <row>0 0 0 0 0 0 0 0 0 0 0 0 0 0 0 0 0 0 0 0 0 0 0 0 0 0 0 0 0 0 0 0 0 0 0 0 0 0 0 0 0 0 0 0 0 0 0 0 0 0 0 0 0 0 0 0 0 0 0 0 0 0 0 0</row>
            <row>0 0 0 0 0 0 0 0 0 0 0 0 0 0 0 0 0 0 0 0 0 0 0 0 0 0 0 0 0 0 0 0 0 0 0 0 0 0 0 0 0 0 0 0 0 0 0 0 0 0 0 0 0 0 0 0 0 0 0 0 0 0 0 0</row>
            <row>0 0 0 0 0 0 0 0 0 0 0 0 0 0 0 0 0 0 0 0 0 0 0 0 0 0 0 0 0 0 0 0 0 0 0 0 0 0 0 0 0 0 0 0 0 0 0 0 0 0 0 0 0 0 0 0 0 0 0 0 0 0 0 0</row>
            <row>0 0 0 0 0 0 0 0 0 0 0 0 0 0 0 0 0 0 0 0 0 0 0 0 0 0 0 0 0 0 0 0 0 0 0 0 0 0 0 0 0 0 0 0 0 0 0 0 0 0 0 0 0 0 0 0 0 0 0 0 0 0 0 0</row>
            <row>0 0 0 0 0 0 0 0 0 0 0 0 0 0 0 0 0 0 0 0 0 0 0 0 0 0 0 0 0 0 0 0 0 0 0 0 0 0 0 0 0 0 0 0 0 0 0 0 0 0 0 0 0 0 0 0 0 0 0 0 0 0 0 0</row>
            <row>0 0 0 0 0 0 0 0 0 0 0 0 0 0 0 0 0 0 0 0 0 0 0 0 0 0 0 0 0 0 0 0 0 0 0 0 0 0 0 0 0 0 0 0 0 0 0 0 0 0 0 0 0 0 0 0 0 0 0 0 0 0 0 0</row>
            <row>0 0 0 0 0 0 0 0 0 0 0 0 0 0 0 0 0 0 0 0 0 0 0 0 0 0 0 0 0 0 0 0 0 0 0 0 0 0 0 0 0 0 0 0 0 0 0 0 0 0 0 0 0 0 0 0 0 0 0 0 0 0 0 0</row>
            <row>0 0 0 0 0 0 0 0 0 0 0 0 0 0 0 0 0 0 0 0 0 0 0 0 0 0 0 0 0 0 0 0 0 0 0 0 0 0 0 0 0 0 0 0 0 0 0 0 0 0 0 0 0 0 0 0 0 0 0 0 0 0 0 0</row>
            <row>0 0 0 0 0 0 0 0 0 0 0 0 0 0 0 0 0 0 0 0 0 0 0 0 0 0 0 0 0 0 0 0 0 0 0 0 0 0 0 0 0 0 0 0 0 0 0 0 0 0 0 0 0 0 0 0 0 0 0 0 0 0 0 0</row>
            <row>0 0 0 0 0 0 0 0 0 0 0 0 0 0 0 0 0 0 0 0 0 0 0 0 0 0 0 0 0 0 0 0 0 0 0 0 0 0 0 0 0 0 0 0 0 0 0 0 0 0 0 0 0 0 0 0 0 0 0 0 0 0 0 0</row>
            <row>0 0 0 0 0 0 0 0 0 0 0 0 0 0 0 0 0 0 0 0 0 0 0 0 0 0 0 0 0 0 0 0 0 0 0 0 0 0 0 0 0 0 0 0 0 0 0 0 0 0 0 0 0 0 0 0 0 0 0 0 0 0 0 0</row>
            <row>0 0 0 0 0 0 0 0 0 0 0 0 0 0 0 0 0 0 0 0 0 0 0 0 0 0 0 0 0 0 0 0 0 0 0 0 0 0 0 0 0 0 0 0 0 0 0 0 0 0 0 0 0 0 0 0 0 0 0 0 0 0 0 0</row>
            <row>0 0 0 0 0 0 0 0 0 0 0 0 0 0 0 0 0 0 0 0 0 0 0 0 0 0 0 0 0 0 0 0 0 0 0 0 0 0 0 0 0 0 0 0 0 0 0 0 0 0 0 0 0 0 0 0 0 0 0 0 0 0 0 0</row>
            <row>0 0 0 0 0 0 0 0 0 0 0 0 0 0 0 0 0 0 0 0 0 0 0 0 0 0 0 0 0 0 0 0 0 0 0 0 0 0 0 0 0 0 0 0 0 0 0 0 0 0 0 0 0 0 0 0 0 0 0 0 0 0 0 0</row>
            <row>0 0 0 0 0 0 0 0 0 0 0 0 0 0 0 0 0 0 0 0 0 0 0 0 0 0 0 0 0 0 0 0 0 0 0 0 0 0 0 0 0 0 0 0 0 0 0 0 0 0 0 0 0 0 0 0 0 0 0 0 0 0 0 0</row>
            <row>0 0 0 0 0 0 0 0 0 0 0 0 0 0 0 0 0 0 0 0 0 0 0 0 0 0 0 0 0 0 0 0 0 0 0 0 0 0 0 0 0 0 0 0 0 0 0 0 0 0 0 0 0 0 0 0 0 0 0 0 0 0 0 0</row>
            <row>0 0 0 0 0 0 0 0 0 0 0 0 0 0 0 0 0 0 0 0 0 0 0 0 0 0 0 0 0 0 0 0 0 0 0 0 0 0 0 0 0 0 0 0 0 0 0 0 0 0 0 0 0 0 0 0 0 0 0 0 0 0 0 0</row>
            <row>0 0 0 0 0 0 0 0 0 0 0 0 0 0 0 0 0 0 0 0 0 0 0 0 0 0 0 0 0 0 0 0 0 0 0 0 0 0 0 0 0 0 0 0 0 0 0 0 0 0 0 0 0 0 0 0 0 0 0 0 0 0 0 0</row>
            <row>0 0 0 0 0 0 0 0 0 0 0 0 0 0 0 0 0 0 0 0 0 0 0 0 0 0 0 0 0 0 0 0 0 0 0 0 0 0 0 0 0 0 0 0 0 0 0 0 0 0 0 0 0 0 0 0 0 0 0 0 0 0 0 0</row>
            <row>0 0 0 0 0 0 0 0 0 0 0 0 0 0 0 0 0 0 0 0 0 0 0 0 0 0 0 0 0 0 0 0 0 0 0 0 0 0 0 0 0 0 0 0 0 0 0 0 0 0 0 0 0 0 0 0 0 0 0 0 0 0 0 0</row>
            <row>0 0 0 0 0 0 0 0 0 0 0 0 0 0 0 0 0 0 0 0 0 0 0 0 0 0 0 0 0 0 0 0 0 0 0 0 0 0 0 0 0 0 0 0 0 0 0 0 0 0 0 0 0 0 0 0 0 0 0 0 0 0 0 0</row>
            <row>0 0 0 0 0 0 0 0 0 0 0 0 0 0 0 0 0 0 0 0 0 0 0 0 0 0 0 0 0 0 0 0 0 0 0 0 0 0 0 0 0 0 0 0 0 0 0 0 0 0 0 0 0 0 0 0 0 0 0 0 0 0 0 0</row>
            <row>0 0 0 0 0 0 0 0 0 0 0 0 0 0 0 0 0 0 0 0 0 0 0 0 0 0 0 0 0 0 0 0 0 0 0 0 0 0 0 0 0 0 0 0 0 0 0 0 0 0 0 0 0 0 0 0 0 0 0 0 0 0 0 0</row>
            <row>0 0 0 0 0 0 0 0 0 0 0 0 0 0 0 0 0 0 0 0 0 0 0 0 0 0 0 0 0 0 0 0 0 0 0 0 0 0 0 0 0 0 0 0 0 0 0 0 0 0 0 0 0 0 0 0 0 0 0 0 0 0 0 0</row>
            <row>0 0 0 0 0 0 0 0 0 0 0 0 0 0 0 0 0 0 0 0 0 0 0 0 0 0 0 0 0 0 0 0 0 0 0 0 0 0 0 0 0 0 0 0 0 0 0 0 0 0 0 0 0 0 0 0 0 0 0 0 0 0 0 0</row>
            <row>0 0 0 0 0 0 0 0 0 0 0 0 0 0 0 0 0 0 0 0 0 0 0 0 0 0 0 0 0 0 0 0 0 0 0 0 0 0 0 0 0 0 0 0 0 0 0 0 0 0 0 0 0 0 0 0 0 0 0 0 0 0 0 0</row>
            <row>0 0 0 0 0 0 0 0 0 0 0 0 0 0 0 0 0 0 0 0 0 0 0 0 0 0 0 0 0 0 0 0 0 0 0 0 0 0 0 0 0 0 0 0 0 0 0 0 0 0 0 0 0 0 0 0 0 0 0 0 0 0 0 0</row>
            <row>0 0 0 0 0 0 0 0 0 0 0 0 0 0 0 0 0 0 0 0 0 0 0 0 0 0 0 0 0 0 0 0 0 0 0 0 0 0 0 0 0 0 0 0 0 0 0 0 0 0 0 0 0 0 0 0 0 0 0 0 0 0 0 0</row>
            <row>0 0 0 0 0 0 0 0 0 0 0 0 0 0 0 0 0 0 0 0 0 0 0 0 0 0 0 0 0 0 0 0 0 0 0 0 0 0 0 0 0 0 0 0 0 0 0 0 0 0 0 0 0 0 0 0 0 0 0 0 0 0 0 0</row>
            <row>0 0 0 0 0 0 0 0 0 0 0 0 0 0 0 0 0 0 0 0 0 0 0 0 0 0 0 0 0 0 0 0 0 0 0 0 0 0 0 0 0 0 0 0 0 0 0 0 0 0 0 0 0 0 0 0 0 0 0 0 0 0 0 0</row>
            <row>0 0 0 0 0 0 0 0 0 0 0 0 0 0 0 0 0 0 0 0 0 0 0 0 0 0 0 0 0 0 0 0 0 0 0 0 0 0 0 0 0 0 0 0 0 0 0 0 0 0 0 0 0 0 0 0 0 0 0 0 0 0 0 0</row>
            <row>0 0 0 0 0 0 0 0 0 0 0 0 0 0 0 0 0 0 0 0 0 0 0 0 0 0 0 0 0 0 0 0 0 0 0 0 0 0 0 0 0 0 0 0 0 0 0 0 0 0 0 0 0 0 0 0 0 0 0 0 0 0 0 0</row>
            <row>0 0 0 0 0 0 0 0 0 0 0 0 0 0 0 0 0 0 0 0 0 0 0 0 0 0 0 0 0 0 0 0 0 0 0 0 0 0 0 0 0 0 0 0 0 0 0 0 0 0 0 0 0 0 0 0 0 0 0 0 0 0 0 0</row>
            <row>0 0 0 0 0 0 0 0 0 0 0 0 0 0 0 0 0 0 0 0 0 0 0 0 0 0 0 0 0 0 0 0 0 0 0 0 0 0 0 0 0 0 0 0 0 0 0 0 0 0 0 0 0 0 0 0 0 0 0 0 0 0 0 0</row>
            <row>0 0 0 0 0 0 0 0 0 0 0 0 0 0 0 0 0 0 0 0 0 0 0 0 0 0 0 0 0 0 0 0 0 0 0 0 0 0 0 0 0 0 0 0 0 0 0 0 0 0 0 0 0 0 0 0 0 0 0 0 0 0 0 0</row>
            <row>0 0 0 0 0 0 0 0 0 0 0 0 0 0 0 0 0 0 0 0 0 0 0 0 0 0 0 0 0 0 0 0 0 0 0 0 0 0 0 0 0 0 0 0 0 0 0 0 0 0 0 0 0 0 0 0 0 0 0 0 0 0 0 0</row>
            <row>0 0 0 0 0 0 0 0 0 0 0 0 0 0 0 0 0 0 0 0 0 0 0 0 0 0 0 0 0 0 0 0 0 0 0 0 0 0 0 0 0 0 0 0 0 0 0 0 0 0 0 0 0 0 0 0 0 0 0 0 0 0 0 0</row>
            <row>0 0 0 0 0 0 0 0 0 0 0 0 0 0 0 0 0 0 0 0 0 0 0 0 0 0 0 0 0 0 0 0 0 0 0 0 0 0 0 0 0 0 0 0 0 0 0 0 0 0 0 0 0 0 0 0 0 0 0 0 0 0 0 0</row>
            <row>0 0 0 0 0 0 0 0 0 0 0 0 0 0 0 0 0 0 0 0 0 0 0 0 0 0 0 0 0 0 0 0 0 0 0 0 0 0 0 0 0 0 0 0 0 0 0 0 0 0 0 0 0 0 0 0 0 0 0 0 0 0 0 0</row>
            <row>0 0 0 0 0 0 0 0 0 0 0 0 0 0 0 0 0 0 0 0 0 0 0 0 0 0 0 0 0 0 0 0 0 0 0 0 0 0 0 0 0 0 0 0 0 0 0 0 0 0 0 0 0 0 0 0 0 0 0 0 0 0 0 0</row>
            <row>0 0 0 0 0 0 0 0 0 0 0 0 0 0 0 0 0 0 0 0 0 0 0 0 0 0 0 0 0 0 0 0 0 0 0 0 0 0 0 0 0 0 0 0 0 0 0 0 0 0 0 0 0 0 0 0 0 0 0 0 0 0 0 0</row>
            <row>0 0 0 0 0 0 0 0 0 0 0 0 0 0 0 0 0 0 0 0 0 0 0 0 0 0 0 0 0 0 0 0 0 0 0 0 0 0 0 0 0 0 0 0 0 0 0 0 0 0 0 0 0 0 0 0 0 0 0 0 0 0 0 0</row>
            <row>0 0 0 0 0 0 0 0 0 0 0 0 0 0 0 0 0 0 0 0 0 0 0 0 0 0 0 0 0 0 0 0 0 0 0 0 0 0 0 0 0 0 0 0 0 0 0 0 0 0 0 0 0 0 0 0 0 0 0 0 0 0 0 0</row>
            <row>0 0 0 0 0 0 0 0 0 0 0 0 0 0 0 0 0 0 0 0 0 0 0 0 0 0 0 0 0 0 0 0 0 0 0 0 0 0 0 0 0 0 0 0 0 0 0 0 0 0 0 0 0 0 0 0 0 0 0 0 0 0 0 0</row>
            <row>0 0 0 0 0 0 0 0 0 0 0 0 0 0 0 0 0 0 0 0 0 0 0 0 0 0 0 0 0 0 0 0 0 0 0 0 0 0 0 0 0 0 0 0 0 0 0 0 0 0 0 0 0 0 0 0 0 0 0 0 0 0 0 0</row>
            <row>0 0 0 0 0 0 0 0 0 0 0 0 0 0 0 0 0 0 0 0 0 0 0 0 0 0 0 0 0 0 0 0 0 0 0 0 0 0 0 0 0 0 0 0 0 0 0 0 0 0 0 0 0 0 0 0 0 0 0 0 0 0 0 0</row>
            <row>0 0 0 0 0 0 0 0 0 0 0 0 0 0 0 0 0 0 0 0 0 0 0 0 0 0 0 0 0 0 0 0 0 0 0 0 0 0 0 0 0 0 0 0 0 0 0 0 0 0 0 0 0 0 0 0 0 0 0 0 0 0 0 0</row>
            <row>0 0 0 0 0 0 0 0 0 0 0 0 0 0 0 0 0 0 0 0 0 0 0 0 0 0 0 0 0 0 0 0 0 0 0 0 0 0 0 0 0 0 0 0 0 0 0 0 0 0 0 0 0 0 0 0 0 0 0 0 0 0 0 0</row>
        </grid>
    </map>
    <algorithm>
        <allowanyangle>true</allowanyangle>
        <metrictype>euclid</metrictype>
        <breakingties>g-max</breakingties>
        <weight>1</weight>
    </algorithm>
    <options>
        <loglevel>1</loglevel>
        <logpath />
        <logfilename />
    </options>
</root>
