<?xml version="1.0" ?>
<root>
    <map>
        <width>64</width>
        <height>64</height>
        <agents>200</agents>
        <startx number="0">20</startx>
        <starty number="0">46</starty>
        <finishx number="0">29</finishx>
        <finishy number="0">1</finishy>
        <startx number="1">24</startx>
        <starty number="1">23</starty>
        <finishx number="1">58</finishx>
        <finishy number="1">34</finishy>
        <startx number="2">2</startx>
        <starty number="2">35</starty>
        <finishx number="2">48</finishx>
        <finishy number="2">33</finishy>
        <startx number="3">32</startx>
        <starty number="3">14</starty>
        <finishx number="3">7</finishx>
        <finishy number="3">2</finishy>
        <startx number="4">54</startx>
        <starty number="4">56</starty>
        <finishx number="4">3</finishx>
        <finishy number="4">24</finishy>
        <startx number="5">36</startx>
        <starty number="5">6</starty>
        <finishx number="5">13</finishx>
        <finishy number="5">23</finishy>
        <startx number="6">0</startx>
        <starty number="6">27</starty>
        <finishx number="6">37</finishx>
        <finishy number="6">3</finishy>
        <startx number="7">47</startx>
        <starty number="7">57</starty>
        <finishx number="7">19</finishx>
        <finishy number="7">3</finishy>
        <startx number="8">1</startx>
        <starty number="8">8</starty>
        <finishx number="8">62</finishx>
        <finishy number="8">25</finishy>
        <startx number="9">42</startx>
        <starty number="9">61</starty>
        <finishx number="9">30</finishx>
        <finishy number="9">41</finishy>
        <startx number="10">45</startx>
        <starty number="10">63</starty>
        <finishx number="10">3</finishx>
        <finishy number="10">46</finishy>
        <startx number="11">36</startx>
        <starty number="11">48</starty>
        <finishx number="11">61</finishx>
        <finishy number="11">10</finishy>
        <startx number="12">61</startx>
        <starty number="12">15</starty>
        <finishx number="12">39</finishx>
        <finishy number="12">0</finishy>
        <startx number="13">25</startx>
        <starty number="13">8</starty>
        <finishx number="13">63</finishx>
        <finishy number="13">49</finishy>
        <startx number="14">28</startx>
        <starty number="14">36</starty>
        <finishx number="14">39</finishx>
        <finishy number="14">13</finishy>
        <startx number="15">39</startx>
        <starty number="15">56</starty>
        <finishx number="15">13</finishx>
        <finishy number="15">26</finishy>
        <startx number="16">16</startx>
        <starty number="16">49</starty>
        <finishx number="16">28</finishx>
        <finishy number="16">47</finishy>
        <startx number="17">29</startx>
        <starty number="17">7</starty>
        <finishx number="17">55</finishx>
        <finishy number="17">24</finishy>
        <startx number="18">61</startx>
        <starty number="18">20</starty>
        <finishx number="18">9</finishx>
        <finishy number="18">58</finishy>
        <startx number="19">31</startx>
        <starty number="19">1</starty>
        <finishx number="19">0</finishx>
        <finishy number="19">20</finishy>
        <startx number="20">52</startx>
        <starty number="20">62</starty>
        <finishx number="20">41</finishx>
        <finishy number="20">50</finishy>
        <startx number="21">8</startx>
        <starty number="21">42</starty>
        <finishx number="21">42</finishx>
        <finishy number="21">20</finishy>
        <startx number="22">5</startx>
        <starty number="22">46</starty>
        <finishx number="22">34</finishx>
        <finishy number="22">62</finishy>
        <startx number="23">16</startx>
        <starty number="23">54</starty>
        <finishx number="23">62</finishx>
        <finishy number="23">41</finishy>
        <startx number="24">12</startx>
        <starty number="24">31</starty>
        <finishx number="24">18</finishx>
        <finishy number="24">41</finishy>
        <startx number="25">8</startx>
        <starty number="25">52</starty>
        <finishx number="25">62</finishx>
        <finishy number="25">7</finishy>
        <startx number="26">12</startx>
        <starty number="26">4</starty>
        <finishx number="26">22</finishx>
        <finishy number="26">61</finishy>
        <startx number="27">62</startx>
        <starty number="27">17</starty>
        <finishx number="27">28</finishx>
        <finishy number="27">28</finishy>
        <startx number="28">40</startx>
        <starty number="28">7</starty>
        <finishx number="28">2</finishx>
        <finishy number="28">32</finishy>
        <startx number="29">29</startx>
        <starty number="29">49</starty>
        <finishx number="29">27</finishx>
        <finishy number="29">63</finishy>
        <startx number="30">43</startx>
        <starty number="30">36</starty>
        <finishx number="30">29</finishx>
        <finishy number="30">12</finishy>
        <startx number="31">49</startx>
        <starty number="31">27</starty>
        <finishx number="31">36</finishx>
        <finishy number="31">13</finishy>
        <startx number="32">7</startx>
        <starty number="32">27</starty>
        <finishx number="32">60</finishx>
        <finishy number="32">39</finishy>
        <startx number="33">58</startx>
        <starty number="33">10</starty>
        <finishx number="33">24</finishx>
        <finishy number="33">47</finishy>
        <startx number="34">56</startx>
        <starty number="34">37</starty>
        <finishx number="34">24</finishx>
        <finishy number="34">34</finishy>
        <startx number="35">44</startx>
        <starty number="35">42</starty>
        <finishx number="35">56</finishx>
        <finishy number="35">45</finishy>
        <startx number="36">14</startx>
        <starty number="36">60</starty>
        <finishx number="36">0</finishx>
        <finishy number="36">38</finishy>
        <startx number="37">8</startx>
        <starty number="37">37</starty>
        <finishx number="37">11</finishx>
        <finishy number="37">20</finishy>
        <startx number="38">3</startx>
        <starty number="38">8</starty>
        <finishx number="38">47</finishx>
        <finishy number="38">1</finishy>
        <startx number="39">30</startx>
        <starty number="39">57</starty>
        <finishx number="39">55</finishx>
        <finishy number="39">27</finishy>
        <startx number="40">9</startx>
        <starty number="40">2</starty>
        <finishx number="40">55</finishx>
        <finishy number="40">61</finishy>
        <startx number="41">59</startx>
        <starty number="41">41</starty>
        <finishx number="41">55</finishx>
        <finishy number="41">15</finishy>
        <startx number="42">63</startx>
        <starty number="42">33</starty>
        <finishx number="42">3</finishx>
        <finishy number="42">3</finishy>
        <startx number="43">20</startx>
        <starty number="43">40</starty>
        <finishx number="43">53</finishx>
        <finishy number="43">0</finishy>
        <startx number="44">6</startx>
        <starty number="44">58</starty>
        <finishx number="44">41</finishx>
        <finishy number="44">18</finishy>
        <startx number="45">2</startx>
        <starty number="45">6</starty>
        <finishx number="45">61</finishx>
        <finishy number="45">49</finishy>
        <startx number="46">34</startx>
        <starty number="46">30</starty>
        <finishx number="46">44</finishx>
        <finishy number="46">23</finishy>
        <startx number="47">63</startx>
        <starty number="47">19</starty>
        <finishx number="47">15</finishx>
        <finishy number="47">63</finishy>
        <startx number="48">32</startx>
        <starty number="48">59</starty>
        <finishx number="48">38</finishx>
        <finishy number="48">32</finishy>
        <startx number="49">17</startx>
        <starty number="49">30</starty>
        <finishx number="49">52</finishx>
        <finishy number="49">51</finishy>
        <startx number="50">30</startx>
        <starty number="50">20</starty>
        <finishx number="50">40</finishx>
        <finishy number="50">15</finishy>
        <startx number="51">37</startx>
        <starty number="51">45</starty>
        <finishx number="51">18</finishx>
        <finishy number="51">43</finishy>
        <startx number="52">21</startx>
        <starty number="52">5</starty>
        <finishx number="52">35</finishx>
        <finishy number="52">43</finishy>
        <startx number="53">33</startx>
        <starty number="53">38</starty>
        <finishx number="53">58</finishx>
        <finishy number="53">21</finishy>
        <startx number="54">38</startx>
        <starty number="54">18</starty>
        <finishx number="54">15</finishx>
        <finishy number="54">38</finishy>
        <startx number="55">47</startx>
        <starty number="55">19</starty>
        <finishx number="55">28</finishx>
        <finishy number="55">39</finishy>
        <startx number="56">3</startx>
        <starty number="56">54</starty>
        <finishx number="56">7</finishx>
        <finishy number="56">5</finishy>
        <startx number="57">22</startx>
        <starty number="57">56</starty>
        <finishx number="57">38</finishx>
        <finishy number="57">58</finishy>
        <startx number="58">60</startx>
        <starty number="58">55</starty>
        <finishx number="58">40</finishx>
        <finishy number="58">26</finishy>
        <startx number="59">10</startx>
        <starty number="59">42</starty>
        <finishx number="59">32</finishx>
        <finishy number="59">22</finishy>
        <startx number="60">59</startx>
        <starty number="60">63</starty>
        <finishx number="60">3</finishx>
        <finishy number="60">17</finishy>
        <startx number="61">29</startx>
        <starty number="61">54</starty>
        <finishx number="61">9</finishx>
        <finishy number="61">24</finishy>
        <startx number="62">13</startx>
        <starty number="62">28</starty>
        <finishx number="62">27</finishx>
        <finishy number="62">20</finishy>
        <startx number="63">40</startx>
        <starty number="63">24</starty>
        <finishx number="63">29</finishx>
        <finishy number="63">15</finishy>
        <startx number="64">31</startx>
        <starty number="64">33</starty>
        <finishx number="64">38</finishx>
        <finishy number="64">37</finishy>
        <startx number="65">63</startx>
        <starty number="65">1</starty>
        <finishx number="65">44</finishx>
        <finishy number="65">34</finishy>
        <startx number="66">23</startx>
        <starty number="66">0</starty>
        <finishx number="66">48</finishx>
        <finishy number="66">51</finishy>
        <startx number="67">24</startx>
        <starty number="67">13</starty>
        <finishx number="67">36</finishx>
        <finishy number="67">11</finishy>
        <startx number="68">53</startx>
        <starty number="68">43</starty>
        <finishx number="68">63</finishx>
        <finishy number="68">15</finishy>
        <startx number="69">58</startx>
        <starty number="69">12</starty>
        <finishx number="69">8</finishx>
        <finishy number="69">0</finishy>
        <startx number="70">60</startx>
        <starty number="70">52</starty>
        <finishx number="70">55</finishx>
        <finishy number="70">29</finishy>
        <startx number="71">42</startx>
        <starty number="71">39</starty>
        <finishx number="71">25</finishx>
        <finishy number="71">21</finishy>
        <startx number="72">34</startx>
        <starty number="72">22</starty>
        <finishx number="72">17</finishx>
        <finishy number="72">52</finishy>
        <startx number="73">54</startx>
        <starty number="73">21</starty>
        <finishx number="73">51</finishx>
        <finishy number="73">14</finishy>
        <startx number="74">46</startx>
        <starty number="74">39</starty>
        <finishx number="74">63</finishx>
        <finishy number="74">22</finishy>
        <startx number="75">54</startx>
        <starty number="75">34</starty>
        <finishx number="75">45</finishx>
        <finishy number="75">4</finishy>
        <startx number="76">50</startx>
        <starty number="76">6</starty>
        <finishx number="76">9</finishx>
        <finishy number="76">26</finishy>
        <startx number="77">9</startx>
        <starty number="77">45</starty>
        <finishx number="77">20</finishx>
        <finishy number="77">56</finishy>
        <startx number="78">1</startx>
        <starty number="78">24</starty>
        <finishx number="78">43</finishx>
        <finishy number="78">26</finishy>
        <startx number="79">27</startx>
        <starty number="79">10</starty>
        <finishx number="79">40</finishx>
        <finishy number="79">21</finishy>
        <startx number="80">60</startx>
        <starty number="80">47</starty>
        <finishx number="80">5</finishx>
        <finishy number="80">37</finishy>
        <startx number="81">18</startx>
        <starty number="81">17</starty>
        <finishx number="81">48</finishx>
        <finishy number="81">22</finishy>
        <startx number="82">38</startx>
        <starty number="82">16</starty>
        <finishx number="82">19</finishx>
        <finishy number="82">48</finishy>
        <startx number="83">32</startx>
        <starty number="83">17</starty>
        <finishx number="83">42</finishx>
        <finishy number="83">7</finishy>
        <startx number="84">21</startx>
        <starty number="84">37</starty>
        <finishx number="84">11</finishx>
        <finishy number="84">55</finishy>
        <startx number="85">12</startx>
        <starty number="85">15</starty>
        <finishx number="85">31</finishx>
        <finishy number="85">55</finishy>
        <startx number="86">49</startx>
        <starty number="86">19</starty>
        <finishx number="86">23</finishx>
        <finishy number="86">8</finishy>
        <startx number="87">15</startx>
        <starty number="87">7</starty>
        <finishx number="87">52</finishx>
        <finishy number="87">41</finishy>
        <startx number="88">23</startx>
        <starty number="88">5</starty>
        <finishx number="88">31</finishx>
        <finishy number="88">49</finishy>
        <startx number="89">38</startx>
        <starty number="89">34</starty>
        <finishx number="89">58</finishx>
        <finishy number="89">44</finishy>
        <startx number="90">61</startx>
        <starty number="90">33</starty>
        <finishx number="90">20</finishx>
        <finishy number="90">27</finishy>
        <startx number="91">51</startx>
        <starty number="91">54</starty>
        <finishx number="91">20</finishx>
        <finishy number="91">0</finishy>
        <startx number="92">45</startx>
        <starty number="92">18</starty>
        <finishx number="92">37</finishx>
        <finishy number="92">56</finishy>
        <startx number="93">44</startx>
        <starty number="93">28</starty>
        <finishx number="93">57</finishx>
        <finishy number="93">42</finishy>
        <startx number="94">50</startx>
        <starty number="94">46</starty>
        <finishx number="94">5</finishx>
        <finishy number="94">48</finishy>
        <startx number="95">4</startx>
        <starty number="95">32</starty>
        <finishx number="95">55</finishx>
        <finishy number="95">11</finishy>
        <startx number="96">62</startx>
        <starty number="96">30</starty>
        <finishx number="96">22</finishx>
        <finishy number="96">19</finishy>
        <startx number="97">18</startx>
        <starty number="97">46</starty>
        <finishx number="97">35</finishx>
        <finishy number="97">51</finishy>
        <startx number="98">6</startx>
        <starty number="98">53</starty>
        <finishx number="98">2</finishx>
        <finishy number="98">19</finishy>
        <startx number="99">44</startx>
        <starty number="99">7</starty>
        <finishx number="99">42</finishx>
        <finishy number="99">28</finishy>
        <startx number="100">49</startx>
        <starty number="100">54</starty>
        <finishx number="100">31</finishx>
        <finishy number="100">38</finishy>
        <startx number="101">56</startx>
        <starty number="101">53</starty>
        <finishx number="101">11</finishx>
        <finishy number="101">2</finishy>
        <startx number="102">28</startx>
        <starty number="102">60</starty>
        <finishx number="102">43</finishx>
        <finishy number="102">18</finishy>
        <startx number="103">19</startx>
        <starty number="103">11</starty>
        <finishx number="103">23</finishx>
        <finishy number="103">53</finishy>
        <startx number="104">1</startx>
        <starty number="104">30</starty>
        <finishx number="104">4</finishx>
        <finishy number="104">21</finishy>
        <startx number="105">24</startx>
        <starty number="105">45</starty>
        <finishx number="105">5</finishx>
        <finishy number="105">61</finishy>
        <startx number="106">1</startx>
        <starty number="106">62</starty>
        <finishx number="106">46</finishx>
        <finishy number="106">6</finishy>
        <startx number="107">0</startx>
        <starty number="107">36</starty>
        <finishx number="107">44</finishx>
        <finishy number="107">39</finishy>
        <startx number="108">62</startx>
        <starty number="108">57</starty>
        <finishx number="108">19</finishx>
        <finishy number="108">38</finishy>
        <startx number="109">34</startx>
        <starty number="109">6</starty>
        <finishx number="109">27</finishx>
        <finishy number="109">33</finishy>
        <startx number="110">57</startx>
        <starty number="110">32</starty>
        <finishx number="110">42</finishx>
        <finishy number="110">10</finishy>
        <startx number="111">30</startx>
        <starty number="111">52</starty>
        <finishx number="111">5</finishx>
        <finishy number="111">35</finishy>
        <startx number="112">43</startx>
        <starty number="112">15</starty>
        <finishx number="112">8</finishx>
        <finishy number="112">31</finishy>
        <startx number="113">59</startx>
        <starty number="113">7</starty>
        <finishx number="113">35</finishx>
        <finishy number="113">38</finishy>
        <startx number="114">48</startx>
        <starty number="114">11</starty>
        <finishx number="114">5</finishx>
        <finishy number="114">16</finishy>
        <startx number="115">61</startx>
        <starty number="115">60</starty>
        <finishx number="115">6</finishx>
        <finishy number="115">8</finishy>
        <startx number="116">14</startx>
        <starty number="116">49</starty>
        <finishx number="116">40</finishx>
        <finishy number="116">59</finishy>
        <startx number="117">7</startx>
        <starty number="117">24</starty>
        <finishx number="117">14</finishx>
        <finishy number="117">17</finishy>
        <startx number="118">8</startx>
        <starty number="118">8</starty>
        <finishx number="118">20</finishx>
        <finishy number="118">24</finishy>
        <startx number="119">40</startx>
        <starty number="119">53</starty>
        <finishx number="119">24</finishx>
        <finishy number="119">42</finishy>
        <startx number="120">37</startx>
        <starty number="120">24</starty>
        <finishx number="120">60</finishx>
        <finishy number="120">44</finishy>
        <startx number="121">31</startx>
        <starty number="121">3</starty>
        <finishx number="121">63</finishx>
        <finishy number="121">46</finishy>
        <startx number="122">34</startx>
        <starty number="122">45</starty>
        <finishx number="122">31</finishx>
        <finishy number="122">9</finishy>
        <startx number="123">59</startx>
        <starty number="123">23</starty>
        <finishx number="123">12</finishx>
        <finishy number="123">7</finishy>
        <startx number="124">39</startx>
        <starty number="124">5</starty>
        <finishx number="124">19</finishx>
        <finishy number="124">53</finishy>
        <startx number="125">51</startx>
        <starty number="125">56</starty>
        <finishx number="125">15</finishx>
        <finishy number="125">36</finishy>
        <startx number="126">48</startx>
        <starty number="126">38</starty>
        <finishx number="126">58</finishx>
        <finishy number="126">18</finishy>
        <startx number="127">1</startx>
        <starty number="127">60</starty>
        <finishx number="127">48</finishx>
        <finishy number="127">44</finishy>
        <startx number="128">48</startx>
        <starty number="128">25</starty>
        <finishx number="128">56</finishx>
        <finishy number="128">3</finishy>
        <startx number="129">47</startx>
        <starty number="129">47</starty>
        <finishx number="129">8</finishx>
        <finishy number="129">15</finishy>
        <startx number="130">15</startx>
        <starty number="130">46</starty>
        <finishx number="130">47</finishx>
        <finishy number="130">62</finishy>
        <startx number="131">9</startx>
        <starty number="131">20</starty>
        <finishx number="131">22</finishx>
        <finishy number="131">13</finishy>
        <startx number="132">33</startx>
        <starty number="132">56</starty>
        <finishx number="132">46</finishx>
        <finishy number="132">9</finishy>
        <startx number="133">26</startx>
        <starty number="133">18</starty>
        <finishx number="133">16</finishx>
        <finishy number="133">41</finishy>
        <startx number="134">21</startx>
        <starty number="134">16</starty>
        <finishx number="134">35</finishx>
        <finishy number="134">56</finishy>
        <startx number="135">34</startx>
        <starty number="135">25</starty>
        <finishx number="135">2</finishx>
        <finishy number="135">49</finishy>
        <startx number="136">52</startx>
        <starty number="136">27</starty>
        <finishx number="136">30</finishx>
        <finishy number="136">25</finishy>
        <startx number="137">59</startx>
        <starty number="137">60</starty>
        <finishx number="137">14</finishx>
        <finishy number="137">33</finishy>
        <startx number="138">23</startx>
        <starty number="138">39</starty>
        <finishx number="138">51</finishx>
        <finishy number="138">8</finishy>
        <startx number="139">54</startx>
        <starty number="139">8</starty>
        <finishx number="139">41</finishx>
        <finishy number="139">45</finishy>
        <startx number="140">1</startx>
        <starty number="140">11</starty>
        <finishx number="140">39</finishx>
        <finishy number="140">61</finishy>
        <startx number="141">1</startx>
        <starty number="141">14</starty>
        <finishx number="141">35</finishx>
        <finishy number="141">32</finishy>
        <startx number="142">10</startx>
        <starty number="142">47</starty>
        <finishx number="142">19</finishx>
        <finishy number="142">59</finishy>
        <startx number="143">3</startx>
        <starty number="143">11</starty>
        <finishx number="143">30</finishx>
        <finishy number="143">43</finishy>
        <startx number="144">56</startx>
        <starty number="144">47</starty>
        <finishx number="144">38</finishx>
        <finishy number="144">40</finishy>
        <startx number="145">5</startx>
        <starty number="145">5</starty>
        <finishx number="145">53</finishx>
        <finishy number="145">24</finishy>
        <startx number="146">29</startx>
        <starty number="146">4</starty>
        <finishx number="146">63</finishx>
        <finishy number="146">27</finishy>
        <startx number="147">49</startx>
        <starty number="147">17</starty>
        <finishx number="147">22</finishx>
        <finishy number="147">51</finishy>
        <startx number="148">28</startx>
        <starty number="148">31</starty>
        <finishx number="148">61</finishx>
        <finishy number="148">1</finishy>
        <startx number="149">10</startx>
        <starty number="149">36</starty>
        <finishx number="149">3</finishx>
        <finishy number="149">59</finishy>
        <startx number="150">45</startx>
        <starty number="150">25</starty>
        <finishx number="150">14</finishx>
        <finishy number="150">12</finishy>
        <startx number="151">59</startx>
        <starty number="151">28</starty>
        <finishx number="151">57</finishx>
        <finishy number="151">39</finishy>
        <startx number="152">62</startx>
        <starty number="152">36</starty>
        <finishx number="152">55</finishx>
        <finishy number="152">58</finishy>
        <startx number="153">49</startx>
        <starty number="153">62</starty>
        <finishx number="153">0</finishx>
        <finishy number="153">33</finishy>
        <startx number="154">34</startx>
        <starty number="154">9</starty>
        <finishx number="154">16</finishx>
        <finishy number="154">17</finishy>
        <startx number="155">58</startx>
        <starty number="155">15</starty>
        <finishx number="155">61</finishx>
        <finishy number="155">28</finishy>
        <startx number="156">56</startx>
        <starty number="156">18</starty>
        <finishx number="156">61</finishx>
        <finishy number="156">12</finishy>
        <startx number="157">9</startx>
        <starty number="157">29</starty>
        <finishx number="157">41</finishx>
        <finishy number="157">4</finishy>
        <startx number="158">32</startx>
        <starty number="158">25</starty>
        <finishx number="158">5</finishx>
        <finishy number="158">43</finishy>
        <startx number="159">7</startx>
        <starty number="159">45</starty>
        <finishx number="159">26</finishx>
        <finishy number="159">37</finishy>
        <startx number="160">40</startx>
        <starty number="160">32</starty>
        <finishx number="160">60</finishx>
        <finishy number="160">36</finishy>
        <startx number="161">19</startx>
        <starty number="161">6</starty>
        <finishx number="161">46</finishx>
        <finishy number="161">55</finishy>
        <startx number="162">22</startx>
        <starty number="162">32</starty>
        <finishx number="162">30</finishx>
        <finishy number="162">23</finishy>
        <startx number="163">12</startx>
        <starty number="163">57</starty>
        <finishx number="163">18</finishx>
        <finishy number="163">35</finishy>
        <startx number="164">55</startx>
        <starty number="164">63</starty>
        <finishx number="164">26</finishx>
        <finishy number="164">47</finishy>
        <startx number="165">48</startx>
        <starty number="165">30</starty>
        <finishx number="165">30</finishx>
        <finishy number="165">28</finishy>
        <startx number="166">56</startx>
        <starty number="166">7</starty>
        <finishx number="166">45</finishx>
        <finishy number="166">12</finishy>
        <startx number="167">31</startx>
        <starty number="167">7</starty>
        <finishx number="167">38</finishx>
        <finishy number="167">26</finishy>
        <startx number="168">0</startx>
        <starty number="168">47</starty>
        <finishx number="168">59</finishx>
        <finishy number="168">1</finishy>
        <startx number="169">24</startx>
        <starty number="169">15</starty>
        <finishx number="169">38</finishx>
        <finishy number="169">50</finishy>
        <startx number="170">59</startx>
        <starty number="170">4</starty>
        <finishx number="170">44</finishx>
        <finishy number="170">55</finishy>
        <startx number="171">24</startx>
        <starty number="171">32</starty>
        <finishx number="171">9</finishx>
        <finishy number="171">12</finishy>
        <startx number="172">12</startx>
        <starty number="172">47</starty>
        <finishx number="172">55</finishx>
        <finishy number="172">43</finishy>
        <startx number="173">19</startx>
        <starty number="173">22</starty>
        <finishx number="173">22</finishx>
        <finishy number="173">48</finishy>
        <startx number="174">37</startx>
        <starty number="174">8</starty>
        <finishx number="174">3</finishx>
        <finishy number="174">51</finishy>
        <startx number="175">45</startx>
        <starty number="175">44</starty>
        <finishx number="175">47</finishx>
        <finishy number="175">3</finishy>
        <startx number="176">57</startx>
        <starty number="176">26</starty>
        <finishx number="176">5</finishx>
        <finishy number="176">3</finishy>
        <startx number="177">20</startx>
        <starty number="177">35</starty>
        <finishx number="177">26</finishx>
        <finishy number="177">58</finishy>
        <startx number="178">36</startx>
        <starty number="178">19</starty>
        <finishx number="178">11</finishx>
        <finishy number="178">44</finishy>
        <startx number="179">52</startx>
        <starty number="179">11</starty>
        <finishx number="179">46</finishx>
        <finishy number="179">31</finishy>
        <startx number="180">23</startx>
        <starty number="180">10</starty>
        <finishx number="180">7</finishx>
        <finishy number="180">29</finishy>
        <startx number="181">16</startx>
        <starty number="181">14</starty>
        <finishx number="181">5</finishx>
        <finishy number="181">11</finishy>
        <startx number="182">34</startx>
        <starty number="182">11</starty>
        <finishx number="182">0</finishx>
        <finishy number="182">57</finishy>
        <startx number="183">8</startx>
        <starty number="183">34</starty>
        <finishx number="183">17</finishx>
        <finishy number="183">22</finishy>
        <startx number="184">50</startx>
        <starty number="184">51</starty>
        <finishx number="184">36</finishx>
        <finishy number="184">22</finishy>
        <startx number="185">22</startx>
        <starty number="185">43</starty>
        <finishx number="185">27</finishx>
        <finishy number="185">50</finishy>
        <startx number="186">48</startx>
        <starty number="186">14</starty>
        <finishx number="186">50</finishx>
        <finishy number="186">0</finishy>
        <startx number="187">5</startx>
        <starty number="187">29</starty>
        <finishx number="187">0</finishx>
        <finishy number="187">51</finishy>
        <startx number="188">8</startx>
        <starty number="188">39</starty>
        <finishx number="188">63</finishx>
        <finishy number="188">9</finishy>
        <startx number="189">11</startx>
        <starty number="189">12</starty>
        <finishx number="189">43</finishx>
        <finishy number="189">63</finishy>
        <startx number="190">63</startx>
        <starty number="190">44</starty>
        <finishx number="190">17</finishx>
        <finishy number="190">27</finishy>
        <startx number="191">32</startx>
        <starty number="191">44</starty>
        <finishx number="191">34</finishx>
        <finishy number="191">0</finishy>
        <startx number="192">16</startx>
        <starty number="192">9</starty>
        <finishx number="192">38</finishx>
        <finishy number="192">11</finishy>
        <startx number="193">32</startx>
        <starty number="193">19</starty>
        <finishx number="193">45</finishx>
        <finishy number="193">1</finishy>
        <startx number="194">42</startx>
        <starty number="194">42</starty>
        <finishx number="194">58</finishx>
        <finishy number="194">37</finishy>
        <startx number="195">21</startx>
        <starty number="195">2</starty>
        <finishx number="195">52</finishx>
        <finishy number="195">19</finishy>
        <startx number="196">38</startx>
        <starty number="196">48</starty>
        <finishx number="196">49</finishx>
        <finishy number="196">41</finishy>
        <startx number="197">37</startx>
        <starty number="197">29</starty>
        <finishx number="197">35</finishx>
        <finishy number="197">3</finishy>
        <startx number="198">19</startx>
        <starty number="198">51</starty>
        <finishx number="198">7</finishx>
        <finishy number="198">56</finishy>
        <startx number="199">31</startx>
        <starty number="199">36</starty>
        <finishx number="199">27</finishx>
        <finishy number="199">2</finishy>
        <grid>
            <row>0 0 0 0 0 0 0 0 0 0 0 0 0 0 0 0 0 0 0 0 0 0 0 0 0 0 0 0 0 0 0 0 0 0 0 0 0 0 0 0 0 0 0 0 0 0 0 0 0 0 0 0 0 0 0 0 0 0 0 0 0 0 0 0</row>
            <row>0 0 0 0 0 0 0 0 0 0 0 0 0 0 0 0 0 0 0 0 0 0 0 0 0 0 0 0 0 0 0 0 0 0 0 0 0 0 0 0 0 0 0 0 0 0 0 0 0 0 0 0 0 0 0 0 0 0 0 0 0 0 0 0</row>
            <row>0 0 0 0 0 0 0 0 0 0 0 0 0 0 0 0 0 0 0 0 0 0 0 0 0 0 0 0 0 0 0 0 0 0 0 0 0 0 0 0 0 0 0 0 0 0 0 0 0 0 0 0 0 0 0 0 0 0 0 0 0 0 0 0</row>
            <row>0 0 0 0 0 0 0 0 0 0 0 0 0 0 0 0 0 0 0 0 0 0 0 0 0 0 0 0 0 0 0 0 0 0 0 0 0 0 0 0 0 0 0 0 0 0 0 0 0 0 0 0 0 0 0 0 0 0 0 0 0 0 0 0</row>
            <row>0 0 0 0 0 0 0 0 0 0 0 0 0 0 0 0 0 0 0 0 0 0 0 0 0 0 0 0 0 0 0 0 0 0 0 0 0 0 0 0 0 0 0 0 0 0 0 0 0 0 0 0 0 0 0 0 0 0 0 0 0 0 0 0</row>
            <row>0 0 0 0 0 0 0 0 0 0 0 0 0 0 0 0 0 0 0 0 0 0 0 0 0 0 0 0 0 0 0 0 0 0 0 0 0 0 0 0 0 0 0 0 0 0 0 0 0 0 0 0 0 0 0 0 0 0 0 0 0 0 0 0</row>
            <row>0 0 0 0 0 0 0 0 0 0 0 0 0 0 0 0 0 0 0 0 0 0 0 0 0 0 0 0 0 0 0 0 0 0 0 0 0 0 0 0 0 0 0 0 0 0 0 0 0 0 0 0 0 0 0 0 0 0 0 0 0 0 0 0</row>
            <row>0 0 0 0 0 0 0 0 0 0 0 0 0 0 0 0 0 0 0 0 0 0 0 0 0 0 0 0 0 0 0 0 0 0 0 0 0 0 0 0 0 0 0 0 0 0 0 0 0 0 0 0 0 0 0 0 0 0 0 0 0 0 0 0</row>
            <row>0 0 0 0 0 0 0 0 0 0 0 0 0 0 0 0 0 0 0 0 0 0 0 0 0 0 0 0 0 0 0 0 0 0 0 0 0 0 0 0 0 0 0 0 0 0 0 0 0 0 0 0 0 0 0 0 0 0 0 0 0 0 0 0</row>
            <row>0 0 0 0 0 0 0 0 0 0 0 0 0 0 0 0 0 0 0 0 0 0 0 0 0 0 0 0 0 0 0 0 0 0 0 0 0 0 0 0 0 0 0 0 0 0 0 0 0 0 0 0 0 0 0 0 0 0 0 0 0 0 0 0</row>
            <row>0 0 0 0 0 0 0 0 0 0 0 0 0 0 0 0 0 0 0 0 0 0 0 0 0 0 0 0 0 0 0 0 0 0 0 0 0 0 0 0 0 0 0 0 0 0 0 0 0 0 0 0 0 0 0 0 0 0 0 0 0 0 0 0</row>
            <row>0 0 0 0 0 0 0 0 0 0 0 0 0 0 0 0 0 0 0 0 0 0 0 0 0 0 0 0 0 0 0 0 0 0 0 0 0 0 0 0 0 0 0 0 0 0 0 0 0 0 0 0 0 0 0 0 0 0 0 0 0 0 0 0</row>
            <row>0 0 0 0 0 0 0 0 0 0 0 0 0 0 0 0 0 0 0 0 0 0 0 0 0 0 0 0 0 0 0 0 0 0 0 0 0 0 0 0 0 0 0 0 0 0 0 0 0 0 0 0 0 0 0 0 0 0 0 0 0 0 0 0</row>
            <row>0 0 0 0 0 0 0 0 0 0 0 0 0 0 0 0 0 0 0 0 0 0 0 0 0 0 0 0 0 0 0 0 0 0 0 0 0 0 0 0 0 0 0 0 0 0 0 0 0 0 0 0 0 0 0 0 0 0 0 0 0 0 0 0</row>
            <row>0 0 0 0 0 0 0 0 0 0 0 0 0 0 0 0 0 0 0 0 0 0 0 0 0 0 0 0 0 0 0 0 0 0 0 0 0 0 0 0 0 0 0 0 0 0 0 0 0 0 0 0 0 0 0 0 0 0 0 0 0 0 0 0</row>
            <row>0 0 0 0 0 0 0 0 0 0 0 0 0 0 0 0 0 0 0 0 0 0 0 0 0 0 0 0 0 0 0 0 0 0 0 0 0 0 0 0 0 0 0 0 0 0 0 0 0 0 0 0 0 0 0 0 0 0 0 0 0 0 0 0</row>
            <row>0 0 0 0 0 0 0 0 0 0 0 0 0 0 0 0 0 0 0 0 0 0 0 0 0 0 0 0 0 0 0 0 0 0 0 0 0 0 0 0 0 0 0 0 0 0 0 0 0 0 0 0 0 0 0 0 0 0 0 0 0 0 0 0</row>
            <row>0 0 0 0 0 0 0 0 0 0 0 0 0 0 0 0 0 0 0 0 0 0 0 0 0 0 0 0 0 0 0 0 0 0 0 0 0 0 0 0 0 0 0 0 0 0 0 0 0 0 0 0 0 0 0 0 0 0 0 0 0 0 0 0</row>
            <row>0 0 0 0 0 0 0 0 0 0 0 0 0 0 0 0 0 0 0 0 0 0 0 0 0 0 0 0 0 0 0 0 0 0 0 0 0 0 0 0 0 0 0 0 0 0 0 0 0 0 0 0 0 0 0 0 0 0 0 0 0 0 0 0</row>
            <row>0 0 0 0 0 0 0 0 0 0 0 0 0 0 0 0 0 0 0 0 0 0 0 0 0 0 0 0 0 0 0 0 0 0 0 0 0 0 0 0 0 0 0 0 0 0 0 0 0 0 0 0 0 0 0 0 0 0 0 0 0 0 0 0</row>
            <row>0 0 0 0 0 0 0 0 0 0 0 0 0 0 0 0 0 0 0 0 0 0 0 0 0 0 0 0 0 0 0 0 0 0 0 0 0 0 0 0 0 0 0 0 0 0 0 0 0 0 0 0 0 0 0 0 0 0 0 0 0 0 0 0</row>
            <row>0 0 0 0 0 0 0 0 0 0 0 0 0 0 0 0 0 0 0 0 0 0 0 0 0 0 0 0 0 0 0 0 0 0 0 0 0 0 0 0 0 0 0 0 0 0 0 0 0 0 0 0 0 0 0 0 0 0 0 0 0 0 0 0</row>
            <row>0 0 0 0 0 0 0 0 0 0 0 0 0 0 0 0 0 0 0 0 0 0 0 0 0 0 0 0 0 0 0 0 0 0 0 0 0 0 0 0 0 0 0 0 0 0 0 0 0 0 0 0 0 0 0 0 0 0 0 0 0 0 0 0</row>
            <row>0 0 0 0 0 0 0 0 0 0 0 0 0 0 0 0 0 0 0 0 0 0 0 0 0 0 0 0 0 0 0 0 0 0 0 0 0 0 0 0 0 0 0 0 0 0 0 0 0 0 0 0 0 0 0 0 0 0 0 0 0 0 0 0</row>
            <row>0 0 0 0 0 0 0 0 0 0 0 0 0 0 0 0 0 0 0 0 0 0 0 0 0 0 0 0 0 0 0 0 0 0 0 0 0 0 0 0 0 0 0 0 0 0 0 0 0 0 0 0 0 0 0 0 0 0 0 0 0 0 0 0</row>
            <row>0 0 0 0 0 0 0 0 0 0 0 0 0 0 0 0 0 0 0 0 0 0 0 0 0 0 0 0 0 0 0 0 0 0 0 0 0 0 0 0 0 0 0 0 0 0 0 0 0 0 0 0 0 0 0 0 0 0 0 0 0 0 0 0</row>
            <row>0 0 0 0 0 0 0 0 0 0 0 0 0 0 0 0 0 0 0 0 0 0 0 0 0 0 0 0 0 0 0 0 0 0 0 0 0 0 0 0 0 0 0 0 0 0 0 0 0 0 0 0 0 0 0 0 0 0 0 0 0 0 0 0</row>
            <row>0 0 0 0 0 0 0 0 0 0 0 0 0 0 0 0 0 0 0 0 0 0 0 0 0 0 0 0 0 0 0 0 0 0 0 0 0 0 0 0 0 0 0 0 0 0 0 0 0 0 0 0 0 0 0 0 0 0 0 0 0 0 0 0</row>
            <row>0 0 0 0 0 0 0 0 0 0 0 0 0 0 0 0 0 0 0 0 0 0 0 0 0 0 0 0 0 0 0 0 0 0 0 0 0 0 0 0 0 0 0 0 0 0 0 0 0 0 0 0 0 0 0 0 0 0 0 0 0 0 0 0</row>
            <row>0 0 0 0 0 0 0 0 0 0 0 0 0 0 0 0 0 0 0 0 0 0 0 0 0 0 0 0 0 0 0 0 0 0 0 0 0 0 0 0 0 0 0 0 0 0 0 0 0 0 0 0 0 0 0 0 0 0 0 0 0 0 0 0</row>
            <row>0 0 0 0 0 0 0 0 0 0 0 0 0 0 0 0 0 0 0 0 0 0 0 0 0 0 0 0 0 0 0 0 0 0 0 0 0 0 0 0 0 0 0 0 0 0 0 0 0 0 0 0 0 0 0 0 0 0 0 0 0 0 0 0</row>
            <row>0 0 0 0 0 0 0 0 0 0 0 0 0 0 0 0 0 0 0 0 0 0 0 0 0 0 0 0 0 0 0 0 0 0 0 0 0 0 0 0 0 0 0 0 0 0 0 0 0 0 0 0 0 0 0 0 0 0 0 0 0 0 0 0</row>
            <row>0 0 0 0 0 0 0 0 0 0 0 0 0 0 0 0 0 0 0 0 0 0 0 0 0 0 0 0 0 0 0 0 0 0 0 0 0 0 0 0 0 0 0 0 0 0 0 0 0 0 0 0 0 0 0 0 0 0 0 0 0 0 0 0</row>
            <row>0 0 0 0 0 0 0 0 0 0 0 0 0 0 0 0 0 0 0 0 0 0 0 0 0 0 0 0 0 0 0 0 0 0 0 0 0 0 0 0 0 0 0 0 0 0 0 0 0 0 0 0 0 0 0 0 0 0 0 0 0 0 0 0</row>
            <row>0 0 0 0 0 0 0 0 0 0 0 0 0 0 0 0 0 0 0 0 0 0 0 0 0 0 0 0 0 0 0 0 0 0 0 0 0 0 0 0 0 0 0 0 0 0 0 0 0 0 0 0 0 0 0 0 0 0 0 0 0 0 0 0</row>
            <row>0 0 0 0 0 0 0 0 0 0 0 0 0 0 0 0 0 0 0 0 0 0 0 0 0 0 0 0 0 0 0 0 0 0 0 0 0 0 0 0 0 0 0 0 0 0 0 0 0 0 0 0 0 0 0 0 0 0 0 0 0 0 0 0</row>
            <row>0 0 0 0 0 0 0 0 0 0 0 0 0 0 0 0 0 0 0 0 0 0 0 0 0 0 0 0 0 0 0 0 0 0 0 0 0 0 0 0 0 0 0 0 0 0 0 0 0 0 0 0 0 0 0 0 0 0 0 0 0 0 0 0</row>
            <row>0 0 0 0 0 0 0 0 0 0 0 0 0 0 0 0 0 0 0 0 0 0 0 0 0 0 0 0 0 0 0 0 0 0 0 0 0 0 0 0 0 0 0 0 0 0 0 0 0 0 0 0 0 0 0 0 0 0 0 0 0 0 0 0</row>
            <row>0 0 0 0 0 0 0 0 0 0 0 0 0 0 0 0 0 0 0 0 0 0 0 0 0 0 0 0 0 0 0 0 0 0 0 0 0 0 0 0 0 0 0 0 0 0 0 0 0 0 0 0 0 0 0 0 0 0 0 0 0 0 0 0</row>
            <row>0 0 0 0 0 0 0 0 0 0 0 0 0 0 0 0 0 0 0 0 0 0 0 0 0 0 0 0 0 0 0 0 0 0 0 0 0 0 0 0 0 0 0 0 0 0 0 0 0 0 0 0 0 0 0 0 0 0 0 0 0 0 0 0</row>
            <row>0 0 0 0 0 0 0 0 0 0 0 0 0 0 0 0 0 0 0 0 0 0 0 0 0 0 0 0 0 0 0 0 0 0 0 0 0 0 0 0 0 0 0 0 0 0 0 0 0 0 0 0 0 0 0 0 0 0 0 0 0 0 0 0</row>
            <row>0 0 0 0 0 0 0 0 0 0 0 0 0 0 0 0 0 0 0 0 0 0 0 0 0 0 0 0 0 0 0 0 0 0 0 0 0 0 0 0 0 0 0 0 0 0 0 0 0 0 0 0 0 0 0 0 0 0 0 0 0 0 0 0</row>
            <row>0 0 0 0 0 0 0 0 0 0 0 0 0 0 0 0 0 0 0 0 0 0 0 0 0 0 0 0 0 0 0 0 0 0 0 0 0 0 0 0 0 0 0 0 0 0 0 0 0 0 0 0 0 0 0 0 0 0 0 0 0 0 0 0</row>
            <row>0 0 0 0 0 0 0 0 0 0 0 0 0 0 0 0 0 0 0 0 0 0 0 0 0 0 0 0 0 0 0 0 0 0 0 0 0 0 0 0 0 0 0 0 0 0 0 0 0 0 0 0 0 0 0 0 0 0 0 0 0 0 0 0</row>
            <row>0 0 0 0 0 0 0 0 0 0 0 0 0 0 0 0 0 0 0 0 0 0 0 0 0 0 0 0 0 0 0 0 0 0 0 0 0 0 0 0 0 0 0 0 0 0 0 0 0 0 0 0 0 0 0 0 0 0 0 0 0 0 0 0</row>
            <row>0 0 0 0 0 0 0 0 0 0 0 0 0 0 0 0 0 0 0 0 0 0 0 0 0 0 0 0 0 0 0 0 0 0 0 0 0 0 0 0 0 0 0 0 0 0 0 0 0 0 0 0 0 0 0 0 0 0 0 0 0 0 0 0</row>
            <row>0 0 0 0 0 0 0 0 0 0 0 0 0 0 0 0 0 0 0 0 0 0 0 0 0 0 0 0 0 0 0 0 0 0 0 0 0 0 0 0 0 0 0 0 0 0 0 0 0 0 0 0 0 0 0 0 0 0 0 0 0 0 0 0</row>
            <row>0 0 0 0 0 0 0 0 0 0 0 0 0 0 0 0 0 0 0 0 0 0 0 0 0 0 0 0 0 0 0 0 0 0 0 0 0 0 0 0 0 0 0 0 0 0 0 0 0 0 0 0 0 0 0 0 0 0 0 0 0 0 0 0</row>
            <row>0 0 0 0 0 0 0 0 0 0 0 0 0 0 0 0 0 0 0 0 0 0 0 0 0 0 0 0 0 0 0 0 0 0 0 0 0 0 0 0 0 0 0 0 0 0 0 0 0 0 0 0 0 0 0 0 0 0 0 0 0 0 0 0</row>
            <row>0 0 0 0 0 0 0 0 0 0 0 0 0 0 0 0 0 0 0 0 0 0 0 0 0 0 0 0 0 0 0 0 0 0 0 0 0 0 0 0 0 0 0 0 0 0 0 0 0 0 0 0 0 0 0 0 0 0 0 0 0 0 0 0</row>
            <row>0 0 0 0 0 0 0 0 0 0 0 0 0 0 0 0 0 0 0 0 0 0 0 0 0 0 0 0 0 0 0 0 0 0 0 0 0 0 0 0 0 0 0 0 0 0 0 0 0 0 0 0 0 0 0 0 0 0 0 0 0 0 0 0</row>
            <row>0 0 0 0 0 0 0 0 0 0 0 0 0 0 0 0 0 0 0 0 0 0 0 0 0 0 0 0 0 0 0 0 0 0 0 0 0 0 0 0 0 0 0 0 0 0 0 0 0 0 0 0 0 0 0 0 0 0 0 0 0 0 0 0</row>
            <row>0 0 0 0 0 0 0 0 0 0 0 0 0 0 0 0 0 0 0 0 0 0 0 0 0 0 0 0 0 0 0 0 0 0 0 0 0 0 0 0 0 0 0 0 0 0 0 0 0 0 0 0 0 0 0 0 0 0 0 0 0 0 0 0</row>
            <row>0 0 0 0 0 0 0 0 0 0 0 0 0 0 0 0 0 0 0 0 0 0 0 0 0 0 0 0 0 0 0 0 0 0 0 0 0 0 0 0 0 0 0 0 0 0 0 0 0 0 0 0 0 0 0 0 0 0 0 0 0 0 0 0</row>
            <row>0 0 0 0 0 0 0 0 0 0 0 0 0 0 0 0 0 0 0 0 0 0 0 0 0 0 0 0 0 0 0 0 0 0 0 0 0 0 0 0 0 0 0 0 0 0 0 0 0 0 0 0 0 0 0 0 0 0 0 0 0 0 0 0</row>
            <row>0 0 0 0 0 0 0 0 0 0 0 0 0 0 0 0 0 0 0 0 0 0 0 0 0 0 0 0 0 0 0 0 0 0 0 0 0 0 0 0 0 0 0 0 0 0 0 0 0 0 0 0 0 0 0 0 0 0 0 0 0 0 0 0</row>
            <row>0 0 0 0 0 0 0 0 0 0 0 0 0 0 0 0 0 0 0 0 0 0 0 0 0 0 0 0 0 0 0 0 0 0 0 0 0 0 0 0 0 0 0 0 0 0 0 0 0 0 0 0 0 0 0 0 0 0 0 0 0 0 0 0</row>
            <row>0 0 0 0 0 0 0 0 0 0 0 0 0 0 0 0 0 0 0 0 0 0 0 0 0 0 0 0 0 0 0 0 0 0 0 0 0 0 0 0 0 0 0 0 0 0 0 0 0 0 0 0 0 0 0 0 0 0 0 0 0 0 0 0</row>
            <row>0 0 0 0 0 0 0 0 0 0 0 0 0 0 0 0 0 0 0 0 0 0 0 0 0 0 0 0 0 0 0 0 0 0 0 0 0 0 0 0 0 0 0 0 0 0 0 0 0 0 0 0 0 0 0 0 0 0 0 0 0 0 0 0</row>
            <row>0 0 0 0 0 0 0 0 0 0 0 0 0 0 0 0 0 0 0 0 0 0 0 0 0 0 0 0 0 0 0 0 0 0 0 0 0 0 0 0 0 0 0 0 0 0 0 0 0 0 0 0 0 0 0 0 0 0 0 0 0 0 0 0</row>
            <row>0 0 0 0 0 0 0 0 0 0 0 0 0 0 0 0 0 0 0 0 0 0 0 0 0 0 0 0 0 0 0 0 0 0 0 0 0 0 0 0 0 0 0 0 0 0 0 0 0 0 0 0 0 0 0 0 0 0 0 0 0 0 0 0</row>
            <row>0 0 0 0 0 0 0 0 0 0 0 0 0 0 0 0 0 0 0 0 0 0 0 0 0 0 0 0 0 0 0 0 0 0 0 0 0 0 0 0 0 0 0 0 0 0 0 0 0 0 0 0 0 0 0 0 0 0 0 0 0 0 0 0</row>
            <row>0 0 0 0 0 0 0 0 0 0 0 0 0 0 0 0 0 0 0 0 0 0 0 0 0 0 0 0 0 0 0 0 0 0 0 0 0 0 0 0 0 0 0 0 0 0 0 0 0 0 0 0 0 0 0 0 0 0 0 0 0 0 0 0</row>
            <row>0 0 0 0 0 0 0 0 0 0 0 0 0 0 0 0 0 0 0 0 0 0 0 0 0 0 0 0 0 0 0 0 0 0 0 0 0 0 0 0 0 0 0 0 0 0 0 0 0 0 0 0 0 0 0 0 0 0 0 0 0 0 0 0</row>
        </grid>
    </map>
    <algorithm>
        <allowanyangle>true</allowanyangle>
        <metrictype>euclid</metrictype>
        <breakingties>g-max</breakingties>
        <weight>1</weight>
    </algorithm>
    <options>
        <loglevel>1</loglevel>
        <logpath />
        <logfilename />
    </options>
</root>
