<?xml version="1.0" ?>
<root>
    <map>
        <width>64</width>
        <height>64</height>
        <agents>200</agents>
        <startx number="0">6</startx>
        <starty number="0">51</starty>
        <finishx number="0">46</finishx>
        <finishy number="0">12</finishy>
        <startx number="1">40</startx>
        <starty number="1">10</starty>
        <finishx number="1">26</finishx>
        <finishy number="1">36</finishy>
        <startx number="2">51</startx>
        <starty number="2">51</starty>
        <finishx number="2">16</finishx>
        <finishy number="2">17</finishy>
        <startx number="3">45</startx>
        <starty number="3">63</starty>
        <finishx number="3">48</finishx>
        <finishy number="3">60</finishy>
        <startx number="4">59</startx>
        <starty number="4">58</starty>
        <finishx number="4">10</finishx>
        <finishy number="4">50</finishy>
        <startx number="5">37</startx>
        <starty number="5">50</starty>
        <finishx number="5">29</finishx>
        <finishy number="5">12</finishy>
        <startx number="6">21</startx>
        <starty number="6">59</starty>
        <finishx number="6">59</finishx>
        <finishy number="6">26</finishy>
        <startx number="7">25</startx>
        <starty number="7">18</starty>
        <finishx number="7">54</finishx>
        <finishy number="7">10</finishy>
        <startx number="8">13</startx>
        <starty number="8">39</starty>
        <finishx number="8">17</finishx>
        <finishy number="8">46</finishy>
        <startx number="9">59</startx>
        <starty number="9">47</starty>
        <finishx number="9">3</finishx>
        <finishy number="9">49</finishy>
        <startx number="10">27</startx>
        <starty number="10">58</starty>
        <finishx number="10">34</finishx>
        <finishy number="10">48</finishy>
        <startx number="11">22</startx>
        <starty number="11">48</starty>
        <finishx number="11">56</finishx>
        <finishy number="11">18</finishy>
        <startx number="12">32</startx>
        <starty number="12">22</starty>
        <finishx number="12">60</finishx>
        <finishy number="12">28</finishy>
        <startx number="13">30</startx>
        <starty number="13">41</starty>
        <finishx number="13">52</finishx>
        <finishy number="13">3</finishy>
        <startx number="14">30</startx>
        <starty number="14">60</starty>
        <finishx number="14">16</finishx>
        <finishy number="14">6</finishy>
        <startx number="15">48</startx>
        <starty number="15">17</starty>
        <finishx number="15">10</finishx>
        <finishy number="15">26</finishy>
        <startx number="16">55</startx>
        <starty number="16">61</starty>
        <finishx number="16">8</finishx>
        <finishy number="16">12</finishy>
        <startx number="17">42</startx>
        <starty number="17">47</starty>
        <finishx number="17">26</finishx>
        <finishy number="17">44</finishy>
        <startx number="18">39</startx>
        <starty number="18">7</starty>
        <finishx number="18">45</finishx>
        <finishy number="18">26</finishy>
        <startx number="19">42</startx>
        <starty number="19">39</starty>
        <finishx number="19">63</finishx>
        <finishy number="19">9</finishy>
        <startx number="20">29</startx>
        <starty number="20">9</starty>
        <finishx number="20">18</finishx>
        <finishy number="20">41</finishy>
        <startx number="21">40</startx>
        <starty number="21">23</starty>
        <finishx number="21">31</finishx>
        <finishy number="21">19</finishy>
        <startx number="22">21</startx>
        <starty number="22">46</starty>
        <finishx number="22">62</finishx>
        <finishy number="22">23</finishy>
        <startx number="23">49</startx>
        <starty number="23">43</starty>
        <finishx number="23">62</finishx>
        <finishy number="23">26</finishy>
        <startx number="24">30</startx>
        <starty number="24">4</starty>
        <finishx number="24">35</finishx>
        <finishy number="24">61</finishy>
        <startx number="25">17</startx>
        <starty number="25">33</starty>
        <finishx number="25">20</finishx>
        <finishy number="25">35</finishy>
        <startx number="26">23</startx>
        <starty number="26">21</starty>
        <finishx number="26">57</finishx>
        <finishy number="26">45</finishy>
        <startx number="27">37</startx>
        <starty number="27">21</starty>
        <finishx number="27">52</finishx>
        <finishy number="27">48</finishy>
        <startx number="28">63</startx>
        <starty number="28">3</starty>
        <finishx number="28">8</finishx>
        <finishy number="28">26</finishy>
        <startx number="29">0</startx>
        <starty number="29">11</starty>
        <finishx number="29">29</finishx>
        <finishy number="29">55</finishy>
        <startx number="30">55</startx>
        <starty number="30">53</starty>
        <finishx number="30">44</finishx>
        <finishy number="30">23</finishy>
        <startx number="31">44</startx>
        <starty number="31">28</starty>
        <finishx number="31">32</finishx>
        <finishy number="31">49</finishy>
        <startx number="32">14</startx>
        <starty number="32">4</starty>
        <finishx number="32">53</finishx>
        <finishy number="32">43</finishy>
        <startx number="33">40</startx>
        <starty number="33">2</starty>
        <finishx number="33">5</finishx>
        <finishy number="33">8</finishy>
        <startx number="34">54</startx>
        <starty number="34">8</starty>
        <finishx number="34">20</finishx>
        <finishy number="34">19</finishy>
        <startx number="35">5</startx>
        <starty number="35">40</starty>
        <finishx number="35">46</finishx>
        <finishy number="35">36</finishy>
        <startx number="36">17</startx>
        <starty number="36">25</starty>
        <finishx number="36">61</finishx>
        <finishy number="36">12</finishy>
        <startx number="37">49</startx>
        <starty number="37">14</starty>
        <finishx number="37">22</finishx>
        <finishy number="37">16</finishy>
        <startx number="38">8</startx>
        <starty number="38">45</starty>
        <finishx number="38">2</finishx>
        <finishy number="38">19</finishy>
        <startx number="39">16</startx>
        <starty number="39">38</starty>
        <finishx number="39">57</finishx>
        <finishy number="39">23</finishy>
        <startx number="40">0</startx>
        <starty number="40">19</starty>
        <finishx number="40">47</finishx>
        <finishy number="40">1</finishy>
        <startx number="41">27</startx>
        <starty number="41">7</starty>
        <finishx number="41">43</finishx>
        <finishy number="41">63</finishy>
        <startx number="42">20</startx>
        <starty number="42">53</starty>
        <finishx number="42">35</finishx>
        <finishy number="42">30</finishy>
        <startx number="43">40</startx>
        <starty number="43">53</starty>
        <finishx number="43">8</finishx>
        <finishy number="43">5</finishy>
        <startx number="44">25</startx>
        <starty number="44">26</starty>
        <finishx number="44">19</finishx>
        <finishy number="44">14</finishy>
        <startx number="45">13</startx>
        <starty number="45">42</starty>
        <finishx number="45">59</finishx>
        <finishy number="45">17</finishy>
        <startx number="46">30</startx>
        <starty number="46">49</starty>
        <finishx number="46">1</finishx>
        <finishy number="46">51</finishy>
        <startx number="47">6</startx>
        <starty number="47">56</starty>
        <finishx number="47">24</finishx>
        <finishy number="47">24</finishy>
        <startx number="48">5</startx>
        <starty number="48">43</starty>
        <finishx number="48">27</finishx>
        <finishy number="48">2</finishy>
        <startx number="49">59</startx>
        <starty number="49">7</starty>
        <finishx number="49">3</finishx>
        <finishy number="49">40</finishy>
        <startx number="50">1</startx>
        <starty number="50">8</starty>
        <finishx number="50">39</finishx>
        <finishy number="50">26</finishy>
        <startx number="51">12</startx>
        <starty number="51">50</starty>
        <finishx number="51">22</finishx>
        <finishy number="51">8</finishy>
        <startx number="52">18</startx>
        <starty number="52">54</starty>
        <finishx number="52">39</finishx>
        <finishy number="52">42</finishy>
        <startx number="53">48</startx>
        <starty number="53">46</starty>
        <finishx number="53">54</finishx>
        <finishy number="53">48</finishy>
        <startx number="54">36</startx>
        <starty number="54">19</starty>
        <finishx number="54">57</finishx>
        <finishy number="54">13</finishy>
        <startx number="55">11</startx>
        <starty number="55">23</starty>
        <finishx number="55">40</finishx>
        <finishy number="55">32</finishy>
        <startx number="56">41</startx>
        <starty number="56">37</starty>
        <finishx number="56">11</finishx>
        <finishy number="56">63</finishy>
        <startx number="57">47</startx>
        <starty number="57">25</starty>
        <finishx number="57">37</finishx>
        <finishy number="57">16</finishy>
        <startx number="58">2</startx>
        <starty number="58">59</starty>
        <finishx number="58">27</finishx>
        <finishy number="58">18</finishy>
        <startx number="59">60</startx>
        <starty number="59">34</starty>
        <finishx number="59">56</finishx>
        <finishy number="59">16</finishy>
        <startx number="60">41</startx>
        <starty number="60">28</starty>
        <finishx number="60">57</finishx>
        <finishy number="60">52</finishy>
        <startx number="61">10</startx>
        <starty number="61">4</starty>
        <finishx number="61">17</finishx>
        <finishy number="61">60</finishy>
        <startx number="62">57</startx>
        <starty number="62">21</starty>
        <finishx number="62">16</finishx>
        <finishy number="62">23</finishy>
        <startx number="63">7</startx>
        <starty number="63">29</starty>
        <finishx number="63">25</finishx>
        <finishy number="63">31</finishy>
        <startx number="64">36</startx>
        <starty number="64">38</starty>
        <finishx number="64">24</finishx>
        <finishy number="64">10</finishy>
        <startx number="65">57</startx>
        <starty number="65">55</starty>
        <finishx number="65">33</finishx>
        <finishy number="65">52</finishy>
        <startx number="66">63</startx>
        <starty number="66">28</starty>
        <finishx number="66">5</finishx>
        <finishy number="66">24</finishy>
        <startx number="67">17</startx>
        <starty number="67">51</starty>
        <finishx number="67">61</finishx>
        <finishy number="67">7</finishy>
        <startx number="68">49</startx>
        <starty number="68">3</starty>
        <finishx number="68">11</finishx>
        <finishy number="68">28</finishy>
        <startx number="69">45</startx>
        <starty number="69">31</starty>
        <finishx number="69">15</finishx>
        <finishy number="69">28</finishy>
        <startx number="70">48</startx>
        <starty number="70">49</starty>
        <finishx number="70">50</finishx>
        <finishy number="70">38</finishy>
        <startx number="71">15</startx>
        <starty number="71">63</starty>
        <finishx number="71">5</finishx>
        <finishy number="71">45</finishy>
        <startx number="72">53</startx>
        <starty number="72">46</starty>
        <finishx number="72">32</finishx>
        <finishy number="72">38</finishy>
        <startx number="73">31</startx>
        <starty number="73">33</starty>
        <finishx number="73">11</finishx>
        <finishy number="73">7</finishy>
        <startx number="74">10</startx>
        <starty number="74">34</starty>
        <finishx number="74">44</finishx>
        <finishy number="74">20</finishy>
        <startx number="75">28</startx>
        <starty number="75">47</starty>
        <finishx number="75">23</finishx>
        <finishy number="75">35</finishy>
        <startx number="76">31</startx>
        <starty number="76">1</starty>
        <finishx number="76">51</finishx>
        <finishy number="76">19</finishy>
        <startx number="77">5</startx>
        <starty number="77">48</starty>
        <finishx number="77">10</finishx>
        <finishy number="77">0</finishy>
        <startx number="78">10</startx>
        <starty number="78">15</starty>
        <finishx number="78">12</finishx>
        <finishy number="78">4</finishy>
        <startx number="79">63</startx>
        <starty number="79">33</starty>
        <finishx number="79">38</finishx>
        <finishy number="79">19</finishy>
        <startx number="80">10</startx>
        <starty number="80">55</starty>
        <finishx number="80">4</finishx>
        <finishy number="80">32</finishy>
        <startx number="81">24</startx>
        <starty number="81">39</starty>
        <finishx number="81">17</finishx>
        <finishy number="81">36</finishy>
        <startx number="82">5</startx>
        <starty number="82">21</starty>
        <finishx number="82">16</finishx>
        <finishy number="82">57</finishy>
        <startx number="83">53</startx>
        <starty number="83">5</starty>
        <finishx number="83">50</finishx>
        <finishy number="83">8</finishy>
        <startx number="84">37</startx>
        <starty number="84">5</starty>
        <finishx number="84">58</finishx>
        <finishy number="84">37</finishy>
        <startx number="85">14</startx>
        <starty number="85">9</starty>
        <finishx number="85">23</finishx>
        <finishy number="85">37</finishy>
        <startx number="86">23</startx>
        <starty number="86">5</starty>
        <finishx number="86">3</finishx>
        <finishy number="86">0</finishy>
        <startx number="87">3</startx>
        <starty number="87">57</starty>
        <finishx number="87">32</finishx>
        <finishy number="87">4</finishy>
        <startx number="88">53</startx>
        <starty number="88">22</starty>
        <finishx number="88">20</finishx>
        <finishy number="88">16</finishy>
        <startx number="89">36</startx>
        <starty number="89">45</starty>
        <finishx number="89">0</finishx>
        <finishy number="89">30</finishy>
        <startx number="90">43</startx>
        <starty number="90">1</starty>
        <finishx number="90">58</finishx>
        <finishy number="90">15</finishy>
        <startx number="91">60</startx>
        <starty number="91">15</starty>
        <finishx number="91">26</finishx>
        <finishy number="91">63</finishy>
        <startx number="92">58</startx>
        <starty number="92">29</starty>
        <finishx number="92">34</finishx>
        <finishy number="92">59</finishy>
        <startx number="93">42</startx>
        <starty number="93">50</starty>
        <finishx number="93">1</finishx>
        <finishy number="93">41</finishy>
        <startx number="94">30</startx>
        <starty number="94">28</starty>
        <finishx number="94">43</finishx>
        <finishy number="94">53</finishy>
        <startx number="95">43</startx>
        <starty number="95">31</starty>
        <finishx number="95">36</finishx>
        <finishy number="95">0</finishy>
        <startx number="96">31</startx>
        <starty number="96">14</starty>
        <finishx number="96">52</finishx>
        <finishy number="96">54</finishy>
        <startx number="97">33</startx>
        <starty number="97">41</starty>
        <finishx number="97">30</finishx>
        <finishy number="97">17</finishy>
        <startx number="98">60</startx>
        <starty number="98">52</starty>
        <finishx number="98">32</finishx>
        <finishy number="98">12</finishy>
        <startx number="99">22</startx>
        <starty number="99">32</starty>
        <finishx number="99">59</finishx>
        <finishy number="99">13</finishy>
        <startx number="100">38</startx>
        <starty number="100">45</starty>
        <finishx number="100">49</finishx>
        <finishy number="100">27</finishy>
        <startx number="101">44</startx>
        <starty number="101">4</starty>
        <finishx number="101">35</finishx>
        <finishy number="101">32</finishy>
        <startx number="102">17</startx>
        <starty number="102">43</starty>
        <finishx number="102">40</finishx>
        <finishy number="102">21</finishy>
        <startx number="103">12</startx>
        <starty number="103">15</starty>
        <finishx number="103">8</finishx>
        <finishy number="103">56</finishy>
        <startx number="104">14</startx>
        <starty number="104">12</starty>
        <finishx number="104">18</finishx>
        <finishy number="104">8</finishy>
        <startx number="105">27</startx>
        <starty number="105">26</starty>
        <finishx number="105">9</finishx>
        <finishy number="105">20</finishy>
        <startx number="106">7</startx>
        <starty number="106">43</starty>
        <finishx number="106">22</finishx>
        <finishy number="106">53</finishy>
        <startx number="107">22</startx>
        <starty number="107">50</starty>
        <finishx number="107">42</finishx>
        <finishy number="107">34</finishy>
        <startx number="108">54</startx>
        <starty number="108">50</starty>
        <finishx number="108">7</finishx>
        <finishy number="108">18</finishy>
        <startx number="109">12</startx>
        <starty number="109">60</starty>
        <finishx number="109">49</finishx>
        <finishy number="109">20</finishy>
        <startx number="110">5</startx>
        <starty number="110">11</starty>
        <finishx number="110">63</finishx>
        <finishy number="110">1</finishy>
        <startx number="111">59</startx>
        <starty number="111">44</starty>
        <finishx number="111">9</finishx>
        <finishy number="111">53</finishy>
        <startx number="112">33</startx>
        <starty number="112">57</starty>
        <finishx number="112">20</finishx>
        <finishy number="112">62</finishy>
        <startx number="113">23</startx>
        <starty number="113">42</starty>
        <finishx number="113">10</finishx>
        <finishy number="113">12</finishy>
        <startx number="114">63</startx>
        <starty number="114">46</starty>
        <finishx number="114">49</finishx>
        <finishy number="114">52</finishy>
        <startx number="115">2</startx>
        <starty number="115">62</starty>
        <finishx number="115">13</finishx>
        <finishy number="115">55</finishy>
        <startx number="116">23</startx>
        <starty number="116">3</starty>
        <finishx number="116">11</finishx>
        <finishy number="116">42</finishy>
        <startx number="117">57</startx>
        <starty number="117">42</starty>
        <finishx number="117">40</finishx>
        <finishy number="117">61</finishy>
        <startx number="118">30</startx>
        <starty number="118">23</starty>
        <finishx number="118">9</finishx>
        <finishy number="118">58</finishy>
        <startx number="119">36</startx>
        <starty number="119">43</starty>
        <finishx number="119">5</finishx>
        <finishy number="119">61</finishy>
        <startx number="120">24</startx>
        <starty number="120">45</starty>
        <finishx number="120">47</finishx>
        <finishy number="120">62</finishy>
        <startx number="121">25</startx>
        <starty number="121">15</starty>
        <finishx number="121">4</finishx>
        <finishy number="121">59</finishy>
        <startx number="122">21</startx>
        <starty number="122">43</starty>
        <finishx number="122">18</finishx>
        <finishy number="122">57</finishy>
        <startx number="123">44</startx>
        <starty number="123">18</starty>
        <finishx number="123">26</finishx>
        <finishy number="123">50</finishy>
        <startx number="124">54</startx>
        <starty number="124">14</starty>
        <finishx number="124">58</finishx>
        <finishy number="124">63</finishy>
        <startx number="125">7</startx>
        <starty number="125">37</starty>
        <finishx number="125">48</finishx>
        <finishy number="125">54</finishy>
        <startx number="126">60</startx>
        <starty number="126">10</starty>
        <finishx number="126">47</finishx>
        <finishy number="126">6</finishy>
        <startx number="127">44</startx>
        <starty number="127">9</starty>
        <finishx number="127">5</finishx>
        <finishy number="127">0</finishy>
        <startx number="128">38</startx>
        <starty number="128">29</starty>
        <finishx number="128">1</finishx>
        <finishy number="128">33</finishy>
        <startx number="129">45</startx>
        <starty number="129">1</starty>
        <finishx number="129">50</finishx>
        <finishy number="129">35</finishy>
        <startx number="130">52</startx>
        <starty number="130">56</starty>
        <finishx number="130">45</finishx>
        <finishy number="130">44</finishy>
        <startx number="131">54</startx>
        <starty number="131">32</starty>
        <finishx number="131">36</finishx>
        <finishy number="131">54</finishy>
        <startx number="132">59</startx>
        <starty number="132">61</starty>
        <finishx number="132">50</finishx>
        <finishy number="132">46</finishy>
        <startx number="133">34</startx>
        <starty number="133">27</starty>
        <finishx number="133">29</finishx>
        <finishy number="133">1</finishy>
        <startx number="134">2</startx>
        <starty number="134">35</starty>
        <finishx number="134">14</finishx>
        <finishy number="134">60</finishy>
        <startx number="135">43</startx>
        <starty number="135">15</starty>
        <finishx number="135">40</finishx>
        <finishy number="135">13</finishy>
        <startx number="136">47</startx>
        <starty number="136">15</starty>
        <finishx number="136">25</finishx>
        <finishy number="136">7</finishy>
        <startx number="137">27</startx>
        <starty number="137">55</starty>
        <finishx number="137">53</finishx>
        <finishy number="137">61</finishy>
        <startx number="138">7</startx>
        <starty number="138">7</starty>
        <finishx number="138">13</finishx>
        <finishy number="138">47</finishy>
        <startx number="139">48</startx>
        <starty number="139">33</starty>
        <finishx number="139">1</finishx>
        <finishy number="139">3</finishy>
        <startx number="140">6</startx>
        <starty number="140">32</starty>
        <finishx number="140">29</finishx>
        <finishy number="140">44</finishy>
        <startx number="141">14</startx>
        <starty number="141">49</starty>
        <finishx number="141">24</finishx>
        <finishy number="141">0</finishy>
        <startx number="142">13</startx>
        <starty number="142">7</starty>
        <finishx number="142">39</finishx>
        <finishy number="142">58</finishy>
        <startx number="143">9</startx>
        <starty number="143">29</starty>
        <finishx number="143">19</finishx>
        <finishy number="143">24</finishy>
        <startx number="144">34</startx>
        <starty number="144">22</starty>
        <finishx number="144">0</finishx>
        <finishy number="144">38</finishy>
        <startx number="145">6</startx>
        <starty number="145">5</starty>
        <finishx number="145">19</finishx>
        <finishy number="145">51</finishy>
        <startx number="146">10</startx>
        <starty number="146">10</starty>
        <finishx number="146">44</finishx>
        <finishy number="146">47</finishy>
        <startx number="147">51</startx>
        <starty number="147">33</starty>
        <finishx number="147">42</finishx>
        <finishy number="147">58</finishy>
        <startx number="148">63</startx>
        <starty number="148">38</starty>
        <finishx number="148">26</finishx>
        <finishy number="148">52</finishy>
        <startx number="149">28</startx>
        <starty number="149">39</starty>
        <finishx number="149">58</finishx>
        <finishy number="149">31</finishy>
        <startx number="150">14</startx>
        <starty number="150">30</starty>
        <finishx number="150">53</finishx>
        <finishy number="150">35</finishy>
        <startx number="151">24</startx>
        <starty number="151">55</starty>
        <finishx number="151">6</finishx>
        <finishy number="151">59</finishy>
        <startx number="152">37</startx>
        <starty number="152">26</starty>
        <finishx number="152">25</finishx>
        <finishy number="152">34</finishy>
        <startx number="153">0</startx>
        <starty number="153">36</starty>
        <finishx number="153">23</finishx>
        <finishy number="153">58</finishy>
        <startx number="154">29</startx>
        <starty number="154">33</starty>
        <finishx number="154">32</finishx>
        <finishy number="154">62</finishy>
        <startx number="155">5</startx>
        <starty number="155">35</starty>
        <finishx number="155">7</finishx>
        <finishy number="155">53</finishy>
        <startx number="156">46</startx>
        <starty number="156">17</starty>
        <finishx number="156">26</finishx>
        <finishy number="156">47</finishy>
        <startx number="157">61</startx>
        <starty number="157">4</starty>
        <finishx number="157">0</finishx>
        <finishy number="157">44</finishy>
        <startx number="158">22</startx>
        <starty number="158">0</starty>
        <finishx number="158">25</finishx>
        <finishy number="158">5</finishy>
        <startx number="159">37</startx>
        <starty number="159">40</starty>
        <finishx number="159">10</finishx>
        <finishy number="159">45</finishy>
        <startx number="160">33</startx>
        <starty number="160">20</starty>
        <finishx number="160">3</finishx>
        <finishy number="160">30</finishy>
        <startx number="161">12</startx>
        <starty number="161">57</starty>
        <finishx number="161">55</finishx>
        <finishy number="161">21</finishy>
        <startx number="162">62</startx>
        <starty number="162">62</starty>
        <finishx number="162">34</finishx>
        <finishy number="162">43</finishy>
        <startx number="163">51</startx>
        <starty number="163">22</starty>
        <finishx number="163">38</finishx>
        <finishy number="163">32</finishy>
        <startx number="164">33</startx>
        <starty number="164">54</starty>
        <finishx number="164">38</finishx>
        <finishy number="164">56</finishy>
        <startx number="165">2</startx>
        <starty number="165">6</starty>
        <finishx number="165">35</finishx>
        <finishy number="165">11</finishy>
        <startx number="166">5</startx>
        <starty number="166">38</starty>
        <finishx number="166">51</finishx>
        <finishy number="166">0</finishy>
        <startx number="167">40</startx>
        <starty number="167">45</starty>
        <finishx number="167">36</finishx>
        <finishy number="167">14</finishy>
        <startx number="168">15</startx>
        <starty number="168">35</starty>
        <finishx number="168">26</finishx>
        <finishy number="168">61</finishy>
        <startx number="169">3</startx>
        <starty number="169">53</starty>
        <finishx number="169">62</finishx>
        <finishy number="169">36</finishy>
        <startx number="170">37</startx>
        <starty number="170">61</starty>
        <finishx number="170">47</finishx>
        <finishy number="170">30</finishy>
        <startx number="171">1</startx>
        <starty number="171">17</starty>
        <finishx number="171">47</finishx>
        <finishy number="171">43</finishy>
        <startx number="172">30</startx>
        <starty number="172">52</starty>
        <finishx number="172">61</finishx>
        <finishy number="172">20</finishy>
        <startx number="173">54</startx>
        <starty number="173">16</starty>
        <finishx number="173">45</finishx>
        <finishy number="173">33</finishy>
        <startx number="174">3</startx>
        <starty number="174">22</starty>
        <finishx number="174">13</finishx>
        <finishy number="174">25</finishy>
        <startx number="175">51</startx>
        <starty number="175">25</starty>
        <finishx number="175">16</finishx>
        <finishy number="175">4</finishy>
        <startx number="176">20</startx>
        <starty number="176">3</starty>
        <finishx number="176">38</finishx>
        <finishy number="176">38</finishy>
        <startx number="177">55</startx>
        <starty number="177">56</starty>
        <finishx number="177">36</finishx>
        <finishy number="177">24</finishy>
        <startx number="178">40</startx>
        <starty number="178">5</starty>
        <finishx number="178">55</finishx>
        <finishy number="178">2</finishy>
        <startx number="179">30</startx>
        <starty number="179">30</starty>
        <finishx number="179">33</finishx>
        <finishy number="179">14</finishy>
        <startx number="180">16</startx>
        <starty number="180">14</starty>
        <finishx number="180">51</finishx>
        <finishy number="180">43</finishy>
        <startx number="181">14</startx>
        <starty number="181">17</starty>
        <finishx number="181">56</finishx>
        <finishy number="181">32</finishy>
        <startx number="182">21</startx>
        <starty number="182">37</starty>
        <finishx number="182">44</finishx>
        <finishy number="182">55</finishy>
        <startx number="183">42</startx>
        <starty number="183">4</starty>
        <finishx number="183">46</finishx>
        <finishy number="183">23</finishy>
        <startx number="184">42</startx>
        <starty number="184">26</starty>
        <finishx number="184">60</finishx>
        <finishy number="184">63</finishy>
        <startx number="185">32</startx>
        <starty number="185">17</starty>
        <finishx number="185">29</finishx>
        <finishy number="185">26</finishy>
        <startx number="186">57</startx>
        <starty number="186">60</starty>
        <finishx number="186">5</finishx>
        <finishy number="186">19</finishy>
        <startx number="187">17</startx>
        <starty number="187">12</starty>
        <finishx number="187">56</finishx>
        <finishy number="187">29</finishy>
        <startx number="188">50</startx>
        <starty number="188">48</starty>
        <finishx number="188">38</finishx>
        <finishy number="188">24</finishy>
        <startx number="189">49</startx>
        <starty number="189">22</starty>
        <finishx number="189">40</finishx>
        <finishy number="189">50</finishy>
        <startx number="190">61</startx>
        <starty number="190">57</starty>
        <finishx number="190">8</finishx>
        <finishy number="190">10</finishy>
        <startx number="191">1</startx>
        <starty number="191">54</starty>
        <finishx number="191">51</finishx>
        <finishy number="191">17</finishy>
        <startx number="192">9</startx>
        <starty number="192">47</starty>
        <finishx number="192">63</finishx>
        <finishy number="192">7</finishy>
        <startx number="193">7</startx>
        <starty number="193">35</starty>
        <finishx number="193">59</finishx>
        <finishy number="193">23</finishy>
        <startx number="194">37</startx>
        <starty number="194">11</starty>
        <finishx number="194">24</finishx>
        <finishy number="194">61</finishy>
        <startx number="195">25</startx>
        <starty number="195">42</starty>
        <finishx number="195">55</finishx>
        <finishy number="195">58</finishy>
        <startx number="196">63</startx>
        <starty number="196">30</starty>
        <finishx number="196">54</finishx>
        <finishy number="196">19</finishy>
        <startx number="197">46</startx>
        <starty number="197">58</starty>
        <finishx number="197">5</finishx>
        <finishy number="197">27</finishy>
        <startx number="198">44</startx>
        <starty number="198">36</starty>
        <finishx number="198">60</finishx>
        <finishy number="198">39</finishy>
        <startx number="199">0</startx>
        <starty number="199">59</starty>
        <finishx number="199">44</finishx>
        <finishy number="199">41</finishy>
        <grid>
            <row>0 0 0 0 0 0 0 0 0 0 0 0 0 0 0 0 0 0 0 0 0 0 0 0 0 0 0 0 0 0 0 0 0 0 0 0 0 0 0 0 0 0 0 0 0 0 0 0 0 0 0 0 0 0 0 0 0 0 0 0 0 0 0 0</row>
            <row>0 0 0 0 0 0 0 0 0 0 0 0 0 0 0 0 0 0 0 0 0 0 0 0 0 0 0 0 0 0 0 0 0 0 0 0 0 0 0 0 0 0 0 0 0 0 0 0 0 0 0 0 0 0 0 0 0 0 0 0 0 0 0 0</row>
            <row>0 0 0 0 0 0 0 0 0 0 0 0 0 0 0 0 0 0 0 0 0 0 0 0 0 0 0 0 0 0 0 0 0 0 0 0 0 0 0 0 0 0 0 0 0 0 0 0 0 0 0 0 0 0 0 0 0 0 0 0 0 0 0 0</row>
            <row>0 0 0 0 0 0 0 0 0 0 0 0 0 0 0 0 0 0 0 0 0 0 0 0 0 0 0 0 0 0 0 0 0 0 0 0 0 0 0 0 0 0 0 0 0 0 0 0 0 0 0 0 0 0 0 0 0 0 0 0 0 0 0 0</row>
            <row>0 0 0 0 0 0 0 0 0 0 0 0 0 0 0 0 0 0 0 0 0 0 0 0 0 0 0 0 0 0 0 0 0 0 0 0 0 0 0 0 0 0 0 0 0 0 0 0 0 0 0 0 0 0 0 0 0 0 0 0 0 0 0 0</row>
            <row>0 0 0 0 0 0 0 0 0 0 0 0 0 0 0 0 0 0 0 0 0 0 0 0 0 0 0 0 0 0 0 0 0 0 0 0 0 0 0 0 0 0 0 0 0 0 0 0 0 0 0 0 0 0 0 0 0 0 0 0 0 0 0 0</row>
            <row>0 0 0 0 0 0 0 0 0 0 0 0 0 0 0 0 0 0 0 0 0 0 0 0 0 0 0 0 0 0 0 0 0 0 0 0 0 0 0 0 0 0 0 0 0 0 0 0 0 0 0 0 0 0 0 0 0 0 0 0 0 0 0 0</row>
            <row>0 0 0 0 0 0 0 0 0 0 0 0 0 0 0 0 0 0 0 0 0 0 0 0 0 0 0 0 0 0 0 0 0 0 0 0 0 0 0 0 0 0 0 0 0 0 0 0 0 0 0 0 0 0 0 0 0 0 0 0 0 0 0 0</row>
            <row>0 0 0 0 0 0 0 0 0 0 0 0 0 0 0 0 0 0 0 0 0 0 0 0 0 0 0 0 0 0 0 0 0 0 0 0 0 0 0 0 0 0 0 0 0 0 0 0 0 0 0 0 0 0 0 0 0 0 0 0 0 0 0 0</row>
            <row>0 0 0 0 0 0 0 0 0 0 0 0 0 0 0 0 0 0 0 0 0 0 0 0 0 0 0 0 0 0 0 0 0 0 0 0 0 0 0 0 0 0 0 0 0 0 0 0 0 0 0 0 0 0 0 0 0 0 0 0 0 0 0 0</row>
            <row>0 0 0 0 0 0 0 0 0 0 0 0 0 0 0 0 0 0 0 0 0 0 0 0 0 0 0 0 0 0 0 0 0 0 0 0 0 0 0 0 0 0 0 0 0 0 0 0 0 0 0 0 0 0 0 0 0 0 0 0 0 0 0 0</row>
            <row>0 0 0 0 0 0 0 0 0 0 0 0 0 0 0 0 0 0 0 0 0 0 0 0 0 0 0 0 0 0 0 0 0 0 0 0 0 0 0 0 0 0 0 0 0 0 0 0 0 0 0 0 0 0 0 0 0 0 0 0 0 0 0 0</row>
            <row>0 0 0 0 0 0 0 0 0 0 0 0 0 0 0 0 0 0 0 0 0 0 0 0 0 0 0 0 0 0 0 0 0 0 0 0 0 0 0 0 0 0 0 0 0 0 0 0 0 0 0 0 0 0 0 0 0 0 0 0 0 0 0 0</row>
            <row>0 0 0 0 0 0 0 0 0 0 0 0 0 0 0 0 0 0 0 0 0 0 0 0 0 0 0 0 0 0 0 0 0 0 0 0 0 0 0 0 0 0 0 0 0 0 0 0 0 0 0 0 0 0 0 0 0 0 0 0 0 0 0 0</row>
            <row>0 0 0 0 0 0 0 0 0 0 0 0 0 0 0 0 0 0 0 0 0 0 0 0 0 0 0 0 0 0 0 0 0 0 0 0 0 0 0 0 0 0 0 0 0 0 0 0 0 0 0 0 0 0 0 0 0 0 0 0 0 0 0 0</row>
            <row>0 0 0 0 0 0 0 0 0 0 0 0 0 0 0 0 0 0 0 0 0 0 0 0 0 0 0 0 0 0 0 0 0 0 0 0 0 0 0 0 0 0 0 0 0 0 0 0 0 0 0 0 0 0 0 0 0 0 0 0 0 0 0 0</row>
            <row>0 0 0 0 0 0 0 0 0 0 0 0 0 0 0 0 0 0 0 0 0 0 0 0 0 0 0 0 0 0 0 0 0 0 0 0 0 0 0 0 0 0 0 0 0 0 0 0 0 0 0 0 0 0 0 0 0 0 0 0 0 0 0 0</row>
            <row>0 0 0 0 0 0 0 0 0 0 0 0 0 0 0 0 0 0 0 0 0 0 0 0 0 0 0 0 0 0 0 0 0 0 0 0 0 0 0 0 0 0 0 0 0 0 0 0 0 0 0 0 0 0 0 0 0 0 0 0 0 0 0 0</row>
            <row>0 0 0 0 0 0 0 0 0 0 0 0 0 0 0 0 0 0 0 0 0 0 0 0 0 0 0 0 0 0 0 0 0 0 0 0 0 0 0 0 0 0 0 0 0 0 0 0 0 0 0 0 0 0 0 0 0 0 0 0 0 0 0 0</row>
            <row>0 0 0 0 0 0 0 0 0 0 0 0 0 0 0 0 0 0 0 0 0 0 0 0 0 0 0 0 0 0 0 0 0 0 0 0 0 0 0 0 0 0 0 0 0 0 0 0 0 0 0 0 0 0 0 0 0 0 0 0 0 0 0 0</row>
            <row>0 0 0 0 0 0 0 0 0 0 0 0 0 0 0 0 0 0 0 0 0 0 0 0 0 0 0 0 0 0 0 0 0 0 0 0 0 0 0 0 0 0 0 0 0 0 0 0 0 0 0 0 0 0 0 0 0 0 0 0 0 0 0 0</row>
            <row>0 0 0 0 0 0 0 0 0 0 0 0 0 0 0 0 0 0 0 0 0 0 0 0 0 0 0 0 0 0 0 0 0 0 0 0 0 0 0 0 0 0 0 0 0 0 0 0 0 0 0 0 0 0 0 0 0 0 0 0 0 0 0 0</row>
            <row>0 0 0 0 0 0 0 0 0 0 0 0 0 0 0 0 0 0 0 0 0 0 0 0 0 0 0 0 0 0 0 0 0 0 0 0 0 0 0 0 0 0 0 0 0 0 0 0 0 0 0 0 0 0 0 0 0 0 0 0 0 0 0 0</row>
            <row>0 0 0 0 0 0 0 0 0 0 0 0 0 0 0 0 0 0 0 0 0 0 0 0 0 0 0 0 0 0 0 0 0 0 0 0 0 0 0 0 0 0 0 0 0 0 0 0 0 0 0 0 0 0 0 0 0 0 0 0 0 0 0 0</row>
            <row>0 0 0 0 0 0 0 0 0 0 0 0 0 0 0 0 0 0 0 0 0 0 0 0 0 0 0 0 0 0 0 0 0 0 0 0 0 0 0 0 0 0 0 0 0 0 0 0 0 0 0 0 0 0 0 0 0 0 0 0 0 0 0 0</row>
            <row>0 0 0 0 0 0 0 0 0 0 0 0 0 0 0 0 0 0 0 0 0 0 0 0 0 0 0 0 0 0 0 0 0 0 0 0 0 0 0 0 0 0 0 0 0 0 0 0 0 0 0 0 0 0 0 0 0 0 0 0 0 0 0 0</row>
            <row>0 0 0 0 0 0 0 0 0 0 0 0 0 0 0 0 0 0 0 0 0 0 0 0 0 0 0 0 0 0 0 0 0 0 0 0 0 0 0 0 0 0 0 0 0 0 0 0 0 0 0 0 0 0 0 0 0 0 0 0 0 0 0 0</row>
            <row>0 0 0 0 0 0 0 0 0 0 0 0 0 0 0 0 0 0 0 0 0 0 0 0 0 0 0 0 0 0 0 0 0 0 0 0 0 0 0 0 0 0 0 0 0 0 0 0 0 0 0 0 0 0 0 0 0 0 0 0 0 0 0 0</row>
            <row>0 0 0 0 0 0 0 0 0 0 0 0 0 0 0 0 0 0 0 0 0 0 0 0 0 0 0 0 0 0 0 0 0 0 0 0 0 0 0 0 0 0 0 0 0 0 0 0 0 0 0 0 0 0 0 0 0 0 0 0 0 0 0 0</row>
            <row>0 0 0 0 0 0 0 0 0 0 0 0 0 0 0 0 0 0 0 0 0 0 0 0 0 0 0 0 0 0 0 0 0 0 0 0 0 0 0 0 0 0 0 0 0 0 0 0 0 0 0 0 0 0 0 0 0 0 0 0 0 0 0 0</row>
            <row>0 0 0 0 0 0 0 0 0 0 0 0 0 0 0 0 0 0 0 0 0 0 0 0 0 0 0 0 0 0 0 0 0 0 0 0 0 0 0 0 0 0 0 0 0 0 0 0 0 0 0 0 0 0 0 0 0 0 0 0 0 0 0 0</row>
            <row>0 0 0 0 0 0 0 0 0 0 0 0 0 0 0 0 0 0 0 0 0 0 0 0 0 0 0 0 0 0 0 0 0 0 0 0 0 0 0 0 0 0 0 0 0 0 0 0 0 0 0 0 0 0 0 0 0 0 0 0 0 0 0 0</row>
            <row>0 0 0 0 0 0 0 0 0 0 0 0 0 0 0 0 0 0 0 0 0 0 0 0 0 0 0 0 0 0 0 0 0 0 0 0 0 0 0 0 0 0 0 0 0 0 0 0 0 0 0 0 0 0 0 0 0 0 0 0 0 0 0 0</row>
            <row>0 0 0 0 0 0 0 0 0 0 0 0 0 0 0 0 0 0 0 0 0 0 0 0 0 0 0 0 0 0 0 0 0 0 0 0 0 0 0 0 0 0 0 0 0 0 0 0 0 0 0 0 0 0 0 0 0 0 0 0 0 0 0 0</row>
            <row>0 0 0 0 0 0 0 0 0 0 0 0 0 0 0 0 0 0 0 0 0 0 0 0 0 0 0 0 0 0 0 0 0 0 0 0 0 0 0 0 0 0 0 0 0 0 0 0 0 0 0 0 0 0 0 0 0 0 0 0 0 0 0 0</row>
            <row>0 0 0 0 0 0 0 0 0 0 0 0 0 0 0 0 0 0 0 0 0 0 0 0 0 0 0 0 0 0 0 0 0 0 0 0 0 0 0 0 0 0 0 0 0 0 0 0 0 0 0 0 0 0 0 0 0 0 0 0 0 0 0 0</row>
            <row>0 0 0 0 0 0 0 0 0 0 0 0 0 0 0 0 0 0 0 0 0 0 0 0 0 0 0 0 0 0 0 0 0 0 0 0 0 0 0 0 0 0 0 0 0 0 0 0 0 0 0 0 0 0 0 0 0 0 0 0 0 0 0 0</row>
            <row>0 0 0 0 0 0 0 0 0 0 0 0 0 0 0 0 0 0 0 0 0 0 0 0 0 0 0 0 0 0 0 0 0 0 0 0 0 0 0 0 0 0 0 0 0 0 0 0 0 0 0 0 0 0 0 0 0 0 0 0 0 0 0 0</row>
            <row>0 0 0 0 0 0 0 0 0 0 0 0 0 0 0 0 0 0 0 0 0 0 0 0 0 0 0 0 0 0 0 0 0 0 0 0 0 0 0 0 0 0 0 0 0 0 0 0 0 0 0 0 0 0 0 0 0 0 0 0 0 0 0 0</row>
            <row>0 0 0 0 0 0 0 0 0 0 0 0 0 0 0 0 0 0 0 0 0 0 0 0 0 0 0 0 0 0 0 0 0 0 0 0 0 0 0 0 0 0 0 0 0 0 0 0 0 0 0 0 0 0 0 0 0 0 0 0 0 0 0 0</row>
            <row>0 0 0 0 0 0 0 0 0 0 0 0 0 0 0 0 0 0 0 0 0 0 0 0 0 0 0 0 0 0 0 0 0 0 0 0 0 0 0 0 0 0 0 0 0 0 0 0 0 0 0 0 0 0 0 0 0 0 0 0 0 0 0 0</row>
            <row>0 0 0 0 0 0 0 0 0 0 0 0 0 0 0 0 0 0 0 0 0 0 0 0 0 0 0 0 0 0 0 0 0 0 0 0 0 0 0 0 0 0 0 0 0 0 0 0 0 0 0 0 0 0 0 0 0 0 0 0 0 0 0 0</row>
            <row>0 0 0 0 0 0 0 0 0 0 0 0 0 0 0 0 0 0 0 0 0 0 0 0 0 0 0 0 0 0 0 0 0 0 0 0 0 0 0 0 0 0 0 0 0 0 0 0 0 0 0 0 0 0 0 0 0 0 0 0 0 0 0 0</row>
            <row>0 0 0 0 0 0 0 0 0 0 0 0 0 0 0 0 0 0 0 0 0 0 0 0 0 0 0 0 0 0 0 0 0 0 0 0 0 0 0 0 0 0 0 0 0 0 0 0 0 0 0 0 0 0 0 0 0 0 0 0 0 0 0 0</row>
            <row>0 0 0 0 0 0 0 0 0 0 0 0 0 0 0 0 0 0 0 0 0 0 0 0 0 0 0 0 0 0 0 0 0 0 0 0 0 0 0 0 0 0 0 0 0 0 0 0 0 0 0 0 0 0 0 0 0 0 0 0 0 0 0 0</row>
            <row>0 0 0 0 0 0 0 0 0 0 0 0 0 0 0 0 0 0 0 0 0 0 0 0 0 0 0 0 0 0 0 0 0 0 0 0 0 0 0 0 0 0 0 0 0 0 0 0 0 0 0 0 0 0 0 0 0 0 0 0 0 0 0 0</row>
            <row>0 0 0 0 0 0 0 0 0 0 0 0 0 0 0 0 0 0 0 0 0 0 0 0 0 0 0 0 0 0 0 0 0 0 0 0 0 0 0 0 0 0 0 0 0 0 0 0 0 0 0 0 0 0 0 0 0 0 0 0 0 0 0 0</row>
            <row>0 0 0 0 0 0 0 0 0 0 0 0 0 0 0 0 0 0 0 0 0 0 0 0 0 0 0 0 0 0 0 0 0 0 0 0 0 0 0 0 0 0 0 0 0 0 0 0 0 0 0 0 0 0 0 0 0 0 0 0 0 0 0 0</row>
            <row>0 0 0 0 0 0 0 0 0 0 0 0 0 0 0 0 0 0 0 0 0 0 0 0 0 0 0 0 0 0 0 0 0 0 0 0 0 0 0 0 0 0 0 0 0 0 0 0 0 0 0 0 0 0 0 0 0 0 0 0 0 0 0 0</row>
            <row>0 0 0 0 0 0 0 0 0 0 0 0 0 0 0 0 0 0 0 0 0 0 0 0 0 0 0 0 0 0 0 0 0 0 0 0 0 0 0 0 0 0 0 0 0 0 0 0 0 0 0 0 0 0 0 0 0 0 0 0 0 0 0 0</row>
            <row>0 0 0 0 0 0 0 0 0 0 0 0 0 0 0 0 0 0 0 0 0 0 0 0 0 0 0 0 0 0 0 0 0 0 0 0 0 0 0 0 0 0 0 0 0 0 0 0 0 0 0 0 0 0 0 0 0 0 0 0 0 0 0 0</row>
            <row>0 0 0 0 0 0 0 0 0 0 0 0 0 0 0 0 0 0 0 0 0 0 0 0 0 0 0 0 0 0 0 0 0 0 0 0 0 0 0 0 0 0 0 0 0 0 0 0 0 0 0 0 0 0 0 0 0 0 0 0 0 0 0 0</row>
            <row>0 0 0 0 0 0 0 0 0 0 0 0 0 0 0 0 0 0 0 0 0 0 0 0 0 0 0 0 0 0 0 0 0 0 0 0 0 0 0 0 0 0 0 0 0 0 0 0 0 0 0 0 0 0 0 0 0 0 0 0 0 0 0 0</row>
            <row>0 0 0 0 0 0 0 0 0 0 0 0 0 0 0 0 0 0 0 0 0 0 0 0 0 0 0 0 0 0 0 0 0 0 0 0 0 0 0 0 0 0 0 0 0 0 0 0 0 0 0 0 0 0 0 0 0 0 0 0 0 0 0 0</row>
            <row>0 0 0 0 0 0 0 0 0 0 0 0 0 0 0 0 0 0 0 0 0 0 0 0 0 0 0 0 0 0 0 0 0 0 0 0 0 0 0 0 0 0 0 0 0 0 0 0 0 0 0 0 0 0 0 0 0 0 0 0 0 0 0 0</row>
            <row>0 0 0 0 0 0 0 0 0 0 0 0 0 0 0 0 0 0 0 0 0 0 0 0 0 0 0 0 0 0 0 0 0 0 0 0 0 0 0 0 0 0 0 0 0 0 0 0 0 0 0 0 0 0 0 0 0 0 0 0 0 0 0 0</row>
            <row>0 0 0 0 0 0 0 0 0 0 0 0 0 0 0 0 0 0 0 0 0 0 0 0 0 0 0 0 0 0 0 0 0 0 0 0 0 0 0 0 0 0 0 0 0 0 0 0 0 0 0 0 0 0 0 0 0 0 0 0 0 0 0 0</row>
            <row>0 0 0 0 0 0 0 0 0 0 0 0 0 0 0 0 0 0 0 0 0 0 0 0 0 0 0 0 0 0 0 0 0 0 0 0 0 0 0 0 0 0 0 0 0 0 0 0 0 0 0 0 0 0 0 0 0 0 0 0 0 0 0 0</row>
            <row>0 0 0 0 0 0 0 0 0 0 0 0 0 0 0 0 0 0 0 0 0 0 0 0 0 0 0 0 0 0 0 0 0 0 0 0 0 0 0 0 0 0 0 0 0 0 0 0 0 0 0 0 0 0 0 0 0 0 0 0 0 0 0 0</row>
            <row>0 0 0 0 0 0 0 0 0 0 0 0 0 0 0 0 0 0 0 0 0 0 0 0 0 0 0 0 0 0 0 0 0 0 0 0 0 0 0 0 0 0 0 0 0 0 0 0 0 0 0 0 0 0 0 0 0 0 0 0 0 0 0 0</row>
            <row>0 0 0 0 0 0 0 0 0 0 0 0 0 0 0 0 0 0 0 0 0 0 0 0 0 0 0 0 0 0 0 0 0 0 0 0 0 0 0 0 0 0 0 0 0 0 0 0 0 0 0 0 0 0 0 0 0 0 0 0 0 0 0 0</row>
            <row>0 0 0 0 0 0 0 0 0 0 0 0 0 0 0 0 0 0 0 0 0 0 0 0 0 0 0 0 0 0 0 0 0 0 0 0 0 0 0 0 0 0 0 0 0 0 0 0 0 0 0 0 0 0 0 0 0 0 0 0 0 0 0 0</row>
            <row>0 0 0 0 0 0 0 0 0 0 0 0 0 0 0 0 0 0 0 0 0 0 0 0 0 0 0 0 0 0 0 0 0 0 0 0 0 0 0 0 0 0 0 0 0 0 0 0 0 0 0 0 0 0 0 0 0 0 0 0 0 0 0 0</row>
            <row>0 0 0 0 0 0 0 0 0 0 0 0 0 0 0 0 0 0 0 0 0 0 0 0 0 0 0 0 0 0 0 0 0 0 0 0 0 0 0 0 0 0 0 0 0 0 0 0 0 0 0 0 0 0 0 0 0 0 0 0 0 0 0 0</row>
        </grid>
    </map>
    <algorithm>
        <allowanyangle>true</allowanyangle>
        <metrictype>euclid</metrictype>
        <breakingties>g-max</breakingties>
        <weight>1</weight>
    </algorithm>
    <options>
        <loglevel>1</loglevel>
        <logpath />
        <logfilename />
    </options>
</root>
