<?xml version="1.0" ?>
<root>
    <map>
        <width>64</width>
        <height>64</height>
        <agents>150</agents>
        <startx number="0">50</startx>
        <starty number="0">3</starty>
        <finishx number="0">27</finishx>
        <finishy number="0">9</finishy>
        <startx number="1">2</startx>
        <starty number="1">16</starty>
        <finishx number="1">10</finishx>
        <finishy number="1">37</finishy>
        <startx number="2">55</startx>
        <starty number="2">21</starty>
        <finishx number="2">41</finishx>
        <finishy number="2">2</finishy>
        <startx number="3">14</startx>
        <starty number="3">33</starty>
        <finishx number="3">53</finishx>
        <finishy number="3">59</finishy>
        <startx number="4">21</startx>
        <starty number="4">29</starty>
        <finishx number="4">36</finishx>
        <finishy number="4">59</finishy>
        <startx number="5">8</startx>
        <starty number="5">47</starty>
        <finishx number="5">16</finishx>
        <finishy number="5">51</finishy>
        <startx number="6">61</startx>
        <starty number="6">6</starty>
        <finishx number="6">19</finishx>
        <finishy number="6">22</finishy>
        <startx number="7">49</startx>
        <starty number="7">41</starty>
        <finishx number="7">30</finishx>
        <finishy number="7">28</finishy>
        <startx number="8">1</startx>
        <starty number="8">1</starty>
        <finishx number="8">18</finishx>
        <finishy number="8">43</finishy>
        <startx number="9">36</startx>
        <starty number="9">19</starty>
        <finishx number="9">15</finishx>
        <finishy number="9">43</finishy>
        <startx number="10">1</startx>
        <starty number="10">3</starty>
        <finishx number="10">19</finishx>
        <finishy number="10">19</finishy>
        <startx number="11">11</startx>
        <starty number="11">20</starty>
        <finishx number="11">4</finishx>
        <finishy number="11">3</finishy>
        <startx number="12">42</startx>
        <starty number="12">39</starty>
        <finishx number="12">10</finishx>
        <finishy number="12">47</finishy>
        <startx number="13">12</startx>
        <starty number="13">63</starty>
        <finishx number="13">41</finishx>
        <finishy number="13">60</finishy>
        <startx number="14">4</startx>
        <starty number="14">33</starty>
        <finishx number="14">37</finishx>
        <finishy number="14">45</finishy>
        <startx number="15">54</startx>
        <starty number="15">61</starty>
        <finishx number="15">33</finishx>
        <finishy number="15">11</finishy>
        <startx number="16">57</startx>
        <starty number="16">47</starty>
        <finishx number="16">23</finishx>
        <finishy number="16">61</finishy>
        <startx number="17">33</startx>
        <starty number="17">3</starty>
        <finishx number="17">40</finishx>
        <finishy number="17">5</finishy>
        <startx number="18">40</startx>
        <starty number="18">18</starty>
        <finishx number="18">61</finishx>
        <finishy number="18">2</finishy>
        <startx number="19">44</startx>
        <starty number="19">52</starty>
        <finishx number="19">55</finishx>
        <finishy number="19">45</finishy>
        <startx number="20">11</startx>
        <starty number="20">10</starty>
        <finishx number="20">61</finishx>
        <finishy number="20">28</finishy>
        <startx number="21">17</startx>
        <starty number="21">46</starty>
        <finishx number="21">45</finishx>
        <finishy number="21">12</finishy>
        <startx number="22">22</startx>
        <starty number="22">40</starty>
        <finishx number="22">35</finishx>
        <finishy number="22">54</finishy>
        <startx number="23">38</startx>
        <starty number="23">34</starty>
        <finishx number="23">61</finishx>
        <finishy number="23">44</finishy>
        <startx number="24">50</startx>
        <starty number="24">54</starty>
        <finishx number="24">27</finishx>
        <finishy number="24">31</finishy>
        <startx number="25">36</startx>
        <starty number="25">56</starty>
        <finishx number="25">16</finishx>
        <finishy number="25">6</finishy>
        <startx number="26">30</startx>
        <starty number="26">4</starty>
        <finishx number="26">61</finishx>
        <finishy number="26">15</finishy>
        <startx number="27">54</startx>
        <starty number="27">37</starty>
        <finishx number="27">17</finishx>
        <finishy number="27">60</finishy>
        <startx number="28">23</startx>
        <starty number="28">21</starty>
        <finishx number="28">9</finishx>
        <finishy number="28">24</finishy>
        <startx number="29">32</startx>
        <starty number="29">54</starty>
        <finishx number="29">55</finishx>
        <finishy number="29">13</finishy>
        <startx number="30">24</startx>
        <starty number="30">29</starty>
        <finishx number="30">15</finishx>
        <finishy number="30">23</finishy>
        <startx number="31">25</startx>
        <starty number="31">21</starty>
        <finishx number="31">52</finishx>
        <finishy number="31">13</finishy>
        <startx number="32">17</startx>
        <starty number="32">20</starty>
        <finishx number="32">32</finishx>
        <finishy number="32">6</finishy>
        <startx number="33">13</startx>
        <starty number="33">4</starty>
        <finishx number="33">17</finishx>
        <finishy number="33">36</finishy>
        <startx number="34">36</startx>
        <starty number="34">27</starty>
        <finishx number="34">33</finishx>
        <finishy number="34">35</finishy>
        <startx number="35">43</startx>
        <starty number="35">63</starty>
        <finishx number="35">18</finishx>
        <finishy number="35">57</finishy>
        <startx number="36">2</startx>
        <starty number="36">11</starty>
        <finishx number="36">32</finishx>
        <finishy number="36">24</finishy>
        <startx number="37">38</startx>
        <starty number="37">5</starty>
        <finishx number="37">16</finishx>
        <finishy number="37">3</finishy>
        <startx number="38">63</startx>
        <starty number="38">6</starty>
        <finishx number="38">9</finishx>
        <finishy number="38">2</finishy>
        <startx number="39">46</startx>
        <starty number="39">1</starty>
        <finishx number="39">60</finishx>
        <finishy number="39">9</finishy>
        <startx number="40">37</startx>
        <starty number="40">42</starty>
        <finishx number="40">26</finishx>
        <finishy number="40">47</finishy>
        <startx number="41">29</startx>
        <starty number="41">60</starty>
        <finishx number="41">37</finishx>
        <finishy number="41">38</finishy>
        <startx number="42">38</startx>
        <starty number="42">32</starty>
        <finishx number="42">62</finishx>
        <finishy number="42">17</finishy>
        <startx number="43">63</startx>
        <starty number="43">14</starty>
        <finishx number="43">39</finishx>
        <finishy number="43">50</finishy>
        <startx number="44">28</startx>
        <starty number="44">44</starty>
        <finishx number="44">56</finishx>
        <finishy number="44">37</finishy>
        <startx number="45">40</startx>
        <starty number="45">21</starty>
        <finishx number="45">47</finishx>
        <finishy number="45">17</finishy>
        <startx number="46">1</startx>
        <starty number="46">56</starty>
        <finishx number="46">7</finishx>
        <finishy number="46">13</finishy>
        <startx number="47">39</startx>
        <starty number="47">61</starty>
        <finishx number="47">45</finishx>
        <finishy number="47">14</finishy>
        <startx number="48">1</startx>
        <starty number="48">46</starty>
        <finishx number="48">62</finishx>
        <finishy number="48">38</finishy>
        <startx number="49">57</startx>
        <starty number="49">42</starty>
        <finishx number="49">42</finishx>
        <finishy number="49">55</finishy>
        <startx number="50">51</startx>
        <starty number="50">11</starty>
        <finishx number="50">38</finishx>
        <finishy number="50">59</finishy>
        <startx number="51">43</startx>
        <starty number="51">15</starty>
        <finishx number="51">52</finishx>
        <finishy number="51">46</finishy>
        <startx number="52">4</startx>
        <starty number="52">40</starty>
        <finishx number="52">9</finishx>
        <finishy number="52">53</finishy>
        <startx number="53">53</startx>
        <starty number="53">22</starty>
        <finishx number="53">38</finishx>
        <finishy number="53">53</finishy>
        <startx number="54">49</startx>
        <starty number="54">46</starty>
        <finishx number="54">6</finishx>
        <finishy number="54">29</finishy>
        <startx number="55">39</startx>
        <starty number="55">37</starty>
        <finishx number="55">45</finishx>
        <finishy number="55">41</finishy>
        <startx number="56">40</startx>
        <starty number="56">31</starty>
        <finishx number="56">3</finishx>
        <finishy number="56">48</finishy>
        <startx number="57">41</startx>
        <starty number="57">45</starty>
        <finishx number="57">48</finishx>
        <finishy number="57">28</finishy>
        <startx number="58">52</startx>
        <starty number="58">6</starty>
        <finishx number="58">0</finishx>
        <finishy number="58">14</finishy>
        <startx number="59">59</startx>
        <starty number="59">20</starty>
        <finishx number="59">21</finishx>
        <finishy number="59">11</finishy>
        <startx number="60">26</startx>
        <starty number="60">26</starty>
        <finishx number="60">33</finishx>
        <finishy number="60">1</finishy>
        <startx number="61">23</startx>
        <starty number="61">45</starty>
        <finishx number="61">5</finishx>
        <finishy number="61">48</finishy>
        <startx number="62">32</startx>
        <starty number="62">49</starty>
        <finishx number="62">18</finishx>
        <finishy number="62">51</finishy>
        <startx number="63">54</startx>
        <starty number="63">53</starty>
        <finishx number="63">18</finishx>
        <finishy number="63">33</finishy>
        <startx number="64">63</startx>
        <starty number="64">47</starty>
        <finishx number="64">54</finishx>
        <finishy number="64">40</finishy>
        <startx number="65">20</startx>
        <starty number="65">27</starty>
        <finishx number="65">50</finishx>
        <finishy number="65">62</finishy>
        <startx number="66">34</startx>
        <starty number="66">9</starty>
        <finishx number="66">14</finishx>
        <finishy number="66">30</finishy>
        <startx number="67">23</startx>
        <starty number="67">55</starty>
        <finishx number="67">28</finishx>
        <finishy number="67">47</finishy>
        <startx number="68">24</startx>
        <starty number="68">23</starty>
        <finishx number="68">52</finishx>
        <finishy number="68">16</finishy>
        <startx number="69">48</startx>
        <starty number="69">6</starty>
        <finishx number="69">12</finishx>
        <finishy number="69">26</finishy>
        <startx number="70">35</startx>
        <starty number="70">35</starty>
        <finishx number="70">61</finishx>
        <finishy number="70">63</finishy>
        <startx number="71">8</startx>
        <starty number="71">10</starty>
        <finishx number="71">4</finishx>
        <finishy number="71">8</finishy>
        <startx number="72">27</startx>
        <starty number="72">39</starty>
        <finishx number="72">18</finishx>
        <finishy number="72">11</finishy>
        <startx number="73">22</startx>
        <starty number="73">8</starty>
        <finishx number="73">3</finishx>
        <finishy number="73">22</finishy>
        <startx number="74">38</startx>
        <starty number="74">29</starty>
        <finishx number="74">6</finishx>
        <finishy number="74">59</finishy>
        <startx number="75">48</startx>
        <starty number="75">52</starty>
        <finishx number="75">38</finishx>
        <finishy number="75">3</finishy>
        <startx number="76">27</startx>
        <starty number="76">55</starty>
        <finishx number="76">10</finishx>
        <finishy number="76">29</finishy>
        <startx number="77">4</startx>
        <starty number="77">35</starty>
        <finishx number="77">34</finishx>
        <finishy number="77">27</finishy>
        <startx number="78">59</startx>
        <starty number="78">4</starty>
        <finishx number="78">30</finishx>
        <finishy number="78">57</finishy>
        <startx number="79">9</startx>
        <starty number="79">0</starty>
        <finishx number="79">44</finishx>
        <finishy number="79">9</finishy>
        <startx number="80">63</startx>
        <starty number="80">57</starty>
        <finishx number="80">11</finishx>
        <finishy number="80">44</finishy>
        <startx number="81">10</startx>
        <starty number="81">63</starty>
        <finishx number="81">56</finishx>
        <finishy number="81">2</finishy>
        <startx number="82">18</startx>
        <starty number="82">14</starty>
        <finishx number="82">5</finishx>
        <finishy number="82">0</finishy>
        <startx number="83">61</startx>
        <starty number="83">20</starty>
        <finishx number="83">18</finishx>
        <finishy number="83">62</finishy>
        <startx number="84">4</startx>
        <starty number="84">45</starty>
        <finishx number="84">46</finishx>
        <finishy number="84">60</finishy>
        <startx number="85">44</startx>
        <starty number="85">23</starty>
        <finishx number="85">14</finishx>
        <finishy number="85">17</finishy>
        <startx number="86">40</startx>
        <starty number="86">42</starty>
        <finishx number="86">5</finishx>
        <finishy number="86">37</finishy>
        <startx number="87">1</startx>
        <starty number="87">35</starty>
        <finishx number="87">39</finishx>
        <finishy number="87">40</finishy>
        <startx number="88">37</startx>
        <starty number="88">13</starty>
        <finishx number="88">39</finishx>
        <finishy number="88">45</finishy>
        <startx number="89">24</startx>
        <starty number="89">27</starty>
        <finishx number="89">30</finishx>
        <finishy number="89">7</finishy>
        <startx number="90">22</startx>
        <starty number="90">16</starty>
        <finishx number="90">39</finishx>
        <finishy number="90">55</finishy>
        <startx number="91">41</startx>
        <starty number="91">37</starty>
        <finishx number="91">27</finishx>
        <finishy number="91">63</finishy>
        <startx number="92">56</startx>
        <starty number="92">16</starty>
        <finishx number="92">59</finishx>
        <finishy number="92">42</finishy>
        <startx number="93">13</startx>
        <starty number="93">41</starty>
        <finishx number="93">21</finishx>
        <finishy number="93">35</finishy>
        <startx number="94">27</startx>
        <starty number="94">28</starty>
        <finishx number="94">19</finishx>
        <finishy number="94">16</finishy>
        <startx number="95">8</startx>
        <starty number="95">56</starty>
        <finishx number="95">28</finishx>
        <finishy number="95">12</finishy>
        <startx number="96">15</startx>
        <starty number="96">1</starty>
        <finishx number="96">24</finishx>
        <finishy number="96">39</finishy>
        <startx number="97">45</startx>
        <starty number="97">33</starty>
        <finishx number="97">24</finishx>
        <finishy number="97">10</finishy>
        <startx number="98">43</startx>
        <starty number="98">7</starty>
        <finishx number="98">46</finishx>
        <finishy number="98">46</finishy>
        <startx number="99">12</startx>
        <starty number="99">17</starty>
        <finishx number="99">19</finishx>
        <finishy number="99">6</finishy>
        <startx number="100">13</startx>
        <starty number="100">2</starty>
        <finishx number="100">16</finishx>
        <finishy number="100">41</finishy>
        <startx number="101">29</startx>
        <starty number="101">41</starty>
        <finishx number="101">6</finishx>
        <finishy number="101">2</finishy>
        <startx number="102">5</startx>
        <starty number="102">5</starty>
        <finishx number="102">50</finishx>
        <finishy number="102">19</finishy>
        <startx number="103">43</startx>
        <starty number="103">50</starty>
        <finishx number="103">17</finishx>
        <finishy number="103">22</finishy>
        <startx number="104">40</startx>
        <starty number="104">47</starty>
        <finishx number="104">52</finishx>
        <finishy number="104">43</finishy>
        <startx number="105">62</startx>
        <starty number="105">52</starty>
        <finishx number="105">36</finishx>
        <finishy number="105">0</finishy>
        <startx number="106">2</startx>
        <starty number="106">59</starty>
        <finishx number="106">52</finishx>
        <finishy number="106">61</finishy>
        <startx number="107">60</startx>
        <starty number="107">47</starty>
        <finishx number="107">4</finishx>
        <finishy number="107">24</finishy>
        <startx number="108">54</startx>
        <starty number="108">0</starty>
        <finishx number="108">26</finishx>
        <finishy number="108">52</finishy>
        <startx number="109">62</startx>
        <starty number="109">55</starty>
        <finishx number="109">19</finishx>
        <finishy number="109">3</finishy>
        <startx number="110">2</startx>
        <starty number="110">44</starty>
        <finishx number="110">54</finishx>
        <finishy number="110">18</finishy>
        <startx number="111">56</startx>
        <starty number="111">29</starty>
        <finishx number="111">53</finishx>
        <finishy number="111">51</finishy>
        <startx number="112">4</startx>
        <starty number="112">29</starty>
        <finishx number="112">0</finishx>
        <finishy number="112">59</finishy>
        <startx number="113">50</startx>
        <starty number="113">28</starty>
        <finishx number="113">25</finishx>
        <finishy number="113">45</finishy>
        <startx number="114">15</startx>
        <starty number="114">25</starty>
        <finishx number="114">25</finishx>
        <finishy number="114">5</finishy>
        <startx number="115">52</startx>
        <starty number="115">40</starty>
        <finishx number="115">14</finishx>
        <finishy number="115">49</finishy>
        <startx number="116">30</startx>
        <starty number="116">63</starty>
        <finishx number="116">19</finishx>
        <finishy number="116">41</finishy>
        <startx number="117">34</startx>
        <starty number="117">6</starty>
        <finishx number="117">25</finishx>
        <finishy number="117">2</finishy>
        <startx number="118">36</startx>
        <starty number="118">30</starty>
        <finishx number="118">21</finishx>
        <finishy number="118">45</finishy>
        <startx number="119">4</startx>
        <starty number="119">54</starty>
        <finishx number="119">61</finishx>
        <finishy number="119">58</finishy>
        <startx number="120">63</startx>
        <starty number="120">9</starty>
        <finishx number="120">61</finishx>
        <finishy number="120">12</finishy>
        <startx number="121">25</startx>
        <starty number="121">61</starty>
        <finishx number="121">46</finishx>
        <finishy number="121">36</finishy>
        <startx number="122">34</startx>
        <starty number="122">14</starty>
        <finishx number="122">44</finishx>
        <finishy number="122">31</finishy>
        <startx number="123">29</startx>
        <starty number="123">20</starty>
        <finishx number="123">34</finishx>
        <finishy number="123">17</finishy>
        <startx number="124">22</startx>
        <starty number="124">53</starty>
        <finishx number="124">47</finishx>
        <finishy number="124">63</finishy>
        <startx number="125">55</startx>
        <starty number="125">8</starty>
        <finishx number="125">41</finishx>
        <finishy number="125">50</finishy>
        <startx number="126">15</startx>
        <starty number="126">9</starty>
        <finishx number="126">36</finishx>
        <finishy number="126">5</finishy>
        <startx number="127">44</startx>
        <starty number="127">4</starty>
        <finishx number="127">49</finishx>
        <finishy number="127">57</finishy>
        <startx number="128">3</startx>
        <starty number="128">19</starty>
        <finishx number="128">52</finishx>
        <finishy number="128">8</finishy>
        <startx number="129">24</startx>
        <starty number="129">32</starty>
        <finishx number="129">5</finishx>
        <finishy number="129">51</finishy>
        <startx number="130">49</startx>
        <starty number="130">14</starty>
        <finishx number="130">35</finishx>
        <finishy number="130">48</finishy>
        <startx number="131">9</startx>
        <starty number="131">42</starty>
        <finishx number="131">32</finishx>
        <finishy number="131">28</finishy>
        <startx number="132">55</startx>
        <starty number="132">55</starty>
        <finishx number="132">58</finishx>
        <finishy number="132">32</finishy>
        <startx number="133">27</startx>
        <starty number="133">18</starty>
        <finishx number="133">57</finishx>
        <finishy number="133">23</finishy>
        <startx number="134">43</startx>
        <starty number="134">45</starty>
        <finishx number="134">34</finishx>
        <finishy number="134">60</finishy>
        <startx number="135">42</startx>
        <starty number="135">18</starty>
        <finishx number="135">63</finishx>
        <finishy number="135">20</finishy>
        <startx number="136">42</startx>
        <starty number="136">57</starty>
        <finishx number="136">51</finishx>
        <finishy number="136">35</finishy>
        <startx number="137">53</startx>
        <starty number="137">27</starty>
        <finishx number="137">23</finishx>
        <finishy number="137">50</finishy>
        <startx number="138">16</startx>
        <starty number="138">17</starty>
        <finishx number="138">57</finishx>
        <finishy number="138">26</finishy>
        <startx number="139">34</startx>
        <starty number="139">41</starty>
        <finishx number="139">41</finishx>
        <finishy number="139">10</finishy>
        <startx number="140">9</startx>
        <starty number="140">15</starty>
        <finishx number="140">46</finishx>
        <finishy number="140">44</finishy>
        <startx number="141">56</startx>
        <starty number="141">53</starty>
        <finishx number="141">8</finishx>
        <finishy number="141">39</finishy>
        <startx number="142">12</startx>
        <starty number="142">60</starty>
        <finishx number="142">48</finishx>
        <finishy number="142">19</finishy>
        <startx number="143">53</startx>
        <starty number="143">32</starty>
        <finishx number="143">48</finishx>
        <finishy number="143">1</finishy>
        <startx number="144">53</startx>
        <starty number="144">56</starty>
        <finishx number="144">61</finishx>
        <finishy number="144">23</finishy>
        <startx number="145">9</startx>
        <starty number="145">18</starty>
        <finishx number="145">19</finishx>
        <finishy number="145">29</finishy>
        <startx number="146">30</startx>
        <starty number="146">50</starty>
        <finishx number="146">9</finishx>
        <finishy number="146">5</finishy>
        <startx number="147">45</startx>
        <starty number="147">39</starty>
        <finishx number="147">59</finishx>
        <finishy number="147">61</finishy>
        <startx number="148">11</startx>
        <starty number="148">23</starty>
        <finishx number="148">50</finishx>
        <finishy number="148">6</finishy>
        <startx number="149">55</startx>
        <starty number="149">58</starty>
        <finishx number="149">50</finishx>
        <finishy number="149">51</finishy>
        <grid>
            <row>0 0 0 0 0 0 0 0 0 0 0 0 0 0 0 0 0 0 0 0 0 0 0 0 0 0 0 0 0 0 0 0 0 0 0 0 0 0 0 0 0 0 0 0 0 0 0 0 0 0 0 0 0 0 0 0 0 0 0 0 0 0 0 0</row>
            <row>0 0 0 0 0 0 0 0 0 0 0 0 0 0 0 0 0 0 0 0 0 0 0 0 0 0 0 0 0 0 0 0 0 0 0 0 0 0 0 0 0 0 0 0 0 0 0 0 0 0 0 0 0 0 0 0 0 0 0 0 0 0 0 0</row>
            <row>0 0 0 0 0 0 0 0 0 0 0 0 0 0 0 0 0 0 0 0 0 0 0 0 0 0 0 0 0 0 0 0 0 0 0 0 0 0 0 0 0 0 0 0 0 0 0 0 0 0 0 0 0 0 0 0 0 0 0 0 0 0 0 0</row>
            <row>0 0 0 0 0 0 0 0 0 0 0 0 0 0 0 0 0 0 0 0 0 0 0 0 0 0 0 0 0 0 0 0 0 0 0 0 0 0 0 0 0 0 0 0 0 0 0 0 0 0 0 0 0 0 0 0 0 0 0 0 0 0 0 0</row>
            <row>0 0 0 0 0 0 0 0 0 0 0 0 0 0 0 0 0 0 0 0 0 0 0 0 0 0 0 0 0 0 0 0 0 0 0 0 0 0 0 0 0 0 0 0 0 0 0 0 0 0 0 0 0 0 0 0 0 0 0 0 0 0 0 0</row>
            <row>0 0 0 0 0 0 0 0 0 0 0 0 0 0 0 0 0 0 0 0 0 0 0 0 0 0 0 0 0 0 0 0 0 0 0 0 0 0 0 0 0 0 0 0 0 0 0 0 0 0 0 0 0 0 0 0 0 0 0 0 0 0 0 0</row>
            <row>0 0 0 0 0 0 0 0 0 0 0 0 0 0 0 0 0 0 0 0 0 0 0 0 0 0 0 0 0 0 0 0 0 0 0 0 0 0 0 0 0 0 0 0 0 0 0 0 0 0 0 0 0 0 0 0 0 0 0 0 0 0 0 0</row>
            <row>0 0 0 0 0 0 0 0 0 0 0 0 0 0 0 0 0 0 0 0 0 0 0 0 0 0 0 0 0 0 0 0 0 0 0 0 0 0 0 0 0 0 0 0 0 0 0 0 0 0 0 0 0 0 0 0 0 0 0 0 0 0 0 0</row>
            <row>0 0 0 0 0 0 0 0 0 0 0 0 0 0 0 0 0 0 0 0 0 0 0 0 0 0 0 0 0 0 0 0 0 0 0 0 0 0 0 0 0 0 0 0 0 0 0 0 0 0 0 0 0 0 0 0 0 0 0 0 0 0 0 0</row>
            <row>0 0 0 0 0 0 0 0 0 0 0 0 0 0 0 0 0 0 0 0 0 0 0 0 0 0 0 0 0 0 0 0 0 0 0 0 0 0 0 0 0 0 0 0 0 0 0 0 0 0 0 0 0 0 0 0 0 0 0 0 0 0 0 0</row>
            <row>0 0 0 0 0 0 0 0 0 0 0 0 0 0 0 0 0 0 0 0 0 0 0 0 0 0 0 0 0 0 0 0 0 0 0 0 0 0 0 0 0 0 0 0 0 0 0 0 0 0 0 0 0 0 0 0 0 0 0 0 0 0 0 0</row>
            <row>0 0 0 0 0 0 0 0 0 0 0 0 0 0 0 0 0 0 0 0 0 0 0 0 0 0 0 0 0 0 0 0 0 0 0 0 0 0 0 0 0 0 0 0 0 0 0 0 0 0 0 0 0 0 0 0 0 0 0 0 0 0 0 0</row>
            <row>0 0 0 0 0 0 0 0 0 0 0 0 0 0 0 0 0 0 0 0 0 0 0 0 0 0 0 0 0 0 0 0 0 0 0 0 0 0 0 0 0 0 0 0 0 0 0 0 0 0 0 0 0 0 0 0 0 0 0 0 0 0 0 0</row>
            <row>0 0 0 0 0 0 0 0 0 0 0 0 0 0 0 0 0 0 0 0 0 0 0 0 0 0 0 0 0 0 0 0 0 0 0 0 0 0 0 0 0 0 0 0 0 0 0 0 0 0 0 0 0 0 0 0 0 0 0 0 0 0 0 0</row>
            <row>0 0 0 0 0 0 0 0 0 0 0 0 0 0 0 0 0 0 0 0 0 0 0 0 0 0 0 0 0 0 0 0 0 0 0 0 0 0 0 0 0 0 0 0 0 0 0 0 0 0 0 0 0 0 0 0 0 0 0 0 0 0 0 0</row>
            <row>0 0 0 0 0 0 0 0 0 0 0 0 0 0 0 0 0 0 0 0 0 0 0 0 0 0 0 0 0 0 0 0 0 0 0 0 0 0 0 0 0 0 0 0 0 0 0 0 0 0 0 0 0 0 0 0 0 0 0 0 0 0 0 0</row>
            <row>0 0 0 0 0 0 0 0 0 0 0 0 0 0 0 0 0 0 0 0 0 0 0 0 0 0 0 0 0 0 0 0 0 0 0 0 0 0 0 0 0 0 0 0 0 0 0 0 0 0 0 0 0 0 0 0 0 0 0 0 0 0 0 0</row>
            <row>0 0 0 0 0 0 0 0 0 0 0 0 0 0 0 0 0 0 0 0 0 0 0 0 0 0 0 0 0 0 0 0 0 0 0 0 0 0 0 0 0 0 0 0 0 0 0 0 0 0 0 0 0 0 0 0 0 0 0 0 0 0 0 0</row>
            <row>0 0 0 0 0 0 0 0 0 0 0 0 0 0 0 0 0 0 0 0 0 0 0 0 0 0 0 0 0 0 0 0 0 0 0 0 0 0 0 0 0 0 0 0 0 0 0 0 0 0 0 0 0 0 0 0 0 0 0 0 0 0 0 0</row>
            <row>0 0 0 0 0 0 0 0 0 0 0 0 0 0 0 0 0 0 0 0 0 0 0 0 0 0 0 0 0 0 0 0 0 0 0 0 0 0 0 0 0 0 0 0 0 0 0 0 0 0 0 0 0 0 0 0 0 0 0 0 0 0 0 0</row>
            <row>0 0 0 0 0 0 0 0 0 0 0 0 0 0 0 0 0 0 0 0 0 0 0 0 0 0 0 0 0 0 0 0 0 0 0 0 0 0 0 0 0 0 0 0 0 0 0 0 0 0 0 0 0 0 0 0 0 0 0 0 0 0 0 0</row>
            <row>0 0 0 0 0 0 0 0 0 0 0 0 0 0 0 0 0 0 0 0 0 0 0 0 0 0 0 0 0 0 0 0 0 0 0 0 0 0 0 0 0 0 0 0 0 0 0 0 0 0 0 0 0 0 0 0 0 0 0 0 0 0 0 0</row>
            <row>0 0 0 0 0 0 0 0 0 0 0 0 0 0 0 0 0 0 0 0 0 0 0 0 0 0 0 0 0 0 0 0 0 0 0 0 0 0 0 0 0 0 0 0 0 0 0 0 0 0 0 0 0 0 0 0 0 0 0 0 0 0 0 0</row>
            <row>0 0 0 0 0 0 0 0 0 0 0 0 0 0 0 0 0 0 0 0 0 0 0 0 0 0 0 0 0 0 0 0 0 0 0 0 0 0 0 0 0 0 0 0 0 0 0 0 0 0 0 0 0 0 0 0 0 0 0 0 0 0 0 0</row>
            <row>0 0 0 0 0 0 0 0 0 0 0 0 0 0 0 0 0 0 0 0 0 0 0 0 0 0 0 0 0 0 0 0 0 0 0 0 0 0 0 0 0 0 0 0 0 0 0 0 0 0 0 0 0 0 0 0 0 0 0 0 0 0 0 0</row>
            <row>0 0 0 0 0 0 0 0 0 0 0 0 0 0 0 0 0 0 0 0 0 0 0 0 0 0 0 0 0 0 0 0 0 0 0 0 0 0 0 0 0 0 0 0 0 0 0 0 0 0 0 0 0 0 0 0 0 0 0 0 0 0 0 0</row>
            <row>0 0 0 0 0 0 0 0 0 0 0 0 0 0 0 0 0 0 0 0 0 0 0 0 0 0 0 0 0 0 0 0 0 0 0 0 0 0 0 0 0 0 0 0 0 0 0 0 0 0 0 0 0 0 0 0 0 0 0 0 0 0 0 0</row>
            <row>0 0 0 0 0 0 0 0 0 0 0 0 0 0 0 0 0 0 0 0 0 0 0 0 0 0 0 0 0 0 0 0 0 0 0 0 0 0 0 0 0 0 0 0 0 0 0 0 0 0 0 0 0 0 0 0 0 0 0 0 0 0 0 0</row>
            <row>0 0 0 0 0 0 0 0 0 0 0 0 0 0 0 0 0 0 0 0 0 0 0 0 0 0 0 0 0 0 0 0 0 0 0 0 0 0 0 0 0 0 0 0 0 0 0 0 0 0 0 0 0 0 0 0 0 0 0 0 0 0 0 0</row>
            <row>0 0 0 0 0 0 0 0 0 0 0 0 0 0 0 0 0 0 0 0 0 0 0 0 0 0 0 0 0 0 0 0 0 0 0 0 0 0 0 0 0 0 0 0 0 0 0 0 0 0 0 0 0 0 0 0 0 0 0 0 0 0 0 0</row>
            <row>0 0 0 0 0 0 0 0 0 0 0 0 0 0 0 0 0 0 0 0 0 0 0 0 0 0 0 0 0 0 0 0 0 0 0 0 0 0 0 0 0 0 0 0 0 0 0 0 0 0 0 0 0 0 0 0 0 0 0 0 0 0 0 0</row>
            <row>0 0 0 0 0 0 0 0 0 0 0 0 0 0 0 0 0 0 0 0 0 0 0 0 0 0 0 0 0 0 0 0 0 0 0 0 0 0 0 0 0 0 0 0 0 0 0 0 0 0 0 0 0 0 0 0 0 0 0 0 0 0 0 0</row>
            <row>0 0 0 0 0 0 0 0 0 0 0 0 0 0 0 0 0 0 0 0 0 0 0 0 0 0 0 0 0 0 0 0 0 0 0 0 0 0 0 0 0 0 0 0 0 0 0 0 0 0 0 0 0 0 0 0 0 0 0 0 0 0 0 0</row>
            <row>0 0 0 0 0 0 0 0 0 0 0 0 0 0 0 0 0 0 0 0 0 0 0 0 0 0 0 0 0 0 0 0 0 0 0 0 0 0 0 0 0 0 0 0 0 0 0 0 0 0 0 0 0 0 0 0 0 0 0 0 0 0 0 0</row>
            <row>0 0 0 0 0 0 0 0 0 0 0 0 0 0 0 0 0 0 0 0 0 0 0 0 0 0 0 0 0 0 0 0 0 0 0 0 0 0 0 0 0 0 0 0 0 0 0 0 0 0 0 0 0 0 0 0 0 0 0 0 0 0 0 0</row>
            <row>0 0 0 0 0 0 0 0 0 0 0 0 0 0 0 0 0 0 0 0 0 0 0 0 0 0 0 0 0 0 0 0 0 0 0 0 0 0 0 0 0 0 0 0 0 0 0 0 0 0 0 0 0 0 0 0 0 0 0 0 0 0 0 0</row>
            <row>0 0 0 0 0 0 0 0 0 0 0 0 0 0 0 0 0 0 0 0 0 0 0 0 0 0 0 0 0 0 0 0 0 0 0 0 0 0 0 0 0 0 0 0 0 0 0 0 0 0 0 0 0 0 0 0 0 0 0 0 0 0 0 0</row>
            <row>0 0 0 0 0 0 0 0 0 0 0 0 0 0 0 0 0 0 0 0 0 0 0 0 0 0 0 0 0 0 0 0 0 0 0 0 0 0 0 0 0 0 0 0 0 0 0 0 0 0 0 0 0 0 0 0 0 0 0 0 0 0 0 0</row>
            <row>0 0 0 0 0 0 0 0 0 0 0 0 0 0 0 0 0 0 0 0 0 0 0 0 0 0 0 0 0 0 0 0 0 0 0 0 0 0 0 0 0 0 0 0 0 0 0 0 0 0 0 0 0 0 0 0 0 0 0 0 0 0 0 0</row>
            <row>0 0 0 0 0 0 0 0 0 0 0 0 0 0 0 0 0 0 0 0 0 0 0 0 0 0 0 0 0 0 0 0 0 0 0 0 0 0 0 0 0 0 0 0 0 0 0 0 0 0 0 0 0 0 0 0 0 0 0 0 0 0 0 0</row>
            <row>0 0 0 0 0 0 0 0 0 0 0 0 0 0 0 0 0 0 0 0 0 0 0 0 0 0 0 0 0 0 0 0 0 0 0 0 0 0 0 0 0 0 0 0 0 0 0 0 0 0 0 0 0 0 0 0 0 0 0 0 0 0 0 0</row>
            <row>0 0 0 0 0 0 0 0 0 0 0 0 0 0 0 0 0 0 0 0 0 0 0 0 0 0 0 0 0 0 0 0 0 0 0 0 0 0 0 0 0 0 0 0 0 0 0 0 0 0 0 0 0 0 0 0 0 0 0 0 0 0 0 0</row>
            <row>0 0 0 0 0 0 0 0 0 0 0 0 0 0 0 0 0 0 0 0 0 0 0 0 0 0 0 0 0 0 0 0 0 0 0 0 0 0 0 0 0 0 0 0 0 0 0 0 0 0 0 0 0 0 0 0 0 0 0 0 0 0 0 0</row>
            <row>0 0 0 0 0 0 0 0 0 0 0 0 0 0 0 0 0 0 0 0 0 0 0 0 0 0 0 0 0 0 0 0 0 0 0 0 0 0 0 0 0 0 0 0 0 0 0 0 0 0 0 0 0 0 0 0 0 0 0 0 0 0 0 0</row>
            <row>0 0 0 0 0 0 0 0 0 0 0 0 0 0 0 0 0 0 0 0 0 0 0 0 0 0 0 0 0 0 0 0 0 0 0 0 0 0 0 0 0 0 0 0 0 0 0 0 0 0 0 0 0 0 0 0 0 0 0 0 0 0 0 0</row>
            <row>0 0 0 0 0 0 0 0 0 0 0 0 0 0 0 0 0 0 0 0 0 0 0 0 0 0 0 0 0 0 0 0 0 0 0 0 0 0 0 0 0 0 0 0 0 0 0 0 0 0 0 0 0 0 0 0 0 0 0 0 0 0 0 0</row>
            <row>0 0 0 0 0 0 0 0 0 0 0 0 0 0 0 0 0 0 0 0 0 0 0 0 0 0 0 0 0 0 0 0 0 0 0 0 0 0 0 0 0 0 0 0 0 0 0 0 0 0 0 0 0 0 0 0 0 0 0 0 0 0 0 0</row>
            <row>0 0 0 0 0 0 0 0 0 0 0 0 0 0 0 0 0 0 0 0 0 0 0 0 0 0 0 0 0 0 0 0 0 0 0 0 0 0 0 0 0 0 0 0 0 0 0 0 0 0 0 0 0 0 0 0 0 0 0 0 0 0 0 0</row>
            <row>0 0 0 0 0 0 0 0 0 0 0 0 0 0 0 0 0 0 0 0 0 0 0 0 0 0 0 0 0 0 0 0 0 0 0 0 0 0 0 0 0 0 0 0 0 0 0 0 0 0 0 0 0 0 0 0 0 0 0 0 0 0 0 0</row>
            <row>0 0 0 0 0 0 0 0 0 0 0 0 0 0 0 0 0 0 0 0 0 0 0 0 0 0 0 0 0 0 0 0 0 0 0 0 0 0 0 0 0 0 0 0 0 0 0 0 0 0 0 0 0 0 0 0 0 0 0 0 0 0 0 0</row>
            <row>0 0 0 0 0 0 0 0 0 0 0 0 0 0 0 0 0 0 0 0 0 0 0 0 0 0 0 0 0 0 0 0 0 0 0 0 0 0 0 0 0 0 0 0 0 0 0 0 0 0 0 0 0 0 0 0 0 0 0 0 0 0 0 0</row>
            <row>0 0 0 0 0 0 0 0 0 0 0 0 0 0 0 0 0 0 0 0 0 0 0 0 0 0 0 0 0 0 0 0 0 0 0 0 0 0 0 0 0 0 0 0 0 0 0 0 0 0 0 0 0 0 0 0 0 0 0 0 0 0 0 0</row>
            <row>0 0 0 0 0 0 0 0 0 0 0 0 0 0 0 0 0 0 0 0 0 0 0 0 0 0 0 0 0 0 0 0 0 0 0 0 0 0 0 0 0 0 0 0 0 0 0 0 0 0 0 0 0 0 0 0 0 0 0 0 0 0 0 0</row>
            <row>0 0 0 0 0 0 0 0 0 0 0 0 0 0 0 0 0 0 0 0 0 0 0 0 0 0 0 0 0 0 0 0 0 0 0 0 0 0 0 0 0 0 0 0 0 0 0 0 0 0 0 0 0 0 0 0 0 0 0 0 0 0 0 0</row>
            <row>0 0 0 0 0 0 0 0 0 0 0 0 0 0 0 0 0 0 0 0 0 0 0 0 0 0 0 0 0 0 0 0 0 0 0 0 0 0 0 0 0 0 0 0 0 0 0 0 0 0 0 0 0 0 0 0 0 0 0 0 0 0 0 0</row>
            <row>0 0 0 0 0 0 0 0 0 0 0 0 0 0 0 0 0 0 0 0 0 0 0 0 0 0 0 0 0 0 0 0 0 0 0 0 0 0 0 0 0 0 0 0 0 0 0 0 0 0 0 0 0 0 0 0 0 0 0 0 0 0 0 0</row>
            <row>0 0 0 0 0 0 0 0 0 0 0 0 0 0 0 0 0 0 0 0 0 0 0 0 0 0 0 0 0 0 0 0 0 0 0 0 0 0 0 0 0 0 0 0 0 0 0 0 0 0 0 0 0 0 0 0 0 0 0 0 0 0 0 0</row>
            <row>0 0 0 0 0 0 0 0 0 0 0 0 0 0 0 0 0 0 0 0 0 0 0 0 0 0 0 0 0 0 0 0 0 0 0 0 0 0 0 0 0 0 0 0 0 0 0 0 0 0 0 0 0 0 0 0 0 0 0 0 0 0 0 0</row>
            <row>0 0 0 0 0 0 0 0 0 0 0 0 0 0 0 0 0 0 0 0 0 0 0 0 0 0 0 0 0 0 0 0 0 0 0 0 0 0 0 0 0 0 0 0 0 0 0 0 0 0 0 0 0 0 0 0 0 0 0 0 0 0 0 0</row>
            <row>0 0 0 0 0 0 0 0 0 0 0 0 0 0 0 0 0 0 0 0 0 0 0 0 0 0 0 0 0 0 0 0 0 0 0 0 0 0 0 0 0 0 0 0 0 0 0 0 0 0 0 0 0 0 0 0 0 0 0 0 0 0 0 0</row>
            <row>0 0 0 0 0 0 0 0 0 0 0 0 0 0 0 0 0 0 0 0 0 0 0 0 0 0 0 0 0 0 0 0 0 0 0 0 0 0 0 0 0 0 0 0 0 0 0 0 0 0 0 0 0 0 0 0 0 0 0 0 0 0 0 0</row>
            <row>0 0 0 0 0 0 0 0 0 0 0 0 0 0 0 0 0 0 0 0 0 0 0 0 0 0 0 0 0 0 0 0 0 0 0 0 0 0 0 0 0 0 0 0 0 0 0 0 0 0 0 0 0 0 0 0 0 0 0 0 0 0 0 0</row>
            <row>0 0 0 0 0 0 0 0 0 0 0 0 0 0 0 0 0 0 0 0 0 0 0 0 0 0 0 0 0 0 0 0 0 0 0 0 0 0 0 0 0 0 0 0 0 0 0 0 0 0 0 0 0 0 0 0 0 0 0 0 0 0 0 0</row>
            <row>0 0 0 0 0 0 0 0 0 0 0 0 0 0 0 0 0 0 0 0 0 0 0 0 0 0 0 0 0 0 0 0 0 0 0 0 0 0 0 0 0 0 0 0 0 0 0 0 0 0 0 0 0 0 0 0 0 0 0 0 0 0 0 0</row>
        </grid>
    </map>
    <algorithm>
        <allowanyangle>true</allowanyangle>
        <metrictype>euclid</metrictype>
        <breakingties>g-max</breakingties>
        <weight>1</weight>
    </algorithm>
    <options>
        <loglevel>1</loglevel>
        <logpath />
        <logfilename />
    </options>
</root>
