<?xml version="1.0" ?>
<root>
    <map>
        <width>64</width>
        <height>64</height>
        <agents>200</agents>
        <startx number="0">50</startx>
        <starty number="0">38</starty>
        <finishx number="0">9</finishx>
        <finishy number="0">50</finishy>
        <startx number="1">33</startx>
        <starty number="1">14</starty>
        <finishx number="1">13</finishx>
        <finishy number="1">17</finishy>
        <startx number="2">19</startx>
        <starty number="2">38</starty>
        <finishx number="2">41</finishx>
        <finishy number="2">29</finishy>
        <startx number="3">17</startx>
        <starty number="3">33</starty>
        <finishx number="3">63</finishx>
        <finishy number="3">36</finishy>
        <startx number="4">5</startx>
        <starty number="4">61</starty>
        <finishx number="4">61</finishx>
        <finishy number="4">1</finishy>
        <startx number="5">40</startx>
        <starty number="5">48</starty>
        <finishx number="5">0</finishx>
        <finishy number="5">12</finishy>
        <startx number="6">35</startx>
        <starty number="6">35</starty>
        <finishx number="6">39</finishx>
        <finishy number="6">5</finishy>
        <startx number="7">38</startx>
        <starty number="7">61</starty>
        <finishx number="7">13</finishx>
        <finishy number="7">20</finishy>
        <startx number="8">63</startx>
        <starty number="8">46</starty>
        <finishx number="8">32</finishx>
        <finishy number="8">62</finishy>
        <startx number="9">31</startx>
        <starty number="9">17</starty>
        <finishx number="9">15</finishx>
        <finishy number="9">12</finishy>
        <startx number="10">58</startx>
        <starty number="10">36</starty>
        <finishx number="10">43</finishx>
        <finishy number="10">41</finishy>
        <startx number="11">38</startx>
        <starty number="11">13</starty>
        <finishx number="11">61</finishx>
        <finishy number="11">57</finishy>
        <startx number="12">18</startx>
        <starty number="12">43</starty>
        <finishx number="12">24</finishx>
        <finishy number="12">34</finishy>
        <startx number="13">6</startx>
        <starty number="13">43</starty>
        <finishx number="13">17</finishx>
        <finishy number="13">56</finishy>
        <startx number="14">22</startx>
        <starty number="14">45</starty>
        <finishx number="14">47</finishx>
        <finishy number="14">28</finishy>
        <startx number="15">6</startx>
        <starty number="15">16</starty>
        <finishx number="15">30</finishx>
        <finishy number="15">57</finishy>
        <startx number="16">2</startx>
        <starty number="16">56</starty>
        <finishx number="16">30</finishx>
        <finishy number="16">20</finishy>
        <startx number="17">30</startx>
        <starty number="17">14</starty>
        <finishx number="17">37</finishx>
        <finishy number="17">40</finishy>
        <startx number="18">27</startx>
        <starty number="18">12</starty>
        <finishx number="18">60</finishx>
        <finishy number="18">23</finishy>
        <startx number="19">12</startx>
        <starty number="19">25</starty>
        <finishx number="19">9</finishx>
        <finishy number="19">16</finishy>
        <startx number="20">28</startx>
        <starty number="20">33</starty>
        <finishx number="20">17</finishx>
        <finishy number="20">22</finishy>
        <startx number="21">42</startx>
        <starty number="21">15</starty>
        <finishx number="21">35</finishx>
        <finishy number="21">37</finishy>
        <startx number="22">52</startx>
        <starty number="22">5</starty>
        <finishx number="22">35</finishx>
        <finishy number="22">33</finishy>
        <startx number="23">8</startx>
        <starty number="23">45</starty>
        <finishx number="23">49</finishx>
        <finishy number="23">30</finishy>
        <startx number="24">36</startx>
        <starty number="24">24</starty>
        <finishx number="24">21</finishx>
        <finishy number="24">56</finishy>
        <startx number="25">38</startx>
        <starty number="25">27</starty>
        <finishx number="25">61</finishx>
        <finishy number="25">9</finishy>
        <startx number="26">25</startx>
        <starty number="26">29</starty>
        <finishx number="26">47</finishx>
        <finishy number="26">9</finishy>
        <startx number="27">58</startx>
        <starty number="27">2</starty>
        <finishx number="27">13</finishx>
        <finishy number="27">47</finishy>
        <startx number="28">19</startx>
        <starty number="28">54</starty>
        <finishx number="28">23</finishx>
        <finishy number="28">29</finishy>
        <startx number="29">22</startx>
        <starty number="29">0</starty>
        <finishx number="29">25</finishx>
        <finishy number="29">61</finishy>
        <startx number="30">62</startx>
        <starty number="30">38</starty>
        <finishx number="30">11</finishx>
        <finishy number="30">34</finishy>
        <startx number="31">13</startx>
        <starty number="31">49</starty>
        <finishx number="31">5</finishx>
        <finishy number="31">59</finishy>
        <startx number="32">59</startx>
        <starty number="32">42</starty>
        <finishx number="32">8</finishx>
        <finishy number="32">5</finishy>
        <startx number="33">50</startx>
        <starty number="33">6</starty>
        <finishx number="33">40</finishx>
        <finishy number="33">63</finishy>
        <startx number="34">20</startx>
        <starty number="34">42</starty>
        <finishx number="34">15</finishx>
        <finishy number="34">54</finishy>
        <startx number="35">10</startx>
        <starty number="35">39</starty>
        <finishx number="35">3</finishx>
        <finishy number="35">6</finishy>
        <startx number="36">42</startx>
        <starty number="36">50</starty>
        <finishx number="36">45</finishx>
        <finishy number="36">60</finishy>
        <startx number="37">34</startx>
        <starty number="37">6</starty>
        <finishx number="37">54</finishx>
        <finishy number="37">13</finishy>
        <startx number="38">25</startx>
        <starty number="38">10</starty>
        <finishx number="38">12</finishx>
        <finishy number="38">44</finishy>
        <startx number="39">62</startx>
        <starty number="39">4</starty>
        <finishx number="39">55</finishx>
        <finishy number="39">18</finishy>
        <startx number="40">9</startx>
        <starty number="40">31</starty>
        <finishx number="40">57</finishx>
        <finishy number="40">58</finishy>
        <startx number="41">34</startx>
        <starty number="41">30</starty>
        <finishx number="41">58</finishx>
        <finishy number="41">18</finishy>
        <startx number="42">32</startx>
        <starty number="42">36</starty>
        <finishx number="42">40</finishx>
        <finishy number="42">42</finishy>
        <startx number="43">33</startx>
        <starty number="43">22</starty>
        <finishx number="43">51</finishx>
        <finishy number="43">19</finishy>
        <startx number="44">19</startx>
        <starty number="44">48</starty>
        <finishx number="44">54</finishx>
        <finishy number="44">54</finishy>
        <startx number="45">24</startx>
        <starty number="45">2</starty>
        <finishx number="45">56</finishx>
        <finishy number="45">16</finishy>
        <startx number="46">9</startx>
        <starty number="46">7</starty>
        <finishx number="46">50</finishx>
        <finishy number="46">43</finishy>
        <startx number="47">20</startx>
        <starty number="47">0</starty>
        <finishx number="47">28</finishx>
        <finishy number="47">55</finishy>
        <startx number="48">25</startx>
        <starty number="48">32</starty>
        <finishx number="48">35</finishx>
        <finishy number="48">0</finishy>
        <startx number="49">49</startx>
        <starty number="49">51</starty>
        <finishx number="49">6</finishx>
        <finishy number="49">53</finishy>
        <startx number="50">46</startx>
        <starty number="50">6</starty>
        <finishx number="50">0</finishx>
        <finishy number="50">3</finishy>
        <startx number="51">52</startx>
        <starty number="51">56</starty>
        <finishx number="51">38</finishx>
        <finishy number="51">29</finishy>
        <startx number="52">61</startx>
        <starty number="52">52</starty>
        <finishx number="52">16</finishx>
        <finishy number="52">62</finishy>
        <startx number="53">29</startx>
        <starty number="53">60</starty>
        <finishx number="53">5</finishx>
        <finishy number="53">5</finishy>
        <startx number="54">52</startx>
        <starty number="54">24</starty>
        <finishx number="54">4</finishx>
        <finishy number="54">3</finishy>
        <startx number="55">32</startx>
        <starty number="55">54</starty>
        <finishx number="55">15</finishx>
        <finishy number="55">20</finishy>
        <startx number="56">9</startx>
        <starty number="56">37</starty>
        <finishx number="56">22</finishx>
        <finishy number="56">21</finishy>
        <startx number="57">37</startx>
        <starty number="57">21</starty>
        <finishx number="57">34</finishx>
        <finishy number="57">41</finishy>
        <startx number="58">19</startx>
        <starty number="58">59</starty>
        <finishx number="58">57</finishx>
        <finishy number="58">23</finishy>
        <startx number="59">47</startx>
        <starty number="59">44</starty>
        <finishx number="59">54</finishx>
        <finishy number="59">37</finishy>
        <startx number="60">7</startx>
        <starty number="60">0</starty>
        <finishx number="60">33</finishx>
        <finishy number="60">51</finishy>
        <startx number="61">8</startx>
        <starty number="61">19</starty>
        <finishx number="61">52</finishx>
        <finishy number="61">11</finishy>
        <startx number="62">59</startx>
        <starty number="62">34</starty>
        <finishx number="62">43</finishx>
        <finishy number="62">39</finishy>
        <startx number="63">15</startx>
        <starty number="63">47</starty>
        <finishx number="63">6</finishx>
        <finishy number="63">56</finishy>
        <startx number="64">49</startx>
        <starty number="64">41</starty>
        <finishx number="64">61</finishx>
        <finishy number="64">15</finishy>
        <startx number="65">3</startx>
        <starty number="65">48</starty>
        <finishx number="65">62</finishx>
        <finishy number="65">44</finishy>
        <startx number="66">59</startx>
        <starty number="66">39</starty>
        <finishx number="66">20</finishx>
        <finishy number="66">13</finishy>
        <startx number="67">52</startx>
        <starty number="67">40</starty>
        <finishx number="67">46</finishx>
        <finishy number="67">55</finishy>
        <startx number="68">4</startx>
        <starty number="68">11</starty>
        <finishx number="68">60</finishx>
        <finishy number="68">18</finishy>
        <startx number="69">59</startx>
        <starty number="69">9</starty>
        <finishx number="69">48</finishx>
        <finishy number="69">17</finishy>
        <startx number="70">38</startx>
        <starty number="70">48</starty>
        <finishx number="70">16</finishx>
        <finishy number="70">17</finishy>
        <startx number="71">54</startx>
        <starty number="71">51</starty>
        <finishx number="71">44</finishx>
        <finishy number="71">12</finishy>
        <startx number="72">30</startx>
        <starty number="72">49</starty>
        <finishx number="72">42</finishx>
        <finishy number="72">12</finishy>
        <startx number="73">36</startx>
        <starty number="73">17</starty>
        <finishx number="73">49</finishx>
        <finishy number="73">22</finishy>
        <startx number="74">44</startx>
        <starty number="74">18</starty>
        <finishx number="74">9</finishx>
        <finishy number="74">61</finishy>
        <startx number="75">13</startx>
        <starty number="75">60</starty>
        <finishx number="75">22</finishx>
        <finishy number="75">32</finishy>
        <startx number="76">10</startx>
        <starty number="76">45</starty>
        <finishx number="76">44</finishx>
        <finishy number="76">25</finishy>
        <startx number="77">49</startx>
        <starty number="77">19</starty>
        <finishx number="77">40</finishx>
        <finishy number="77">61</finishy>
        <startx number="78">51</startx>
        <starty number="78">3</starty>
        <finishx number="78">43</finishx>
        <finishy number="78">10</finishy>
        <startx number="79">50</startx>
        <starty number="79">35</starty>
        <finishx number="79">12</finishx>
        <finishy number="79">42</finishy>
        <startx number="80">18</startx>
        <starty number="80">41</starty>
        <finishx number="80">22</finishx>
        <finishy number="80">58</finishy>
        <startx number="81">62</startx>
        <starty number="81">63</starty>
        <finishx number="81">11</finishx>
        <finishy number="81">7</finishy>
        <startx number="82">2</startx>
        <starty number="82">17</starty>
        <finishx number="82">31</finishx>
        <finishy number="82">30</finishy>
        <startx number="83">56</startx>
        <starty number="83">44</starty>
        <finishx number="83">15</finishx>
        <finishy number="83">30</finishy>
        <startx number="84">41</startx>
        <starty number="84">7</starty>
        <finishx number="84">24</finishx>
        <finishy number="84">50</finishy>
        <startx number="85">16</startx>
        <starty number="85">6</starty>
        <finishx number="85">9</finishx>
        <finishy number="85">58</finishy>
        <startx number="86">27</startx>
        <starty number="86">2</starty>
        <finishx number="86">52</finishx>
        <finishy number="86">27</finishy>
        <startx number="87">32</startx>
        <starty number="87">6</starty>
        <finishx number="87">59</finishx>
        <finishy number="87">44</finishy>
        <startx number="88">46</startx>
        <starty number="88">25</starty>
        <finishx number="88">35</finishx>
        <finishy number="88">11</finishy>
        <startx number="89">34</startx>
        <starty number="89">19</starty>
        <finishx number="89">60</finishx>
        <finishy number="89">60</finishy>
        <startx number="90">15</startx>
        <starty number="90">41</starty>
        <finishx number="90">35</finishx>
        <finishy number="90">22</finishy>
        <startx number="91">55</startx>
        <starty number="91">56</starty>
        <finishx number="91">18</finishx>
        <finishy number="91">16</finishy>
        <startx number="92">19</startx>
        <starty number="92">24</starty>
        <finishx number="92">37</finishx>
        <finishy number="92">43</finishy>
        <startx number="93">61</startx>
        <starty number="93">41</starty>
        <finishx number="93">4</finishx>
        <finishy number="93">53</finishy>
        <startx number="94">25</startx>
        <starty number="94">0</starty>
        <finishx number="94">61</finishx>
        <finishy number="94">25</finishy>
        <startx number="95">59</startx>
        <starty number="95">50</starty>
        <finishx number="95">28</finishx>
        <finishy number="95">31</finishy>
        <startx number="96">38</startx>
        <starty number="96">32</starty>
        <finishx number="96">30</finishx>
        <finishy number="96">46</finishy>
        <startx number="97">52</startx>
        <starty number="97">32</starty>
        <finishx number="97">29</finishx>
        <finishy number="97">62</finishy>
        <startx number="98">27</startx>
        <starty number="98">23</starty>
        <finishx number="98">61</finishx>
        <finishy number="98">36</finishy>
        <startx number="99">3</startx>
        <starty number="99">8</starty>
        <finishx number="99">11</finishx>
        <finishy number="99">63</finishy>
        <startx number="100">2</startx>
        <starty number="100">14</starty>
        <finishx number="100">49</finishx>
        <finishy number="100">24</finishy>
        <startx number="101">13</startx>
        <starty number="101">33</starty>
        <finishx number="101">19</finishx>
        <finishy number="101">6</finishy>
        <startx number="102">11</startx>
        <starty number="102">50</starty>
        <finishx number="102">13</finishx>
        <finishy number="102">62</finishy>
        <startx number="103">3</startx>
        <starty number="103">61</starty>
        <finishx number="103">63</finishx>
        <finishy number="103">57</finishy>
        <startx number="104">30</startx>
        <starty number="104">4</starty>
        <finishx number="104">12</finishx>
        <finishy number="104">1</finishy>
        <startx number="105">44</startx>
        <starty number="105">31</starty>
        <finishx number="105">17</finishx>
        <finishy number="105">35</finishy>
        <startx number="106">22</startx>
        <starty number="106">53</starty>
        <finishx number="106">14</finishx>
        <finishy number="106">9</finishy>
        <startx number="107">41</startx>
        <starty number="107">31</starty>
        <finishx number="107">17</finishx>
        <finishy number="107">54</finishy>
        <startx number="108">58</startx>
        <starty number="108">21</starty>
        <finishx number="108">46</finishx>
        <finishy number="108">36</finishy>
        <startx number="109">9</startx>
        <starty number="109">28</starty>
        <finishx number="109">11</finishx>
        <finishy number="109">53</finishy>
        <startx number="110">25</startx>
        <starty number="110">42</starty>
        <finishx number="110">50</finishx>
        <finishy number="110">62</finishy>
        <startx number="111">59</startx>
        <starty number="111">25</starty>
        <finishx number="111">26</finishx>
        <finishy number="111">47</finishy>
        <startx number="112">33</startx>
        <starty number="112">11</starty>
        <finishx number="112">35</finishx>
        <finishy number="112">43</finishy>
        <startx number="113">11</startx>
        <starty number="113">57</starty>
        <finishx number="113">42</finishx>
        <finishy number="113">45</finishy>
        <startx number="114">28</startx>
        <starty number="114">17</starty>
        <finishx number="114">33</finishx>
        <finishy number="114">28</finishy>
        <startx number="115">20</startx>
        <starty number="115">11</starty>
        <finishx number="115">37</finishx>
        <finishy number="115">3</finishy>
        <startx number="116">40</startx>
        <starty number="116">23</starty>
        <finishx number="116">2</finishx>
        <finishy number="116">38</finishy>
        <startx number="117">27</startx>
        <starty number="117">15</starty>
        <finishx number="117">36</finishx>
        <finishy number="117">19</finishy>
        <startx number="118">27</startx>
        <starty number="118">10</starty>
        <finishx number="118">9</finishx>
        <finishy number="118">12</finishy>
        <startx number="119">43</startx>
        <starty number="119">58</starty>
        <finishx number="119">2</finishx>
        <finishy number="119">43</finishy>
        <startx number="120">21</startx>
        <starty number="120">40</starty>
        <finishx number="120">5</finishx>
        <finishy number="120">32</finishy>
        <startx number="121">17</startx>
        <starty number="121">28</starty>
        <finishx number="121">25</finishx>
        <finishy number="121">8</finishy>
        <startx number="122">62</startx>
        <starty number="122">49</starty>
        <finishx number="122">22</finishx>
        <finishy number="122">26</finishy>
        <startx number="123">46</startx>
        <starty number="123">38</starty>
        <finishx number="123">22</finishx>
        <finishy number="123">16</finishy>
        <startx number="124">17</startx>
        <starty number="124">1</starty>
        <finishx number="124">34</finishx>
        <finishy number="124">59</finishy>
        <startx number="125">56</startx>
        <starty number="125">53</starty>
        <finishx number="125">29</finishx>
        <finishy number="125">7</finishy>
        <startx number="126">44</startx>
        <starty number="126">7</starty>
        <finishx number="126">55</finishx>
        <finishy number="126">21</finishy>
        <startx number="127">32</startx>
        <starty number="127">19</starty>
        <finishx number="127">2</finishx>
        <finishy number="127">0</finishy>
        <startx number="128">62</startx>
        <starty number="128">55</starty>
        <finishx number="128">55</finishx>
        <finishy number="128">40</finishy>
        <startx number="129">5</startx>
        <starty number="129">51</starty>
        <finishx number="129">40</finishx>
        <finishy number="129">13</finishy>
        <startx number="130">14</startx>
        <starty number="130">39</starty>
        <finishx number="130">52</finishx>
        <finishy number="130">0</finishy>
        <startx number="131">45</startx>
        <starty number="131">10</starty>
        <finishx number="131">40</finishx>
        <finishy number="131">19</finishy>
        <startx number="132">43</startx>
        <starty number="132">23</starty>
        <finishx number="132">49</finishx>
        <finishy number="132">14</finishy>
        <startx number="133">63</startx>
        <starty number="133">20</starty>
        <finishx number="133">38</finishx>
        <finishy number="133">56</finishy>
        <startx number="134">42</startx>
        <starty number="134">63</starty>
        <finishx number="134">56</finishx>
        <finishy number="134">10</finishy>
        <startx number="135">61</startx>
        <starty number="135">31</starty>
        <finishx number="135">47</finishx>
        <finishy number="135">49</finishy>
        <startx number="136">50</startx>
        <starty number="136">9</starty>
        <finishx number="136">25</finishx>
        <finishy number="136">39</finishy>
        <startx number="137">63</startx>
        <starty number="137">28</starty>
        <finishx number="137">59</finishx>
        <finishy number="137">58</finishy>
        <startx number="138">36</startx>
        <starty number="138">51</starty>
        <finishx number="138">13</finishx>
        <finishy number="138">23</finishy>
        <startx number="139">0</startx>
        <starty number="139">1</starty>
        <finishx number="139">61</finishx>
        <finishy number="139">20</finishy>
        <startx number="140">4</startx>
        <starty number="140">24</starty>
        <finishx number="140">45</finishx>
        <finishy number="140">52</finishy>
        <startx number="141">40</startx>
        <starty number="141">26</starty>
        <finishx number="141">50</finishx>
        <finishy number="141">54</finishy>
        <startx number="142">22</startx>
        <starty number="142">18</starty>
        <finishx number="142">56</finishx>
        <finishy number="142">13</finishy>
        <startx number="143">6</startx>
        <starty number="143">45</starty>
        <finishx number="143">4</finishx>
        <finishy number="143">27</finishy>
        <startx number="144">39</startx>
        <starty number="144">45</starty>
        <finishx number="144">21</finishx>
        <finishy number="144">61</finishy>
        <startx number="145">0</startx>
        <starty number="145">15</starty>
        <finishx number="145">46</finishx>
        <finishy number="145">31</finishy>
        <startx number="146">57</startx>
        <starty number="146">56</starty>
        <finishx number="146">7</finishx>
        <finishy number="146">61</finishy>
        <startx number="147">33</startx>
        <starty number="147">33</starty>
        <finishx number="147">52</finishx>
        <finishy number="147">30</finishy>
        <startx number="148">8</startx>
        <starty number="148">53</starty>
        <finishx number="148">10</finishx>
        <finishy number="148">4</finishy>
        <startx number="149">29</startx>
        <starty number="149">28</starty>
        <finishx number="149">32</finishx>
        <finishy number="149">46</finishy>
        <startx number="150">23</startx>
        <starty number="150">5</starty>
        <finishx number="150">43</finishx>
        <finishy number="150">28</finishy>
        <startx number="151">33</startx>
        <starty number="151">17</starty>
        <finishx number="151">7</finishx>
        <finishy number="151">48</finishy>
        <startx number="152">50</startx>
        <starty number="152">27</starty>
        <finishx number="152">53</finishx>
        <finishy number="152">61</finishy>
        <startx number="153">4</startx>
        <starty number="153">19</starty>
        <finishx number="153">16</finishx>
        <finishy number="153">25</finishy>
        <startx number="154">39</startx>
        <starty number="154">16</starty>
        <finishx number="154">36</finishx>
        <finishy number="154">53</finishy>
        <startx number="155">7</startx>
        <starty number="155">63</starty>
        <finishx number="155">33</finishx>
        <finishy number="155">49</finishy>
        <startx number="156">10</startx>
        <starty number="156">18</starty>
        <finishx number="156">45</finishx>
        <finishy number="156">47</finishy>
        <startx number="157">5</startx>
        <starty number="157">21</starty>
        <finishx number="157">54</finishx>
        <finishy number="157">48</finishy>
        <startx number="158">13</startx>
        <starty number="158">15</starty>
        <finishx number="158">46</finishx>
        <finishy number="158">1</finishy>
        <startx number="159">48</startx>
        <starty number="159">12</starty>
        <finishx number="159">16</finishx>
        <finishy number="159">60</finishy>
        <startx number="160">26</startx>
        <starty number="160">36</starty>
        <finishx number="160">9</finishx>
        <finishy number="160">23</finishy>
        <startx number="161">15</startx>
        <starty number="161">22</starty>
        <finishx number="161">2</finishx>
        <finishy number="161">30</finishy>
        <startx number="162">24</startx>
        <starty number="162">53</starty>
        <finishx number="162">61</finishx>
        <finishy number="162">28</finishy>
        <startx number="163">57</startx>
        <starty number="163">60</starty>
        <finishx number="163">54</finishx>
        <finishy number="163">3</finishy>
        <startx number="164">44</startx>
        <starty number="164">20</starty>
        <finishx number="164">0</finishx>
        <finishy number="164">41</finishy>
        <startx number="165">4</startx>
        <starty number="165">30</starty>
        <finishx number="165">16</finishx>
        <finishy number="165">38</finishy>
        <startx number="166">28</startx>
        <starty number="166">52</starty>
        <finishx number="166">47</finishx>
        <finishy number="166">62</finishy>
        <startx number="167">30</startx>
        <starty number="167">12</starty>
        <finishx number="167">45</finishx>
        <finishy number="167">15</finishy>
        <startx number="168">19</startx>
        <starty number="168">46</starty>
        <finishx number="168">54</finishx>
        <finishy number="168">10</finishy>
        <startx number="169">5</startx>
        <starty number="169">34</starty>
        <finishx number="169">56</finishx>
        <finishy number="169">37</finishy>
        <startx number="170">3</startx>
        <starty number="170">35</starty>
        <finishx number="170">7</finishx>
        <finishy number="170">23</finishy>
        <startx number="171">17</startx>
        <starty number="171">14</starty>
        <finishx number="171">39</finishx>
        <finishy number="171">40</finishy>
        <startx number="172">28</startx>
        <starty number="172">36</starty>
        <finishx number="172">54</finishx>
        <finishy number="172">5</finishy>
        <startx number="173">42</startx>
        <starty number="173">37</starty>
        <finishx number="173">48</finishx>
        <finishy number="173">54</finishy>
        <startx number="174">31</startx>
        <starty number="174">43</starty>
        <finishx number="174">14</finishx>
        <finishy number="174">1</finishy>
        <startx number="175">59</startx>
        <starty number="175">29</starty>
        <finishx number="175">4</finishx>
        <finishy number="175">56</finishy>
        <startx number="176">25</startx>
        <starty number="176">21</starty>
        <finishx number="176">23</finishx>
        <finishy number="176">55</finishy>
        <startx number="177">56</startx>
        <starty number="177">26</starty>
        <finishx number="177">42</finishx>
        <finishy number="177">4</finishy>
        <startx number="178">50</startx>
        <starty number="178">59</starty>
        <finishx number="178">35</finishx>
        <finishy number="178">14</finishy>
        <startx number="179">58</startx>
        <starty number="179">13</starty>
        <finishx number="179">28</finishx>
        <finishy number="179">42</finishy>
        <startx number="180">58</startx>
        <starty number="180">7</starty>
        <finishx number="180">53</finishx>
        <finishy number="180">42</finishy>
        <startx number="181">62</startx>
        <starty number="181">60</starty>
        <finishx number="181">27</finishx>
        <finishy number="181">26</finishy>
        <startx number="182">32</startx>
        <starty number="182">41</starty>
        <finishx number="182">20</finishx>
        <finishy number="182">51</finishy>
        <startx number="183">61</startx>
        <starty number="183">34</starty>
        <finishx number="183">27</finishx>
        <finishy number="183">57</finishy>
        <startx number="184">0</startx>
        <starty number="184">54</starty>
        <finishx number="184">46</finishx>
        <finishy number="184">20</finishy>
        <startx number="185">16</startx>
        <starty number="185">49</starty>
        <finishx number="185">54</finishx>
        <finishy number="185">32</finishy>
        <startx number="186">63</startx>
        <starty number="186">6</starty>
        <finishx number="186">28</finishx>
        <finishy number="186">20</finishy>
        <startx number="187">31</startx>
        <starty number="187">9</starty>
        <finishx number="187">63</finishx>
        <finishy number="187">12</finishy>
        <startx number="188">22</startx>
        <starty number="188">10</starty>
        <finishx number="188">30</finishx>
        <finishy number="188">39</finishy>
        <startx number="189">1</startx>
        <starty number="189">22</starty>
        <finishx number="189">6</finishx>
        <finishy number="189">8</finishy>
        <startx number="190">15</startx>
        <starty number="190">33</starty>
        <finishx number="190">7</finishx>
        <finishy number="190">37</finishy>
        <startx number="191">7</startx>
        <starty number="191">27</starty>
        <finishx number="191">13</finishx>
        <finishy number="191">4</finishy>
        <startx number="192">22</startx>
        <starty number="192">8</starty>
        <finishx number="192">44</finishx>
        <finishy number="192">49</finishy>
        <startx number="193">24</startx>
        <starty number="193">23</starty>
        <finishx number="193">21</finishx>
        <finishy number="193">37</finishy>
        <startx number="194">45</startx>
        <starty number="194">28</starty>
        <finishx number="194">10</finishx>
        <finishy number="194">26</finishy>
        <startx number="195">9</startx>
        <starty number="195">55</starty>
        <finishx number="195">53</finishx>
        <finishy number="195">16</finishy>
        <startx number="196">52</startx>
        <starty number="196">21</starty>
        <finishx number="196">19</finishx>
        <finishy number="196">3</finishy>
        <startx number="197">23</startx>
        <starty number="197">42</starty>
        <finishx number="197">51</finishx>
        <finishy number="197">16</finishy>
        <startx number="198">48</startx>
        <starty number="198">4</starty>
        <finishx number="198">56</finishx>
        <finishy number="198">63</finishy>
        <startx number="199">27</startx>
        <starty number="199">61</starty>
        <finishx number="199">63</finishx>
        <finishy number="199">15</finishy>
        <grid>
            <row>0 0 0 0 0 0 0 0 0 0 0 0 0 0 0 0 0 0 0 0 0 0 0 0 0 0 0 0 0 0 0 0 0 0 0 0 0 0 0 0 0 0 0 0 0 0 0 0 0 0 0 0 0 0 0 0 0 0 0 0 0 0 0 0</row>
            <row>0 0 0 0 0 0 0 0 0 0 0 0 0 0 0 0 0 0 0 0 0 0 0 0 0 0 0 0 0 0 0 0 0 0 0 0 0 0 0 0 0 0 0 0 0 0 0 0 0 0 0 0 0 0 0 0 0 0 0 0 0 0 0 0</row>
            <row>0 0 0 0 0 0 0 0 0 0 0 0 0 0 0 0 0 0 0 0 0 0 0 0 0 0 0 0 0 0 0 0 0 0 0 0 0 0 0 0 0 0 0 0 0 0 0 0 0 0 0 0 0 0 0 0 0 0 0 0 0 0 0 0</row>
            <row>0 0 0 0 0 0 0 0 0 0 0 0 0 0 0 0 0 0 0 0 0 0 0 0 0 0 0 0 0 0 0 0 0 0 0 0 0 0 0 0 0 0 0 0 0 0 0 0 0 0 0 0 0 0 0 0 0 0 0 0 0 0 0 0</row>
            <row>0 0 0 0 0 0 0 0 0 0 0 0 0 0 0 0 0 0 0 0 0 0 0 0 0 0 0 0 0 0 0 0 0 0 0 0 0 0 0 0 0 0 0 0 0 0 0 0 0 0 0 0 0 0 0 0 0 0 0 0 0 0 0 0</row>
            <row>0 0 0 0 0 0 0 0 0 0 0 0 0 0 0 0 0 0 0 0 0 0 0 0 0 0 0 0 0 0 0 0 0 0 0 0 0 0 0 0 0 0 0 0 0 0 0 0 0 0 0 0 0 0 0 0 0 0 0 0 0 0 0 0</row>
            <row>0 0 0 0 0 0 0 0 0 0 0 0 0 0 0 0 0 0 0 0 0 0 0 0 0 0 0 0 0 0 0 0 0 0 0 0 0 0 0 0 0 0 0 0 0 0 0 0 0 0 0 0 0 0 0 0 0 0 0 0 0 0 0 0</row>
            <row>0 0 0 0 0 0 0 0 0 0 0 0 0 0 0 0 0 0 0 0 0 0 0 0 0 0 0 0 0 0 0 0 0 0 0 0 0 0 0 0 0 0 0 0 0 0 0 0 0 0 0 0 0 0 0 0 0 0 0 0 0 0 0 0</row>
            <row>0 0 0 0 0 0 0 0 0 0 0 0 0 0 0 0 0 0 0 0 0 0 0 0 0 0 0 0 0 0 0 0 0 0 0 0 0 0 0 0 0 0 0 0 0 0 0 0 0 0 0 0 0 0 0 0 0 0 0 0 0 0 0 0</row>
            <row>0 0 0 0 0 0 0 0 0 0 0 0 0 0 0 0 0 0 0 0 0 0 0 0 0 0 0 0 0 0 0 0 0 0 0 0 0 0 0 0 0 0 0 0 0 0 0 0 0 0 0 0 0 0 0 0 0 0 0 0 0 0 0 0</row>
            <row>0 0 0 0 0 0 0 0 0 0 0 0 0 0 0 0 0 0 0 0 0 0 0 0 0 0 0 0 0 0 0 0 0 0 0 0 0 0 0 0 0 0 0 0 0 0 0 0 0 0 0 0 0 0 0 0 0 0 0 0 0 0 0 0</row>
            <row>0 0 0 0 0 0 0 0 0 0 0 0 0 0 0 0 0 0 0 0 0 0 0 0 0 0 0 0 0 0 0 0 0 0 0 0 0 0 0 0 0 0 0 0 0 0 0 0 0 0 0 0 0 0 0 0 0 0 0 0 0 0 0 0</row>
            <row>0 0 0 0 0 0 0 0 0 0 0 0 0 0 0 0 0 0 0 0 0 0 0 0 0 0 0 0 0 0 0 0 0 0 0 0 0 0 0 0 0 0 0 0 0 0 0 0 0 0 0 0 0 0 0 0 0 0 0 0 0 0 0 0</row>
            <row>0 0 0 0 0 0 0 0 0 0 0 0 0 0 0 0 0 0 0 0 0 0 0 0 0 0 0 0 0 0 0 0 0 0 0 0 0 0 0 0 0 0 0 0 0 0 0 0 0 0 0 0 0 0 0 0 0 0 0 0 0 0 0 0</row>
            <row>0 0 0 0 0 0 0 0 0 0 0 0 0 0 0 0 0 0 0 0 0 0 0 0 0 0 0 0 0 0 0 0 0 0 0 0 0 0 0 0 0 0 0 0 0 0 0 0 0 0 0 0 0 0 0 0 0 0 0 0 0 0 0 0</row>
            <row>0 0 0 0 0 0 0 0 0 0 0 0 0 0 0 0 0 0 0 0 0 0 0 0 0 0 0 0 0 0 0 0 0 0 0 0 0 0 0 0 0 0 0 0 0 0 0 0 0 0 0 0 0 0 0 0 0 0 0 0 0 0 0 0</row>
            <row>0 0 0 0 0 0 0 0 0 0 0 0 0 0 0 0 0 0 0 0 0 0 0 0 0 0 0 0 0 0 0 0 0 0 0 0 0 0 0 0 0 0 0 0 0 0 0 0 0 0 0 0 0 0 0 0 0 0 0 0 0 0 0 0</row>
            <row>0 0 0 0 0 0 0 0 0 0 0 0 0 0 0 0 0 0 0 0 0 0 0 0 0 0 0 0 0 0 0 0 0 0 0 0 0 0 0 0 0 0 0 0 0 0 0 0 0 0 0 0 0 0 0 0 0 0 0 0 0 0 0 0</row>
            <row>0 0 0 0 0 0 0 0 0 0 0 0 0 0 0 0 0 0 0 0 0 0 0 0 0 0 0 0 0 0 0 0 0 0 0 0 0 0 0 0 0 0 0 0 0 0 0 0 0 0 0 0 0 0 0 0 0 0 0 0 0 0 0 0</row>
            <row>0 0 0 0 0 0 0 0 0 0 0 0 0 0 0 0 0 0 0 0 0 0 0 0 0 0 0 0 0 0 0 0 0 0 0 0 0 0 0 0 0 0 0 0 0 0 0 0 0 0 0 0 0 0 0 0 0 0 0 0 0 0 0 0</row>
            <row>0 0 0 0 0 0 0 0 0 0 0 0 0 0 0 0 0 0 0 0 0 0 0 0 0 0 0 0 0 0 0 0 0 0 0 0 0 0 0 0 0 0 0 0 0 0 0 0 0 0 0 0 0 0 0 0 0 0 0 0 0 0 0 0</row>
            <row>0 0 0 0 0 0 0 0 0 0 0 0 0 0 0 0 0 0 0 0 0 0 0 0 0 0 0 0 0 0 0 0 0 0 0 0 0 0 0 0 0 0 0 0 0 0 0 0 0 0 0 0 0 0 0 0 0 0 0 0 0 0 0 0</row>
            <row>0 0 0 0 0 0 0 0 0 0 0 0 0 0 0 0 0 0 0 0 0 0 0 0 0 0 0 0 0 0 0 0 0 0 0 0 0 0 0 0 0 0 0 0 0 0 0 0 0 0 0 0 0 0 0 0 0 0 0 0 0 0 0 0</row>
            <row>0 0 0 0 0 0 0 0 0 0 0 0 0 0 0 0 0 0 0 0 0 0 0 0 0 0 0 0 0 0 0 0 0 0 0 0 0 0 0 0 0 0 0 0 0 0 0 0 0 0 0 0 0 0 0 0 0 0 0 0 0 0 0 0</row>
            <row>0 0 0 0 0 0 0 0 0 0 0 0 0 0 0 0 0 0 0 0 0 0 0 0 0 0 0 0 0 0 0 0 0 0 0 0 0 0 0 0 0 0 0 0 0 0 0 0 0 0 0 0 0 0 0 0 0 0 0 0 0 0 0 0</row>
            <row>0 0 0 0 0 0 0 0 0 0 0 0 0 0 0 0 0 0 0 0 0 0 0 0 0 0 0 0 0 0 0 0 0 0 0 0 0 0 0 0 0 0 0 0 0 0 0 0 0 0 0 0 0 0 0 0 0 0 0 0 0 0 0 0</row>
            <row>0 0 0 0 0 0 0 0 0 0 0 0 0 0 0 0 0 0 0 0 0 0 0 0 0 0 0 0 0 0 0 0 0 0 0 0 0 0 0 0 0 0 0 0 0 0 0 0 0 0 0 0 0 0 0 0 0 0 0 0 0 0 0 0</row>
            <row>0 0 0 0 0 0 0 0 0 0 0 0 0 0 0 0 0 0 0 0 0 0 0 0 0 0 0 0 0 0 0 0 0 0 0 0 0 0 0 0 0 0 0 0 0 0 0 0 0 0 0 0 0 0 0 0 0 0 0 0 0 0 0 0</row>
            <row>0 0 0 0 0 0 0 0 0 0 0 0 0 0 0 0 0 0 0 0 0 0 0 0 0 0 0 0 0 0 0 0 0 0 0 0 0 0 0 0 0 0 0 0 0 0 0 0 0 0 0 0 0 0 0 0 0 0 0 0 0 0 0 0</row>
            <row>0 0 0 0 0 0 0 0 0 0 0 0 0 0 0 0 0 0 0 0 0 0 0 0 0 0 0 0 0 0 0 0 0 0 0 0 0 0 0 0 0 0 0 0 0 0 0 0 0 0 0 0 0 0 0 0 0 0 0 0 0 0 0 0</row>
            <row>0 0 0 0 0 0 0 0 0 0 0 0 0 0 0 0 0 0 0 0 0 0 0 0 0 0 0 0 0 0 0 0 0 0 0 0 0 0 0 0 0 0 0 0 0 0 0 0 0 0 0 0 0 0 0 0 0 0 0 0 0 0 0 0</row>
            <row>0 0 0 0 0 0 0 0 0 0 0 0 0 0 0 0 0 0 0 0 0 0 0 0 0 0 0 0 0 0 0 0 0 0 0 0 0 0 0 0 0 0 0 0 0 0 0 0 0 0 0 0 0 0 0 0 0 0 0 0 0 0 0 0</row>
            <row>0 0 0 0 0 0 0 0 0 0 0 0 0 0 0 0 0 0 0 0 0 0 0 0 0 0 0 0 0 0 0 0 0 0 0 0 0 0 0 0 0 0 0 0 0 0 0 0 0 0 0 0 0 0 0 0 0 0 0 0 0 0 0 0</row>
            <row>0 0 0 0 0 0 0 0 0 0 0 0 0 0 0 0 0 0 0 0 0 0 0 0 0 0 0 0 0 0 0 0 0 0 0 0 0 0 0 0 0 0 0 0 0 0 0 0 0 0 0 0 0 0 0 0 0 0 0 0 0 0 0 0</row>
            <row>0 0 0 0 0 0 0 0 0 0 0 0 0 0 0 0 0 0 0 0 0 0 0 0 0 0 0 0 0 0 0 0 0 0 0 0 0 0 0 0 0 0 0 0 0 0 0 0 0 0 0 0 0 0 0 0 0 0 0 0 0 0 0 0</row>
            <row>0 0 0 0 0 0 0 0 0 0 0 0 0 0 0 0 0 0 0 0 0 0 0 0 0 0 0 0 0 0 0 0 0 0 0 0 0 0 0 0 0 0 0 0 0 0 0 0 0 0 0 0 0 0 0 0 0 0 0 0 0 0 0 0</row>
            <row>0 0 0 0 0 0 0 0 0 0 0 0 0 0 0 0 0 0 0 0 0 0 0 0 0 0 0 0 0 0 0 0 0 0 0 0 0 0 0 0 0 0 0 0 0 0 0 0 0 0 0 0 0 0 0 0 0 0 0 0 0 0 0 0</row>
            <row>0 0 0 0 0 0 0 0 0 0 0 0 0 0 0 0 0 0 0 0 0 0 0 0 0 0 0 0 0 0 0 0 0 0 0 0 0 0 0 0 0 0 0 0 0 0 0 0 0 0 0 0 0 0 0 0 0 0 0 0 0 0 0 0</row>
            <row>0 0 0 0 0 0 0 0 0 0 0 0 0 0 0 0 0 0 0 0 0 0 0 0 0 0 0 0 0 0 0 0 0 0 0 0 0 0 0 0 0 0 0 0 0 0 0 0 0 0 0 0 0 0 0 0 0 0 0 0 0 0 0 0</row>
            <row>0 0 0 0 0 0 0 0 0 0 0 0 0 0 0 0 0 0 0 0 0 0 0 0 0 0 0 0 0 0 0 0 0 0 0 0 0 0 0 0 0 0 0 0 0 0 0 0 0 0 0 0 0 0 0 0 0 0 0 0 0 0 0 0</row>
            <row>0 0 0 0 0 0 0 0 0 0 0 0 0 0 0 0 0 0 0 0 0 0 0 0 0 0 0 0 0 0 0 0 0 0 0 0 0 0 0 0 0 0 0 0 0 0 0 0 0 0 0 0 0 0 0 0 0 0 0 0 0 0 0 0</row>
            <row>0 0 0 0 0 0 0 0 0 0 0 0 0 0 0 0 0 0 0 0 0 0 0 0 0 0 0 0 0 0 0 0 0 0 0 0 0 0 0 0 0 0 0 0 0 0 0 0 0 0 0 0 0 0 0 0 0 0 0 0 0 0 0 0</row>
            <row>0 0 0 0 0 0 0 0 0 0 0 0 0 0 0 0 0 0 0 0 0 0 0 0 0 0 0 0 0 0 0 0 0 0 0 0 0 0 0 0 0 0 0 0 0 0 0 0 0 0 0 0 0 0 0 0 0 0 0 0 0 0 0 0</row>
            <row>0 0 0 0 0 0 0 0 0 0 0 0 0 0 0 0 0 0 0 0 0 0 0 0 0 0 0 0 0 0 0 0 0 0 0 0 0 0 0 0 0 0 0 0 0 0 0 0 0 0 0 0 0 0 0 0 0 0 0 0 0 0 0 0</row>
            <row>0 0 0 0 0 0 0 0 0 0 0 0 0 0 0 0 0 0 0 0 0 0 0 0 0 0 0 0 0 0 0 0 0 0 0 0 0 0 0 0 0 0 0 0 0 0 0 0 0 0 0 0 0 0 0 0 0 0 0 0 0 0 0 0</row>
            <row>0 0 0 0 0 0 0 0 0 0 0 0 0 0 0 0 0 0 0 0 0 0 0 0 0 0 0 0 0 0 0 0 0 0 0 0 0 0 0 0 0 0 0 0 0 0 0 0 0 0 0 0 0 0 0 0 0 0 0 0 0 0 0 0</row>
            <row>0 0 0 0 0 0 0 0 0 0 0 0 0 0 0 0 0 0 0 0 0 0 0 0 0 0 0 0 0 0 0 0 0 0 0 0 0 0 0 0 0 0 0 0 0 0 0 0 0 0 0 0 0 0 0 0 0 0 0 0 0 0 0 0</row>
            <row>0 0 0 0 0 0 0 0 0 0 0 0 0 0 0 0 0 0 0 0 0 0 0 0 0 0 0 0 0 0 0 0 0 0 0 0 0 0 0 0 0 0 0 0 0 0 0 0 0 0 0 0 0 0 0 0 0 0 0 0 0 0 0 0</row>
            <row>0 0 0 0 0 0 0 0 0 0 0 0 0 0 0 0 0 0 0 0 0 0 0 0 0 0 0 0 0 0 0 0 0 0 0 0 0 0 0 0 0 0 0 0 0 0 0 0 0 0 0 0 0 0 0 0 0 0 0 0 0 0 0 0</row>
            <row>0 0 0 0 0 0 0 0 0 0 0 0 0 0 0 0 0 0 0 0 0 0 0 0 0 0 0 0 0 0 0 0 0 0 0 0 0 0 0 0 0 0 0 0 0 0 0 0 0 0 0 0 0 0 0 0 0 0 0 0 0 0 0 0</row>
            <row>0 0 0 0 0 0 0 0 0 0 0 0 0 0 0 0 0 0 0 0 0 0 0 0 0 0 0 0 0 0 0 0 0 0 0 0 0 0 0 0 0 0 0 0 0 0 0 0 0 0 0 0 0 0 0 0 0 0 0 0 0 0 0 0</row>
            <row>0 0 0 0 0 0 0 0 0 0 0 0 0 0 0 0 0 0 0 0 0 0 0 0 0 0 0 0 0 0 0 0 0 0 0 0 0 0 0 0 0 0 0 0 0 0 0 0 0 0 0 0 0 0 0 0 0 0 0 0 0 0 0 0</row>
            <row>0 0 0 0 0 0 0 0 0 0 0 0 0 0 0 0 0 0 0 0 0 0 0 0 0 0 0 0 0 0 0 0 0 0 0 0 0 0 0 0 0 0 0 0 0 0 0 0 0 0 0 0 0 0 0 0 0 0 0 0 0 0 0 0</row>
            <row>0 0 0 0 0 0 0 0 0 0 0 0 0 0 0 0 0 0 0 0 0 0 0 0 0 0 0 0 0 0 0 0 0 0 0 0 0 0 0 0 0 0 0 0 0 0 0 0 0 0 0 0 0 0 0 0 0 0 0 0 0 0 0 0</row>
            <row>0 0 0 0 0 0 0 0 0 0 0 0 0 0 0 0 0 0 0 0 0 0 0 0 0 0 0 0 0 0 0 0 0 0 0 0 0 0 0 0 0 0 0 0 0 0 0 0 0 0 0 0 0 0 0 0 0 0 0 0 0 0 0 0</row>
            <row>0 0 0 0 0 0 0 0 0 0 0 0 0 0 0 0 0 0 0 0 0 0 0 0 0 0 0 0 0 0 0 0 0 0 0 0 0 0 0 0 0 0 0 0 0 0 0 0 0 0 0 0 0 0 0 0 0 0 0 0 0 0 0 0</row>
            <row>0 0 0 0 0 0 0 0 0 0 0 0 0 0 0 0 0 0 0 0 0 0 0 0 0 0 0 0 0 0 0 0 0 0 0 0 0 0 0 0 0 0 0 0 0 0 0 0 0 0 0 0 0 0 0 0 0 0 0 0 0 0 0 0</row>
            <row>0 0 0 0 0 0 0 0 0 0 0 0 0 0 0 0 0 0 0 0 0 0 0 0 0 0 0 0 0 0 0 0 0 0 0 0 0 0 0 0 0 0 0 0 0 0 0 0 0 0 0 0 0 0 0 0 0 0 0 0 0 0 0 0</row>
            <row>0 0 0 0 0 0 0 0 0 0 0 0 0 0 0 0 0 0 0 0 0 0 0 0 0 0 0 0 0 0 0 0 0 0 0 0 0 0 0 0 0 0 0 0 0 0 0 0 0 0 0 0 0 0 0 0 0 0 0 0 0 0 0 0</row>
            <row>0 0 0 0 0 0 0 0 0 0 0 0 0 0 0 0 0 0 0 0 0 0 0 0 0 0 0 0 0 0 0 0 0 0 0 0 0 0 0 0 0 0 0 0 0 0 0 0 0 0 0 0 0 0 0 0 0 0 0 0 0 0 0 0</row>
            <row>0 0 0 0 0 0 0 0 0 0 0 0 0 0 0 0 0 0 0 0 0 0 0 0 0 0 0 0 0 0 0 0 0 0 0 0 0 0 0 0 0 0 0 0 0 0 0 0 0 0 0 0 0 0 0 0 0 0 0 0 0 0 0 0</row>
            <row>0 0 0 0 0 0 0 0 0 0 0 0 0 0 0 0 0 0 0 0 0 0 0 0 0 0 0 0 0 0 0 0 0 0 0 0 0 0 0 0 0 0 0 0 0 0 0 0 0 0 0 0 0 0 0 0 0 0 0 0 0 0 0 0</row>
            <row>0 0 0 0 0 0 0 0 0 0 0 0 0 0 0 0 0 0 0 0 0 0 0 0 0 0 0 0 0 0 0 0 0 0 0 0 0 0 0 0 0 0 0 0 0 0 0 0 0 0 0 0 0 0 0 0 0 0 0 0 0 0 0 0</row>
            <row>0 0 0 0 0 0 0 0 0 0 0 0 0 0 0 0 0 0 0 0 0 0 0 0 0 0 0 0 0 0 0 0 0 0 0 0 0 0 0 0 0 0 0 0 0 0 0 0 0 0 0 0 0 0 0 0 0 0 0 0 0 0 0 0</row>
        </grid>
    </map>
    <algorithm>
        <allowanyangle>true</allowanyangle>
        <metrictype>euclid</metrictype>
        <breakingties>g-max</breakingties>
        <weight>1</weight>
    </algorithm>
    <options>
        <loglevel>1</loglevel>
        <logpath />
        <logfilename />
    </options>
</root>
