<?xml version="1.0" ?>
<root>
    <map>
        <width>64</width>
        <height>64</height>
        <agents>200</agents>
        <startx number="0">17</startx>
        <starty number="0">22</starty>
        <finishx number="0">53</finishx>
        <finishy number="0">16</finishy>
        <startx number="1">35</startx>
        <starty number="1">3</starty>
        <finishx number="1">61</finishx>
        <finishy number="1">12</finishy>
        <startx number="2">3</startx>
        <starty number="2">22</starty>
        <finishx number="2">53</finishx>
        <finishy number="2">0</finishy>
        <startx number="3">16</startx>
        <starty number="3">1</starty>
        <finishx number="3">42</finishx>
        <finishy number="3">34</finishy>
        <startx number="4">15</startx>
        <starty number="4">23</starty>
        <finishx number="4">48</finishx>
        <finishy number="4">49</finishy>
        <startx number="5">8</startx>
        <starty number="5">26</starty>
        <finishx number="5">10</finishx>
        <finishy number="5">47</finishy>
        <startx number="6">60</startx>
        <starty number="6">55</starty>
        <finishx number="6">51</finishx>
        <finishy number="6">22</finishy>
        <startx number="7">21</startx>
        <starty number="7">48</starty>
        <finishx number="7">18</finishx>
        <finishy number="7">32</finishy>
        <startx number="8">24</startx>
        <starty number="8">5</starty>
        <finishx number="8">28</finishx>
        <finishy number="8">15</finishy>
        <startx number="9">57</startx>
        <starty number="9">8</starty>
        <finishx number="9">44</finishx>
        <finishy number="9">15</finishy>
        <startx number="10">33</startx>
        <starty number="10">8</starty>
        <finishx number="10">39</finishx>
        <finishy number="10">24</finishy>
        <startx number="11">23</startx>
        <starty number="11">18</starty>
        <finishx number="11">38</finishx>
        <finishy number="11">29</finishy>
        <startx number="12">43</startx>
        <starty number="12">44</starty>
        <finishx number="12">59</finishx>
        <finishy number="12">36</finishy>
        <startx number="13">56</startx>
        <starty number="13">37</starty>
        <finishx number="13">35</finishx>
        <finishy number="13">30</finishy>
        <startx number="14">6</startx>
        <starty number="14">35</starty>
        <finishx number="14">39</finishx>
        <finishy number="14">11</finishy>
        <startx number="15">37</startx>
        <starty number="15">40</starty>
        <finishx number="15">54</finishx>
        <finishy number="15">58</finishy>
        <startx number="16">26</startx>
        <starty number="16">31</starty>
        <finishx number="16">28</finishx>
        <finishy number="16">52</finishy>
        <startx number="17">24</startx>
        <starty number="17">34</starty>
        <finishx number="17">12</finishx>
        <finishy number="17">4</finishy>
        <startx number="18">1</startx>
        <starty number="18">48</starty>
        <finishx number="18">63</finishx>
        <finishy number="18">31</finishy>
        <startx number="19">49</startx>
        <starty number="19">11</starty>
        <finishx number="19">2</finishx>
        <finishy number="19">46</finishy>
        <startx number="20">48</startx>
        <starty number="20">54</starty>
        <finishx number="20">51</finishx>
        <finishy number="20">51</finishy>
        <startx number="21">20</startx>
        <starty number="21">0</starty>
        <finishx number="21">17</finishx>
        <finishy number="21">11</finishy>
        <startx number="22">2</startx>
        <starty number="22">30</starty>
        <finishx number="22">24</finishx>
        <finishy number="22">15</finishy>
        <startx number="23">57</startx>
        <starty number="23">20</starty>
        <finishx number="23">48</finishx>
        <finishy number="23">62</finishy>
        <startx number="24">26</startx>
        <starty number="24">2</starty>
        <finishx number="24">32</finishx>
        <finishy number="24">6</finishy>
        <startx number="25">15</startx>
        <starty number="25">12</starty>
        <finishx number="25">41</finishx>
        <finishy number="25">28</finishy>
        <startx number="26">56</startx>
        <starty number="26">16</starty>
        <finishx number="26">7</finishx>
        <finishy number="26">24</finishy>
        <startx number="27">0</startx>
        <starty number="27">30</starty>
        <finishx number="27">21</finishx>
        <finishy number="27">40</finishy>
        <startx number="28">36</startx>
        <starty number="28">56</starty>
        <finishx number="28">42</finishx>
        <finishy number="28">18</finishy>
        <startx number="29">1</startx>
        <starty number="29">41</starty>
        <finishx number="29">41</finishx>
        <finishy number="29">53</finishy>
        <startx number="30">19</startx>
        <starty number="30">30</starty>
        <finishx number="30">4</finishx>
        <finishy number="30">33</finishy>
        <startx number="31">32</startx>
        <starty number="31">3</starty>
        <finishx number="31">0</finishx>
        <finishy number="31">44</finishy>
        <startx number="32">36</startx>
        <starty number="32">0</starty>
        <finishx number="32">0</finishx>
        <finishy number="32">22</finishy>
        <startx number="33">4</startx>
        <starty number="33">41</starty>
        <finishx number="33">13</finishx>
        <finishy number="33">17</finishy>
        <startx number="34">13</startx>
        <starty number="34">31</starty>
        <finishx number="34">23</finishx>
        <finishy number="34">50</finishy>
        <startx number="35">8</startx>
        <starty number="35">18</starty>
        <finishx number="35">47</finishx>
        <finishy number="35">38</finishy>
        <startx number="36">44</startx>
        <starty number="36">20</starty>
        <finishx number="36">58</finishx>
        <finishy number="36">26</finishy>
        <startx number="37">20</startx>
        <starty number="37">51</starty>
        <finishx number="37">10</finishx>
        <finishy number="37">29</finishy>
        <startx number="38">61</startx>
        <starty number="38">7</starty>
        <finishx number="38">37</finishx>
        <finishy number="38">53</finishy>
        <startx number="39">40</startx>
        <starty number="39">45</starty>
        <finishx number="39">8</finishx>
        <finishy number="39">2</finishy>
        <startx number="40">62</startx>
        <starty number="40">20</starty>
        <finishx number="40">34</finishx>
        <finishy number="40">57</finishy>
        <startx number="41">16</startx>
        <starty number="41">38</starty>
        <finishx number="41">40</finishx>
        <finishy number="41">21</finishy>
        <startx number="42">28</startx>
        <starty number="42">9</starty>
        <finishx number="42">60</finishx>
        <finishy number="42">15</finishy>
        <startx number="43">35</startx>
        <starty number="43">62</starty>
        <finishx number="43">10</finishx>
        <finishy number="43">58</finishy>
        <startx number="44">35</startx>
        <starty number="44">24</starty>
        <finishx number="44">9</finishx>
        <finishy number="44">32</finishy>
        <startx number="45">44</startx>
        <starty number="45">26</starty>
        <finishx number="45">20</finishx>
        <finishy number="45">59</finishy>
        <startx number="46">16</startx>
        <starty number="46">49</starty>
        <finishx number="46">52</finishx>
        <finishy number="46">53</finishy>
        <startx number="47">22</startx>
        <starty number="47">35</starty>
        <finishx number="47">24</finishx>
        <finishy number="47">42</finishy>
        <startx number="48">1</startx>
        <starty number="48">33</starty>
        <finishx number="48">6</finishx>
        <finishy number="48">37</finishy>
        <startx number="49">17</startx>
        <starty number="49">60</starty>
        <finishx number="49">43</finishx>
        <finishy number="49">5</finishy>
        <startx number="50">28</startx>
        <starty number="50">23</starty>
        <finishx number="50">51</finishx>
        <finishy number="50">32</finishy>
        <startx number="51">42</startx>
        <starty number="51">42</starty>
        <finishx number="51">18</finishx>
        <finishy number="51">0</finishy>
        <startx number="52">15</startx>
        <starty number="52">36</starty>
        <finishx number="52">51</finishx>
        <finishy number="52">57</finishy>
        <startx number="53">46</startx>
        <starty number="53">57</starty>
        <finishx number="53">52</finishx>
        <finishy number="53">8</finishy>
        <startx number="54">52</startx>
        <starty number="54">30</starty>
        <finishx number="54">22</finishx>
        <finishy number="54">5</finishy>
        <startx number="55">39</startx>
        <starty number="55">8</starty>
        <finishx number="55">10</finishx>
        <finishy number="55">53</finishy>
        <startx number="56">36</startx>
        <starty number="56">19</starty>
        <finishx number="56">34</finishx>
        <finishy number="56">33</finishy>
        <startx number="57">13</startx>
        <starty number="57">39</starty>
        <finishx number="57">47</finishx>
        <finishy number="57">27</finishy>
        <startx number="58">55</startx>
        <starty number="58">5</starty>
        <finishx number="58">11</finishx>
        <finishy number="58">23</finishy>
        <startx number="59">49</startx>
        <starty number="59">36</starty>
        <finishx number="59">10</finishx>
        <finishy number="59">18</finishy>
        <startx number="60">40</startx>
        <starty number="60">32</starty>
        <finishx number="60">6</finishx>
        <finishy number="60">13</finishy>
        <startx number="61">18</startx>
        <starty number="61">48</starty>
        <finishx number="61">46</finishx>
        <finishy number="61">23</finishy>
        <startx number="62">19</startx>
        <starty number="62">57</starty>
        <finishx number="62">50</finishx>
        <finishy number="62">9</finishy>
        <startx number="63">29</startx>
        <starty number="63">6</starty>
        <finishx number="63">6</finishx>
        <finishy number="63">51</finishy>
        <startx number="64">1</startx>
        <starty number="64">19</starty>
        <finishx number="64">19</finishx>
        <finishy number="64">8</finishy>
        <startx number="65">57</startx>
        <starty number="65">13</starty>
        <finishx number="65">15</finishx>
        <finishy number="65">46</finishy>
        <startx number="66">29</startx>
        <starty number="66">36</starty>
        <finishx number="66">46</finishx>
        <finishy number="66">60</finishy>
        <startx number="67">18</startx>
        <starty number="67">35</starty>
        <finishx number="67">50</finishx>
        <finishy number="67">19</finishy>
        <startx number="68">61</startx>
        <starty number="68">28</starty>
        <finishx number="68">55</finishx>
        <finishy number="68">42</finishy>
        <startx number="69">35</startx>
        <starty number="69">27</starty>
        <finishx number="69">2</finishx>
        <finishy number="69">9</finishy>
        <startx number="70">48</startx>
        <starty number="70">30</starty>
        <finishx number="70">46</finishx>
        <finishy number="70">9</finishy>
        <startx number="71">55</startx>
        <starty number="71">2</starty>
        <finishx number="71">28</finishx>
        <finishy number="71">63</finishy>
        <startx number="72">40</startx>
        <starty number="72">51</starty>
        <finishx number="72">42</finishx>
        <finishy number="72">60</finishy>
        <startx number="73">16</startx>
        <starty number="73">25</starty>
        <finishx number="73">32</finishx>
        <finishy number="73">46</finishy>
        <startx number="74">3</startx>
        <starty number="74">62</starty>
        <finishx number="74">48</finishx>
        <finishy number="74">22</finishy>
        <startx number="75">6</startx>
        <starty number="75">2</starty>
        <finishx number="75">17</finishx>
        <finishy number="75">17</finishy>
        <startx number="76">40</startx>
        <starty number="76">42</starty>
        <finishx number="76">31</finishx>
        <finishy number="76">49</finishy>
        <startx number="77">28</startx>
        <starty number="77">49</starty>
        <finishx number="77">54</finishx>
        <finishy number="77">37</finishy>
        <startx number="78">59</startx>
        <starty number="78">41</starty>
        <finishx number="78">2</finishx>
        <finishy number="78">11</finishy>
        <startx number="79">10</startx>
        <starty number="79">4</starty>
        <finishx number="79">50</finishx>
        <finishy number="79">54</finishy>
        <startx number="80">10</startx>
        <starty number="80">13</starty>
        <finishx number="80">61</finishx>
        <finishy number="80">1</finishy>
        <startx number="81">27</startx>
        <starty number="81">25</starty>
        <finishx number="81">53</finishx>
        <finishy number="81">27</finishy>
        <startx number="82">63</startx>
        <starty number="82">27</starty>
        <finishx number="82">53</finishx>
        <finishy number="82">3</finishy>
        <startx number="83">6</startx>
        <starty number="83">29</starty>
        <finishx number="83">60</finishx>
        <finishy number="83">63</finishy>
        <startx number="84">35</startx>
        <starty number="84">14</starty>
        <finishx number="84">59</finishx>
        <finishy number="84">52</finishy>
        <startx number="85">3</startx>
        <starty number="85">56</starty>
        <finishx number="85">6</finishx>
        <finishy number="85">48</finishy>
        <startx number="86">47</startx>
        <starty number="86">41</starty>
        <finishx number="86">58</finishx>
        <finishy number="86">15</finishy>
        <startx number="87">37</startx>
        <starty number="87">13</starty>
        <finishx number="87">0</finishx>
        <finishy number="87">38</finishy>
        <startx number="88">51</startx>
        <starty number="88">6</starty>
        <finishx number="88">19</finishx>
        <finishy number="88">22</finishy>
        <startx number="89">52</startx>
        <starty number="89">19</starty>
        <finishx number="89">12</finishx>
        <finishy number="89">12</finishy>
        <startx number="90">15</startx>
        <starty number="90">41</starty>
        <finishx number="90">28</finishx>
        <finishy number="90">12</finishy>
        <startx number="91">44</startx>
        <starty number="91">7</starty>
        <finishx number="91">53</finishx>
        <finishy number="91">43</finishy>
        <startx number="92">4</startx>
        <starty number="92">13</starty>
        <finishx number="92">32</finishx>
        <finishy number="92">60</finishy>
        <startx number="93">41</startx>
        <starty number="93">16</starty>
        <finishx number="93">17</finishx>
        <finishy number="93">52</finishy>
        <startx number="94">8</startx>
        <starty number="94">29</starty>
        <finishx number="94">61</finishx>
        <finishy number="94">17</finishy>
        <startx number="95">47</startx>
        <starty number="95">15</starty>
        <finishx number="95">56</finishx>
        <finishy number="95">10</finishy>
        <startx number="96">32</startx>
        <starty number="96">41</starty>
        <finishx number="96">3</finishx>
        <finishy number="96">24</finishy>
        <startx number="97">0</startx>
        <starty number="97">14</starty>
        <finishx number="97">46</finishx>
        <finishy number="97">47</finishy>
        <startx number="98">60</startx>
        <starty number="98">39</starty>
        <finishx number="98">8</finishx>
        <finishy number="98">15</finishy>
        <startx number="99">25</startx>
        <starty number="99">55</starty>
        <finishx number="99">33</finishx>
        <finishy number="99">49</finishy>
        <startx number="100">51</startx>
        <starty number="100">11</starty>
        <finishx number="100">63</finishx>
        <finishy number="100">33</finishy>
        <startx number="101">39</startx>
        <starty number="101">61</starty>
        <finishx number="101">5</finishx>
        <finishy number="101">8</finishy>
        <startx number="102">6</startx>
        <starty number="102">10</starty>
        <finishx number="102">42</finishx>
        <finishy number="102">12</finishy>
        <startx number="103">47</startx>
        <starty number="103">33</starty>
        <finishx number="103">39</finishx>
        <finishy number="103">5</finishy>
        <startx number="104">54</startx>
        <starty number="104">8</starty>
        <finishx number="104">57</finishx>
        <finishy number="104">45</finishy>
        <startx number="105">32</startx>
        <starty number="105">52</starty>
        <finishx number="105">19</finishx>
        <finishy number="105">43</finishy>
        <startx number="106">42</startx>
        <starty number="106">55</starty>
        <finishx number="106">20</finishx>
        <finishy number="106">53</finishy>
        <startx number="107">16</startx>
        <starty number="107">54</starty>
        <finishx number="107">9</finishx>
        <finishy number="107">10</finishy>
        <startx number="108">45</startx>
        <starty number="108">42</starty>
        <finishx number="108">63</finishx>
        <finishy number="108">1</finishy>
        <startx number="109">63</startx>
        <starty number="109">38</starty>
        <finishx number="109">2</finishx>
        <finishy number="109">54</finishy>
        <startx number="110">29</startx>
        <starty number="110">4</starty>
        <finishx number="110">13</finishx>
        <finishy number="110">10</finishy>
        <startx number="111">0</startx>
        <starty number="111">51</starty>
        <finishx number="111">52</finishx>
        <finishy number="111">40</finishy>
        <startx number="112">33</startx>
        <starty number="112">54</starty>
        <finishx number="112">4</finishx>
        <finishy number="112">59</finishy>
        <startx number="113">52</startx>
        <starty number="113">14</starty>
        <finishx number="113">47</finishx>
        <finishy number="113">11</finishy>
        <startx number="114">8</startx>
        <starty number="114">21</starty>
        <finishx number="114">44</finishx>
        <finishy number="114">47</finishy>
        <startx number="115">49</startx>
        <starty number="115">14</starty>
        <finishx number="115">56</finishx>
        <finishy number="115">29</finishy>
        <startx number="116">7</startx>
        <starty number="116">8</starty>
        <finishx number="116">44</finishx>
        <finishy number="116">50</finishy>
        <startx number="117">43</startx>
        <starty number="117">36</starty>
        <finishx number="117">40</finishx>
        <finishy number="117">26</finishy>
        <startx number="118">58</startx>
        <starty number="118">23</starty>
        <finishx number="118">24</finishx>
        <finishy number="118">40</finishy>
        <startx number="119">25</startx>
        <starty number="119">7</starty>
        <finishx number="119">20</finishx>
        <finishy number="119">16</finishy>
        <startx number="120">57</startx>
        <starty number="120">39</starty>
        <finishx number="120">16</finishx>
        <finishy number="120">14</finishy>
        <startx number="121">25</startx>
        <starty number="121">13</starty>
        <finishx number="121">51</finishx>
        <finishy number="121">37</finishy>
        <startx number="122">55</startx>
        <starty number="122">13</starty>
        <finishx number="122">32</finishx>
        <finishy number="122">25</finishy>
        <startx number="123">0</startx>
        <starty number="123">12</starty>
        <finishx number="123">53</finishx>
        <finishy number="123">6</finishy>
        <startx number="124">55</startx>
        <starty number="124">48</starty>
        <finishx number="124">47</finishx>
        <finishy number="124">36</finishy>
        <startx number="125">61</startx>
        <starty number="125">60</starty>
        <finishx number="125">12</finishx>
        <finishy number="125">36</finishy>
        <startx number="126">49</startx>
        <starty number="126">51</starty>
        <finishx number="126">2</finishx>
        <finishy number="126">35</finishy>
        <startx number="127">44</startx>
        <starty number="127">31</starty>
        <finishx number="127">63</finishx>
        <finishy number="127">52</finishy>
        <startx number="128">31</startx>
        <starty number="128">54</starty>
        <finishx number="128">12</finishx>
        <finishy number="128">20</finishy>
        <startx number="129">63</startx>
        <starty number="129">36</starty>
        <finishx number="129">7</finishx>
        <finishy number="129">40</finishy>
        <startx number="130">32</startx>
        <starty number="130">44</starty>
        <finishx number="130">52</finishx>
        <finishy number="130">59</finishy>
        <startx number="131">39</startx>
        <starty number="131">0</starty>
        <finishx number="131">47</finishx>
        <finishy number="131">43</finishy>
        <startx number="132">31</startx>
        <starty number="132">28</starty>
        <finishx number="132">5</finishx>
        <finishy number="132">22</finishy>
        <startx number="133">22</startx>
        <starty number="133">62</starty>
        <finishx number="133">12</finishx>
        <finishy number="133">42</finishy>
        <startx number="134">9</startx>
        <starty number="134">45</starty>
        <finishx number="134">36</finishx>
        <finishy number="134">32</finishy>
        <startx number="135">33</startx>
        <starty number="135">30</starty>
        <finishx number="135">63</finishx>
        <finishy number="135">62</finishy>
        <startx number="136">14</startx>
        <starty number="136">52</starty>
        <finishx number="136">41</finishx>
        <finishy number="136">37</finishy>
        <startx number="137">11</startx>
        <starty number="137">9</starty>
        <finishx number="137">21</finishx>
        <finishy number="137">3</finishy>
        <startx number="138">24</startx>
        <starty number="138">31</starty>
        <finishx number="138">33</finishx>
        <finishy number="138">19</finishy>
        <startx number="139">31</startx>
        <starty number="139">17</starty>
        <finishx number="139">62</finishx>
        <finishy number="139">46</finishy>
        <startx number="140">59</startx>
        <starty number="140">31</starty>
        <finishx number="140">49</finishx>
        <finishy number="140">57</finishy>
        <startx number="141">39</startx>
        <starty number="141">37</starty>
        <finishx number="141">48</finishx>
        <finishy number="141">25</finishy>
        <startx number="142">26</startx>
        <starty number="142">52</starty>
        <finishx number="142">44</finishx>
        <finishy number="142">1</finishy>
        <startx number="143">23</startx>
        <starty number="143">48</starty>
        <finishx number="143">10</finishx>
        <finishy number="143">7</finishy>
        <startx number="144">28</startx>
        <starty number="144">57</starty>
        <finishx number="144">18</finishx>
        <finishy number="144">27</finishy>
        <startx number="145">10</startx>
        <starty number="145">42</starty>
        <finishx number="145">45</finishx>
        <finishy number="145">54</finishy>
        <startx number="146">29</startx>
        <starty number="146">25</starty>
        <finishx number="146">37</finishx>
        <finishy number="146">48</finishy>
        <startx number="147">40</startx>
        <starty number="147">48</starty>
        <finishx number="147">0</finishx>
        <finishy number="147">25</finishy>
        <startx number="148">58</startx>
        <starty number="148">4</starty>
        <finishx number="148">63</finishx>
        <finishy number="148">11</finishy>
        <startx number="149">8</startx>
        <starty number="149">34</starty>
        <finishx number="149">38</finishx>
        <finishy number="149">56</finishy>
        <startx number="150">45</startx>
        <starty number="150">39</starty>
        <finishx number="150">12</finishx>
        <finishy number="150">57</finishy>
        <startx number="151">42</startx>
        <starty number="151">7</starty>
        <finishx number="151">62</finishx>
        <finishy number="151">41</finishy>
        <startx number="152">6</startx>
        <starty number="152">59</starty>
        <finishx number="152">44</finishx>
        <finishy number="152">33</finishy>
        <startx number="153">53</startx>
        <starty number="153">34</starty>
        <finishx number="153">7</finishx>
        <finishy number="153">5</finishy>
        <startx number="154">21</startx>
        <starty number="154">45</starty>
        <finishx number="154">38</finishx>
        <finishy number="154">21</finishy>
        <startx number="155">0</startx>
        <starty number="155">62</starty>
        <finishx number="155">60</finishx>
        <finishy number="155">34</finishy>
        <startx number="156">32</startx>
        <starty number="156">62</starty>
        <finishx number="156">36</finishx>
        <finishy number="156">35</finishy>
        <startx number="157">44</startx>
        <starty number="157">63</starty>
        <finishx number="157">31</finishx>
        <finishy number="157">19</finishy>
        <startx number="158">50</startx>
        <starty number="158">43</starty>
        <finishx number="158">29</finishx>
        <finishy number="158">28</finishy>
        <startx number="159">62</startx>
        <starty number="159">25</starty>
        <finishx number="159">4</finishx>
        <finishy number="159">6</finishy>
        <startx number="160">14</startx>
        <starty number="160">25</starty>
        <finishx number="160">54</finishx>
        <finishy number="160">56</finishy>
        <startx number="161">2</startx>
        <starty number="161">43</starty>
        <finishx number="161">21</finishx>
        <finishy number="161">37</finishy>
        <startx number="162">6</startx>
        <starty number="162">56</starty>
        <finishx number="162">63</finishx>
        <finishy number="162">4</finishy>
        <startx number="163">7</startx>
        <starty number="163">0</starty>
        <finishx number="163">22</finishx>
        <finishy number="163">26</finishy>
        <startx number="164">29</startx>
        <starty number="164">60</starty>
        <finishx number="164">55</finishx>
        <finishy number="164">32</finishy>
        <startx number="165">51</startx>
        <starty number="165">1</starty>
        <finishx number="165">39</finishx>
        <finishy number="165">53</finishy>
        <startx number="166">33</startx>
        <starty number="166">1</starty>
        <finishx number="166">4</finishx>
        <finishy number="166">54</finishy>
        <startx number="167">43</startx>
        <starty number="167">39</starty>
        <finishx number="167">21</finishx>
        <finishy number="167">11</finishy>
        <startx number="168">49</startx>
        <starty number="168">60</starty>
        <finishx number="168">12</finishx>
        <finishy number="168">2</finishy>
        <startx number="169">26</startx>
        <starty number="169">15</starty>
        <finishx number="169">40</finishx>
        <finishy number="169">2</finishy>
        <startx number="170">56</startx>
        <starty number="170">58</starty>
        <finishx number="170">60</finishx>
        <finishy number="170">23</finishy>
        <startx number="171">16</startx>
        <starty number="171">3</starty>
        <finishx number="171">23</finishx>
        <finishy number="171">56</finishy>
        <startx number="172">10</startx>
        <starty number="172">15</starty>
        <finishx number="172">53</finishx>
        <finishy number="172">62</finishy>
        <startx number="173">38</startx>
        <starty number="173">59</starty>
        <finishx number="173">16</finishx>
        <finishy number="173">43</finishy>
        <startx number="174">30</startx>
        <starty number="174">52</starty>
        <finishx number="174">23</finishx>
        <finishy number="174">29</finishy>
        <startx number="175">40</startx>
        <starty number="175">13</starty>
        <finishx number="175">43</finishx>
        <finishy number="175">29</finishy>
        <startx number="176">1</startx>
        <starty number="176">6</starty>
        <finishx number="176">17</finishx>
        <finishy number="176">62</finishy>
        <startx number="177">37</startx>
        <starty number="177">3</starty>
        <finishx number="177">35</finishx>
        <finishy number="177">51</finishy>
        <startx number="178">25</startx>
        <starty number="178">26</starty>
        <finishx number="178">43</finishx>
        <finishy number="178">52</finishy>
        <startx number="179">15</startx>
        <starty number="179">17</starty>
        <finishx number="179">21</finishx>
        <finishy number="179">14</finishy>
        <startx number="180">55</startx>
        <starty number="180">24</starty>
        <finishx number="180">41</finishx>
        <finishy number="180">63</finishy>
        <startx number="181">42</startx>
        <starty number="181">57</starty>
        <finishx number="181">4</finishx>
        <finishy number="181">29</finishy>
        <startx number="182">20</startx>
        <starty number="182">62</starty>
        <finishx number="182">29</finishx>
        <finishy number="182">20</finishy>
        <startx number="183">59</startx>
        <starty number="183">50</starty>
        <finishx number="183">19</finishx>
        <finishy number="183">46</finishy>
        <startx number="184">33</startx>
        <starty number="184">11</starty>
        <finishx number="184">14</finishx>
        <finishy number="184">1</finishy>
        <startx number="185">63</startx>
        <starty number="185">17</starty>
        <finishx number="185">30</finishx>
        <finishy number="185">22</finishy>
        <startx number="186">34</startx>
        <starty number="186">59</starty>
        <finishx number="186">28</finishx>
        <finishy number="186">33</finishy>
        <startx number="187">22</startx>
        <starty number="187">21</starty>
        <finishx number="187">18</finishx>
        <finishy number="187">38</finishy>
        <startx number="188">20</startx>
        <starty number="188">24</starty>
        <finishx number="188">25</finishx>
        <finishy number="188">63</finishy>
        <startx number="189">44</startx>
        <starty number="189">23</starty>
        <finishx number="189">27</finishx>
        <finishy number="189">61</finishy>
        <startx number="190">14</startx>
        <starty number="190">60</starty>
        <finishx number="190">57</finishx>
        <finishy number="190">34</finishy>
        <startx number="191">22</startx>
        <starty number="191">42</starty>
        <finishx number="191">51</finishx>
        <finishy number="191">49</finishy>
        <startx number="192">2</startx>
        <starty number="192">27</starty>
        <finishx number="192">31</finishx>
        <finishy number="192">36</finishy>
        <startx number="193">57</startx>
        <starty number="193">55</starty>
        <finishx number="193">4</finishx>
        <finishy number="193">19</finishy>
        <startx number="194">30</startx>
        <starty number="194">44</starty>
        <finishx number="194">10</finishx>
        <finishy number="194">50</finishy>
        <startx number="195">30</startx>
        <starty number="195">14</starty>
        <finishx number="195">24</finishx>
        <finishy number="195">21</finishy>
        <startx number="196">24</startx>
        <starty number="196">58</starty>
        <finishx number="196">15</finishx>
        <finishy number="196">33</finishy>
        <startx number="197">26</startx>
        <starty number="197">5</starty>
        <finishx number="197">19</finishx>
        <finishy number="197">40</finishy>
        <startx number="198">8</startx>
        <starty number="198">58</starty>
        <finishx number="198">38</finishx>
        <finishy number="198">45</finishy>
        <startx number="199">50</startx>
        <starty number="199">3</starty>
        <finishx number="199">39</finishx>
        <finishy number="199">34</finishy>
        <grid>
            <row>0 0 0 0 0 0 0 0 0 0 0 0 0 0 0 0 0 0 0 0 0 0 0 0 0 0 0 0 0 0 0 0 0 0 0 0 0 0 0 0 0 0 0 0 0 0 0 0 0 0 0 0 0 0 0 0 0 0 0 0 0 0 0 0</row>
            <row>0 0 0 0 0 0 0 0 0 0 0 0 0 0 0 0 0 0 0 0 0 0 0 0 0 0 0 0 0 0 0 0 0 0 0 0 0 0 0 0 0 0 0 0 0 0 0 0 0 0 0 0 0 0 0 0 0 0 0 0 0 0 0 0</row>
            <row>0 0 0 0 0 0 0 0 0 0 0 0 0 0 0 0 0 0 0 0 0 0 0 0 0 0 0 0 0 0 0 0 0 0 0 0 0 0 0 0 0 0 0 0 0 0 0 0 0 0 0 0 0 0 0 0 0 0 0 0 0 0 0 0</row>
            <row>0 0 0 0 0 0 0 0 0 0 0 0 0 0 0 0 0 0 0 0 0 0 0 0 0 0 0 0 0 0 0 0 0 0 0 0 0 0 0 0 0 0 0 0 0 0 0 0 0 0 0 0 0 0 0 0 0 0 0 0 0 0 0 0</row>
            <row>0 0 0 0 0 0 0 0 0 0 0 0 0 0 0 0 0 0 0 0 0 0 0 0 0 0 0 0 0 0 0 0 0 0 0 0 0 0 0 0 0 0 0 0 0 0 0 0 0 0 0 0 0 0 0 0 0 0 0 0 0 0 0 0</row>
            <row>0 0 0 0 0 0 0 0 0 0 0 0 0 0 0 0 0 0 0 0 0 0 0 0 0 0 0 0 0 0 0 0 0 0 0 0 0 0 0 0 0 0 0 0 0 0 0 0 0 0 0 0 0 0 0 0 0 0 0 0 0 0 0 0</row>
            <row>0 0 0 0 0 0 0 0 0 0 0 0 0 0 0 0 0 0 0 0 0 0 0 0 0 0 0 0 0 0 0 0 0 0 0 0 0 0 0 0 0 0 0 0 0 0 0 0 0 0 0 0 0 0 0 0 0 0 0 0 0 0 0 0</row>
            <row>0 0 0 0 0 0 0 0 0 0 0 0 0 0 0 0 0 0 0 0 0 0 0 0 0 0 0 0 0 0 0 0 0 0 0 0 0 0 0 0 0 0 0 0 0 0 0 0 0 0 0 0 0 0 0 0 0 0 0 0 0 0 0 0</row>
            <row>0 0 0 0 0 0 0 0 0 0 0 0 0 0 0 0 0 0 0 0 0 0 0 0 0 0 0 0 0 0 0 0 0 0 0 0 0 0 0 0 0 0 0 0 0 0 0 0 0 0 0 0 0 0 0 0 0 0 0 0 0 0 0 0</row>
            <row>0 0 0 0 0 0 0 0 0 0 0 0 0 0 0 0 0 0 0 0 0 0 0 0 0 0 0 0 0 0 0 0 0 0 0 0 0 0 0 0 0 0 0 0 0 0 0 0 0 0 0 0 0 0 0 0 0 0 0 0 0 0 0 0</row>
            <row>0 0 0 0 0 0 0 0 0 0 0 0 0 0 0 0 0 0 0 0 0 0 0 0 0 0 0 0 0 0 0 0 0 0 0 0 0 0 0 0 0 0 0 0 0 0 0 0 0 0 0 0 0 0 0 0 0 0 0 0 0 0 0 0</row>
            <row>0 0 0 0 0 0 0 0 0 0 0 0 0 0 0 0 0 0 0 0 0 0 0 0 0 0 0 0 0 0 0 0 0 0 0 0 0 0 0 0 0 0 0 0 0 0 0 0 0 0 0 0 0 0 0 0 0 0 0 0 0 0 0 0</row>
            <row>0 0 0 0 0 0 0 0 0 0 0 0 0 0 0 0 0 0 0 0 0 0 0 0 0 0 0 0 0 0 0 0 0 0 0 0 0 0 0 0 0 0 0 0 0 0 0 0 0 0 0 0 0 0 0 0 0 0 0 0 0 0 0 0</row>
            <row>0 0 0 0 0 0 0 0 0 0 0 0 0 0 0 0 0 0 0 0 0 0 0 0 0 0 0 0 0 0 0 0 0 0 0 0 0 0 0 0 0 0 0 0 0 0 0 0 0 0 0 0 0 0 0 0 0 0 0 0 0 0 0 0</row>
            <row>0 0 0 0 0 0 0 0 0 0 0 0 0 0 0 0 0 0 0 0 0 0 0 0 0 0 0 0 0 0 0 0 0 0 0 0 0 0 0 0 0 0 0 0 0 0 0 0 0 0 0 0 0 0 0 0 0 0 0 0 0 0 0 0</row>
            <row>0 0 0 0 0 0 0 0 0 0 0 0 0 0 0 0 0 0 0 0 0 0 0 0 0 0 0 0 0 0 0 0 0 0 0 0 0 0 0 0 0 0 0 0 0 0 0 0 0 0 0 0 0 0 0 0 0 0 0 0 0 0 0 0</row>
            <row>0 0 0 0 0 0 0 0 0 0 0 0 0 0 0 0 0 0 0 0 0 0 0 0 0 0 0 0 0 0 0 0 0 0 0 0 0 0 0 0 0 0 0 0 0 0 0 0 0 0 0 0 0 0 0 0 0 0 0 0 0 0 0 0</row>
            <row>0 0 0 0 0 0 0 0 0 0 0 0 0 0 0 0 0 0 0 0 0 0 0 0 0 0 0 0 0 0 0 0 0 0 0 0 0 0 0 0 0 0 0 0 0 0 0 0 0 0 0 0 0 0 0 0 0 0 0 0 0 0 0 0</row>
            <row>0 0 0 0 0 0 0 0 0 0 0 0 0 0 0 0 0 0 0 0 0 0 0 0 0 0 0 0 0 0 0 0 0 0 0 0 0 0 0 0 0 0 0 0 0 0 0 0 0 0 0 0 0 0 0 0 0 0 0 0 0 0 0 0</row>
            <row>0 0 0 0 0 0 0 0 0 0 0 0 0 0 0 0 0 0 0 0 0 0 0 0 0 0 0 0 0 0 0 0 0 0 0 0 0 0 0 0 0 0 0 0 0 0 0 0 0 0 0 0 0 0 0 0 0 0 0 0 0 0 0 0</row>
            <row>0 0 0 0 0 0 0 0 0 0 0 0 0 0 0 0 0 0 0 0 0 0 0 0 0 0 0 0 0 0 0 0 0 0 0 0 0 0 0 0 0 0 0 0 0 0 0 0 0 0 0 0 0 0 0 0 0 0 0 0 0 0 0 0</row>
            <row>0 0 0 0 0 0 0 0 0 0 0 0 0 0 0 0 0 0 0 0 0 0 0 0 0 0 0 0 0 0 0 0 0 0 0 0 0 0 0 0 0 0 0 0 0 0 0 0 0 0 0 0 0 0 0 0 0 0 0 0 0 0 0 0</row>
            <row>0 0 0 0 0 0 0 0 0 0 0 0 0 0 0 0 0 0 0 0 0 0 0 0 0 0 0 0 0 0 0 0 0 0 0 0 0 0 0 0 0 0 0 0 0 0 0 0 0 0 0 0 0 0 0 0 0 0 0 0 0 0 0 0</row>
            <row>0 0 0 0 0 0 0 0 0 0 0 0 0 0 0 0 0 0 0 0 0 0 0 0 0 0 0 0 0 0 0 0 0 0 0 0 0 0 0 0 0 0 0 0 0 0 0 0 0 0 0 0 0 0 0 0 0 0 0 0 0 0 0 0</row>
            <row>0 0 0 0 0 0 0 0 0 0 0 0 0 0 0 0 0 0 0 0 0 0 0 0 0 0 0 0 0 0 0 0 0 0 0 0 0 0 0 0 0 0 0 0 0 0 0 0 0 0 0 0 0 0 0 0 0 0 0 0 0 0 0 0</row>
            <row>0 0 0 0 0 0 0 0 0 0 0 0 0 0 0 0 0 0 0 0 0 0 0 0 0 0 0 0 0 0 0 0 0 0 0 0 0 0 0 0 0 0 0 0 0 0 0 0 0 0 0 0 0 0 0 0 0 0 0 0 0 0 0 0</row>
            <row>0 0 0 0 0 0 0 0 0 0 0 0 0 0 0 0 0 0 0 0 0 0 0 0 0 0 0 0 0 0 0 0 0 0 0 0 0 0 0 0 0 0 0 0 0 0 0 0 0 0 0 0 0 0 0 0 0 0 0 0 0 0 0 0</row>
            <row>0 0 0 0 0 0 0 0 0 0 0 0 0 0 0 0 0 0 0 0 0 0 0 0 0 0 0 0 0 0 0 0 0 0 0 0 0 0 0 0 0 0 0 0 0 0 0 0 0 0 0 0 0 0 0 0 0 0 0 0 0 0 0 0</row>
            <row>0 0 0 0 0 0 0 0 0 0 0 0 0 0 0 0 0 0 0 0 0 0 0 0 0 0 0 0 0 0 0 0 0 0 0 0 0 0 0 0 0 0 0 0 0 0 0 0 0 0 0 0 0 0 0 0 0 0 0 0 0 0 0 0</row>
            <row>0 0 0 0 0 0 0 0 0 0 0 0 0 0 0 0 0 0 0 0 0 0 0 0 0 0 0 0 0 0 0 0 0 0 0 0 0 0 0 0 0 0 0 0 0 0 0 0 0 0 0 0 0 0 0 0 0 0 0 0 0 0 0 0</row>
            <row>0 0 0 0 0 0 0 0 0 0 0 0 0 0 0 0 0 0 0 0 0 0 0 0 0 0 0 0 0 0 0 0 0 0 0 0 0 0 0 0 0 0 0 0 0 0 0 0 0 0 0 0 0 0 0 0 0 0 0 0 0 0 0 0</row>
            <row>0 0 0 0 0 0 0 0 0 0 0 0 0 0 0 0 0 0 0 0 0 0 0 0 0 0 0 0 0 0 0 0 0 0 0 0 0 0 0 0 0 0 0 0 0 0 0 0 0 0 0 0 0 0 0 0 0 0 0 0 0 0 0 0</row>
            <row>0 0 0 0 0 0 0 0 0 0 0 0 0 0 0 0 0 0 0 0 0 0 0 0 0 0 0 0 0 0 0 0 0 0 0 0 0 0 0 0 0 0 0 0 0 0 0 0 0 0 0 0 0 0 0 0 0 0 0 0 0 0 0 0</row>
            <row>0 0 0 0 0 0 0 0 0 0 0 0 0 0 0 0 0 0 0 0 0 0 0 0 0 0 0 0 0 0 0 0 0 0 0 0 0 0 0 0 0 0 0 0 0 0 0 0 0 0 0 0 0 0 0 0 0 0 0 0 0 0 0 0</row>
            <row>0 0 0 0 0 0 0 0 0 0 0 0 0 0 0 0 0 0 0 0 0 0 0 0 0 0 0 0 0 0 0 0 0 0 0 0 0 0 0 0 0 0 0 0 0 0 0 0 0 0 0 0 0 0 0 0 0 0 0 0 0 0 0 0</row>
            <row>0 0 0 0 0 0 0 0 0 0 0 0 0 0 0 0 0 0 0 0 0 0 0 0 0 0 0 0 0 0 0 0 0 0 0 0 0 0 0 0 0 0 0 0 0 0 0 0 0 0 0 0 0 0 0 0 0 0 0 0 0 0 0 0</row>
            <row>0 0 0 0 0 0 0 0 0 0 0 0 0 0 0 0 0 0 0 0 0 0 0 0 0 0 0 0 0 0 0 0 0 0 0 0 0 0 0 0 0 0 0 0 0 0 0 0 0 0 0 0 0 0 0 0 0 0 0 0 0 0 0 0</row>
            <row>0 0 0 0 0 0 0 0 0 0 0 0 0 0 0 0 0 0 0 0 0 0 0 0 0 0 0 0 0 0 0 0 0 0 0 0 0 0 0 0 0 0 0 0 0 0 0 0 0 0 0 0 0 0 0 0 0 0 0 0 0 0 0 0</row>
            <row>0 0 0 0 0 0 0 0 0 0 0 0 0 0 0 0 0 0 0 0 0 0 0 0 0 0 0 0 0 0 0 0 0 0 0 0 0 0 0 0 0 0 0 0 0 0 0 0 0 0 0 0 0 0 0 0 0 0 0 0 0 0 0 0</row>
            <row>0 0 0 0 0 0 0 0 0 0 0 0 0 0 0 0 0 0 0 0 0 0 0 0 0 0 0 0 0 0 0 0 0 0 0 0 0 0 0 0 0 0 0 0 0 0 0 0 0 0 0 0 0 0 0 0 0 0 0 0 0 0 0 0</row>
            <row>0 0 0 0 0 0 0 0 0 0 0 0 0 0 0 0 0 0 0 0 0 0 0 0 0 0 0 0 0 0 0 0 0 0 0 0 0 0 0 0 0 0 0 0 0 0 0 0 0 0 0 0 0 0 0 0 0 0 0 0 0 0 0 0</row>
            <row>0 0 0 0 0 0 0 0 0 0 0 0 0 0 0 0 0 0 0 0 0 0 0 0 0 0 0 0 0 0 0 0 0 0 0 0 0 0 0 0 0 0 0 0 0 0 0 0 0 0 0 0 0 0 0 0 0 0 0 0 0 0 0 0</row>
            <row>0 0 0 0 0 0 0 0 0 0 0 0 0 0 0 0 0 0 0 0 0 0 0 0 0 0 0 0 0 0 0 0 0 0 0 0 0 0 0 0 0 0 0 0 0 0 0 0 0 0 0 0 0 0 0 0 0 0 0 0 0 0 0 0</row>
            <row>0 0 0 0 0 0 0 0 0 0 0 0 0 0 0 0 0 0 0 0 0 0 0 0 0 0 0 0 0 0 0 0 0 0 0 0 0 0 0 0 0 0 0 0 0 0 0 0 0 0 0 0 0 0 0 0 0 0 0 0 0 0 0 0</row>
            <row>0 0 0 0 0 0 0 0 0 0 0 0 0 0 0 0 0 0 0 0 0 0 0 0 0 0 0 0 0 0 0 0 0 0 0 0 0 0 0 0 0 0 0 0 0 0 0 0 0 0 0 0 0 0 0 0 0 0 0 0 0 0 0 0</row>
            <row>0 0 0 0 0 0 0 0 0 0 0 0 0 0 0 0 0 0 0 0 0 0 0 0 0 0 0 0 0 0 0 0 0 0 0 0 0 0 0 0 0 0 0 0 0 0 0 0 0 0 0 0 0 0 0 0 0 0 0 0 0 0 0 0</row>
            <row>0 0 0 0 0 0 0 0 0 0 0 0 0 0 0 0 0 0 0 0 0 0 0 0 0 0 0 0 0 0 0 0 0 0 0 0 0 0 0 0 0 0 0 0 0 0 0 0 0 0 0 0 0 0 0 0 0 0 0 0 0 0 0 0</row>
            <row>0 0 0 0 0 0 0 0 0 0 0 0 0 0 0 0 0 0 0 0 0 0 0 0 0 0 0 0 0 0 0 0 0 0 0 0 0 0 0 0 0 0 0 0 0 0 0 0 0 0 0 0 0 0 0 0 0 0 0 0 0 0 0 0</row>
            <row>0 0 0 0 0 0 0 0 0 0 0 0 0 0 0 0 0 0 0 0 0 0 0 0 0 0 0 0 0 0 0 0 0 0 0 0 0 0 0 0 0 0 0 0 0 0 0 0 0 0 0 0 0 0 0 0 0 0 0 0 0 0 0 0</row>
            <row>0 0 0 0 0 0 0 0 0 0 0 0 0 0 0 0 0 0 0 0 0 0 0 0 0 0 0 0 0 0 0 0 0 0 0 0 0 0 0 0 0 0 0 0 0 0 0 0 0 0 0 0 0 0 0 0 0 0 0 0 0 0 0 0</row>
            <row>0 0 0 0 0 0 0 0 0 0 0 0 0 0 0 0 0 0 0 0 0 0 0 0 0 0 0 0 0 0 0 0 0 0 0 0 0 0 0 0 0 0 0 0 0 0 0 0 0 0 0 0 0 0 0 0 0 0 0 0 0 0 0 0</row>
            <row>0 0 0 0 0 0 0 0 0 0 0 0 0 0 0 0 0 0 0 0 0 0 0 0 0 0 0 0 0 0 0 0 0 0 0 0 0 0 0 0 0 0 0 0 0 0 0 0 0 0 0 0 0 0 0 0 0 0 0 0 0 0 0 0</row>
            <row>0 0 0 0 0 0 0 0 0 0 0 0 0 0 0 0 0 0 0 0 0 0 0 0 0 0 0 0 0 0 0 0 0 0 0 0 0 0 0 0 0 0 0 0 0 0 0 0 0 0 0 0 0 0 0 0 0 0 0 0 0 0 0 0</row>
            <row>0 0 0 0 0 0 0 0 0 0 0 0 0 0 0 0 0 0 0 0 0 0 0 0 0 0 0 0 0 0 0 0 0 0 0 0 0 0 0 0 0 0 0 0 0 0 0 0 0 0 0 0 0 0 0 0 0 0 0 0 0 0 0 0</row>
            <row>0 0 0 0 0 0 0 0 0 0 0 0 0 0 0 0 0 0 0 0 0 0 0 0 0 0 0 0 0 0 0 0 0 0 0 0 0 0 0 0 0 0 0 0 0 0 0 0 0 0 0 0 0 0 0 0 0 0 0 0 0 0 0 0</row>
            <row>0 0 0 0 0 0 0 0 0 0 0 0 0 0 0 0 0 0 0 0 0 0 0 0 0 0 0 0 0 0 0 0 0 0 0 0 0 0 0 0 0 0 0 0 0 0 0 0 0 0 0 0 0 0 0 0 0 0 0 0 0 0 0 0</row>
            <row>0 0 0 0 0 0 0 0 0 0 0 0 0 0 0 0 0 0 0 0 0 0 0 0 0 0 0 0 0 0 0 0 0 0 0 0 0 0 0 0 0 0 0 0 0 0 0 0 0 0 0 0 0 0 0 0 0 0 0 0 0 0 0 0</row>
            <row>0 0 0 0 0 0 0 0 0 0 0 0 0 0 0 0 0 0 0 0 0 0 0 0 0 0 0 0 0 0 0 0 0 0 0 0 0 0 0 0 0 0 0 0 0 0 0 0 0 0 0 0 0 0 0 0 0 0 0 0 0 0 0 0</row>
            <row>0 0 0 0 0 0 0 0 0 0 0 0 0 0 0 0 0 0 0 0 0 0 0 0 0 0 0 0 0 0 0 0 0 0 0 0 0 0 0 0 0 0 0 0 0 0 0 0 0 0 0 0 0 0 0 0 0 0 0 0 0 0 0 0</row>
            <row>0 0 0 0 0 0 0 0 0 0 0 0 0 0 0 0 0 0 0 0 0 0 0 0 0 0 0 0 0 0 0 0 0 0 0 0 0 0 0 0 0 0 0 0 0 0 0 0 0 0 0 0 0 0 0 0 0 0 0 0 0 0 0 0</row>
            <row>0 0 0 0 0 0 0 0 0 0 0 0 0 0 0 0 0 0 0 0 0 0 0 0 0 0 0 0 0 0 0 0 0 0 0 0 0 0 0 0 0 0 0 0 0 0 0 0 0 0 0 0 0 0 0 0 0 0 0 0 0 0 0 0</row>
            <row>0 0 0 0 0 0 0 0 0 0 0 0 0 0 0 0 0 0 0 0 0 0 0 0 0 0 0 0 0 0 0 0 0 0 0 0 0 0 0 0 0 0 0 0 0 0 0 0 0 0 0 0 0 0 0 0 0 0 0 0 0 0 0 0</row>
            <row>0 0 0 0 0 0 0 0 0 0 0 0 0 0 0 0 0 0 0 0 0 0 0 0 0 0 0 0 0 0 0 0 0 0 0 0 0 0 0 0 0 0 0 0 0 0 0 0 0 0 0 0 0 0 0 0 0 0 0 0 0 0 0 0</row>
            <row>0 0 0 0 0 0 0 0 0 0 0 0 0 0 0 0 0 0 0 0 0 0 0 0 0 0 0 0 0 0 0 0 0 0 0 0 0 0 0 0 0 0 0 0 0 0 0 0 0 0 0 0 0 0 0 0 0 0 0 0 0 0 0 0</row>
        </grid>
    </map>
    <algorithm>
        <allowanyangle>true</allowanyangle>
        <metrictype>euclid</metrictype>
        <breakingties>g-max</breakingties>
        <weight>1</weight>
    </algorithm>
    <options>
        <loglevel>1</loglevel>
        <logpath />
        <logfilename />
    </options>
</root>
