<?xml version="1.0" ?>
<root>
    <map>
        <width>64</width>
        <height>64</height>
        <agents>250</agents>
        <startx number="0">24</startx>
        <starty number="0">2</starty>
        <finishx number="0">11</finishx>
        <finishy number="0">53</finishy>
        <startx number="1">41</startx>
        <starty number="1">5</starty>
        <finishx number="1">26</finishx>
        <finishy number="1">63</finishy>
        <startx number="2">13</startx>
        <starty number="2">4</starty>
        <finishx number="2">47</finishx>
        <finishy number="2">49</finishy>
        <startx number="3">54</startx>
        <starty number="3">29</starty>
        <finishx number="3">38</finishx>
        <finishy number="3">37</finishy>
        <startx number="4">6</startx>
        <starty number="4">0</starty>
        <finishx number="4">37</finishx>
        <finishy number="4">40</finishy>
        <startx number="5">9</startx>
        <starty number="5">56</starty>
        <finishx number="5">1</finishx>
        <finishy number="5">51</finishy>
        <startx number="6">7</startx>
        <starty number="6">53</starty>
        <finishx number="6">31</finishx>
        <finishy number="6">57</finishy>
        <startx number="7">0</startx>
        <starty number="7">33</starty>
        <finishx number="7">35</finishx>
        <finishy number="7">16</finishy>
        <startx number="8">41</startx>
        <starty number="8">50</starty>
        <finishx number="8">7</finishx>
        <finishy number="8">58</finishy>
        <startx number="9">38</startx>
        <starty number="9">26</starty>
        <finishx number="9">10</finishx>
        <finishy number="9">60</finishy>
        <startx number="10">24</startx>
        <starty number="10">48</starty>
        <finishx number="10">28</finishx>
        <finishy number="10">57</finishy>
        <startx number="11">8</startx>
        <starty number="11">40</starty>
        <finishx number="11">20</finishx>
        <finishy number="11">51</finishy>
        <startx number="12">58</startx>
        <starty number="12">58</starty>
        <finishx number="12">1</finishx>
        <finishy number="12">36</finishy>
        <startx number="13">49</startx>
        <starty number="13">3</starty>
        <finishx number="13">2</finishx>
        <finishy number="13">40</finishy>
        <startx number="14">29</startx>
        <starty number="14">28</starty>
        <finishx number="14">51</finishx>
        <finishy number="14">43</finishy>
        <startx number="15">1</startx>
        <starty number="15">49</starty>
        <finishx number="15">16</finishx>
        <finishy number="15">17</finishy>
        <startx number="16">63</startx>
        <starty number="16">46</starty>
        <finishx number="16">40</finishx>
        <finishy number="16">0</finishy>
        <startx number="17">11</startx>
        <starty number="17">44</starty>
        <finishx number="17">53</finishx>
        <finishy number="17">0</finishy>
        <startx number="18">38</startx>
        <starty number="18">8</starty>
        <finishx number="18">24</finishx>
        <finishy number="18">26</finishy>
        <startx number="19">1</startx>
        <starty number="19">54</starty>
        <finishx number="19">46</finishx>
        <finishy number="19">62</finishy>
        <startx number="20">12</startx>
        <starty number="20">20</starty>
        <finishx number="20">42</finishx>
        <finishy number="20">34</finishy>
        <startx number="21">15</startx>
        <starty number="21">62</starty>
        <finishx number="21">9</finishx>
        <finishy number="21">4</finishy>
        <startx number="22">33</startx>
        <starty number="22">9</starty>
        <finishx number="22">59</finishx>
        <finishy number="22">4</finishy>
        <startx number="23">4</startx>
        <starty number="23">32</starty>
        <finishx number="23">15</finishx>
        <finishy number="23">44</finishy>
        <startx number="24">11</startx>
        <starty number="24">55</starty>
        <finishx number="24">50</finishx>
        <finishy number="24">1</finishy>
        <startx number="25">18</startx>
        <starty number="25">48</starty>
        <finishx number="25">59</finishx>
        <finishy number="25">42</finishy>
        <startx number="26">8</startx>
        <starty number="26">13</starty>
        <finishx number="26">32</finishx>
        <finishy number="26">4</finishy>
        <startx number="27">62</startx>
        <starty number="27">52</starty>
        <finishx number="27">19</finishx>
        <finishy number="27">30</finishy>
        <startx number="28">50</startx>
        <starty number="28">22</starty>
        <finishx number="28">34</finishx>
        <finishy number="28">32</finishy>
        <startx number="29">17</startx>
        <starty number="29">25</starty>
        <finishx number="29">55</finishx>
        <finishy number="29">37</finishy>
        <startx number="30">51</startx>
        <starty number="30">16</starty>
        <finishx number="30">61</finishx>
        <finishy number="30">26</finishy>
        <startx number="31">32</startx>
        <starty number="31">59</starty>
        <finishx number="31">4</finishx>
        <finishy number="31">24</finishy>
        <startx number="32">7</startx>
        <starty number="32">18</starty>
        <finishx number="32">4</finishx>
        <finishy number="32">56</finishy>
        <startx number="33">44</startx>
        <starty number="33">34</starty>
        <finishx number="33">5</finishx>
        <finishy number="33">48</finishy>
        <startx number="34">58</startx>
        <starty number="34">15</starty>
        <finishx number="34">22</finishx>
        <finishy number="34">61</finishy>
        <startx number="35">18</startx>
        <starty number="35">38</starty>
        <finishx number="35">51</finishx>
        <finishy number="35">3</finishy>
        <startx number="36">20</startx>
        <starty number="36">35</starty>
        <finishx number="36">43</finishx>
        <finishy number="36">21</finishy>
        <startx number="37">5</startx>
        <starty number="37">2</starty>
        <finishx number="37">42</finishx>
        <finishy number="37">47</finishy>
        <startx number="38">18</startx>
        <starty number="38">43</starty>
        <finishx number="38">14</finishx>
        <finishy number="38">35</finishy>
        <startx number="39">7</startx>
        <starty number="39">37</starty>
        <finishx number="39">40</finishx>
        <finishy number="39">59</finishy>
        <startx number="40">20</startx>
        <starty number="40">22</starty>
        <finishx number="40">52</finishx>
        <finishy number="40">24</finishy>
        <startx number="41">27</startx>
        <starty number="41">20</starty>
        <finishx number="41">37</finishx>
        <finishy number="41">0</finishy>
        <startx number="42">35</startx>
        <starty number="42">11</starty>
        <finishx number="42">32</finishx>
        <finishy number="42">28</finishy>
        <startx number="43">32</startx>
        <starty number="43">20</starty>
        <finishx number="43">3</finishx>
        <finishy number="43">43</finishy>
        <startx number="44">19</startx>
        <starty number="44">53</starty>
        <finishx number="44">37</finishx>
        <finishy number="44">35</finishy>
        <startx number="45">48</startx>
        <starty number="45">54</starty>
        <finishx number="45">1</finishx>
        <finishy number="45">44</finishy>
        <startx number="46">33</startx>
        <starty number="46">30</starty>
        <finishx number="46">16</finishx>
        <finishy number="46">23</finishy>
        <startx number="47">40</startx>
        <starty number="47">56</starty>
        <finishx number="47">37</finishx>
        <finishy number="47">21</finishy>
        <startx number="48">7</startx>
        <starty number="48">24</starty>
        <finishx number="48">40</finishx>
        <finishy number="48">42</finishy>
        <startx number="49">60</startx>
        <starty number="49">36</starty>
        <finishx number="49">33</finishx>
        <finishy number="49">43</finishy>
        <startx number="50">18</startx>
        <starty number="50">57</starty>
        <finishx number="50">16</finishx>
        <finishy number="50">6</finishy>
        <startx number="51">19</startx>
        <starty number="51">0</starty>
        <finishx number="51">38</finishx>
        <finishy number="51">48</finishy>
        <startx number="52">12</startx>
        <starty number="52">28</starty>
        <finishx number="52">5</finishx>
        <finishy number="52">5</finishy>
        <startx number="53">27</startx>
        <starty number="53">17</starty>
        <finishx number="53">43</finishx>
        <finishy number="53">4</finishy>
        <startx number="54">18</startx>
        <starty number="54">27</starty>
        <finishx number="54">44</finishx>
        <finishy number="54">2</finishy>
        <startx number="55">29</startx>
        <starty number="55">62</starty>
        <finishx number="55">4</finishx>
        <finishy number="55">8</finishy>
        <startx number="56">46</startx>
        <starty number="56">25</starty>
        <finishx number="56">42</finishx>
        <finishy number="56">58</finishy>
        <startx number="57">28</startx>
        <starty number="57">23</starty>
        <finishx number="57">1</finishx>
        <finishy number="57">6</finishy>
        <startx number="58">44</startx>
        <starty number="58">42</starty>
        <finishx number="58">26</finishx>
        <finishy number="58">7</finishy>
        <startx number="59">13</startx>
        <starty number="59">7</starty>
        <finishx number="59">33</finishx>
        <finishy number="59">0</finishy>
        <startx number="60">36</startx>
        <starty number="60">3</starty>
        <finishx number="60">58</finishx>
        <finishy number="60">44</finishy>
        <startx number="61">21</startx>
        <starty number="61">19</starty>
        <finishx number="61">0</finishx>
        <finishy number="61">59</finishy>
        <startx number="62">25</startx>
        <starty number="62">5</starty>
        <finishx number="62">47</finishx>
        <finishy number="62">39</finishy>
        <startx number="63">31</startx>
        <starty number="63">39</starty>
        <finishx number="63">35</finishx>
        <finishy number="63">13</finishy>
        <startx number="64">27</startx>
        <starty number="64">47</starty>
        <finishx number="64">19</finishx>
        <finishy number="64">14</finishy>
        <startx number="65">42</startx>
        <starty number="65">28</starty>
        <finishx number="65">40</finishx>
        <finishy number="65">21</finishy>
        <startx number="66">44</startx>
        <starty number="66">52</starty>
        <finishx number="66">38</finishx>
        <finishy number="66">58</finishy>
        <startx number="67">26</startx>
        <starty number="67">29</starty>
        <finishx number="67">44</finishx>
        <finishy number="67">36</finishy>
        <startx number="68">31</startx>
        <starty number="68">6</starty>
        <finishx number="68">14</finishx>
        <finishy number="68">20</finishy>
        <startx number="69">47</startx>
        <starty number="69">43</starty>
        <finishx number="69">5</finishx>
        <finishy number="69">61</finishy>
        <startx number="70">25</startx>
        <starty number="70">10</starty>
        <finishx number="70">16</finishx>
        <finishy number="70">14</finishy>
        <startx number="71">33</startx>
        <starty number="71">17</starty>
        <finishx number="71">10</finishx>
        <finishy number="71">21</finishy>
        <startx number="72">13</startx>
        <starty number="72">42</starty>
        <finishx number="72">49</finishx>
        <finishy number="72">11</finishy>
        <startx number="73">37</startx>
        <starty number="73">62</starty>
        <finishx number="73">22</finishx>
        <finishy number="73">13</finishy>
        <startx number="74">5</startx>
        <starty number="74">42</starty>
        <finishx number="74">35</finishx>
        <finishy number="74">56</finishy>
        <startx number="75">50</startx>
        <starty number="75">33</starty>
        <finishx number="75">43</finishx>
        <finishy number="75">26</finishy>
        <startx number="76">35</startx>
        <starty number="76">6</starty>
        <finishx number="76">54</finishx>
        <finishy number="76">15</finishy>
        <startx number="77">62</startx>
        <starty number="77">54</starty>
        <finishx number="77">10</finishx>
        <finishy number="77">34</finishy>
        <startx number="78">47</startx>
        <starty number="78">57</starty>
        <finishx number="78">0</finishx>
        <finishy number="78">27</finishy>
        <startx number="79">4</startx>
        <starty number="79">17</starty>
        <finishx number="79">27</finishx>
        <finishy number="79">39</finishy>
        <startx number="80">16</startx>
        <starty number="80">4</starty>
        <finishx number="80">34</finishx>
        <finishy number="80">19</finishy>
        <startx number="81">48</startx>
        <starty number="81">47</starty>
        <finishx number="81">39</finishx>
        <finishy number="81">10</finishy>
        <startx number="82">23</startx>
        <starty number="82">31</starty>
        <finishx number="82">62</finishx>
        <finishy number="82">36</finishy>
        <startx number="83">52</startx>
        <starty number="83">48</starty>
        <finishx number="83">12</finishx>
        <finishy number="83">60</finishy>
        <startx number="84">61</startx>
        <starty number="84">7</starty>
        <finishx number="84">44</finishx>
        <finishy number="84">23</finishy>
        <startx number="85">54</startx>
        <starty number="85">48</starty>
        <finishx number="85">5</finishx>
        <finishy number="85">53</finishy>
        <startx number="86">28</startx>
        <starty number="86">7</starty>
        <finishx number="86">33</finishx>
        <finishy number="86">35</finishy>
        <startx number="87">6</startx>
        <starty number="87">45</starty>
        <finishx number="87">8</finishx>
        <finishy number="87">61</finishy>
        <startx number="88">11</startx>
        <starty number="88">31</starty>
        <finishx number="88">50</finishx>
        <finishy number="88">35</finishy>
        <startx number="89">52</startx>
        <starty number="89">11</starty>
        <finishx number="89">7</finishx>
        <finishy number="89">21</finishy>
        <startx number="90">24</startx>
        <starty number="90">23</starty>
        <finishx number="90">30</finishx>
        <finishy number="90">60</finishy>
        <startx number="91">30</startx>
        <starty number="91">9</starty>
        <finishx number="91">5</finishx>
        <finishy number="91">40</finishy>
        <startx number="92">55</startx>
        <starty number="92">2</starty>
        <finishx number="92">48</finishx>
        <finishy number="92">62</finishy>
        <startx number="93">4</startx>
        <starty number="93">38</starty>
        <finishx number="93">56</finishx>
        <finishy number="93">63</finishy>
        <startx number="94">48</startx>
        <starty number="94">20</starty>
        <finishx number="94">51</finishx>
        <finishy number="94">53</finishy>
        <startx number="95">1</startx>
        <starty number="95">11</starty>
        <finishx number="95">14</finishx>
        <finishy number="95">17</finishy>
        <startx number="96">41</startx>
        <starty number="96">26</starty>
        <finishx number="96">63</finishx>
        <finishy number="96">3</finishy>
        <startx number="97">20</startx>
        <starty number="97">37</starty>
        <finishx number="97">40</finishx>
        <finishy number="97">29</finishy>
        <startx number="98">34</startx>
        <starty number="98">38</starty>
        <finishx number="98">26</finishx>
        <finishy number="98">34</finishy>
        <startx number="99">23</startx>
        <starty number="99">37</starty>
        <finishx number="99">34</finishx>
        <finishy number="99">24</finishy>
        <startx number="100">22</startx>
        <starty number="100">8</starty>
        <finishx number="100">56</finishx>
        <finishy number="100">20</finishy>
        <startx number="101">3</startx>
        <starty number="101">19</starty>
        <finishx number="101">30</finishx>
        <finishy number="101">33</finishy>
        <startx number="102">50</startx>
        <starty number="102">19</starty>
        <finishx number="102">42</finishx>
        <finishy number="102">10</finishy>
        <startx number="103">15</startx>
        <starty number="103">41</starty>
        <finishx number="103">37</finishx>
        <finishy number="103">19</finishy>
        <startx number="104">53</startx>
        <starty number="104">40</starty>
        <finishx number="104">43</finishx>
        <finishy number="104">18</finishy>
        <startx number="105">23</startx>
        <starty number="105">16</starty>
        <finishx number="105">62</finishx>
        <finishy number="105">39</finishy>
        <startx number="106">62</startx>
        <starty number="106">41</starty>
        <finishx number="106">11</finishx>
        <finishy number="106">36</finishy>
        <startx number="107">16</startx>
        <starty number="107">60</starty>
        <finishx number="107">4</finishx>
        <finishy number="107">35</finishy>
        <startx number="108">60</startx>
        <starty number="108">52</starty>
        <finishx number="108">30</finishx>
        <finishy number="108">4</finishy>
        <startx number="109">34</startx>
        <starty number="109">46</starty>
        <finishx number="109">54</finishx>
        <finishy number="109">24</finishy>
        <startx number="110">13</startx>
        <starty number="110">52</starty>
        <finishx number="110">0</finishx>
        <finishy number="110">30</finishy>
        <startx number="111">28</startx>
        <starty number="111">54</starty>
        <finishx number="111">46</finishx>
        <finishy number="111">4</finishy>
        <startx number="112">46</startx>
        <starty number="112">33</starty>
        <finishx number="112">59</finishx>
        <finishy number="112">50</finishy>
        <startx number="113">23</startx>
        <starty number="113">34</starty>
        <finishx number="113">42</finishx>
        <finishy number="113">2</finishy>
        <startx number="114">34</startx>
        <starty number="114">22</starty>
        <finishx number="114">54</finishx>
        <finishy number="114">32</finishy>
        <startx number="115">31</startx>
        <starty number="115">51</starty>
        <finishx number="115">47</finishx>
        <finishy number="115">22</finishy>
        <startx number="116">24</startx>
        <starty number="116">29</starty>
        <finishx number="116">7</finishx>
        <finishy number="116">15</finishy>
        <startx number="117">13</startx>
        <starty number="117">15</starty>
        <finishx number="117">0</finishx>
        <finishy number="117">22</finishy>
        <startx number="118">59</startx>
        <starty number="118">2</starty>
        <finishx number="118">23</finishx>
        <finishy number="118">40</finishy>
        <startx number="119">25</startx>
        <starty number="119">21</starty>
        <finishx number="119">33</finishx>
        <finishy number="119">6</finishy>
        <startx number="120">12</startx>
        <starty number="120">18</starty>
        <finishx number="120">52</finishx>
        <finishy number="120">32</finishy>
        <startx number="121">20</startx>
        <starty number="121">56</starty>
        <finishx number="121">11</finishx>
        <finishy number="121">58</finishy>
        <startx number="122">45</startx>
        <starty number="122">20</starty>
        <finishx number="122">12</finishx>
        <finishy number="122">12</finishy>
        <startx number="123">9</startx>
        <starty number="123">50</starty>
        <finishx number="123">32</finishx>
        <finishy number="123">11</finishy>
        <startx number="124">9</startx>
        <starty number="124">2</starty>
        <finishx number="124">15</finishx>
        <finishy number="124">30</finishy>
        <startx number="125">7</startx>
        <starty number="125">5</starty>
        <finishx number="125">4</finishx>
        <finishy number="125">59</finishy>
        <startx number="126">10</startx>
        <starty number="126">7</starty>
        <finishx number="126">39</finishx>
        <finishy number="126">5</finishy>
        <startx number="127">46</startx>
        <starty number="127">9</starty>
        <finishx number="127">48</finishx>
        <finishy number="127">0</finishy>
        <startx number="128">9</startx>
        <starty number="128">10</starty>
        <finishx number="128">36</finishx>
        <finishy number="128">59</finishy>
        <startx number="129">0</startx>
        <starty number="129">4</starty>
        <finishx number="129">50</finishx>
        <finishy number="129">6</finishy>
        <startx number="130">34</startx>
        <starty number="130">52</starty>
        <finishx number="130">21</finishx>
        <finishy number="130">43</finishy>
        <startx number="131">33</startx>
        <starty number="131">48</starty>
        <finishx number="131">52</finishx>
        <finishy number="131">6</finishy>
        <startx number="132">43</startx>
        <starty number="132">15</starty>
        <finishx number="132">31</finishx>
        <finishy number="132">25</finishy>
        <startx number="133">58</startx>
        <starty number="133">36</starty>
        <finishx number="133">55</finishx>
        <finishy number="133">53</finishy>
        <startx number="134">57</startx>
        <starty number="134">55</starty>
        <finishx number="134">29</finishx>
        <finishy number="134">49</finishy>
        <startx number="135">56</startx>
        <starty number="135">47</starty>
        <finishx number="135">8</finishx>
        <finishy number="135">45</finishy>
        <startx number="136">55</startx>
        <starty number="136">61</starty>
        <finishx number="136">2</finishx>
        <finishy number="136">16</finishy>
        <startx number="137">45</startx>
        <starty number="137">15</starty>
        <finishx number="137">27</finishx>
        <finishy number="137">12</finishy>
        <startx number="138">53</startx>
        <starty number="138">56</starty>
        <finishx number="138">42</finishx>
        <finishy number="138">61</finishy>
        <startx number="139">11</startx>
        <starty number="139">63</starty>
        <finishx number="139">24</finishx>
        <finishy number="139">7</finishy>
        <startx number="140">9</startx>
        <starty number="140">53</starty>
        <finishx number="140">11</finishx>
        <finishy number="140">2</finishy>
        <startx number="141">31</startx>
        <starty number="141">49</starty>
        <finishx number="141">55</finishx>
        <finishy number="141">42</finishy>
        <startx number="142">51</startx>
        <starty number="142">46</starty>
        <finishx number="142">34</finishx>
        <finishy number="142">3</finishy>
        <startx number="143">18</startx>
        <starty number="143">3</starty>
        <finishx number="143">29</finishx>
        <finishy number="143">31</finishy>
        <startx number="144">7</startx>
        <starty number="144">11</starty>
        <finishx number="144">44</finishx>
        <finishy number="144">58</finishy>
        <startx number="145">26</startx>
        <starty number="145">50</starty>
        <finishx number="145">15</finishx>
        <finishy number="145">46</finishy>
        <startx number="146">33</startx>
        <starty number="146">62</starty>
        <finishx number="146">46</finishx>
        <finishy number="146">41</finishy>
        <startx number="147">31</startx>
        <starty number="147">62</starty>
        <finishx number="147">58</finishx>
        <finishy number="147">53</finishy>
        <startx number="148">1</startx>
        <starty number="148">19</starty>
        <finishx number="148">36</finishx>
        <finishy number="148">38</finishy>
        <startx number="149">21</startx>
        <starty number="149">45</starty>
        <finishx number="149">56</finishx>
        <finishy number="149">26</finishy>
        <startx number="150">13</startx>
        <starty number="150">63</starty>
        <finishx number="150">19</finishx>
        <finishy number="150">40</finishy>
        <startx number="151">9</startx>
        <starty number="151">31</starty>
        <finishx number="151">0</finishx>
        <finishy number="151">38</finishy>
        <startx number="152">56</startx>
        <starty number="152">11</starty>
        <finishx number="152">53</finishx>
        <finishy number="152">3</finishy>
        <startx number="153">8</startx>
        <starty number="153">42</starty>
        <finishx number="153">3</finishx>
        <finishy number="153">46</finishy>
        <startx number="154">24</startx>
        <starty number="154">18</starty>
        <finishx number="154">39</finishx>
        <finishy number="154">53</finishy>
        <startx number="155">43</startx>
        <starty number="155">50</starty>
        <finishx number="155">54</finishx>
        <finishy number="155">58</finishy>
        <startx number="156">54</startx>
        <starty number="156">35</starty>
        <finishx number="156">6</finishx>
        <finishy number="156">56</finishy>
        <startx number="157">44</startx>
        <starty number="157">7</starty>
        <finishx number="157">6</finishx>
        <finishy number="157">27</finishy>
        <startx number="158">55</startx>
        <starty number="158">45</starty>
        <finishx number="158">18</finishx>
        <finishy number="158">62</finishy>
        <startx number="159">61</startx>
        <starty number="159">62</starty>
        <finishx number="159">36</finishx>
        <finishy number="159">29</finishy>
        <startx number="160">27</startx>
        <starty number="160">60</starty>
        <finishx number="160">17</finishx>
        <finishy number="160">36</finishy>
        <startx number="161">3</startx>
        <starty number="161">51</starty>
        <finishx number="161">47</finishx>
        <finishy number="161">59</finishy>
        <startx number="162">27</startx>
        <starty number="162">52</starty>
        <finishx number="162">2</finishx>
        <finishy number="162">38</finishy>
        <startx number="163">13</startx>
        <starty number="163">55</starty>
        <finishx number="163">42</finishx>
        <finishy number="163">44</finishy>
        <startx number="164">14</startx>
        <starty number="164">12</starty>
        <finishx number="164">10</finishx>
        <finishy number="164">18</finishy>
        <startx number="165">62</startx>
        <starty number="165">44</starty>
        <finishx number="165">50</finishx>
        <finishy number="165">14</finishy>
        <startx number="166">27</startx>
        <starty number="166">10</starty>
        <finishx number="166">19</finishx>
        <finishy number="166">25</finishy>
        <startx number="167">52</startx>
        <starty number="167">8</starty>
        <finishx number="167">29</finishx>
        <finishy number="167">47</finishy>
        <startx number="168">57</startx>
        <starty number="168">50</starty>
        <finishx number="168">49</finishx>
        <finishy number="168">43</finishy>
        <startx number="169">61</startx>
        <starty number="169">12</starty>
        <finishx number="169">19</finishx>
        <finishy number="169">46</finishy>
        <startx number="170">41</startx>
        <starty number="170">12</starty>
        <finishx number="170">63</finishx>
        <finishy number="170">25</finishy>
        <startx number="171">41</startx>
        <starty number="171">18</starty>
        <finishx number="171">25</finishx>
        <finishy number="171">39</finishy>
        <startx number="172">5</startx>
        <starty number="172">21</starty>
        <finishx number="172">10</finishx>
        <finishy number="172">42</finishy>
        <startx number="173">29</startx>
        <starty number="173">15</starty>
        <finishx number="173">49</finishx>
        <finishy number="173">51</finishy>
        <startx number="174">23</startx>
        <starty number="174">0</starty>
        <finishx number="174">18</finishx>
        <finishy number="174">11</finishy>
        <startx number="175">52</startx>
        <starty number="175">22</starty>
        <finishx number="175">17</finishx>
        <finishy number="175">51</finishy>
        <startx number="176">54</startx>
        <starty number="176">13</starty>
        <finishx number="176">50</finishx>
        <finishy number="176">30</finishy>
        <startx number="177">29</startx>
        <starty number="177">12</starty>
        <finishx number="177">53</finishx>
        <finishy number="177">61</finishy>
        <startx number="178">26</startx>
        <starty number="178">37</starty>
        <finishx number="178">12</finishx>
        <finishy number="178">39</finishy>
        <startx number="179">59</startx>
        <starty number="179">23</starty>
        <finishx number="179">45</finishx>
        <finishy number="179">38</finishy>
        <startx number="180">35</startx>
        <starty number="180">35</starty>
        <finishx number="180">39</finishx>
        <finishy number="180">23</finishy>
        <startx number="181">48</startx>
        <starty number="181">30</starty>
        <finishx number="181">58</finishx>
        <finishy number="181">7</finishy>
        <startx number="182">49</startx>
        <starty number="182">49</starty>
        <finishx number="182">29</finishx>
        <finishy number="182">36</finishy>
        <startx number="183">16</startx>
        <starty number="183">49</starty>
        <finishx number="183">3</finishx>
        <finishy number="183">0</finishy>
        <startx number="184">16</startx>
        <starty number="184">9</starty>
        <finishx number="184">63</finishx>
        <finishy number="184">62</finishy>
        <startx number="185">40</startx>
        <starty number="185">39</starty>
        <finishx number="185">54</finishx>
        <finishy number="185">63</finishy>
        <startx number="186">32</startx>
        <starty number="186">46</starty>
        <finishx number="186">56</finishx>
        <finishy number="186">16</finishy>
        <startx number="187">59</startx>
        <starty number="187">20</starty>
        <finishx number="187">62</finishx>
        <finishy number="187">14</finishy>
        <startx number="188">15</startx>
        <starty number="188">52</starty>
        <finishx number="188">51</finishx>
        <finishy number="188">62</finishy>
        <startx number="189">26</startx>
        <starty number="189">58</starty>
        <finishx number="189">28</finishx>
        <finishy number="189">26</finishy>
        <startx number="190">52</startx>
        <starty number="190">27</starty>
        <finishx number="190">57</finishx>
        <finishy number="190">31</finishy>
        <startx number="191">44</startx>
        <starty number="191">60</starty>
        <finishx number="191">1</finishx>
        <finishy number="191">46</finishy>
        <startx number="192">59</startx>
        <starty number="192">55</starty>
        <finishx number="192">7</finishx>
        <finishy number="192">63</finishy>
        <startx number="193">38</startx>
        <starty number="193">50</starty>
        <finishx number="193">17</finishx>
        <finishy number="193">30</finishy>
        <startx number="194">52</startx>
        <starty number="194">37</starty>
        <finishx number="194">7</finishx>
        <finishy number="194">32</finishy>
        <startx number="195">46</startx>
        <starty number="195">46</starty>
        <finishx number="195">63</finishx>
        <finishy number="195">12</finishy>
        <startx number="196">12</startx>
        <starty number="196">23</starty>
        <finishx number="196">25</finishx>
        <finishy number="196">56</finishy>
        <startx number="197">19</startx>
        <starty number="197">9</starty>
        <finishx number="197">58</finishx>
        <finishy number="197">12</finishy>
        <startx number="198">27</startx>
        <starty number="198">44</starty>
        <finishx number="198">31</finishx>
        <finishy number="198">23</finishy>
        <startx number="199">47</startx>
        <starty number="199">6</starty>
        <finishx number="199">52</finishx>
        <finishy number="199">30</finishy>
        <startx number="200">36</startx>
        <starty number="200">43</starty>
        <finishx number="200">55</finishx>
        <finishy number="200">40</finishy>
        <startx number="201">29</startx>
        <starty number="201">38</starty>
        <finishx number="201">57</finishx>
        <finishy number="201">42</finishy>
        <startx number="202">61</startx>
        <starty number="202">31</starty>
        <finishx number="202">54</finishx>
        <finishy number="202">10</finishy>
        <startx number="203">39</startx>
        <starty number="203">35</starty>
        <finishx number="203">14</finishx>
        <finishy number="203">1</finishy>
        <startx number="204">48</startx>
        <starty number="204">25</starty>
        <finishx number="204">16</finishx>
        <finishy number="204">33</finishy>
        <startx number="205">46</startx>
        <starty number="205">12</starty>
        <finishx number="205">38</finishx>
        <finishy number="205">3</finishy>
        <startx number="206">60</startx>
        <starty number="206">33</starty>
        <finishx number="206">58</finishx>
        <finishy number="206">63</finishy>
        <startx number="207">28</startx>
        <starty number="207">41</starty>
        <finishx number="207">42</finishx>
        <finishy number="207">39</finishy>
        <startx number="208">3</startx>
        <starty number="208">61</starty>
        <finishx number="208">5</finishx>
        <finishy number="208">19</finishy>
        <startx number="209">63</startx>
        <starty number="209">1</starty>
        <finishx number="209">2</finishx>
        <finishy number="209">27</finishy>
        <startx number="210">11</startx>
        <starty number="210">10</starty>
        <finishx number="210">29</finishx>
        <finishy number="210">52</finishy>
        <startx number="211">57</startx>
        <starty number="211">34</starty>
        <finishx number="211">63</finishx>
        <finishy number="211">30</finishy>
        <startx number="212">12</startx>
        <starty number="212">47</starty>
        <finishx number="212">27</finishx>
        <finishy number="212">2</finishy>
        <startx number="213">48</startx>
        <starty number="213">41</starty>
        <finishx number="213">14</finishx>
        <finishy number="213">57</finishy>
        <startx number="214">5</startx>
        <starty number="214">51</starty>
        <finishx number="214">38</finishx>
        <finishy number="214">16</finishy>
        <startx number="215">23</startx>
        <starty number="215">51</starty>
        <finishx number="215">18</finishx>
        <finishy number="215">59</finishy>
        <startx number="216">23</startx>
        <starty number="216">10</starty>
        <finishx number="216">34</finishx>
        <finishy number="216">54</finishy>
        <startx number="217">13</startx>
        <starty number="217">33</starty>
        <finishx number="217">31</finishx>
        <finishy number="217">17</finishy>
        <startx number="218">3</startx>
        <starty number="218">6</starty>
        <finishx number="218">20</finishx>
        <finishy number="218">61</finishy>
        <startx number="219">20</startx>
        <starty number="219">6</starty>
        <finishx number="219">61</finishx>
        <finishy number="219">2</finishy>
        <startx number="220">29</startx>
        <starty number="220">20</starty>
        <finishx number="220">8</finishx>
        <finishy number="220">26</finishy>
        <startx number="221">22</startx>
        <starty number="221">2</starty>
        <finishx number="221">12</finishx>
        <finishy number="221">49</finishy>
        <startx number="222">56</startx>
        <starty number="222">5</starty>
        <finishx number="222">21</finishx>
        <finishy number="222">0</finishy>
        <startx number="223">55</startx>
        <starty number="223">18</starty>
        <finishx number="223">24</finishx>
        <finishy number="223">53</finishy>
        <startx number="224">3</startx>
        <starty number="224">21</starty>
        <finishx number="224">16</finishx>
        <finishy number="224">1</finishy>
        <startx number="225">14</startx>
        <starty number="225">22</starty>
        <finishx number="225">23</finishx>
        <finishy number="225">42</finishy>
        <startx number="226">0</startx>
        <starty number="226">57</starty>
        <finishx number="226">40</finishx>
        <finishy number="226">37</finishy>
        <startx number="227">26</startx>
        <starty number="227">42</starty>
        <finishx number="227">43</finishx>
        <finishy number="227">55</finishy>
        <startx number="228">42</startx>
        <starty number="228">36</starty>
        <finishx number="228">58</finishx>
        <finishy number="228">29</finishy>
        <startx number="229">45</startx>
        <starty number="229">28</starty>
        <finishx number="229">24</finishx>
        <finishy number="229">13</finishy>
        <startx number="230">10</startx>
        <starty number="230">13</starty>
        <finishx number="230">21</finishx>
        <finishy number="230">53</finishy>
        <startx number="231">35</startx>
        <starty number="231">27</starty>
        <finishx number="231">21</finishx>
        <finishy number="231">30</finishy>
        <startx number="232">16</startx>
        <starty number="232">12</starty>
        <finishx number="232">55</finishx>
        <finishy number="232">0</finishy>
        <startx number="233">58</startx>
        <starty number="233">47</starty>
        <finishx number="233">54</finishx>
        <finishy number="233">26</finishy>
        <startx number="234">38</startx>
        <starty number="234">42</starty>
        <finishx number="234">56</finishx>
        <finishy number="234">58</finishy>
        <startx number="235">43</startx>
        <starty number="235">13</starty>
        <finishx number="235">38</finishx>
        <finishy number="235">45</finishy>
        <startx number="236">27</startx>
        <starty number="236">31</starty>
        <finishx number="236">38</finishx>
        <finishy number="236">29</finishy>
        <startx number="237">10</startx>
        <starty number="237">39</starty>
        <finishx number="237">14</finishx>
        <finishy number="237">60</finishy>
        <startx number="238">61</startx>
        <starty number="238">20</starty>
        <finishx number="238">51</finishx>
        <finishy number="238">41</finishy>
        <startx number="239">58</startx>
        <starty number="239">39</starty>
        <finishx number="239">36</finishx>
        <finishy number="239">54</finishy>
        <startx number="240">20</startx>
        <starty number="240">11</starty>
        <finishx number="240">42</finishx>
        <finishy number="240">52</finishy>
        <startx number="241">59</startx>
        <starty number="241">60</starty>
        <finishx number="241">48</finishx>
        <finishy number="241">36</finishy>
        <startx number="242">19</startx>
        <starty number="242">19</starty>
        <finishx number="242">10</finishx>
        <finishy number="242">29</finishy>
        <startx number="243">54</startx>
        <starty number="243">21</starty>
        <finishx number="243">16</finishx>
        <finishy number="243">57</finishy>
        <startx number="244">52</startx>
        <starty number="244">35</starty>
        <finishx number="244">17</finishx>
        <finishy number="244">46</finishy>
        <startx number="245">9</startx>
        <starty number="245">16</starty>
        <finishx number="245">2</finishx>
        <finishy number="245">57</finishy>
        <startx number="246">62</startx>
        <starty number="246">9</starty>
        <finishx number="246">31</finishx>
        <finishy number="246">55</finishy>
        <startx number="247">58</startx>
        <starty number="247">25</starty>
        <finishx number="247">38</finishx>
        <finishy number="247">32</finishy>
        <startx number="248">45</startx>
        <starty number="248">50</starty>
        <finishx number="248">35</finishx>
        <finishy number="248">40</finishy>
        <startx number="249">7</startx>
        <starty number="249">29</starty>
        <finishx number="249">19</finishx>
        <finishy number="249">32</finishy>
        <grid>
            <row>0 0 0 0 0 0 0 0 0 0 0 0 0 0 0 0 0 0 0 0 0 0 0 0 0 0 0 0 0 0 0 0 0 0 0 0 0 0 0 0 0 0 0 0 0 0 0 0 0 0 0 0 0 0 0 0 0 0 0 0 0 0 0 0</row>
            <row>0 0 0 0 0 0 0 0 0 0 0 0 0 0 0 0 0 0 0 0 0 0 0 0 0 0 0 0 0 0 0 0 0 0 0 0 0 0 0 0 0 0 0 0 0 0 0 0 0 0 0 0 0 0 0 0 0 0 0 0 0 0 0 0</row>
            <row>0 0 0 0 0 0 0 0 0 0 0 0 0 0 0 0 0 0 0 0 0 0 0 0 0 0 0 0 0 0 0 0 0 0 0 0 0 0 0 0 0 0 0 0 0 0 0 0 0 0 0 0 0 0 0 0 0 0 0 0 0 0 0 0</row>
            <row>0 0 0 0 0 0 0 0 0 0 0 0 0 0 0 0 0 0 0 0 0 0 0 0 0 0 0 0 0 0 0 0 0 0 0 0 0 0 0 0 0 0 0 0 0 0 0 0 0 0 0 0 0 0 0 0 0 0 0 0 0 0 0 0</row>
            <row>0 0 0 0 0 0 0 0 0 0 0 0 0 0 0 0 0 0 0 0 0 0 0 0 0 0 0 0 0 0 0 0 0 0 0 0 0 0 0 0 0 0 0 0 0 0 0 0 0 0 0 0 0 0 0 0 0 0 0 0 0 0 0 0</row>
            <row>0 0 0 0 0 0 0 0 0 0 0 0 0 0 0 0 0 0 0 0 0 0 0 0 0 0 0 0 0 0 0 0 0 0 0 0 0 0 0 0 0 0 0 0 0 0 0 0 0 0 0 0 0 0 0 0 0 0 0 0 0 0 0 0</row>
            <row>0 0 0 0 0 0 0 0 0 0 0 0 0 0 0 0 0 0 0 0 0 0 0 0 0 0 0 0 0 0 0 0 0 0 0 0 0 0 0 0 0 0 0 0 0 0 0 0 0 0 0 0 0 0 0 0 0 0 0 0 0 0 0 0</row>
            <row>0 0 0 0 0 0 0 0 0 0 0 0 0 0 0 0 0 0 0 0 0 0 0 0 0 0 0 0 0 0 0 0 0 0 0 0 0 0 0 0 0 0 0 0 0 0 0 0 0 0 0 0 0 0 0 0 0 0 0 0 0 0 0 0</row>
            <row>0 0 0 0 0 0 0 0 0 0 0 0 0 0 0 0 0 0 0 0 0 0 0 0 0 0 0 0 0 0 0 0 0 0 0 0 0 0 0 0 0 0 0 0 0 0 0 0 0 0 0 0 0 0 0 0 0 0 0 0 0 0 0 0</row>
            <row>0 0 0 0 0 0 0 0 0 0 0 0 0 0 0 0 0 0 0 0 0 0 0 0 0 0 0 0 0 0 0 0 0 0 0 0 0 0 0 0 0 0 0 0 0 0 0 0 0 0 0 0 0 0 0 0 0 0 0 0 0 0 0 0</row>
            <row>0 0 0 0 0 0 0 0 0 0 0 0 0 0 0 0 0 0 0 0 0 0 0 0 0 0 0 0 0 0 0 0 0 0 0 0 0 0 0 0 0 0 0 0 0 0 0 0 0 0 0 0 0 0 0 0 0 0 0 0 0 0 0 0</row>
            <row>0 0 0 0 0 0 0 0 0 0 0 0 0 0 0 0 0 0 0 0 0 0 0 0 0 0 0 0 0 0 0 0 0 0 0 0 0 0 0 0 0 0 0 0 0 0 0 0 0 0 0 0 0 0 0 0 0 0 0 0 0 0 0 0</row>
            <row>0 0 0 0 0 0 0 0 0 0 0 0 0 0 0 0 0 0 0 0 0 0 0 0 0 0 0 0 0 0 0 0 0 0 0 0 0 0 0 0 0 0 0 0 0 0 0 0 0 0 0 0 0 0 0 0 0 0 0 0 0 0 0 0</row>
            <row>0 0 0 0 0 0 0 0 0 0 0 0 0 0 0 0 0 0 0 0 0 0 0 0 0 0 0 0 0 0 0 0 0 0 0 0 0 0 0 0 0 0 0 0 0 0 0 0 0 0 0 0 0 0 0 0 0 0 0 0 0 0 0 0</row>
            <row>0 0 0 0 0 0 0 0 0 0 0 0 0 0 0 0 0 0 0 0 0 0 0 0 0 0 0 0 0 0 0 0 0 0 0 0 0 0 0 0 0 0 0 0 0 0 0 0 0 0 0 0 0 0 0 0 0 0 0 0 0 0 0 0</row>
            <row>0 0 0 0 0 0 0 0 0 0 0 0 0 0 0 0 0 0 0 0 0 0 0 0 0 0 0 0 0 0 0 0 0 0 0 0 0 0 0 0 0 0 0 0 0 0 0 0 0 0 0 0 0 0 0 0 0 0 0 0 0 0 0 0</row>
            <row>0 0 0 0 0 0 0 0 0 0 0 0 0 0 0 0 0 0 0 0 0 0 0 0 0 0 0 0 0 0 0 0 0 0 0 0 0 0 0 0 0 0 0 0 0 0 0 0 0 0 0 0 0 0 0 0 0 0 0 0 0 0 0 0</row>
            <row>0 0 0 0 0 0 0 0 0 0 0 0 0 0 0 0 0 0 0 0 0 0 0 0 0 0 0 0 0 0 0 0 0 0 0 0 0 0 0 0 0 0 0 0 0 0 0 0 0 0 0 0 0 0 0 0 0 0 0 0 0 0 0 0</row>
            <row>0 0 0 0 0 0 0 0 0 0 0 0 0 0 0 0 0 0 0 0 0 0 0 0 0 0 0 0 0 0 0 0 0 0 0 0 0 0 0 0 0 0 0 0 0 0 0 0 0 0 0 0 0 0 0 0 0 0 0 0 0 0 0 0</row>
            <row>0 0 0 0 0 0 0 0 0 0 0 0 0 0 0 0 0 0 0 0 0 0 0 0 0 0 0 0 0 0 0 0 0 0 0 0 0 0 0 0 0 0 0 0 0 0 0 0 0 0 0 0 0 0 0 0 0 0 0 0 0 0 0 0</row>
            <row>0 0 0 0 0 0 0 0 0 0 0 0 0 0 0 0 0 0 0 0 0 0 0 0 0 0 0 0 0 0 0 0 0 0 0 0 0 0 0 0 0 0 0 0 0 0 0 0 0 0 0 0 0 0 0 0 0 0 0 0 0 0 0 0</row>
            <row>0 0 0 0 0 0 0 0 0 0 0 0 0 0 0 0 0 0 0 0 0 0 0 0 0 0 0 0 0 0 0 0 0 0 0 0 0 0 0 0 0 0 0 0 0 0 0 0 0 0 0 0 0 0 0 0 0 0 0 0 0 0 0 0</row>
            <row>0 0 0 0 0 0 0 0 0 0 0 0 0 0 0 0 0 0 0 0 0 0 0 0 0 0 0 0 0 0 0 0 0 0 0 0 0 0 0 0 0 0 0 0 0 0 0 0 0 0 0 0 0 0 0 0 0 0 0 0 0 0 0 0</row>
            <row>0 0 0 0 0 0 0 0 0 0 0 0 0 0 0 0 0 0 0 0 0 0 0 0 0 0 0 0 0 0 0 0 0 0 0 0 0 0 0 0 0 0 0 0 0 0 0 0 0 0 0 0 0 0 0 0 0 0 0 0 0 0 0 0</row>
            <row>0 0 0 0 0 0 0 0 0 0 0 0 0 0 0 0 0 0 0 0 0 0 0 0 0 0 0 0 0 0 0 0 0 0 0 0 0 0 0 0 0 0 0 0 0 0 0 0 0 0 0 0 0 0 0 0 0 0 0 0 0 0 0 0</row>
            <row>0 0 0 0 0 0 0 0 0 0 0 0 0 0 0 0 0 0 0 0 0 0 0 0 0 0 0 0 0 0 0 0 0 0 0 0 0 0 0 0 0 0 0 0 0 0 0 0 0 0 0 0 0 0 0 0 0 0 0 0 0 0 0 0</row>
            <row>0 0 0 0 0 0 0 0 0 0 0 0 0 0 0 0 0 0 0 0 0 0 0 0 0 0 0 0 0 0 0 0 0 0 0 0 0 0 0 0 0 0 0 0 0 0 0 0 0 0 0 0 0 0 0 0 0 0 0 0 0 0 0 0</row>
            <row>0 0 0 0 0 0 0 0 0 0 0 0 0 0 0 0 0 0 0 0 0 0 0 0 0 0 0 0 0 0 0 0 0 0 0 0 0 0 0 0 0 0 0 0 0 0 0 0 0 0 0 0 0 0 0 0 0 0 0 0 0 0 0 0</row>
            <row>0 0 0 0 0 0 0 0 0 0 0 0 0 0 0 0 0 0 0 0 0 0 0 0 0 0 0 0 0 0 0 0 0 0 0 0 0 0 0 0 0 0 0 0 0 0 0 0 0 0 0 0 0 0 0 0 0 0 0 0 0 0 0 0</row>
            <row>0 0 0 0 0 0 0 0 0 0 0 0 0 0 0 0 0 0 0 0 0 0 0 0 0 0 0 0 0 0 0 0 0 0 0 0 0 0 0 0 0 0 0 0 0 0 0 0 0 0 0 0 0 0 0 0 0 0 0 0 0 0 0 0</row>
            <row>0 0 0 0 0 0 0 0 0 0 0 0 0 0 0 0 0 0 0 0 0 0 0 0 0 0 0 0 0 0 0 0 0 0 0 0 0 0 0 0 0 0 0 0 0 0 0 0 0 0 0 0 0 0 0 0 0 0 0 0 0 0 0 0</row>
            <row>0 0 0 0 0 0 0 0 0 0 0 0 0 0 0 0 0 0 0 0 0 0 0 0 0 0 0 0 0 0 0 0 0 0 0 0 0 0 0 0 0 0 0 0 0 0 0 0 0 0 0 0 0 0 0 0 0 0 0 0 0 0 0 0</row>
            <row>0 0 0 0 0 0 0 0 0 0 0 0 0 0 0 0 0 0 0 0 0 0 0 0 0 0 0 0 0 0 0 0 0 0 0 0 0 0 0 0 0 0 0 0 0 0 0 0 0 0 0 0 0 0 0 0 0 0 0 0 0 0 0 0</row>
            <row>0 0 0 0 0 0 0 0 0 0 0 0 0 0 0 0 0 0 0 0 0 0 0 0 0 0 0 0 0 0 0 0 0 0 0 0 0 0 0 0 0 0 0 0 0 0 0 0 0 0 0 0 0 0 0 0 0 0 0 0 0 0 0 0</row>
            <row>0 0 0 0 0 0 0 0 0 0 0 0 0 0 0 0 0 0 0 0 0 0 0 0 0 0 0 0 0 0 0 0 0 0 0 0 0 0 0 0 0 0 0 0 0 0 0 0 0 0 0 0 0 0 0 0 0 0 0 0 0 0 0 0</row>
            <row>0 0 0 0 0 0 0 0 0 0 0 0 0 0 0 0 0 0 0 0 0 0 0 0 0 0 0 0 0 0 0 0 0 0 0 0 0 0 0 0 0 0 0 0 0 0 0 0 0 0 0 0 0 0 0 0 0 0 0 0 0 0 0 0</row>
            <row>0 0 0 0 0 0 0 0 0 0 0 0 0 0 0 0 0 0 0 0 0 0 0 0 0 0 0 0 0 0 0 0 0 0 0 0 0 0 0 0 0 0 0 0 0 0 0 0 0 0 0 0 0 0 0 0 0 0 0 0 0 0 0 0</row>
            <row>0 0 0 0 0 0 0 0 0 0 0 0 0 0 0 0 0 0 0 0 0 0 0 0 0 0 0 0 0 0 0 0 0 0 0 0 0 0 0 0 0 0 0 0 0 0 0 0 0 0 0 0 0 0 0 0 0 0 0 0 0 0 0 0</row>
            <row>0 0 0 0 0 0 0 0 0 0 0 0 0 0 0 0 0 0 0 0 0 0 0 0 0 0 0 0 0 0 0 0 0 0 0 0 0 0 0 0 0 0 0 0 0 0 0 0 0 0 0 0 0 0 0 0 0 0 0 0 0 0 0 0</row>
            <row>0 0 0 0 0 0 0 0 0 0 0 0 0 0 0 0 0 0 0 0 0 0 0 0 0 0 0 0 0 0 0 0 0 0 0 0 0 0 0 0 0 0 0 0 0 0 0 0 0 0 0 0 0 0 0 0 0 0 0 0 0 0 0 0</row>
            <row>0 0 0 0 0 0 0 0 0 0 0 0 0 0 0 0 0 0 0 0 0 0 0 0 0 0 0 0 0 0 0 0 0 0 0 0 0 0 0 0 0 0 0 0 0 0 0 0 0 0 0 0 0 0 0 0 0 0 0 0 0 0 0 0</row>
            <row>0 0 0 0 0 0 0 0 0 0 0 0 0 0 0 0 0 0 0 0 0 0 0 0 0 0 0 0 0 0 0 0 0 0 0 0 0 0 0 0 0 0 0 0 0 0 0 0 0 0 0 0 0 0 0 0 0 0 0 0 0 0 0 0</row>
            <row>0 0 0 0 0 0 0 0 0 0 0 0 0 0 0 0 0 0 0 0 0 0 0 0 0 0 0 0 0 0 0 0 0 0 0 0 0 0 0 0 0 0 0 0 0 0 0 0 0 0 0 0 0 0 0 0 0 0 0 0 0 0 0 0</row>
            <row>0 0 0 0 0 0 0 0 0 0 0 0 0 0 0 0 0 0 0 0 0 0 0 0 0 0 0 0 0 0 0 0 0 0 0 0 0 0 0 0 0 0 0 0 0 0 0 0 0 0 0 0 0 0 0 0 0 0 0 0 0 0 0 0</row>
            <row>0 0 0 0 0 0 0 0 0 0 0 0 0 0 0 0 0 0 0 0 0 0 0 0 0 0 0 0 0 0 0 0 0 0 0 0 0 0 0 0 0 0 0 0 0 0 0 0 0 0 0 0 0 0 0 0 0 0 0 0 0 0 0 0</row>
            <row>0 0 0 0 0 0 0 0 0 0 0 0 0 0 0 0 0 0 0 0 0 0 0 0 0 0 0 0 0 0 0 0 0 0 0 0 0 0 0 0 0 0 0 0 0 0 0 0 0 0 0 0 0 0 0 0 0 0 0 0 0 0 0 0</row>
            <row>0 0 0 0 0 0 0 0 0 0 0 0 0 0 0 0 0 0 0 0 0 0 0 0 0 0 0 0 0 0 0 0 0 0 0 0 0 0 0 0 0 0 0 0 0 0 0 0 0 0 0 0 0 0 0 0 0 0 0 0 0 0 0 0</row>
            <row>0 0 0 0 0 0 0 0 0 0 0 0 0 0 0 0 0 0 0 0 0 0 0 0 0 0 0 0 0 0 0 0 0 0 0 0 0 0 0 0 0 0 0 0 0 0 0 0 0 0 0 0 0 0 0 0 0 0 0 0 0 0 0 0</row>
            <row>0 0 0 0 0 0 0 0 0 0 0 0 0 0 0 0 0 0 0 0 0 0 0 0 0 0 0 0 0 0 0 0 0 0 0 0 0 0 0 0 0 0 0 0 0 0 0 0 0 0 0 0 0 0 0 0 0 0 0 0 0 0 0 0</row>
            <row>0 0 0 0 0 0 0 0 0 0 0 0 0 0 0 0 0 0 0 0 0 0 0 0 0 0 0 0 0 0 0 0 0 0 0 0 0 0 0 0 0 0 0 0 0 0 0 0 0 0 0 0 0 0 0 0 0 0 0 0 0 0 0 0</row>
            <row>0 0 0 0 0 0 0 0 0 0 0 0 0 0 0 0 0 0 0 0 0 0 0 0 0 0 0 0 0 0 0 0 0 0 0 0 0 0 0 0 0 0 0 0 0 0 0 0 0 0 0 0 0 0 0 0 0 0 0 0 0 0 0 0</row>
            <row>0 0 0 0 0 0 0 0 0 0 0 0 0 0 0 0 0 0 0 0 0 0 0 0 0 0 0 0 0 0 0 0 0 0 0 0 0 0 0 0 0 0 0 0 0 0 0 0 0 0 0 0 0 0 0 0 0 0 0 0 0 0 0 0</row>
            <row>0 0 0 0 0 0 0 0 0 0 0 0 0 0 0 0 0 0 0 0 0 0 0 0 0 0 0 0 0 0 0 0 0 0 0 0 0 0 0 0 0 0 0 0 0 0 0 0 0 0 0 0 0 0 0 0 0 0 0 0 0 0 0 0</row>
            <row>0 0 0 0 0 0 0 0 0 0 0 0 0 0 0 0 0 0 0 0 0 0 0 0 0 0 0 0 0 0 0 0 0 0 0 0 0 0 0 0 0 0 0 0 0 0 0 0 0 0 0 0 0 0 0 0 0 0 0 0 0 0 0 0</row>
            <row>0 0 0 0 0 0 0 0 0 0 0 0 0 0 0 0 0 0 0 0 0 0 0 0 0 0 0 0 0 0 0 0 0 0 0 0 0 0 0 0 0 0 0 0 0 0 0 0 0 0 0 0 0 0 0 0 0 0 0 0 0 0 0 0</row>
            <row>0 0 0 0 0 0 0 0 0 0 0 0 0 0 0 0 0 0 0 0 0 0 0 0 0 0 0 0 0 0 0 0 0 0 0 0 0 0 0 0 0 0 0 0 0 0 0 0 0 0 0 0 0 0 0 0 0 0 0 0 0 0 0 0</row>
            <row>0 0 0 0 0 0 0 0 0 0 0 0 0 0 0 0 0 0 0 0 0 0 0 0 0 0 0 0 0 0 0 0 0 0 0 0 0 0 0 0 0 0 0 0 0 0 0 0 0 0 0 0 0 0 0 0 0 0 0 0 0 0 0 0</row>
            <row>0 0 0 0 0 0 0 0 0 0 0 0 0 0 0 0 0 0 0 0 0 0 0 0 0 0 0 0 0 0 0 0 0 0 0 0 0 0 0 0 0 0 0 0 0 0 0 0 0 0 0 0 0 0 0 0 0 0 0 0 0 0 0 0</row>
            <row>0 0 0 0 0 0 0 0 0 0 0 0 0 0 0 0 0 0 0 0 0 0 0 0 0 0 0 0 0 0 0 0 0 0 0 0 0 0 0 0 0 0 0 0 0 0 0 0 0 0 0 0 0 0 0 0 0 0 0 0 0 0 0 0</row>
            <row>0 0 0 0 0 0 0 0 0 0 0 0 0 0 0 0 0 0 0 0 0 0 0 0 0 0 0 0 0 0 0 0 0 0 0 0 0 0 0 0 0 0 0 0 0 0 0 0 0 0 0 0 0 0 0 0 0 0 0 0 0 0 0 0</row>
            <row>0 0 0 0 0 0 0 0 0 0 0 0 0 0 0 0 0 0 0 0 0 0 0 0 0 0 0 0 0 0 0 0 0 0 0 0 0 0 0 0 0 0 0 0 0 0 0 0 0 0 0 0 0 0 0 0 0 0 0 0 0 0 0 0</row>
            <row>0 0 0 0 0 0 0 0 0 0 0 0 0 0 0 0 0 0 0 0 0 0 0 0 0 0 0 0 0 0 0 0 0 0 0 0 0 0 0 0 0 0 0 0 0 0 0 0 0 0 0 0 0 0 0 0 0 0 0 0 0 0 0 0</row>
            <row>0 0 0 0 0 0 0 0 0 0 0 0 0 0 0 0 0 0 0 0 0 0 0 0 0 0 0 0 0 0 0 0 0 0 0 0 0 0 0 0 0 0 0 0 0 0 0 0 0 0 0 0 0 0 0 0 0 0 0 0 0 0 0 0</row>
            <row>0 0 0 0 0 0 0 0 0 0 0 0 0 0 0 0 0 0 0 0 0 0 0 0 0 0 0 0 0 0 0 0 0 0 0 0 0 0 0 0 0 0 0 0 0 0 0 0 0 0 0 0 0 0 0 0 0 0 0 0 0 0 0 0</row>
        </grid>
    </map>
    <algorithm>
        <allowanyangle>true</allowanyangle>
        <metrictype>euclid</metrictype>
        <breakingties>g-max</breakingties>
        <weight>1</weight>
    </algorithm>
    <options>
        <loglevel>1</loglevel>
        <logpath />
        <logfilename />
    </options>
</root>
