<?xml version="1.0" ?>
<root>
    <map>
        <width>64</width>
        <height>64</height>
        <agents>150</agents>
        <startx number="0">41</startx>
        <starty number="0">47</starty>
        <finishx number="0">14</finishx>
        <finishy number="0">14</finishy>
        <startx number="1">24</startx>
        <starty number="1">42</starty>
        <finishx number="1">59</finishx>
        <finishy number="1">10</finishy>
        <startx number="2">38</startx>
        <starty number="2">24</starty>
        <finishx number="2">12</finishx>
        <finishy number="2">49</finishy>
        <startx number="3">36</startx>
        <starty number="3">51</starty>
        <finishx number="3">14</finishx>
        <finishy number="3">55</finishy>
        <startx number="4">5</startx>
        <starty number="4">32</starty>
        <finishx number="4">18</finishx>
        <finishy number="4">54</finishy>
        <startx number="5">26</startx>
        <starty number="5">31</starty>
        <finishx number="5">41</finishx>
        <finishy number="5">61</finishy>
        <startx number="6">45</startx>
        <starty number="6">57</starty>
        <finishx number="6">5</finishx>
        <finishy number="6">29</finishy>
        <startx number="7">48</startx>
        <starty number="7">41</starty>
        <finishx number="7">7</finishx>
        <finishy number="7">50</finishy>
        <startx number="8">32</startx>
        <starty number="8">57</starty>
        <finishx number="8">17</finishx>
        <finishy number="8">51</finishy>
        <startx number="9">14</startx>
        <starty number="9">4</starty>
        <finishx number="9">52</finishx>
        <finishy number="9">6</finishy>
        <startx number="10">29</startx>
        <starty number="10">1</starty>
        <finishx number="10">40</finishx>
        <finishy number="10">29</finishy>
        <startx number="11">47</startx>
        <starty number="11">6</starty>
        <finishx number="11">3</finishx>
        <finishy number="11">32</finishy>
        <startx number="12">43</startx>
        <starty number="12">52</starty>
        <finishx number="12">47</finishx>
        <finishy number="12">9</finishy>
        <startx number="13">58</startx>
        <starty number="13">39</starty>
        <finishx number="13">33</finishx>
        <finishy number="13">17</finishy>
        <startx number="14">4</startx>
        <starty number="14">0</starty>
        <finishx number="14">50</finishx>
        <finishy number="14">41</finishy>
        <startx number="15">7</startx>
        <starty number="15">18</starty>
        <finishx number="15">13</finishx>
        <finishy number="15">25</finishy>
        <startx number="16">11</startx>
        <starty number="16">55</starty>
        <finishx number="16">5</finishx>
        <finishy number="16">34</finishy>
        <startx number="17">50</startx>
        <starty number="17">30</starty>
        <finishx number="17">58</finishx>
        <finishy number="17">44</finishy>
        <startx number="18">15</startx>
        <starty number="18">36</starty>
        <finishx number="18">3</finishx>
        <finishy number="18">40</finishy>
        <startx number="19">9</startx>
        <starty number="19">13</starty>
        <finishx number="19">22</finishx>
        <finishy number="19">2</finishy>
        <startx number="20">18</startx>
        <starty number="20">59</starty>
        <finishx number="20">0</finishx>
        <finishy number="20">38</finishy>
        <startx number="21">27</startx>
        <starty number="21">23</starty>
        <finishx number="21">8</finishx>
        <finishy number="21">2</finishy>
        <startx number="22">9</startx>
        <starty number="22">45</starty>
        <finishx number="22">58</finishx>
        <finishy number="22">2</finishy>
        <startx number="23">32</startx>
        <starty number="23">30</starty>
        <finishx number="23">20</finishx>
        <finishy number="23">32</finishy>
        <startx number="24">11</startx>
        <starty number="24">10</starty>
        <finishx number="24">30</finishx>
        <finishy number="24">63</finishy>
        <startx number="25">42</startx>
        <starty number="25">7</starty>
        <finishx number="25">17</finishx>
        <finishy number="25">57</finishy>
        <startx number="26">34</startx>
        <starty number="26">27</starty>
        <finishx number="26">26</finishx>
        <finishy number="26">55</finishy>
        <startx number="27">8</startx>
        <starty number="27">53</starty>
        <finishx number="27">22</finishx>
        <finishy number="27">11</finishy>
        <startx number="28">63</startx>
        <starty number="28">52</starty>
        <finishx number="28">1</finishx>
        <finishy number="28">49</finishy>
        <startx number="29">57</startx>
        <starty number="29">32</starty>
        <finishx number="29">7</finishx>
        <finishy number="29">45</finishy>
        <startx number="30">40</startx>
        <starty number="30">34</starty>
        <finishx number="30">15</finishx>
        <finishy number="30">12</finishy>
        <startx number="31">53</startx>
        <starty number="31">51</starty>
        <finishx number="31">61</finishx>
        <finishy number="31">47</finishy>
        <startx number="32">2</startx>
        <starty number="32">30</starty>
        <finishx number="32">28</finishx>
        <finishy number="32">26</finishy>
        <startx number="33">53</startx>
        <starty number="33">16</starty>
        <finishx number="33">48</finishx>
        <finishy number="33">31</finishy>
        <startx number="34">60</startx>
        <starty number="34">23</starty>
        <finishx number="34">43</finishx>
        <finishy number="34">37</finishy>
        <startx number="35">36</startx>
        <starty number="35">13</starty>
        <finishx number="35">14</finishx>
        <finishy number="35">28</finishy>
        <startx number="36">22</startx>
        <starty number="36">63</starty>
        <finishx number="36">33</finishx>
        <finishy number="36">14</finishy>
        <startx number="37">23</startx>
        <starty number="37">34</starty>
        <finishx number="37">41</finishx>
        <finishy number="37">18</finishy>
        <startx number="38">55</startx>
        <starty number="38">53</starty>
        <finishx number="38">34</finishx>
        <finishy number="38">51</finishy>
        <startx number="39">61</startx>
        <starty number="39">12</starty>
        <finishx number="39">15</finishx>
        <finishy number="39">25</finishy>
        <startx number="40">56</startx>
        <starty number="40">28</starty>
        <finishx number="40">37</finishx>
        <finishy number="40">53</finishy>
        <startx number="41">8</startx>
        <starty number="41">58</starty>
        <finishx number="41">1</finishx>
        <finishy number="41">3</finishy>
        <startx number="42">11</startx>
        <starty number="42">4</starty>
        <finishx number="42">58</finishx>
        <finishy number="42">58</finishy>
        <startx number="43">25</startx>
        <starty number="43">10</starty>
        <finishx number="43">27</finishx>
        <finishy number="43">42</finishy>
        <startx number="44">60</startx>
        <starty number="44">55</starty>
        <finishx number="44">4</finishx>
        <finishy number="44">43</finishy>
        <startx number="45">61</startx>
        <starty number="45">1</starty>
        <finishx number="45">14</finishx>
        <finishy number="45">57</finishy>
        <startx number="46">14</startx>
        <starty number="46">49</starty>
        <finishx number="46">11</finishx>
        <finishy number="46">17</finishy>
        <startx number="47">45</startx>
        <starty number="47">60</starty>
        <finishx number="47">1</finishx>
        <finishy number="47">19</finishy>
        <startx number="48">14</startx>
        <starty number="48">20</starty>
        <finishx number="48">27</finishx>
        <finishy number="48">2</finishy>
        <startx number="49">28</startx>
        <starty number="49">58</starty>
        <finishx number="49">17</finishx>
        <finishy number="49">6</finishy>
        <startx number="50">30</startx>
        <starty number="50">52</starty>
        <finishx number="50">47</finishx>
        <finishy number="50">57</finishy>
        <startx number="51">45</startx>
        <starty number="51">12</starty>
        <finishx number="51">40</finishx>
        <finishy number="51">58</finishy>
        <startx number="52">45</startx>
        <starty number="52">39</starty>
        <finishx number="52">29</finishx>
        <finishy number="52">15</finishy>
        <startx number="53">38</startx>
        <starty number="53">18</starty>
        <finishx number="53">47</finishx>
        <finishy number="53">22</finishy>
        <startx number="54">50</startx>
        <starty number="54">16</starty>
        <finishx number="54">2</finishx>
        <finishy number="54">8</finishy>
        <startx number="55">12</startx>
        <starty number="55">39</starty>
        <finishx number="55">7</finishx>
        <finishy number="55">10</finishy>
        <startx number="56">12</startx>
        <starty number="56">31</starty>
        <finishx number="56">50</finishx>
        <finishy number="56">25</finishy>
        <startx number="57">41</startx>
        <starty number="57">21</starty>
        <finishx number="57">16</finishx>
        <finishy number="57">14</finishy>
        <startx number="58">18</startx>
        <starty number="58">46</starty>
        <finishx number="58">10</finishx>
        <finishy number="58">60</finishy>
        <startx number="59">3</startx>
        <starty number="59">11</starty>
        <finishx number="59">62</finishx>
        <finishy number="59">28</finishy>
        <startx number="60">16</startx>
        <starty number="60">30</starty>
        <finishx number="60">38</finishx>
        <finishy number="60">13</finishy>
        <startx number="61">40</startx>
        <starty number="61">50</starty>
        <finishx number="61">12</finishx>
        <finishy number="61">60</finishy>
        <startx number="62">10</startx>
        <starty number="62">36</starty>
        <finishx number="62">38</finishx>
        <finishy number="62">56</finishy>
        <startx number="63">63</startx>
        <starty number="63">9</starty>
        <finishx number="63">20</finishx>
        <finishy number="63">56</finishy>
        <startx number="64">26</startx>
        <starty number="64">52</starty>
        <finishx number="64">4</finishx>
        <finishy number="64">48</finishy>
        <startx number="65">37</startx>
        <starty number="65">16</starty>
        <finishx number="65">61</finishx>
        <finishy number="65">52</finishy>
        <startx number="66">58</startx>
        <starty number="66">34</starty>
        <finishx number="66">4</finishx>
        <finishy number="66">54</finishy>
        <startx number="67">23</startx>
        <starty number="67">29</starty>
        <finishx number="67">3</finishx>
        <finishy number="67">38</finishy>
        <startx number="68">49</startx>
        <starty number="68">54</starty>
        <finishx number="68">3</finishx>
        <finishy number="68">35</finishy>
        <startx number="69">6</startx>
        <starty number="69">16</starty>
        <finishx number="69">28</finishx>
        <finishy number="69">10</finishy>
        <startx number="70">49</startx>
        <starty number="70">11</starty>
        <finishx number="70">32</finishx>
        <finishy number="70">59</finishy>
        <startx number="71">45</startx>
        <starty number="71">23</starty>
        <finishx number="71">59</finishx>
        <finishy number="71">26</finishy>
        <startx number="72">12</startx>
        <starty number="72">20</starty>
        <finishx number="72">44</finishx>
        <finishy number="72">25</finishy>
        <startx number="73">37</startx>
        <starty number="73">32</starty>
        <finishx number="73">53</finishx>
        <finishy number="73">24</finishy>
        <startx number="74">25</startx>
        <starty number="74">63</starty>
        <finishx number="74">16</finishx>
        <finishy number="74">54</finishy>
        <startx number="75">63</startx>
        <starty number="75">38</starty>
        <finishx number="75">11</finishx>
        <finishy number="75">7</finishy>
        <startx number="76">14</startx>
        <starty number="76">33</starty>
        <finishx number="76">35</finishx>
        <finishy number="76">3</finishy>
        <startx number="77">0</startx>
        <starty number="77">14</starty>
        <finishx number="77">8</finishx>
        <finishy number="77">47</finishy>
        <startx number="78">15</startx>
        <starty number="78">51</starty>
        <finishx number="78">0</finishx>
        <finishy number="78">46</finishy>
        <startx number="79">20</startx>
        <starty number="79">19</starty>
        <finishx number="79">7</finishx>
        <finishy number="79">56</finishy>
        <startx number="80">34</startx>
        <starty number="80">38</starty>
        <finishx number="80">39</finishx>
        <finishy number="80">61</finishy>
        <startx number="81">2</startx>
        <starty number="81">61</starty>
        <finishx number="81">13</finishx>
        <finishy number="81">36</finishy>
        <startx number="82">9</startx>
        <starty number="82">39</starty>
        <finishx number="82">25</finishx>
        <finishy number="82">26</finishy>
        <startx number="83">57</startx>
        <starty number="83">50</starty>
        <finishx number="83">36</finishx>
        <finishy number="83">24</finishy>
        <startx number="84">53</startx>
        <starty number="84">56</starty>
        <finishx number="84">31</finishx>
        <finishy number="84">41</finishy>
        <startx number="85">12</startx>
        <starty number="85">47</starty>
        <finishx number="85">40</finishx>
        <finishy number="85">5</finishy>
        <startx number="86">21</startx>
        <starty number="86">58</starty>
        <finishx number="86">2</finishx>
        <finishy number="86">13</finishy>
        <startx number="87">26</startx>
        <starty number="87">21</starty>
        <finishx number="87">32</finishx>
        <finishy number="87">3</finishy>
        <startx number="88">58</startx>
        <starty number="88">5</starty>
        <finishx number="88">9</finishx>
        <finishy number="88">26</finishy>
        <startx number="89">18</startx>
        <starty number="89">27</starty>
        <finishx number="89">47</finishx>
        <finishy number="89">11</finishy>
        <startx number="90">39</startx>
        <starty number="90">45</starty>
        <finishx number="90">44</finishx>
        <finishy number="90">42</finishy>
        <startx number="91">50</startx>
        <starty number="91">14</starty>
        <finishx number="91">0</finishx>
        <finishy number="91">33</finishy>
        <startx number="92">51</startx>
        <starty number="92">3</starty>
        <finishx number="92">55</finishx>
        <finishy number="92">39</finishy>
        <startx number="93">39</startx>
        <starty number="93">10</starty>
        <finishx number="93">23</finishx>
        <finishy number="93">0</finishy>
        <startx number="94">39</startx>
        <starty number="94">16</starty>
        <finishx number="94">50</finishx>
        <finishy number="94">33</finishy>
        <startx number="95">17</startx>
        <starty number="95">36</starty>
        <finishx number="95">55</finishx>
        <finishy number="95">48</finishy>
        <startx number="96">20</startx>
        <starty number="96">13</starty>
        <finishx number="96">42</finishx>
        <finishy number="96">29</finishy>
        <startx number="97">47</startx>
        <starty number="97">36</starty>
        <finishx number="97">36</finishx>
        <finishy number="97">19</finishy>
        <startx number="98">56</startx>
        <starty number="98">37</starty>
        <finishx number="98">53</finishx>
        <finishy number="98">32</finishy>
        <startx number="99">60</startx>
        <starty number="99">20</starty>
        <finishx number="99">49</finishx>
        <finishy number="99">22</finishy>
        <startx number="100">24</startx>
        <starty number="100">61</starty>
        <finishx number="100">26</finishx>
        <finishy number="100">7</finishy>
        <startx number="101">22</startx>
        <starty number="101">61</starty>
        <finishx number="101">45</finishx>
        <finishy number="101">4</finishy>
        <startx number="102">52</startx>
        <starty number="102">11</starty>
        <finishx number="102">11</finishx>
        <finishy number="102">23</finishy>
        <startx number="103">52</startx>
        <starty number="103">48</starty>
        <finishx number="103">21</finishx>
        <finishy number="103">29</finishy>
        <startx number="104">49</startx>
        <starty number="104">48</starty>
        <finishx number="104">33</finishx>
        <finishy number="104">41</finishy>
        <startx number="105">22</startx>
        <starty number="105">45</starty>
        <finishx number="105">61</finishx>
        <finishy number="105">30</finishy>
        <startx number="106">0</startx>
        <starty number="106">11</starty>
        <finishx number="106">18</finishx>
        <finishy number="106">19</finishy>
        <startx number="107">41</startx>
        <starty number="107">13</starty>
        <finishx number="107">48</finishx>
        <finishy number="107">38</finishy>
        <startx number="108">59</startx>
        <starty number="108">13</starty>
        <finishx number="108">26</finishx>
        <finishy number="108">44</finishy>
        <startx number="109">47</startx>
        <starty number="109">33</starty>
        <finishx number="109">52</finishx>
        <finishy number="109">40</finishy>
        <startx number="110">5</startx>
        <starty number="110">56</starty>
        <finishx number="110">20</finishx>
        <finishy number="110">38</finishy>
        <startx number="111">18</startx>
        <starty number="111">38</starty>
        <finishx number="111">38</finishx>
        <finishy number="111">8</finishy>
        <startx number="112">61</startx>
        <starty number="112">63</starty>
        <finishx number="112">29</finishx>
        <finishy number="112">60</finishy>
        <startx number="113">27</startx>
        <starty number="113">47</starty>
        <finishx number="113">10</finishx>
        <finishy number="113">31</finishy>
        <startx number="114">21</startx>
        <starty number="114">8</starty>
        <finishx number="114">56</finishx>
        <finishy number="114">55</finishy>
        <startx number="115">22</startx>
        <starty number="115">53</starty>
        <finishx number="115">16</finishx>
        <finishy number="115">60</finishy>
        <startx number="116">62</startx>
        <starty number="116">23</starty>
        <finishx number="116">22</finishx>
        <finishy number="116">26</finishy>
        <startx number="117">4</startx>
        <starty number="117">27</starty>
        <finishx number="117">51</finishx>
        <finishy number="117">53</finishy>
        <startx number="118">20</startx>
        <starty number="118">51</starty>
        <finishx number="118">28</finishx>
        <finishy number="118">49</finishy>
        <startx number="119">42</startx>
        <starty number="119">55</starty>
        <finishx number="119">28</finishx>
        <finishy number="119">13</finishy>
        <startx number="120">22</startx>
        <starty number="120">24</starty>
        <finishx number="120">35</finishx>
        <finishy number="120">62</finishy>
        <startx number="121">28</startx>
        <starty number="121">18</starty>
        <finishx number="121">30</finishx>
        <finishy number="121">54</finishy>
        <startx number="122">47</startx>
        <starty number="122">1</starty>
        <finishx number="122">15</finishx>
        <finishy number="122">41</finishy>
        <startx number="123">21</startx>
        <starty number="123">6</starty>
        <finishx number="123">59</finishx>
        <finishy number="123">47</finishy>
        <startx number="124">35</startx>
        <starty number="124">11</starty>
        <finishx number="124">41</finishx>
        <finishy number="124">23</finishy>
        <startx number="125">29</startx>
        <starty number="125">20</starty>
        <finishx number="125">15</finishx>
        <finishy number="125">6</finishy>
        <startx number="126">56</startx>
        <starty number="126">16</starty>
        <finishx number="126">33</finishx>
        <finishy number="126">6</finishy>
        <startx number="127">29</startx>
        <starty number="127">36</starty>
        <finishx number="127">6</finishx>
        <finishy number="127">5</finishy>
        <startx number="128">3</startx>
        <starty number="128">5</starty>
        <finishx number="128">33</finishx>
        <finishy number="128">1</finishy>
        <startx number="129">30</startx>
        <starty number="129">4</starty>
        <finishx number="129">35</finishx>
        <finishy number="129">43</finishy>
        <startx number="130">31</startx>
        <starty number="130">39</starty>
        <finishx number="130">35</finishx>
        <finishy number="130">48</finishy>
        <startx number="131">31</startx>
        <starty number="131">33</starty>
        <finishx number="131">5</finishx>
        <finishy number="131">3</finishy>
        <startx number="132">24</startx>
        <starty number="132">7</starty>
        <finishx number="132">43</finishx>
        <finishy number="132">63</finishy>
        <startx number="133">57</startx>
        <starty number="133">42</starty>
        <finishx number="133">30</finishx>
        <finishy number="133">6</finishy>
        <startx number="134">47</startx>
        <starty number="134">60</starty>
        <finishx number="134">37</finishx>
        <finishy number="134">3</finishy>
        <startx number="135">51</startx>
        <starty number="135">56</starty>
        <finishx number="135">55</finishx>
        <finishy number="135">0</finishy>
        <startx number="136">35</startx>
        <starty number="136">40</starty>
        <finishx number="136">20</finishx>
        <finishy number="136">45</finishy>
        <startx number="137">17</startx>
        <starty number="137">22</starty>
        <finishx number="137">1</finishx>
        <finishy number="137">6</finishy>
        <startx number="138">53</startx>
        <starty number="138">35</starty>
        <finishx number="138">15</finishx>
        <finishy number="138">46</finishy>
        <startx number="139">35</startx>
        <starty number="139">1</starty>
        <finishx number="139">12</finishx>
        <finishy number="139">12</finishy>
        <startx number="140">61</startx>
        <starty number="140">60</starty>
        <finishx number="140">37</finishx>
        <finishy number="140">37</finishy>
        <startx number="141">37</startx>
        <starty number="141">21</starty>
        <finishx number="141">41</finishx>
        <finishy number="141">37</finishy>
        <startx number="142">0</startx>
        <starty number="142">28</starty>
        <finishx number="142">61</finishx>
        <finishy number="142">7</finishy>
        <startx number="143">14</startx>
        <starty number="143">22</starty>
        <finishx number="143">17</finishx>
        <finishy number="143">49</finishy>
        <startx number="144">23</startx>
        <starty number="144">18</starty>
        <finishx number="144">51</finishx>
        <finishy number="144">0</finishy>
        <startx number="145">0</startx>
        <starty number="145">30</starty>
        <finishx number="145">45</finishx>
        <finishy number="145">49</finishy>
        <startx number="146">23</startx>
        <starty number="146">5</starty>
        <finishx number="146">63</finishx>
        <finishy number="146">33</finishy>
        <startx number="147">44</startx>
        <starty number="147">34</starty>
        <finishx number="147">0</finishx>
        <finishy number="147">52</finishy>
        <startx number="148">3</startx>
        <starty number="148">56</starty>
        <finishx number="148">34</finishx>
        <finishy number="148">24</finishy>
        <startx number="149">62</startx>
        <starty number="149">25</starty>
        <finishx number="149">23</finishx>
        <finishy number="149">47</finishy>
        <grid>
            <row>0 0 0 0 0 0 0 0 0 0 0 0 0 0 0 0 0 0 0 0 0 0 0 0 0 0 0 0 0 0 0 0 0 0 0 0 0 0 0 0 0 0 0 0 0 0 0 0 0 0 0 0 0 0 0 0 0 0 0 0 0 0 0 0</row>
            <row>0 0 0 0 0 0 0 0 0 0 0 0 0 0 0 0 0 0 0 0 0 0 0 0 0 0 0 0 0 0 0 0 0 0 0 0 0 0 0 0 0 0 0 0 0 0 0 0 0 0 0 0 0 0 0 0 0 0 0 0 0 0 0 0</row>
            <row>0 0 0 0 0 0 0 0 0 0 0 0 0 0 0 0 0 0 0 0 0 0 0 0 0 0 0 0 0 0 0 0 0 0 0 0 0 0 0 0 0 0 0 0 0 0 0 0 0 0 0 0 0 0 0 0 0 0 0 0 0 0 0 0</row>
            <row>0 0 0 0 0 0 0 0 0 0 0 0 0 0 0 0 0 0 0 0 0 0 0 0 0 0 0 0 0 0 0 0 0 0 0 0 0 0 0 0 0 0 0 0 0 0 0 0 0 0 0 0 0 0 0 0 0 0 0 0 0 0 0 0</row>
            <row>0 0 0 0 0 0 0 0 0 0 0 0 0 0 0 0 0 0 0 0 0 0 0 0 0 0 0 0 0 0 0 0 0 0 0 0 0 0 0 0 0 0 0 0 0 0 0 0 0 0 0 0 0 0 0 0 0 0 0 0 0 0 0 0</row>
            <row>0 0 0 0 0 0 0 0 0 0 0 0 0 0 0 0 0 0 0 0 0 0 0 0 0 0 0 0 0 0 0 0 0 0 0 0 0 0 0 0 0 0 0 0 0 0 0 0 0 0 0 0 0 0 0 0 0 0 0 0 0 0 0 0</row>
            <row>0 0 0 0 0 0 0 0 0 0 0 0 0 0 0 0 0 0 0 0 0 0 0 0 0 0 0 0 0 0 0 0 0 0 0 0 0 0 0 0 0 0 0 0 0 0 0 0 0 0 0 0 0 0 0 0 0 0 0 0 0 0 0 0</row>
            <row>0 0 0 0 0 0 0 0 0 0 0 0 0 0 0 0 0 0 0 0 0 0 0 0 0 0 0 0 0 0 0 0 0 0 0 0 0 0 0 0 0 0 0 0 0 0 0 0 0 0 0 0 0 0 0 0 0 0 0 0 0 0 0 0</row>
            <row>0 0 0 0 0 0 0 0 0 0 0 0 0 0 0 0 0 0 0 0 0 0 0 0 0 0 0 0 0 0 0 0 0 0 0 0 0 0 0 0 0 0 0 0 0 0 0 0 0 0 0 0 0 0 0 0 0 0 0 0 0 0 0 0</row>
            <row>0 0 0 0 0 0 0 0 0 0 0 0 0 0 0 0 0 0 0 0 0 0 0 0 0 0 0 0 0 0 0 0 0 0 0 0 0 0 0 0 0 0 0 0 0 0 0 0 0 0 0 0 0 0 0 0 0 0 0 0 0 0 0 0</row>
            <row>0 0 0 0 0 0 0 0 0 0 0 0 0 0 0 0 0 0 0 0 0 0 0 0 0 0 0 0 0 0 0 0 0 0 0 0 0 0 0 0 0 0 0 0 0 0 0 0 0 0 0 0 0 0 0 0 0 0 0 0 0 0 0 0</row>
            <row>0 0 0 0 0 0 0 0 0 0 0 0 0 0 0 0 0 0 0 0 0 0 0 0 0 0 0 0 0 0 0 0 0 0 0 0 0 0 0 0 0 0 0 0 0 0 0 0 0 0 0 0 0 0 0 0 0 0 0 0 0 0 0 0</row>
            <row>0 0 0 0 0 0 0 0 0 0 0 0 0 0 0 0 0 0 0 0 0 0 0 0 0 0 0 0 0 0 0 0 0 0 0 0 0 0 0 0 0 0 0 0 0 0 0 0 0 0 0 0 0 0 0 0 0 0 0 0 0 0 0 0</row>
            <row>0 0 0 0 0 0 0 0 0 0 0 0 0 0 0 0 0 0 0 0 0 0 0 0 0 0 0 0 0 0 0 0 0 0 0 0 0 0 0 0 0 0 0 0 0 0 0 0 0 0 0 0 0 0 0 0 0 0 0 0 0 0 0 0</row>
            <row>0 0 0 0 0 0 0 0 0 0 0 0 0 0 0 0 0 0 0 0 0 0 0 0 0 0 0 0 0 0 0 0 0 0 0 0 0 0 0 0 0 0 0 0 0 0 0 0 0 0 0 0 0 0 0 0 0 0 0 0 0 0 0 0</row>
            <row>0 0 0 0 0 0 0 0 0 0 0 0 0 0 0 0 0 0 0 0 0 0 0 0 0 0 0 0 0 0 0 0 0 0 0 0 0 0 0 0 0 0 0 0 0 0 0 0 0 0 0 0 0 0 0 0 0 0 0 0 0 0 0 0</row>
            <row>0 0 0 0 0 0 0 0 0 0 0 0 0 0 0 0 0 0 0 0 0 0 0 0 0 0 0 0 0 0 0 0 0 0 0 0 0 0 0 0 0 0 0 0 0 0 0 0 0 0 0 0 0 0 0 0 0 0 0 0 0 0 0 0</row>
            <row>0 0 0 0 0 0 0 0 0 0 0 0 0 0 0 0 0 0 0 0 0 0 0 0 0 0 0 0 0 0 0 0 0 0 0 0 0 0 0 0 0 0 0 0 0 0 0 0 0 0 0 0 0 0 0 0 0 0 0 0 0 0 0 0</row>
            <row>0 0 0 0 0 0 0 0 0 0 0 0 0 0 0 0 0 0 0 0 0 0 0 0 0 0 0 0 0 0 0 0 0 0 0 0 0 0 0 0 0 0 0 0 0 0 0 0 0 0 0 0 0 0 0 0 0 0 0 0 0 0 0 0</row>
            <row>0 0 0 0 0 0 0 0 0 0 0 0 0 0 0 0 0 0 0 0 0 0 0 0 0 0 0 0 0 0 0 0 0 0 0 0 0 0 0 0 0 0 0 0 0 0 0 0 0 0 0 0 0 0 0 0 0 0 0 0 0 0 0 0</row>
            <row>0 0 0 0 0 0 0 0 0 0 0 0 0 0 0 0 0 0 0 0 0 0 0 0 0 0 0 0 0 0 0 0 0 0 0 0 0 0 0 0 0 0 0 0 0 0 0 0 0 0 0 0 0 0 0 0 0 0 0 0 0 0 0 0</row>
            <row>0 0 0 0 0 0 0 0 0 0 0 0 0 0 0 0 0 0 0 0 0 0 0 0 0 0 0 0 0 0 0 0 0 0 0 0 0 0 0 0 0 0 0 0 0 0 0 0 0 0 0 0 0 0 0 0 0 0 0 0 0 0 0 0</row>
            <row>0 0 0 0 0 0 0 0 0 0 0 0 0 0 0 0 0 0 0 0 0 0 0 0 0 0 0 0 0 0 0 0 0 0 0 0 0 0 0 0 0 0 0 0 0 0 0 0 0 0 0 0 0 0 0 0 0 0 0 0 0 0 0 0</row>
            <row>0 0 0 0 0 0 0 0 0 0 0 0 0 0 0 0 0 0 0 0 0 0 0 0 0 0 0 0 0 0 0 0 0 0 0 0 0 0 0 0 0 0 0 0 0 0 0 0 0 0 0 0 0 0 0 0 0 0 0 0 0 0 0 0</row>
            <row>0 0 0 0 0 0 0 0 0 0 0 0 0 0 0 0 0 0 0 0 0 0 0 0 0 0 0 0 0 0 0 0 0 0 0 0 0 0 0 0 0 0 0 0 0 0 0 0 0 0 0 0 0 0 0 0 0 0 0 0 0 0 0 0</row>
            <row>0 0 0 0 0 0 0 0 0 0 0 0 0 0 0 0 0 0 0 0 0 0 0 0 0 0 0 0 0 0 0 0 0 0 0 0 0 0 0 0 0 0 0 0 0 0 0 0 0 0 0 0 0 0 0 0 0 0 0 0 0 0 0 0</row>
            <row>0 0 0 0 0 0 0 0 0 0 0 0 0 0 0 0 0 0 0 0 0 0 0 0 0 0 0 0 0 0 0 0 0 0 0 0 0 0 0 0 0 0 0 0 0 0 0 0 0 0 0 0 0 0 0 0 0 0 0 0 0 0 0 0</row>
            <row>0 0 0 0 0 0 0 0 0 0 0 0 0 0 0 0 0 0 0 0 0 0 0 0 0 0 0 0 0 0 0 0 0 0 0 0 0 0 0 0 0 0 0 0 0 0 0 0 0 0 0 0 0 0 0 0 0 0 0 0 0 0 0 0</row>
            <row>0 0 0 0 0 0 0 0 0 0 0 0 0 0 0 0 0 0 0 0 0 0 0 0 0 0 0 0 0 0 0 0 0 0 0 0 0 0 0 0 0 0 0 0 0 0 0 0 0 0 0 0 0 0 0 0 0 0 0 0 0 0 0 0</row>
            <row>0 0 0 0 0 0 0 0 0 0 0 0 0 0 0 0 0 0 0 0 0 0 0 0 0 0 0 0 0 0 0 0 0 0 0 0 0 0 0 0 0 0 0 0 0 0 0 0 0 0 0 0 0 0 0 0 0 0 0 0 0 0 0 0</row>
            <row>0 0 0 0 0 0 0 0 0 0 0 0 0 0 0 0 0 0 0 0 0 0 0 0 0 0 0 0 0 0 0 0 0 0 0 0 0 0 0 0 0 0 0 0 0 0 0 0 0 0 0 0 0 0 0 0 0 0 0 0 0 0 0 0</row>
            <row>0 0 0 0 0 0 0 0 0 0 0 0 0 0 0 0 0 0 0 0 0 0 0 0 0 0 0 0 0 0 0 0 0 0 0 0 0 0 0 0 0 0 0 0 0 0 0 0 0 0 0 0 0 0 0 0 0 0 0 0 0 0 0 0</row>
            <row>0 0 0 0 0 0 0 0 0 0 0 0 0 0 0 0 0 0 0 0 0 0 0 0 0 0 0 0 0 0 0 0 0 0 0 0 0 0 0 0 0 0 0 0 0 0 0 0 0 0 0 0 0 0 0 0 0 0 0 0 0 0 0 0</row>
            <row>0 0 0 0 0 0 0 0 0 0 0 0 0 0 0 0 0 0 0 0 0 0 0 0 0 0 0 0 0 0 0 0 0 0 0 0 0 0 0 0 0 0 0 0 0 0 0 0 0 0 0 0 0 0 0 0 0 0 0 0 0 0 0 0</row>
            <row>0 0 0 0 0 0 0 0 0 0 0 0 0 0 0 0 0 0 0 0 0 0 0 0 0 0 0 0 0 0 0 0 0 0 0 0 0 0 0 0 0 0 0 0 0 0 0 0 0 0 0 0 0 0 0 0 0 0 0 0 0 0 0 0</row>
            <row>0 0 0 0 0 0 0 0 0 0 0 0 0 0 0 0 0 0 0 0 0 0 0 0 0 0 0 0 0 0 0 0 0 0 0 0 0 0 0 0 0 0 0 0 0 0 0 0 0 0 0 0 0 0 0 0 0 0 0 0 0 0 0 0</row>
            <row>0 0 0 0 0 0 0 0 0 0 0 0 0 0 0 0 0 0 0 0 0 0 0 0 0 0 0 0 0 0 0 0 0 0 0 0 0 0 0 0 0 0 0 0 0 0 0 0 0 0 0 0 0 0 0 0 0 0 0 0 0 0 0 0</row>
            <row>0 0 0 0 0 0 0 0 0 0 0 0 0 0 0 0 0 0 0 0 0 0 0 0 0 0 0 0 0 0 0 0 0 0 0 0 0 0 0 0 0 0 0 0 0 0 0 0 0 0 0 0 0 0 0 0 0 0 0 0 0 0 0 0</row>
            <row>0 0 0 0 0 0 0 0 0 0 0 0 0 0 0 0 0 0 0 0 0 0 0 0 0 0 0 0 0 0 0 0 0 0 0 0 0 0 0 0 0 0 0 0 0 0 0 0 0 0 0 0 0 0 0 0 0 0 0 0 0 0 0 0</row>
            <row>0 0 0 0 0 0 0 0 0 0 0 0 0 0 0 0 0 0 0 0 0 0 0 0 0 0 0 0 0 0 0 0 0 0 0 0 0 0 0 0 0 0 0 0 0 0 0 0 0 0 0 0 0 0 0 0 0 0 0 0 0 0 0 0</row>
            <row>0 0 0 0 0 0 0 0 0 0 0 0 0 0 0 0 0 0 0 0 0 0 0 0 0 0 0 0 0 0 0 0 0 0 0 0 0 0 0 0 0 0 0 0 0 0 0 0 0 0 0 0 0 0 0 0 0 0 0 0 0 0 0 0</row>
            <row>0 0 0 0 0 0 0 0 0 0 0 0 0 0 0 0 0 0 0 0 0 0 0 0 0 0 0 0 0 0 0 0 0 0 0 0 0 0 0 0 0 0 0 0 0 0 0 0 0 0 0 0 0 0 0 0 0 0 0 0 0 0 0 0</row>
            <row>0 0 0 0 0 0 0 0 0 0 0 0 0 0 0 0 0 0 0 0 0 0 0 0 0 0 0 0 0 0 0 0 0 0 0 0 0 0 0 0 0 0 0 0 0 0 0 0 0 0 0 0 0 0 0 0 0 0 0 0 0 0 0 0</row>
            <row>0 0 0 0 0 0 0 0 0 0 0 0 0 0 0 0 0 0 0 0 0 0 0 0 0 0 0 0 0 0 0 0 0 0 0 0 0 0 0 0 0 0 0 0 0 0 0 0 0 0 0 0 0 0 0 0 0 0 0 0 0 0 0 0</row>
            <row>0 0 0 0 0 0 0 0 0 0 0 0 0 0 0 0 0 0 0 0 0 0 0 0 0 0 0 0 0 0 0 0 0 0 0 0 0 0 0 0 0 0 0 0 0 0 0 0 0 0 0 0 0 0 0 0 0 0 0 0 0 0 0 0</row>
            <row>0 0 0 0 0 0 0 0 0 0 0 0 0 0 0 0 0 0 0 0 0 0 0 0 0 0 0 0 0 0 0 0 0 0 0 0 0 0 0 0 0 0 0 0 0 0 0 0 0 0 0 0 0 0 0 0 0 0 0 0 0 0 0 0</row>
            <row>0 0 0 0 0 0 0 0 0 0 0 0 0 0 0 0 0 0 0 0 0 0 0 0 0 0 0 0 0 0 0 0 0 0 0 0 0 0 0 0 0 0 0 0 0 0 0 0 0 0 0 0 0 0 0 0 0 0 0 0 0 0 0 0</row>
            <row>0 0 0 0 0 0 0 0 0 0 0 0 0 0 0 0 0 0 0 0 0 0 0 0 0 0 0 0 0 0 0 0 0 0 0 0 0 0 0 0 0 0 0 0 0 0 0 0 0 0 0 0 0 0 0 0 0 0 0 0 0 0 0 0</row>
            <row>0 0 0 0 0 0 0 0 0 0 0 0 0 0 0 0 0 0 0 0 0 0 0 0 0 0 0 0 0 0 0 0 0 0 0 0 0 0 0 0 0 0 0 0 0 0 0 0 0 0 0 0 0 0 0 0 0 0 0 0 0 0 0 0</row>
            <row>0 0 0 0 0 0 0 0 0 0 0 0 0 0 0 0 0 0 0 0 0 0 0 0 0 0 0 0 0 0 0 0 0 0 0 0 0 0 0 0 0 0 0 0 0 0 0 0 0 0 0 0 0 0 0 0 0 0 0 0 0 0 0 0</row>
            <row>0 0 0 0 0 0 0 0 0 0 0 0 0 0 0 0 0 0 0 0 0 0 0 0 0 0 0 0 0 0 0 0 0 0 0 0 0 0 0 0 0 0 0 0 0 0 0 0 0 0 0 0 0 0 0 0 0 0 0 0 0 0 0 0</row>
            <row>0 0 0 0 0 0 0 0 0 0 0 0 0 0 0 0 0 0 0 0 0 0 0 0 0 0 0 0 0 0 0 0 0 0 0 0 0 0 0 0 0 0 0 0 0 0 0 0 0 0 0 0 0 0 0 0 0 0 0 0 0 0 0 0</row>
            <row>0 0 0 0 0 0 0 0 0 0 0 0 0 0 0 0 0 0 0 0 0 0 0 0 0 0 0 0 0 0 0 0 0 0 0 0 0 0 0 0 0 0 0 0 0 0 0 0 0 0 0 0 0 0 0 0 0 0 0 0 0 0 0 0</row>
            <row>0 0 0 0 0 0 0 0 0 0 0 0 0 0 0 0 0 0 0 0 0 0 0 0 0 0 0 0 0 0 0 0 0 0 0 0 0 0 0 0 0 0 0 0 0 0 0 0 0 0 0 0 0 0 0 0 0 0 0 0 0 0 0 0</row>
            <row>0 0 0 0 0 0 0 0 0 0 0 0 0 0 0 0 0 0 0 0 0 0 0 0 0 0 0 0 0 0 0 0 0 0 0 0 0 0 0 0 0 0 0 0 0 0 0 0 0 0 0 0 0 0 0 0 0 0 0 0 0 0 0 0</row>
            <row>0 0 0 0 0 0 0 0 0 0 0 0 0 0 0 0 0 0 0 0 0 0 0 0 0 0 0 0 0 0 0 0 0 0 0 0 0 0 0 0 0 0 0 0 0 0 0 0 0 0 0 0 0 0 0 0 0 0 0 0 0 0 0 0</row>
            <row>0 0 0 0 0 0 0 0 0 0 0 0 0 0 0 0 0 0 0 0 0 0 0 0 0 0 0 0 0 0 0 0 0 0 0 0 0 0 0 0 0 0 0 0 0 0 0 0 0 0 0 0 0 0 0 0 0 0 0 0 0 0 0 0</row>
            <row>0 0 0 0 0 0 0 0 0 0 0 0 0 0 0 0 0 0 0 0 0 0 0 0 0 0 0 0 0 0 0 0 0 0 0 0 0 0 0 0 0 0 0 0 0 0 0 0 0 0 0 0 0 0 0 0 0 0 0 0 0 0 0 0</row>
            <row>0 0 0 0 0 0 0 0 0 0 0 0 0 0 0 0 0 0 0 0 0 0 0 0 0 0 0 0 0 0 0 0 0 0 0 0 0 0 0 0 0 0 0 0 0 0 0 0 0 0 0 0 0 0 0 0 0 0 0 0 0 0 0 0</row>
            <row>0 0 0 0 0 0 0 0 0 0 0 0 0 0 0 0 0 0 0 0 0 0 0 0 0 0 0 0 0 0 0 0 0 0 0 0 0 0 0 0 0 0 0 0 0 0 0 0 0 0 0 0 0 0 0 0 0 0 0 0 0 0 0 0</row>
            <row>0 0 0 0 0 0 0 0 0 0 0 0 0 0 0 0 0 0 0 0 0 0 0 0 0 0 0 0 0 0 0 0 0 0 0 0 0 0 0 0 0 0 0 0 0 0 0 0 0 0 0 0 0 0 0 0 0 0 0 0 0 0 0 0</row>
            <row>0 0 0 0 0 0 0 0 0 0 0 0 0 0 0 0 0 0 0 0 0 0 0 0 0 0 0 0 0 0 0 0 0 0 0 0 0 0 0 0 0 0 0 0 0 0 0 0 0 0 0 0 0 0 0 0 0 0 0 0 0 0 0 0</row>
            <row>0 0 0 0 0 0 0 0 0 0 0 0 0 0 0 0 0 0 0 0 0 0 0 0 0 0 0 0 0 0 0 0 0 0 0 0 0 0 0 0 0 0 0 0 0 0 0 0 0 0 0 0 0 0 0 0 0 0 0 0 0 0 0 0</row>
            <row>0 0 0 0 0 0 0 0 0 0 0 0 0 0 0 0 0 0 0 0 0 0 0 0 0 0 0 0 0 0 0 0 0 0 0 0 0 0 0 0 0 0 0 0 0 0 0 0 0 0 0 0 0 0 0 0 0 0 0 0 0 0 0 0</row>
        </grid>
    </map>
    <algorithm>
        <allowanyangle>true</allowanyangle>
        <metrictype>euclid</metrictype>
        <breakingties>g-max</breakingties>
        <weight>1</weight>
    </algorithm>
    <options>
        <loglevel>1</loglevel>
        <logpath />
        <logfilename />
    </options>
</root>
