<?xml version="1.0" ?>
<root>
    <map>
        <width>64</width>
        <height>64</height>
        <agents>150</agents>
        <startx number="0">42</startx>
        <starty number="0">45</starty>
        <finishx number="0">12</finishx>
        <finishy number="0">60</finishy>
        <startx number="1">9</startx>
        <starty number="1">50</starty>
        <finishx number="1">26</finishx>
        <finishy number="1">4</finishy>
        <startx number="2">37</startx>
        <starty number="2">42</starty>
        <finishx number="2">54</finishx>
        <finishy number="2">59</finishy>
        <startx number="3">25</startx>
        <starty number="3">45</starty>
        <finishx number="3">35</finishx>
        <finishy number="3">35</finishy>
        <startx number="4">29</startx>
        <starty number="4">31</starty>
        <finishx number="4">16</finishx>
        <finishy number="4">41</finishy>
        <startx number="5">16</startx>
        <starty number="5">1</starty>
        <finishx number="5">35</finishx>
        <finishy number="5">9</finishy>
        <startx number="6">21</startx>
        <starty number="6">13</starty>
        <finishx number="6">14</finishx>
        <finishy number="6">60</finishy>
        <startx number="7">10</startx>
        <starty number="7">2</starty>
        <finishx number="7">59</finishx>
        <finishy number="7">12</finishy>
        <startx number="8">17</startx>
        <starty number="8">54</starty>
        <finishx number="8">32</finishx>
        <finishy number="8">1</finishy>
        <startx number="9">21</startx>
        <starty number="9">53</starty>
        <finishx number="9">17</finishx>
        <finishy number="9">17</finishy>
        <startx number="10">40</startx>
        <starty number="10">37</starty>
        <finishx number="10">58</finishx>
        <finishy number="10">31</finishy>
        <startx number="11">35</startx>
        <starty number="11">43</starty>
        <finishx number="11">60</finishx>
        <finishy number="11">47</finishy>
        <startx number="12">15</startx>
        <starty number="12">6</starty>
        <finishx number="12">24</finishx>
        <finishy number="12">21</finishy>
        <startx number="13">11</startx>
        <starty number="13">23</starty>
        <finishx number="13">24</finishx>
        <finishy number="13">37</finishy>
        <startx number="14">12</startx>
        <starty number="14">57</starty>
        <finishx number="14">40</finishx>
        <finishy number="14">48</finishy>
        <startx number="15">50</startx>
        <starty number="15">14</starty>
        <finishx number="15">58</finishx>
        <finishy number="15">29</finishy>
        <startx number="16">63</startx>
        <starty number="16">60</starty>
        <finishx number="16">26</finishx>
        <finishy number="16">47</finishy>
        <startx number="17">26</startx>
        <starty number="17">39</starty>
        <finishx number="17">48</finishx>
        <finishy number="17">62</finishy>
        <startx number="18">40</startx>
        <starty number="18">23</starty>
        <finishx number="18">6</finishx>
        <finishy number="18">0</finishy>
        <startx number="19">37</startx>
        <starty number="19">21</starty>
        <finishx number="19">21</finishx>
        <finishy number="19">48</finishy>
        <startx number="20">17</startx>
        <starty number="20">20</starty>
        <finishx number="20">2</finishx>
        <finishy number="20">25</finishy>
        <startx number="21">13</startx>
        <starty number="21">55</starty>
        <finishx number="21">47</finishx>
        <finishy number="21">25</finishy>
        <startx number="22">38</startx>
        <starty number="22">37</starty>
        <finishx number="22">11</finishx>
        <finishy number="22">28</finishy>
        <startx number="23">21</startx>
        <starty number="23">38</starty>
        <finishx number="23">17</finishx>
        <finishy number="23">62</finishy>
        <startx number="24">61</startx>
        <starty number="24">18</starty>
        <finishx number="24">49</finishx>
        <finishy number="24">22</finishy>
        <startx number="25">38</startx>
        <starty number="25">27</starty>
        <finishx number="25">62</finishx>
        <finishy number="25">3</finishy>
        <startx number="26">50</startx>
        <starty number="26">27</starty>
        <finishx number="26">0</finishx>
        <finishy number="26">30</finishy>
        <startx number="27">23</startx>
        <starty number="27">53</starty>
        <finishx number="27">61</finishx>
        <finishy number="27">7</finishy>
        <startx number="28">38</startx>
        <starty number="28">11</starty>
        <finishx number="28">3</finishx>
        <finishy number="28">56</finishy>
        <startx number="29">44</startx>
        <starty number="29">23</starty>
        <finishx number="29">50</finishx>
        <finishy number="29">9</finishy>
        <startx number="30">42</startx>
        <starty number="30">28</starty>
        <finishx number="30">32</finishx>
        <finishy number="30">33</finishy>
        <startx number="31">33</startx>
        <starty number="31">36</starty>
        <finishx number="31">39</finishx>
        <finishy number="31">42</finishy>
        <startx number="32">40</startx>
        <starty number="32">10</starty>
        <finishx number="32">8</finishx>
        <finishy number="32">24</finishy>
        <startx number="33">59</startx>
        <starty number="33">57</starty>
        <finishx number="33">57</finishx>
        <finishy number="33">10</finishy>
        <startx number="34">23</startx>
        <starty number="34">56</starty>
        <finishx number="34">51</finishx>
        <finishy number="34">53</finishy>
        <startx number="35">41</startx>
        <starty number="35">42</starty>
        <finishx number="35">27</finishx>
        <finishy number="35">63</finishy>
        <startx number="36">3</startx>
        <starty number="36">3</starty>
        <finishx number="36">37</finishx>
        <finishy number="36">14</finishy>
        <startx number="37">37</startx>
        <starty number="37">35</starty>
        <finishx number="37">25</finishx>
        <finishy number="37">13</finishy>
        <startx number="38">32</startx>
        <starty number="38">3</starty>
        <finishx number="38">11</finishx>
        <finishy number="38">42</finishy>
        <startx number="39">33</startx>
        <starty number="39">62</starty>
        <finishx number="39">28</finishx>
        <finishy number="39">18</finishy>
        <startx number="40">1</startx>
        <starty number="40">8</starty>
        <finishx number="40">19</finishx>
        <finishy number="40">0</finishy>
        <startx number="41">40</startx>
        <starty number="41">45</starty>
        <finishx number="41">30</finishx>
        <finishy number="41">38</finishy>
        <startx number="42">60</startx>
        <starty number="42">15</starty>
        <finishx number="42">6</finishx>
        <finishy number="42">11</finishy>
        <startx number="43">11</startx>
        <starty number="43">4</starty>
        <finishx number="43">48</finishx>
        <finishy number="43">41</finishy>
        <startx number="44">41</startx>
        <starty number="44">13</starty>
        <finishx number="44">52</finishx>
        <finishy number="44">8</finishy>
        <startx number="45">24</startx>
        <starty number="45">5</starty>
        <finishx number="45">43</finishx>
        <finishy number="45">26</finishy>
        <startx number="46">13</startx>
        <starty number="46">12</starty>
        <finishx number="46">4</finishx>
        <finishy number="46">6</finishy>
        <startx number="47">38</startx>
        <starty number="47">16</starty>
        <finishx number="47">50</finishx>
        <finishy number="47">35</finishy>
        <startx number="48">11</startx>
        <starty number="48">55</starty>
        <finishx number="48">42</finishx>
        <finishy number="48">39</finishy>
        <startx number="49">27</startx>
        <starty number="49">42</starty>
        <finishx number="49">33</finishx>
        <finishy number="49">14</finishy>
        <startx number="50">49</startx>
        <starty number="50">38</starty>
        <finishx number="50">7</finishx>
        <finishy number="50">51</finishy>
        <startx number="51">8</startx>
        <starty number="51">2</starty>
        <finishx number="51">19</finishx>
        <finishy number="51">61</finishy>
        <startx number="52">36</startx>
        <starty number="52">62</starty>
        <finishx number="52">24</finishx>
        <finishy number="52">50</finishy>
        <startx number="53">35</startx>
        <starty number="53">51</starty>
        <finishx number="53">15</finishx>
        <finishy number="53">12</finishy>
        <startx number="54">30</startx>
        <starty number="54">52</starty>
        <finishx number="54">27</finishx>
        <finishy number="54">2</finishy>
        <startx number="55">13</startx>
        <starty number="55">46</starty>
        <finishx number="55">27</finishx>
        <finishy number="55">20</finishy>
        <startx number="56">55</startx>
        <starty number="56">34</starty>
        <finishx number="56">7</finishx>
        <finishy number="56">29</finishy>
        <startx number="57">43</startx>
        <starty number="57">60</starty>
        <finishx number="57">54</finishx>
        <finishy number="57">8</finishy>
        <startx number="58">1</startx>
        <starty number="58">41</starty>
        <finishx number="58">50</finishx>
        <finishy number="58">11</finishy>
        <startx number="59">4</startx>
        <starty number="59">43</starty>
        <finishx number="59">12</finishx>
        <finishy number="59">63</finishy>
        <startx number="60">29</startx>
        <starty number="60">50</starty>
        <finishx number="60">45</finishx>
        <finishy number="60">63</finishy>
        <startx number="61">53</startx>
        <starty number="61">5</starty>
        <finishx number="61">25</finishx>
        <finishy number="61">32</finishy>
        <startx number="62">37</startx>
        <starty number="62">0</starty>
        <finishx number="62">58</finishx>
        <finishy number="62">61</finishy>
        <startx number="63">57</startx>
        <starty number="63">21</starty>
        <finishx number="63">46</finishx>
        <finishy number="63">9</finishy>
        <startx number="64">0</startx>
        <starty number="64">20</starty>
        <finishx number="64">21</finishx>
        <finishy number="64">32</finishy>
        <startx number="65">57</startx>
        <starty number="65">53</starty>
        <finishx number="65">23</finishx>
        <finishy number="65">40</finishy>
        <startx number="66">17</startx>
        <starty number="66">57</starty>
        <finishx number="66">7</finishx>
        <finishy number="66">43</finishy>
        <startx number="67">48</startx>
        <starty number="67">17</starty>
        <finishx number="67">52</finishx>
        <finishy number="67">43</finishy>
        <startx number="68">22</startx>
        <starty number="68">24</starty>
        <finishx number="68">14</finishx>
        <finishy number="68">52</finishy>
        <startx number="69">38</startx>
        <starty number="69">61</starty>
        <finishx number="69">3</finishx>
        <finishy number="69">19</finishy>
        <startx number="70">29</startx>
        <starty number="70">60</starty>
        <finishx number="70">58</finishx>
        <finishy number="70">50</finishy>
        <startx number="71">16</startx>
        <starty number="71">49</starty>
        <finishx number="71">56</finishx>
        <finishy number="71">0</finishy>
        <startx number="72">46</startx>
        <starty number="72">4</starty>
        <finishx number="72">59</finishx>
        <finishy number="72">52</finishy>
        <startx number="73">26</startx>
        <starty number="73">15</starty>
        <finishx number="73">43</finishx>
        <finishy number="73">63</finishy>
        <startx number="74">49</startx>
        <starty number="74">25</starty>
        <finishx number="74">7</finishx>
        <finishy number="74">53</finishy>
        <startx number="75">54</startx>
        <starty number="75">56</starty>
        <finishx number="75">24</finishx>
        <finishy number="75">16</finishy>
        <startx number="76">38</startx>
        <starty number="76">32</starty>
        <finishx number="76">22</finishx>
        <finishy number="76">16</finishy>
        <startx number="77">41</startx>
        <starty number="77">58</starty>
        <finishx number="77">6</finishx>
        <finishy number="77">48</finishy>
        <startx number="78">48</startx>
        <starty number="78">9</starty>
        <finishx number="78">26</finishx>
        <finishy number="78">52</finishy>
        <startx number="79">25</startx>
        <starty number="79">42</starty>
        <finishx number="79">44</finishx>
        <finishy number="79">31</finishy>
        <startx number="80">40</startx>
        <starty number="80">50</starty>
        <finishx number="80">57</finishx>
        <finishy number="80">26</finishy>
        <startx number="81">14</startx>
        <starty number="81">25</starty>
        <finishx number="81">47</finishx>
        <finishy number="81">35</finishy>
        <startx number="82">33</startx>
        <starty number="82">59</starty>
        <finishx number="82">49</finishx>
        <finishy number="82">51</finishy>
        <startx number="83">0</startx>
        <starty number="83">46</starty>
        <finishx number="83">22</finishx>
        <finishy number="83">19</finishy>
        <startx number="84">44</startx>
        <starty number="84">44</starty>
        <finishx number="84">4</finishx>
        <finishy number="84">40</finishy>
        <startx number="85">50</startx>
        <starty number="85">46</starty>
        <finishx number="85">21</finishx>
        <finishy number="85">8</finishy>
        <startx number="86">31</startx>
        <starty number="86">60</starty>
        <finishx number="86">55</finishx>
        <finishy number="86">10</finishy>
        <startx number="87">47</startx>
        <starty number="87">46</starty>
        <finishx number="87">36</finishx>
        <finishy number="87">32</finishy>
        <startx number="88">32</startx>
        <starty number="88">46</starty>
        <finishx number="88">53</finishx>
        <finishy number="88">21</finishy>
        <startx number="89">22</startx>
        <starty number="89">61</starty>
        <finishx number="89">33</finishx>
        <finishy number="89">57</finishy>
        <startx number="90">55</startx>
        <starty number="90">29</starty>
        <finishx number="90">29</finishx>
        <finishy number="90">55</finishy>
        <startx number="91">59</startx>
        <starty number="91">33</starty>
        <finishx number="91">48</finishx>
        <finishy number="91">43</finishy>
        <startx number="92">25</startx>
        <starty number="92">63</starty>
        <finishx number="92">8</finishx>
        <finishy number="92">10</finishy>
        <startx number="93">17</startx>
        <starty number="93">44</starty>
        <finishx number="93">4</finishx>
        <finishy number="93">54</finishy>
        <startx number="94">38</startx>
        <starty number="94">40</starty>
        <finishx number="94">51</finishx>
        <finishy number="94">24</finishy>
        <startx number="95">49</startx>
        <starty number="95">60</starty>
        <finishx number="95">26</finishx>
        <finishy number="95">55</finishy>
        <startx number="96">55</startx>
        <starty number="96">61</starty>
        <finishx number="96">2</finishx>
        <finishy number="96">54</finishy>
        <startx number="97">57</startx>
        <starty number="97">58</starty>
        <finishx number="97">55</finishx>
        <finishy number="97">16</finishy>
        <startx number="98">13</startx>
        <starty number="98">30</starty>
        <finishx number="98">42</finishx>
        <finishy number="98">7</finishy>
        <startx number="99">62</startx>
        <starty number="99">49</starty>
        <finishx number="99">16</finishx>
        <finishy number="99">59</finishy>
        <startx number="100">36</startx>
        <starty number="100">5</starty>
        <finishx number="100">53</finishx>
        <finishy number="100">13</finishy>
        <startx number="101">10</startx>
        <starty number="101">31</starty>
        <finishx number="101">50</finishx>
        <finishy number="101">6</finishy>
        <startx number="102">18</startx>
        <starty number="102">22</starty>
        <finishx number="102">45</finishx>
        <finishy number="102">15</finishy>
        <startx number="103">25</startx>
        <starty number="103">7</starty>
        <finishx number="103">22</finishx>
        <finishy number="103">34</finishy>
        <startx number="104">24</startx>
        <starty number="104">2</starty>
        <finishx number="104">2</finishx>
        <finishy number="104">51</finishy>
        <startx number="105">60</startx>
        <starty number="105">1</starty>
        <finishx number="105">15</finishx>
        <finishy number="105">57</finishy>
        <startx number="106">47</startx>
        <starty number="106">30</starty>
        <finishx number="106">55</finishx>
        <finishy number="106">51</finishy>
        <startx number="107">30</startx>
        <starty number="107">20</starty>
        <finishx number="107">4</finishx>
        <finishy number="107">32</finishy>
        <startx number="108">30</startx>
        <starty number="108">4</starty>
        <finishx number="108">10</finishx>
        <finishy number="108">21</finishy>
        <startx number="109">61</startx>
        <starty number="109">36</starty>
        <finishx number="109">28</finishx>
        <finishy number="109">28</finishy>
        <startx number="110">46</startx>
        <starty number="110">22</starty>
        <finishx number="110">44</finishx>
        <finishy number="110">47</finishy>
        <startx number="111">18</startx>
        <starty number="111">27</starty>
        <finishx number="111">20</finishx>
        <finishy number="111">59</finishy>
        <startx number="112">8</startx>
        <starty number="112">31</starty>
        <finishx number="112">54</finishx>
        <finishy number="112">18</finishy>
        <startx number="113">0</startx>
        <starty number="113">49</starty>
        <finishx number="113">20</finishx>
        <finishy number="113">27</finishy>
        <startx number="114">22</startx>
        <starty number="114">10</starty>
        <finishx number="114">27</finishx>
        <finishy number="114">23</finishy>
        <startx number="115">34</startx>
        <starty number="115">3</starty>
        <finishx number="115">62</finishx>
        <finishy number="115">9</finishy>
        <startx number="116">29</startx>
        <starty number="116">2</starty>
        <finishx number="116">31</finishx>
        <finishy number="116">31</finishy>
        <startx number="117">55</startx>
        <starty number="117">40</starty>
        <finishx number="117">38</finishx>
        <finishy number="117">3</finishy>
        <startx number="118">59</startx>
        <starty number="118">41</starty>
        <finishx number="118">11</finishx>
        <finishy number="118">53</finishy>
        <startx number="119">21</startx>
        <starty number="119">22</starty>
        <finishx number="119">32</finishx>
        <finishy number="119">49</finishy>
        <startx number="120">32</startx>
        <starty number="120">44</starty>
        <finishx number="120">0</finishx>
        <finishy number="120">12</finishy>
        <startx number="121">50</startx>
        <starty number="121">1</starty>
        <finishx number="121">0</finishx>
        <finishy number="121">17</finishy>
        <startx number="122">5</startx>
        <starty number="122">38</starty>
        <finishx number="122">36</finishx>
        <finishy number="122">24</finishy>
        <startx number="123">14</startx>
        <starty number="123">4</starty>
        <finishx number="123">35</finishx>
        <finishy number="123">53</finishy>
        <startx number="124">46</startx>
        <starty number="124">17</starty>
        <finishx number="124">5</finishx>
        <finishy number="124">3</finishy>
        <startx number="125">4</startx>
        <starty number="125">11</starty>
        <finishx number="125">50</finishx>
        <finishy number="125">17</finishy>
        <startx number="126">33</startx>
        <starty number="126">17</starty>
        <finishx number="126">62</finishx>
        <finishy number="126">25</finishy>
        <startx number="127">41</startx>
        <starty number="127">2</starty>
        <finishx number="127">28</finishx>
        <finishy number="127">52</finishy>
        <startx number="128">8</startx>
        <starty number="128">0</starty>
        <finishx number="128">28</finishx>
        <finishy number="128">57</finishy>
        <startx number="129">30</startx>
        <starty number="129">36</starty>
        <finishx number="129">41</finishx>
        <finishy number="129">34</finishy>
        <startx number="130">0</startx>
        <starty number="130">14</starty>
        <finishx number="130">46</finishx>
        <finishy number="130">7</finishy>
        <startx number="131">29</startx>
        <starty number="131">25</starty>
        <finishx number="131">53</finishx>
        <finishy number="131">32</finishy>
        <startx number="132">36</startx>
        <starty number="132">38</starty>
        <finishx number="132">9</finishx>
        <finishy number="132">8</finishy>
        <startx number="133">61</startx>
        <starty number="133">57</starty>
        <finishx number="133">40</finishx>
        <finishy number="133">55</finishy>
        <startx number="134">13</startx>
        <starty number="134">38</starty>
        <finishx number="134">4</finishx>
        <finishy number="134">62</finishy>
        <startx number="135">30</startx>
        <starty number="135">57</starty>
        <finishx number="135">9</finishx>
        <finishy number="135">53</finishy>
        <startx number="136">7</startx>
        <starty number="136">35</starty>
        <finishx number="136">43</finishx>
        <finishy number="136">2</finishy>
        <startx number="137">28</startx>
        <starty number="137">12</starty>
        <finishx number="137">54</finishx>
        <finishy number="137">53</finishy>
        <startx number="138">18</startx>
        <starty number="138">6</starty>
        <finishx number="138">12</finishx>
        <finishy number="138">44</finishy>
        <startx number="139">0</startx>
        <starty number="139">1</starty>
        <finishx number="139">51</finishx>
        <finishy number="139">40</finishy>
        <startx number="140">62</startx>
        <starty number="140">39</starty>
        <finishx number="140">3</finishx>
        <finishy number="140">8</finishy>
        <startx number="141">61</startx>
        <starty number="141">42</starty>
        <finishx number="141">57</finishx>
        <finishy number="141">36</finishy>
        <startx number="142">63</startx>
        <starty number="142">1</starty>
        <finishx number="142">58</finishx>
        <finishy number="142">44</finishy>
        <startx number="143">39</startx>
        <starty number="143">18</starty>
        <finishx number="143">29</finishx>
        <finishy number="143">23</finishy>
        <startx number="144">18</startx>
        <starty number="144">3</starty>
        <finishx number="144">13</finishx>
        <finishy number="144">22</finishy>
        <startx number="145">42</startx>
        <starty number="145">47</starty>
        <finishx number="145">56</finishx>
        <finishy number="145">2</finishy>
        <startx number="146">48</startx>
        <starty number="146">12</starty>
        <finishx number="146">6</finishx>
        <finishy number="146">16</finishy>
        <startx number="147">12</startx>
        <starty number="147">10</starty>
        <finishx number="147">8</finishx>
        <finishy number="147">58</finishy>
        <startx number="148">42</startx>
        <starty number="148">55</starty>
        <finishx number="148">19</finishx>
        <finishy number="148">38</finishy>
        <startx number="149">8</startx>
        <starty number="149">13</starty>
        <finishx number="149">25</finishx>
        <finishy number="149">58</finishy>
        <grid>
            <row>0 0 0 0 0 0 0 0 0 0 0 0 0 0 0 0 0 0 0 0 0 0 0 0 0 0 0 0 0 0 0 0 0 0 0 0 0 0 0 0 0 0 0 0 0 0 0 0 0 0 0 0 0 0 0 0 0 0 0 0 0 0 0 0</row>
            <row>0 0 0 0 0 0 0 0 0 0 0 0 0 0 0 0 0 0 0 0 0 0 0 0 0 0 0 0 0 0 0 0 0 0 0 0 0 0 0 0 0 0 0 0 0 0 0 0 0 0 0 0 0 0 0 0 0 0 0 0 0 0 0 0</row>
            <row>0 0 0 0 0 0 0 0 0 0 0 0 0 0 0 0 0 0 0 0 0 0 0 0 0 0 0 0 0 0 0 0 0 0 0 0 0 0 0 0 0 0 0 0 0 0 0 0 0 0 0 0 0 0 0 0 0 0 0 0 0 0 0 0</row>
            <row>0 0 0 0 0 0 0 0 0 0 0 0 0 0 0 0 0 0 0 0 0 0 0 0 0 0 0 0 0 0 0 0 0 0 0 0 0 0 0 0 0 0 0 0 0 0 0 0 0 0 0 0 0 0 0 0 0 0 0 0 0 0 0 0</row>
            <row>0 0 0 0 0 0 0 0 0 0 0 0 0 0 0 0 0 0 0 0 0 0 0 0 0 0 0 0 0 0 0 0 0 0 0 0 0 0 0 0 0 0 0 0 0 0 0 0 0 0 0 0 0 0 0 0 0 0 0 0 0 0 0 0</row>
            <row>0 0 0 0 0 0 0 0 0 0 0 0 0 0 0 0 0 0 0 0 0 0 0 0 0 0 0 0 0 0 0 0 0 0 0 0 0 0 0 0 0 0 0 0 0 0 0 0 0 0 0 0 0 0 0 0 0 0 0 0 0 0 0 0</row>
            <row>0 0 0 0 0 0 0 0 0 0 0 0 0 0 0 0 0 0 0 0 0 0 0 0 0 0 0 0 0 0 0 0 0 0 0 0 0 0 0 0 0 0 0 0 0 0 0 0 0 0 0 0 0 0 0 0 0 0 0 0 0 0 0 0</row>
            <row>0 0 0 0 0 0 0 0 0 0 0 0 0 0 0 0 0 0 0 0 0 0 0 0 0 0 0 0 0 0 0 0 0 0 0 0 0 0 0 0 0 0 0 0 0 0 0 0 0 0 0 0 0 0 0 0 0 0 0 0 0 0 0 0</row>
            <row>0 0 0 0 0 0 0 0 0 0 0 0 0 0 0 0 0 0 0 0 0 0 0 0 0 0 0 0 0 0 0 0 0 0 0 0 0 0 0 0 0 0 0 0 0 0 0 0 0 0 0 0 0 0 0 0 0 0 0 0 0 0 0 0</row>
            <row>0 0 0 0 0 0 0 0 0 0 0 0 0 0 0 0 0 0 0 0 0 0 0 0 0 0 0 0 0 0 0 0 0 0 0 0 0 0 0 0 0 0 0 0 0 0 0 0 0 0 0 0 0 0 0 0 0 0 0 0 0 0 0 0</row>
            <row>0 0 0 0 0 0 0 0 0 0 0 0 0 0 0 0 0 0 0 0 0 0 0 0 0 0 0 0 0 0 0 0 0 0 0 0 0 0 0 0 0 0 0 0 0 0 0 0 0 0 0 0 0 0 0 0 0 0 0 0 0 0 0 0</row>
            <row>0 0 0 0 0 0 0 0 0 0 0 0 0 0 0 0 0 0 0 0 0 0 0 0 0 0 0 0 0 0 0 0 0 0 0 0 0 0 0 0 0 0 0 0 0 0 0 0 0 0 0 0 0 0 0 0 0 0 0 0 0 0 0 0</row>
            <row>0 0 0 0 0 0 0 0 0 0 0 0 0 0 0 0 0 0 0 0 0 0 0 0 0 0 0 0 0 0 0 0 0 0 0 0 0 0 0 0 0 0 0 0 0 0 0 0 0 0 0 0 0 0 0 0 0 0 0 0 0 0 0 0</row>
            <row>0 0 0 0 0 0 0 0 0 0 0 0 0 0 0 0 0 0 0 0 0 0 0 0 0 0 0 0 0 0 0 0 0 0 0 0 0 0 0 0 0 0 0 0 0 0 0 0 0 0 0 0 0 0 0 0 0 0 0 0 0 0 0 0</row>
            <row>0 0 0 0 0 0 0 0 0 0 0 0 0 0 0 0 0 0 0 0 0 0 0 0 0 0 0 0 0 0 0 0 0 0 0 0 0 0 0 0 0 0 0 0 0 0 0 0 0 0 0 0 0 0 0 0 0 0 0 0 0 0 0 0</row>
            <row>0 0 0 0 0 0 0 0 0 0 0 0 0 0 0 0 0 0 0 0 0 0 0 0 0 0 0 0 0 0 0 0 0 0 0 0 0 0 0 0 0 0 0 0 0 0 0 0 0 0 0 0 0 0 0 0 0 0 0 0 0 0 0 0</row>
            <row>0 0 0 0 0 0 0 0 0 0 0 0 0 0 0 0 0 0 0 0 0 0 0 0 0 0 0 0 0 0 0 0 0 0 0 0 0 0 0 0 0 0 0 0 0 0 0 0 0 0 0 0 0 0 0 0 0 0 0 0 0 0 0 0</row>
            <row>0 0 0 0 0 0 0 0 0 0 0 0 0 0 0 0 0 0 0 0 0 0 0 0 0 0 0 0 0 0 0 0 0 0 0 0 0 0 0 0 0 0 0 0 0 0 0 0 0 0 0 0 0 0 0 0 0 0 0 0 0 0 0 0</row>
            <row>0 0 0 0 0 0 0 0 0 0 0 0 0 0 0 0 0 0 0 0 0 0 0 0 0 0 0 0 0 0 0 0 0 0 0 0 0 0 0 0 0 0 0 0 0 0 0 0 0 0 0 0 0 0 0 0 0 0 0 0 0 0 0 0</row>
            <row>0 0 0 0 0 0 0 0 0 0 0 0 0 0 0 0 0 0 0 0 0 0 0 0 0 0 0 0 0 0 0 0 0 0 0 0 0 0 0 0 0 0 0 0 0 0 0 0 0 0 0 0 0 0 0 0 0 0 0 0 0 0 0 0</row>
            <row>0 0 0 0 0 0 0 0 0 0 0 0 0 0 0 0 0 0 0 0 0 0 0 0 0 0 0 0 0 0 0 0 0 0 0 0 0 0 0 0 0 0 0 0 0 0 0 0 0 0 0 0 0 0 0 0 0 0 0 0 0 0 0 0</row>
            <row>0 0 0 0 0 0 0 0 0 0 0 0 0 0 0 0 0 0 0 0 0 0 0 0 0 0 0 0 0 0 0 0 0 0 0 0 0 0 0 0 0 0 0 0 0 0 0 0 0 0 0 0 0 0 0 0 0 0 0 0 0 0 0 0</row>
            <row>0 0 0 0 0 0 0 0 0 0 0 0 0 0 0 0 0 0 0 0 0 0 0 0 0 0 0 0 0 0 0 0 0 0 0 0 0 0 0 0 0 0 0 0 0 0 0 0 0 0 0 0 0 0 0 0 0 0 0 0 0 0 0 0</row>
            <row>0 0 0 0 0 0 0 0 0 0 0 0 0 0 0 0 0 0 0 0 0 0 0 0 0 0 0 0 0 0 0 0 0 0 0 0 0 0 0 0 0 0 0 0 0 0 0 0 0 0 0 0 0 0 0 0 0 0 0 0 0 0 0 0</row>
            <row>0 0 0 0 0 0 0 0 0 0 0 0 0 0 0 0 0 0 0 0 0 0 0 0 0 0 0 0 0 0 0 0 0 0 0 0 0 0 0 0 0 0 0 0 0 0 0 0 0 0 0 0 0 0 0 0 0 0 0 0 0 0 0 0</row>
            <row>0 0 0 0 0 0 0 0 0 0 0 0 0 0 0 0 0 0 0 0 0 0 0 0 0 0 0 0 0 0 0 0 0 0 0 0 0 0 0 0 0 0 0 0 0 0 0 0 0 0 0 0 0 0 0 0 0 0 0 0 0 0 0 0</row>
            <row>0 0 0 0 0 0 0 0 0 0 0 0 0 0 0 0 0 0 0 0 0 0 0 0 0 0 0 0 0 0 0 0 0 0 0 0 0 0 0 0 0 0 0 0 0 0 0 0 0 0 0 0 0 0 0 0 0 0 0 0 0 0 0 0</row>
            <row>0 0 0 0 0 0 0 0 0 0 0 0 0 0 0 0 0 0 0 0 0 0 0 0 0 0 0 0 0 0 0 0 0 0 0 0 0 0 0 0 0 0 0 0 0 0 0 0 0 0 0 0 0 0 0 0 0 0 0 0 0 0 0 0</row>
            <row>0 0 0 0 0 0 0 0 0 0 0 0 0 0 0 0 0 0 0 0 0 0 0 0 0 0 0 0 0 0 0 0 0 0 0 0 0 0 0 0 0 0 0 0 0 0 0 0 0 0 0 0 0 0 0 0 0 0 0 0 0 0 0 0</row>
            <row>0 0 0 0 0 0 0 0 0 0 0 0 0 0 0 0 0 0 0 0 0 0 0 0 0 0 0 0 0 0 0 0 0 0 0 0 0 0 0 0 0 0 0 0 0 0 0 0 0 0 0 0 0 0 0 0 0 0 0 0 0 0 0 0</row>
            <row>0 0 0 0 0 0 0 0 0 0 0 0 0 0 0 0 0 0 0 0 0 0 0 0 0 0 0 0 0 0 0 0 0 0 0 0 0 0 0 0 0 0 0 0 0 0 0 0 0 0 0 0 0 0 0 0 0 0 0 0 0 0 0 0</row>
            <row>0 0 0 0 0 0 0 0 0 0 0 0 0 0 0 0 0 0 0 0 0 0 0 0 0 0 0 0 0 0 0 0 0 0 0 0 0 0 0 0 0 0 0 0 0 0 0 0 0 0 0 0 0 0 0 0 0 0 0 0 0 0 0 0</row>
            <row>0 0 0 0 0 0 0 0 0 0 0 0 0 0 0 0 0 0 0 0 0 0 0 0 0 0 0 0 0 0 0 0 0 0 0 0 0 0 0 0 0 0 0 0 0 0 0 0 0 0 0 0 0 0 0 0 0 0 0 0 0 0 0 0</row>
            <row>0 0 0 0 0 0 0 0 0 0 0 0 0 0 0 0 0 0 0 0 0 0 0 0 0 0 0 0 0 0 0 0 0 0 0 0 0 0 0 0 0 0 0 0 0 0 0 0 0 0 0 0 0 0 0 0 0 0 0 0 0 0 0 0</row>
            <row>0 0 0 0 0 0 0 0 0 0 0 0 0 0 0 0 0 0 0 0 0 0 0 0 0 0 0 0 0 0 0 0 0 0 0 0 0 0 0 0 0 0 0 0 0 0 0 0 0 0 0 0 0 0 0 0 0 0 0 0 0 0 0 0</row>
            <row>0 0 0 0 0 0 0 0 0 0 0 0 0 0 0 0 0 0 0 0 0 0 0 0 0 0 0 0 0 0 0 0 0 0 0 0 0 0 0 0 0 0 0 0 0 0 0 0 0 0 0 0 0 0 0 0 0 0 0 0 0 0 0 0</row>
            <row>0 0 0 0 0 0 0 0 0 0 0 0 0 0 0 0 0 0 0 0 0 0 0 0 0 0 0 0 0 0 0 0 0 0 0 0 0 0 0 0 0 0 0 0 0 0 0 0 0 0 0 0 0 0 0 0 0 0 0 0 0 0 0 0</row>
            <row>0 0 0 0 0 0 0 0 0 0 0 0 0 0 0 0 0 0 0 0 0 0 0 0 0 0 0 0 0 0 0 0 0 0 0 0 0 0 0 0 0 0 0 0 0 0 0 0 0 0 0 0 0 0 0 0 0 0 0 0 0 0 0 0</row>
            <row>0 0 0 0 0 0 0 0 0 0 0 0 0 0 0 0 0 0 0 0 0 0 0 0 0 0 0 0 0 0 0 0 0 0 0 0 0 0 0 0 0 0 0 0 0 0 0 0 0 0 0 0 0 0 0 0 0 0 0 0 0 0 0 0</row>
            <row>0 0 0 0 0 0 0 0 0 0 0 0 0 0 0 0 0 0 0 0 0 0 0 0 0 0 0 0 0 0 0 0 0 0 0 0 0 0 0 0 0 0 0 0 0 0 0 0 0 0 0 0 0 0 0 0 0 0 0 0 0 0 0 0</row>
            <row>0 0 0 0 0 0 0 0 0 0 0 0 0 0 0 0 0 0 0 0 0 0 0 0 0 0 0 0 0 0 0 0 0 0 0 0 0 0 0 0 0 0 0 0 0 0 0 0 0 0 0 0 0 0 0 0 0 0 0 0 0 0 0 0</row>
            <row>0 0 0 0 0 0 0 0 0 0 0 0 0 0 0 0 0 0 0 0 0 0 0 0 0 0 0 0 0 0 0 0 0 0 0 0 0 0 0 0 0 0 0 0 0 0 0 0 0 0 0 0 0 0 0 0 0 0 0 0 0 0 0 0</row>
            <row>0 0 0 0 0 0 0 0 0 0 0 0 0 0 0 0 0 0 0 0 0 0 0 0 0 0 0 0 0 0 0 0 0 0 0 0 0 0 0 0 0 0 0 0 0 0 0 0 0 0 0 0 0 0 0 0 0 0 0 0 0 0 0 0</row>
            <row>0 0 0 0 0 0 0 0 0 0 0 0 0 0 0 0 0 0 0 0 0 0 0 0 0 0 0 0 0 0 0 0 0 0 0 0 0 0 0 0 0 0 0 0 0 0 0 0 0 0 0 0 0 0 0 0 0 0 0 0 0 0 0 0</row>
            <row>0 0 0 0 0 0 0 0 0 0 0 0 0 0 0 0 0 0 0 0 0 0 0 0 0 0 0 0 0 0 0 0 0 0 0 0 0 0 0 0 0 0 0 0 0 0 0 0 0 0 0 0 0 0 0 0 0 0 0 0 0 0 0 0</row>
            <row>0 0 0 0 0 0 0 0 0 0 0 0 0 0 0 0 0 0 0 0 0 0 0 0 0 0 0 0 0 0 0 0 0 0 0 0 0 0 0 0 0 0 0 0 0 0 0 0 0 0 0 0 0 0 0 0 0 0 0 0 0 0 0 0</row>
            <row>0 0 0 0 0 0 0 0 0 0 0 0 0 0 0 0 0 0 0 0 0 0 0 0 0 0 0 0 0 0 0 0 0 0 0 0 0 0 0 0 0 0 0 0 0 0 0 0 0 0 0 0 0 0 0 0 0 0 0 0 0 0 0 0</row>
            <row>0 0 0 0 0 0 0 0 0 0 0 0 0 0 0 0 0 0 0 0 0 0 0 0 0 0 0 0 0 0 0 0 0 0 0 0 0 0 0 0 0 0 0 0 0 0 0 0 0 0 0 0 0 0 0 0 0 0 0 0 0 0 0 0</row>
            <row>0 0 0 0 0 0 0 0 0 0 0 0 0 0 0 0 0 0 0 0 0 0 0 0 0 0 0 0 0 0 0 0 0 0 0 0 0 0 0 0 0 0 0 0 0 0 0 0 0 0 0 0 0 0 0 0 0 0 0 0 0 0 0 0</row>
            <row>0 0 0 0 0 0 0 0 0 0 0 0 0 0 0 0 0 0 0 0 0 0 0 0 0 0 0 0 0 0 0 0 0 0 0 0 0 0 0 0 0 0 0 0 0 0 0 0 0 0 0 0 0 0 0 0 0 0 0 0 0 0 0 0</row>
            <row>0 0 0 0 0 0 0 0 0 0 0 0 0 0 0 0 0 0 0 0 0 0 0 0 0 0 0 0 0 0 0 0 0 0 0 0 0 0 0 0 0 0 0 0 0 0 0 0 0 0 0 0 0 0 0 0 0 0 0 0 0 0 0 0</row>
            <row>0 0 0 0 0 0 0 0 0 0 0 0 0 0 0 0 0 0 0 0 0 0 0 0 0 0 0 0 0 0 0 0 0 0 0 0 0 0 0 0 0 0 0 0 0 0 0 0 0 0 0 0 0 0 0 0 0 0 0 0 0 0 0 0</row>
            <row>0 0 0 0 0 0 0 0 0 0 0 0 0 0 0 0 0 0 0 0 0 0 0 0 0 0 0 0 0 0 0 0 0 0 0 0 0 0 0 0 0 0 0 0 0 0 0 0 0 0 0 0 0 0 0 0 0 0 0 0 0 0 0 0</row>
            <row>0 0 0 0 0 0 0 0 0 0 0 0 0 0 0 0 0 0 0 0 0 0 0 0 0 0 0 0 0 0 0 0 0 0 0 0 0 0 0 0 0 0 0 0 0 0 0 0 0 0 0 0 0 0 0 0 0 0 0 0 0 0 0 0</row>
            <row>0 0 0 0 0 0 0 0 0 0 0 0 0 0 0 0 0 0 0 0 0 0 0 0 0 0 0 0 0 0 0 0 0 0 0 0 0 0 0 0 0 0 0 0 0 0 0 0 0 0 0 0 0 0 0 0 0 0 0 0 0 0 0 0</row>
            <row>0 0 0 0 0 0 0 0 0 0 0 0 0 0 0 0 0 0 0 0 0 0 0 0 0 0 0 0 0 0 0 0 0 0 0 0 0 0 0 0 0 0 0 0 0 0 0 0 0 0 0 0 0 0 0 0 0 0 0 0 0 0 0 0</row>
            <row>0 0 0 0 0 0 0 0 0 0 0 0 0 0 0 0 0 0 0 0 0 0 0 0 0 0 0 0 0 0 0 0 0 0 0 0 0 0 0 0 0 0 0 0 0 0 0 0 0 0 0 0 0 0 0 0 0 0 0 0 0 0 0 0</row>
            <row>0 0 0 0 0 0 0 0 0 0 0 0 0 0 0 0 0 0 0 0 0 0 0 0 0 0 0 0 0 0 0 0 0 0 0 0 0 0 0 0 0 0 0 0 0 0 0 0 0 0 0 0 0 0 0 0 0 0 0 0 0 0 0 0</row>
            <row>0 0 0 0 0 0 0 0 0 0 0 0 0 0 0 0 0 0 0 0 0 0 0 0 0 0 0 0 0 0 0 0 0 0 0 0 0 0 0 0 0 0 0 0 0 0 0 0 0 0 0 0 0 0 0 0 0 0 0 0 0 0 0 0</row>
            <row>0 0 0 0 0 0 0 0 0 0 0 0 0 0 0 0 0 0 0 0 0 0 0 0 0 0 0 0 0 0 0 0 0 0 0 0 0 0 0 0 0 0 0 0 0 0 0 0 0 0 0 0 0 0 0 0 0 0 0 0 0 0 0 0</row>
            <row>0 0 0 0 0 0 0 0 0 0 0 0 0 0 0 0 0 0 0 0 0 0 0 0 0 0 0 0 0 0 0 0 0 0 0 0 0 0 0 0 0 0 0 0 0 0 0 0 0 0 0 0 0 0 0 0 0 0 0 0 0 0 0 0</row>
            <row>0 0 0 0 0 0 0 0 0 0 0 0 0 0 0 0 0 0 0 0 0 0 0 0 0 0 0 0 0 0 0 0 0 0 0 0 0 0 0 0 0 0 0 0 0 0 0 0 0 0 0 0 0 0 0 0 0 0 0 0 0 0 0 0</row>
            <row>0 0 0 0 0 0 0 0 0 0 0 0 0 0 0 0 0 0 0 0 0 0 0 0 0 0 0 0 0 0 0 0 0 0 0 0 0 0 0 0 0 0 0 0 0 0 0 0 0 0 0 0 0 0 0 0 0 0 0 0 0 0 0 0</row>
            <row>0 0 0 0 0 0 0 0 0 0 0 0 0 0 0 0 0 0 0 0 0 0 0 0 0 0 0 0 0 0 0 0 0 0 0 0 0 0 0 0 0 0 0 0 0 0 0 0 0 0 0 0 0 0 0 0 0 0 0 0 0 0 0 0</row>
        </grid>
    </map>
    <algorithm>
        <allowanyangle>true</allowanyangle>
        <metrictype>euclid</metrictype>
        <breakingties>g-max</breakingties>
        <weight>1</weight>
    </algorithm>
    <options>
        <loglevel>1</loglevel>
        <logpath />
        <logfilename />
    </options>
</root>
