<?xml version="1.0" ?>
<root>
    <map>
        <width>64</width>
        <height>64</height>
        <agents>200</agents>
        <startx number="0">9</startx>
        <starty number="0">18</starty>
        <finishx number="0">29</finishx>
        <finishy number="0">12</finishy>
        <startx number="1">18</startx>
        <starty number="1">54</starty>
        <finishx number="1">60</finishx>
        <finishy number="1">63</finishy>
        <startx number="2">22</startx>
        <starty number="2">54</starty>
        <finishx number="2">44</finishx>
        <finishy number="2">38</finishy>
        <startx number="3">32</startx>
        <starty number="3">49</starty>
        <finishx number="3">15</finishx>
        <finishy number="3">1</finishy>
        <startx number="4">35</startx>
        <starty number="4">27</starty>
        <finishx number="4">57</finishx>
        <finishy number="4">47</finishy>
        <startx number="5">25</startx>
        <starty number="5">53</starty>
        <finishx number="5">40</finishx>
        <finishy number="5">26</finishy>
        <startx number="6">52</startx>
        <starty number="6">38</starty>
        <finishx number="6">37</finishx>
        <finishy number="6">40</finishy>
        <startx number="7">16</startx>
        <starty number="7">22</starty>
        <finishx number="7">47</finishx>
        <finishy number="7">1</finishy>
        <startx number="8">31</startx>
        <starty number="8">30</starty>
        <finishx number="8">61</finishx>
        <finishy number="8">60</finishy>
        <startx number="9">35</startx>
        <starty number="9">40</starty>
        <finishx number="9">46</finishx>
        <finishy number="9">7</finishy>
        <startx number="10">9</startx>
        <starty number="10">5</starty>
        <finishx number="10">32</finishx>
        <finishy number="10">9</finishy>
        <startx number="11">61</startx>
        <starty number="11">31</starty>
        <finishx number="11">35</finishx>
        <finishy number="11">24</finishy>
        <startx number="12">40</startx>
        <starty number="12">56</starty>
        <finishx number="12">13</finishx>
        <finishy number="12">20</finishy>
        <startx number="13">25</startx>
        <starty number="13">58</starty>
        <finishx number="13">6</finishx>
        <finishy number="13">8</finishy>
        <startx number="14">58</startx>
        <starty number="14">58</starty>
        <finishx number="14">43</finishx>
        <finishy number="14">36</finishy>
        <startx number="15">47</startx>
        <starty number="15">38</starty>
        <finishx number="15">62</finishx>
        <finishy number="15">63</finishy>
        <startx number="16">41</startx>
        <starty number="16">7</starty>
        <finishx number="16">63</finishx>
        <finishy number="16">14</finishy>
        <startx number="17">30</startx>
        <starty number="17">46</starty>
        <finishx number="17">51</finishx>
        <finishy number="17">40</finishy>
        <startx number="18">44</startx>
        <starty number="18">42</starty>
        <finishx number="18">59</finishx>
        <finishy number="18">7</finishy>
        <startx number="19">53</startx>
        <starty number="19">16</starty>
        <finishx number="19">26</finishx>
        <finishy number="19">39</finishy>
        <startx number="20">4</startx>
        <starty number="20">5</starty>
        <finishx number="20">63</finishx>
        <finishy number="20">38</finishy>
        <startx number="21">48</startx>
        <starty number="21">6</starty>
        <finishx number="21">34</finishx>
        <finishy number="21">62</finishy>
        <startx number="22">51</startx>
        <starty number="22">43</starty>
        <finishx number="22">18</finishx>
        <finishy number="22">8</finishy>
        <startx number="23">14</startx>
        <starty number="23">6</starty>
        <finishx number="23">2</finishx>
        <finishy number="23">22</finishy>
        <startx number="24">32</startx>
        <starty number="24">54</starty>
        <finishx number="24">55</finishx>
        <finishy number="24">2</finishy>
        <startx number="25">51</startx>
        <starty number="25">51</starty>
        <finishx number="25">46</finishx>
        <finishy number="25">36</finishy>
        <startx number="26">29</startx>
        <starty number="26">7</starty>
        <finishx number="26">55</finishx>
        <finishy number="26">18</finishy>
        <startx number="27">22</startx>
        <starty number="27">59</starty>
        <finishx number="27">15</finishx>
        <finishy number="27">25</finishy>
        <startx number="28">39</startx>
        <starty number="28">2</starty>
        <finishx number="28">37</finishx>
        <finishy number="28">19</finishy>
        <startx number="29">27</startx>
        <starty number="29">23</starty>
        <finishx number="29">56</finishx>
        <finishy number="29">36</finishy>
        <startx number="30">0</startx>
        <starty number="30">6</starty>
        <finishx number="30">13</finishx>
        <finishy number="30">4</finishy>
        <startx number="31">8</startx>
        <starty number="31">2</starty>
        <finishx number="31">0</finishx>
        <finishy number="31">35</finishy>
        <startx number="32">10</startx>
        <starty number="32">50</starty>
        <finishx number="32">8</finishx>
        <finishy number="32">37</finishy>
        <startx number="33">57</startx>
        <starty number="33">39</starty>
        <finishx number="33">6</finishx>
        <finishy number="33">13</finishy>
        <startx number="34">19</startx>
        <starty number="34">27</starty>
        <finishx number="34">7</finishx>
        <finishy number="34">42</finishy>
        <startx number="35">37</startx>
        <starty number="35">11</starty>
        <finishx number="35">60</finishx>
        <finishy number="35">23</finishy>
        <startx number="36">26</startx>
        <starty number="36">10</starty>
        <finishx number="36">1</finishx>
        <finishy number="36">38</finishy>
        <startx number="37">6</startx>
        <starty number="37">3</starty>
        <finishx number="37">62</finishx>
        <finishy number="37">17</finishy>
        <startx number="38">23</startx>
        <starty number="38">21</starty>
        <finishx number="38">17</finishx>
        <finishy number="38">56</finishy>
        <startx number="39">9</startx>
        <starty number="39">31</starty>
        <finishx number="39">34</finishx>
        <finishy number="39">59</finishy>
        <startx number="40">58</startx>
        <starty number="40">50</starty>
        <finishx number="40">12</finishx>
        <finishy number="40">60</finishy>
        <startx number="41">11</startx>
        <starty number="41">39</starty>
        <finishx number="41">40</finishx>
        <finishy number="41">58</finishy>
        <startx number="42">53</startx>
        <starty number="42">18</starty>
        <finishx number="42">11</finishx>
        <finishy number="42">55</finishy>
        <startx number="43">21</startx>
        <starty number="43">51</starty>
        <finishx number="43">4</finishx>
        <finishy number="43">21</finishy>
        <startx number="44">16</startx>
        <starty number="44">43</starty>
        <finishx number="44">9</finishx>
        <finishy number="44">34</finishy>
        <startx number="45">46</startx>
        <starty number="45">11</starty>
        <finishx number="45">15</finishx>
        <finishy number="45">30</finishy>
        <startx number="46">5</startx>
        <starty number="46">18</starty>
        <finishx number="46">60</finishx>
        <finishy number="46">42</finishy>
        <startx number="47">23</startx>
        <starty number="47">61</starty>
        <finishx number="47">2</finishx>
        <finishy number="47">17</finishy>
        <startx number="48">46</startx>
        <starty number="48">34</starty>
        <finishx number="48">24</finishx>
        <finishy number="48">18</finishy>
        <startx number="49">41</startx>
        <starty number="49">45</starty>
        <finishx number="49">51</finishx>
        <finishy number="49">49</finishy>
        <startx number="50">7</startx>
        <starty number="50">55</starty>
        <finishx number="50">54</finishx>
        <finishy number="50">43</finishy>
        <startx number="51">14</startx>
        <starty number="51">49</starty>
        <finishx number="51">44</finishx>
        <finishy number="51">2</finishy>
        <startx number="52">5</startx>
        <starty number="52">53</starty>
        <finishx number="52">10</finishx>
        <finishy number="52">12</finishy>
        <startx number="53">29</startx>
        <starty number="53">60</starty>
        <finishx number="53">55</finishx>
        <finishy number="53">5</finishy>
        <startx number="54">48</startx>
        <starty number="54">28</starty>
        <finishx number="54">42</finishx>
        <finishy number="54">12</finishy>
        <startx number="55">44</startx>
        <starty number="55">33</starty>
        <finishx number="55">49</finishx>
        <finishy number="55">40</finishy>
        <startx number="56">47</startx>
        <starty number="56">60</starty>
        <finishx number="56">21</finishx>
        <finishy number="56">18</finishy>
        <startx number="57">53</startx>
        <starty number="57">45</starty>
        <finishx number="57">5</finishx>
        <finishy number="57">61</finishy>
        <startx number="58">39</startx>
        <starty number="58">43</starty>
        <finishx number="58">12</finishx>
        <finishy number="58">50</finishy>
        <startx number="59">15</startx>
        <starty number="59">63</starty>
        <finishx number="59">32</finishx>
        <finishy number="59">51</finishy>
        <startx number="60">53</startx>
        <starty number="60">13</starty>
        <finishx number="60">41</finishx>
        <finishy number="60">42</finishy>
        <startx number="61">18</startx>
        <starty number="61">3</starty>
        <finishx number="61">62</finishx>
        <finishy number="61">52</finishy>
        <startx number="62">8</startx>
        <starty number="62">26</starty>
        <finishx number="62">60</finishx>
        <finishy number="62">34</finishy>
        <startx number="63">14</startx>
        <starty number="63">12</starty>
        <finishx number="63">45</finishx>
        <finishy number="63">14</finishy>
        <startx number="64">6</startx>
        <starty number="64">37</starty>
        <finishx number="64">12</finishx>
        <finishy number="64">52</finishy>
        <startx number="65">3</startx>
        <starty number="65">27</starty>
        <finishx number="65">20</finishx>
        <finishy number="65">38</finishy>
        <startx number="66">29</startx>
        <starty number="66">44</starty>
        <finishx number="66">54</finishx>
        <finishy number="66">32</finishy>
        <startx number="67">23</startx>
        <starty number="67">2</starty>
        <finishx number="67">51</finishx>
        <finishy number="67">59</finishy>
        <startx number="68">27</startx>
        <starty number="68">63</starty>
        <finishx number="68">41</finishx>
        <finishy number="68">39</finishy>
        <startx number="69">51</startx>
        <starty number="69">54</starty>
        <finishx number="69">28</finishx>
        <finishy number="69">39</finishy>
        <startx number="70">60</startx>
        <starty number="70">52</starty>
        <finishx number="70">58</finishx>
        <finishy number="70">18</finishy>
        <startx number="71">17</startx>
        <starty number="71">60</starty>
        <finishx number="71">39</finishx>
        <finishy number="71">11</finishy>
        <startx number="72">3</startx>
        <starty number="72">40</starty>
        <finishx number="72">22</finishx>
        <finishy number="72">8</finishy>
        <startx number="73">53</startx>
        <starty number="73">5</starty>
        <finishx number="73">6</finishx>
        <finishy number="73">27</finishy>
        <startx number="74">50</startx>
        <starty number="74">3</starty>
        <finishx number="74">40</finishx>
        <finishy number="74">47</finishy>
        <startx number="75">34</startx>
        <starty number="75">49</starty>
        <finishx number="75">11</finishx>
        <finishy number="75">15</finishy>
        <startx number="76">53</startx>
        <starty number="76">24</starty>
        <finishx number="76">45</finishx>
        <finishy number="76">4</finishy>
        <startx number="77">57</startx>
        <starty number="77">55</starty>
        <finishx number="77">59</finishx>
        <finishy number="77">39</finishy>
        <startx number="78">0</startx>
        <starty number="78">33</starty>
        <finishx number="78">61</finishx>
        <finishy number="78">12</finishy>
        <startx number="79">37</startx>
        <starty number="79">37</starty>
        <finishx number="79">63</finishx>
        <finishy number="79">28</finishy>
        <startx number="80">43</startx>
        <starty number="80">45</starty>
        <finishx number="80">53</finishx>
        <finishy number="80">48</finishy>
        <startx number="81">8</startx>
        <starty number="81">10</starty>
        <finishx number="81">10</finishx>
        <finishy number="81">2</finishy>
        <startx number="82">24</startx>
        <starty number="82">37</starty>
        <finishx number="82">50</finishx>
        <finishy number="82">46</finishy>
        <startx number="83">4</startx>
        <starty number="83">48</starty>
        <finishx number="83">41</finishx>
        <finishy number="83">18</finishy>
        <startx number="84">56</startx>
        <starty number="84">21</starty>
        <finishx number="84">49</finishx>
        <finishy number="84">35</finishy>
        <startx number="85">53</startx>
        <starty number="85">26</starty>
        <finishx number="85">33</finishx>
        <finishy number="85">14</finishy>
        <startx number="86">13</startx>
        <starty number="86">23</starty>
        <finishx number="86">53</finishx>
        <finishy number="86">53</finishy>
        <startx number="87">0</startx>
        <starty number="87">30</starty>
        <finishx number="87">14</finishx>
        <finishy number="87">33</finishy>
        <startx number="88">1</startx>
        <starty number="88">62</starty>
        <finishx number="88">55</finishx>
        <finishy number="88">45</finishy>
        <startx number="89">51</startx>
        <starty number="89">30</starty>
        <finishx number="89">14</finishx>
        <finishy number="89">17</finishy>
        <startx number="90">52</startx>
        <starty number="90">3</starty>
        <finishx number="90">25</finishx>
        <finishy number="90">42</finishy>
        <startx number="91">30</startx>
        <starty number="91">23</starty>
        <finishx number="91">28</finishx>
        <finishy number="91">21</finishy>
        <startx number="92">1</startx>
        <starty number="92">49</starty>
        <finishx number="92">48</finishx>
        <finishy number="92">62</finishy>
        <startx number="93">28</startx>
        <starty number="93">58</starty>
        <finishx number="93">57</finishx>
        <finishy number="93">42</finishy>
        <startx number="94">2</startx>
        <starty number="94">43</starty>
        <finishx number="94">18</finishx>
        <finishy number="94">62</finishy>
        <startx number="95">23</startx>
        <starty number="95">32</starty>
        <finishx number="95">20</finishx>
        <finishy number="95">0</finishy>
        <startx number="96">55</startx>
        <starty number="96">10</starty>
        <finishx number="96">32</finishx>
        <finishy number="96">22</finishy>
        <startx number="97">62</startx>
        <starty number="97">41</starty>
        <finishx number="97">37</finishx>
        <finishy number="97">14</finishy>
        <startx number="98">13</startx>
        <starty number="98">39</starty>
        <finishx number="98">35</finishx>
        <finishy number="98">53</finishy>
        <startx number="99">45</startx>
        <starty number="99">63</starty>
        <finishx number="99">16</finishx>
        <finishy number="99">52</finishy>
        <startx number="100">28</startx>
        <starty number="100">15</starty>
        <finishx number="100">22</finishx>
        <finishy number="100">40</finishy>
        <startx number="101">9</startx>
        <starty number="101">47</starty>
        <finishx number="101">27</finishx>
        <finishy number="101">52</finishy>
        <startx number="102">9</startx>
        <starty number="102">39</starty>
        <finishx number="102">62</finishx>
        <finishy number="102">49</finishy>
        <startx number="103">41</startx>
        <starty number="103">28</starty>
        <finishx number="103">25</finishx>
        <finishy number="103">21</finishy>
        <startx number="104">2</startx>
        <starty number="104">24</starty>
        <finishx number="104">44</finishx>
        <finishy number="104">20</finishy>
        <startx number="105">47</startx>
        <starty number="105">44</starty>
        <finishx number="105">37</finishx>
        <finishy number="105">24</finishy>
        <startx number="106">2</startx>
        <starty number="106">14</starty>
        <finishx number="106">23</finishx>
        <finishy number="106">16</finishy>
        <startx number="107">47</startx>
        <starty number="107">3</starty>
        <finishx number="107">53</finishx>
        <finishy number="107">59</finishy>
        <startx number="108">27</startx>
        <starty number="108">4</starty>
        <finishx number="108">17</finishx>
        <finishy number="108">40</finishy>
        <startx number="109">59</startx>
        <starty number="109">47</starty>
        <finishx number="109">27</finishx>
        <finishy number="109">18</finishy>
        <startx number="110">49</startx>
        <starty number="110">54</starty>
        <finishx number="110">39</finishx>
        <finishy number="110">32</finishy>
        <startx number="111">4</startx>
        <starty number="111">14</starty>
        <finishx number="111">12</finishx>
        <finishy number="111">42</finishy>
        <startx number="112">57</startx>
        <starty number="112">23</starty>
        <finishx number="112">31</finishx>
        <finishy number="112">38</finishy>
        <startx number="113">3</startx>
        <starty number="113">3</starty>
        <finishx number="113">10</finishx>
        <finishy number="113">10</finishy>
        <startx number="114">16</startx>
        <starty number="114">46</starty>
        <finishx number="114">60</finishx>
        <finishy number="114">4</finishy>
        <startx number="115">17</startx>
        <starty number="115">35</starty>
        <finishx number="115">46</finishx>
        <finishy number="115">25</finishy>
        <startx number="116">43</startx>
        <starty number="116">7</starty>
        <finishx number="116">41</finishx>
        <finishy number="116">5</finishy>
        <startx number="117">29</startx>
        <starty number="117">36</starty>
        <finishx number="117">42</finishx>
        <finishy number="117">2</finishy>
        <startx number="118">0</startx>
        <starty number="118">17</starty>
        <finishx number="118">24</finishx>
        <finishy number="118">56</finishy>
        <startx number="119">57</startx>
        <starty number="119">28</starty>
        <finishx number="119">2</finishx>
        <finishy number="119">51</finishy>
        <startx number="120">13</startx>
        <starty number="120">28</starty>
        <finishx number="120">24</finishx>
        <finishy number="120">40</finishy>
        <startx number="121">49</startx>
        <starty number="121">59</starty>
        <finishx number="121">19</finishx>
        <finishy number="121">43</finishy>
        <startx number="122">52</startx>
        <starty number="122">21</starty>
        <finishx number="122">62</finishx>
        <finishy number="122">1</finishy>
        <startx number="123">21</startx>
        <starty number="123">24</starty>
        <finishx number="123">6</finishx>
        <finishy number="123">21</finishy>
        <startx number="124">5</startx>
        <starty number="124">29</starty>
        <finishx number="124">0</finishx>
        <finishy number="124">4</finishy>
        <startx number="125">9</startx>
        <starty number="125">63</starty>
        <finishx number="125">6</finishx>
        <finishy number="125">40</finishy>
        <startx number="126">59</startx>
        <starty number="126">31</starty>
        <finishx number="126">41</finishx>
        <finishy number="126">50</finishy>
        <startx number="127">4</startx>
        <starty number="127">45</starty>
        <finishx number="127">58</finishx>
        <finishy number="127">15</finishy>
        <startx number="128">23</startx>
        <starty number="128">47</starty>
        <finishx number="128">18</finishx>
        <finishy number="128">25</finishy>
        <startx number="129">56</startx>
        <starty number="129">7</starty>
        <finishx number="129">49</finishx>
        <finishy number="129">19</finishy>
        <startx number="130">0</startx>
        <starty number="130">0</starty>
        <finishx number="130">46</finishx>
        <finishy number="130">23</finishy>
        <startx number="131">27</startx>
        <starty number="131">47</starty>
        <finishx number="131">57</finishx>
        <finishy number="131">2</finishy>
        <startx number="132">3</startx>
        <starty number="132">0</starty>
        <finishx number="132">37</finishx>
        <finishy number="132">5</finishy>
        <startx number="133">46</startx>
        <starty number="133">31</starty>
        <finishx number="133">39</finishx>
        <finishy number="133">21</finishy>
        <startx number="134">31</startx>
        <starty number="134">19</starty>
        <finishx number="134">55</finishx>
        <finishy number="134">61</finishy>
        <startx number="135">56</startx>
        <starty number="135">32</starty>
        <finishx number="135">47</finishx>
        <finishy number="135">55</finishy>
        <startx number="136">36</startx>
        <starty number="136">51</starty>
        <finishx number="136">63</finishx>
        <finishy number="136">25</finishy>
        <startx number="137">0</startx>
        <starty number="137">22</starty>
        <finishx number="137">2</finishx>
        <finishy number="137">30</finishy>
        <startx number="138">36</startx>
        <starty number="138">56</starty>
        <finishx number="138">21</finishx>
        <finishy number="138">26</finishy>
        <startx number="139">37</startx>
        <starty number="139">61</starty>
        <finishx number="139">7</finishx>
        <finishy number="139">19</finishy>
        <startx number="140">31</startx>
        <starty number="140">14</starty>
        <finishx number="140">5</finishx>
        <finishy number="140">43</finishy>
        <startx number="141">29</startx>
        <starty number="141">18</starty>
        <finishx number="141">58</finishx>
        <finishy number="141">26</finishy>
        <startx number="142">4</startx>
        <starty number="142">35</starty>
        <finishx number="142">35</finishx>
        <finishy number="142">16</finishy>
        <startx number="143">52</startx>
        <starty number="143">56</starty>
        <finishx number="143">13</finishx>
        <finishy number="143">36</finishy>
        <startx number="144">24</startx>
        <starty number="144">26</starty>
        <finishx number="144">54</finishx>
        <finishy number="144">0</finishy>
        <startx number="145">42</startx>
        <starty number="145">55</starty>
        <finishx number="145">11</finishx>
        <finishy number="145">28</finishy>
        <startx number="146">32</startx>
        <starty number="146">11</starty>
        <finishx number="146">24</finishx>
        <finishy number="146">13</finishy>
        <startx number="147">27</startx>
        <starty number="147">12</starty>
        <finishx number="147">34</finishx>
        <finishy number="147">30</finishy>
        <startx number="148">20</startx>
        <starty number="148">59</starty>
        <finishx number="148">24</finishx>
        <finishy number="148">5</finishy>
        <startx number="149">20</startx>
        <starty number="149">45</starty>
        <finishx number="149">46</finishx>
        <finishy number="149">20</finishy>
        <startx number="150">11</startx>
        <starty number="150">21</starty>
        <finishx number="150">4</finishx>
        <finishy number="150">11</finishy>
        <startx number="151">42</startx>
        <starty number="151">58</starty>
        <finishx number="151">57</finishx>
        <finishy number="151">13</finishy>
        <startx number="152">11</startx>
        <starty number="152">31</starty>
        <finishx number="152">26</finishx>
        <finishy number="152">60</finishy>
        <startx number="153">37</startx>
        <starty number="153">3</starty>
        <finishx number="153">42</finishx>
        <finishy number="153">31</finishy>
        <startx number="154">33</startx>
        <starty number="154">27</starty>
        <finishx number="154">6</finishx>
        <finishy number="154">58</finishy>
        <startx number="155">38</startx>
        <starty number="155">45</starty>
        <finishx number="155">8</finishx>
        <finishy number="155">21</finishy>
        <startx number="156">33</startx>
        <starty number="156">6</starty>
        <finishx number="156">31</finishx>
        <finishy number="156">60</finishy>
        <startx number="157">13</startx>
        <starty number="157">25</starty>
        <finishx number="157">44</finishx>
        <finishy number="157">10</finishy>
        <startx number="158">48</startx>
        <starty number="158">57</starty>
        <finishx number="158">23</finishx>
        <finishy number="158">10</finishy>
        <startx number="159">35</startx>
        <starty number="159">46</starty>
        <finishx number="159">18</finishx>
        <finishy number="159">38</finishy>
        <startx number="160">41</startx>
        <starty number="160">0</starty>
        <finishx number="160">26</finishx>
        <finishy number="160">26</finishy>
        <startx number="161">61</startx>
        <starty number="161">47</starty>
        <finishx number="161">9</finishx>
        <finishy number="161">44</finishy>
        <startx number="162">52</startx>
        <starty number="162">62</starty>
        <finishx number="162">49</finishx>
        <finishy number="162">24</finishy>
        <startx number="163">37</startx>
        <starty number="163">35</starty>
        <finishx number="163">62</finishx>
        <finishy number="163">7</finishy>
        <startx number="164">37</startx>
        <starty number="164">0</starty>
        <finishx number="164">55</finishx>
        <finishy number="164">16</finishy>
        <startx number="165">63</startx>
        <starty number="165">31</starty>
        <finishx number="165">16</finishx>
        <finishy number="165">27</finishy>
        <startx number="166">7</startx>
        <starty number="166">50</starty>
        <finishx number="166">20</finishx>
        <finishy number="166">48</finishy>
        <startx number="167">43</startx>
        <starty number="167">23</starty>
        <finishx number="167">28</finishx>
        <finishy number="167">55</finishy>
        <startx number="168">44</startx>
        <starty number="168">26</starty>
        <finishx number="168">10</finishx>
        <finishy number="168">58</finishy>
        <startx number="169">24</startx>
        <starty number="169">0</starty>
        <finishx number="169">49</finishx>
        <finishy number="169">38</finishy>
        <startx number="170">1</startx>
        <starty number="170">57</starty>
        <finishx number="170">11</finishx>
        <finishy number="170">34</finishy>
        <startx number="171">6</startx>
        <starty number="171">32</starty>
        <finishx number="171">54</finishx>
        <finishy number="171">51</finishy>
        <startx number="172">33</startx>
        <starty number="172">46</starty>
        <finishx number="172">35</finishx>
        <finishy number="172">35</finishy>
        <startx number="173">6</startx>
        <starty number="173">10</starty>
        <finishx number="173">33</finishx>
        <finishy number="173">33</finishy>
        <startx number="174">47</startx>
        <starty number="174">41</starty>
        <finishx number="174">51</finishx>
        <finishy number="174">8</finishy>
        <startx number="175">35</startx>
        <starty number="175">22</starty>
        <finishx number="175">13</finishx>
        <finishy number="175">15</finishy>
        <startx number="176">50</startx>
        <starty number="176">33</starty>
        <finishx number="176">15</finishx>
        <finishy number="176">20</finishy>
        <startx number="177">32</startx>
        <starty number="177">41</starty>
        <finishx number="177">60</finishx>
        <finishy number="177">17</finishy>
        <startx number="178">8</startx>
        <starty number="178">0</starty>
        <finishx number="178">0</finishx>
        <finishy number="178">54</finishy>
        <startx number="179">11</startx>
        <starty number="179">44</starty>
        <finishx number="179">16</finishx>
        <finishy number="179">38</finishy>
        <startx number="180">34</startx>
        <starty number="180">3</starty>
        <finishx number="180">43</finishx>
        <finishy number="180">5</finishy>
        <startx number="181">60</startx>
        <starty number="181">20</starty>
        <finishx number="181">29</finishx>
        <finishy number="181">41</finishy>
        <startx number="182">53</startx>
        <starty number="182">35</starty>
        <finishx number="182">46</finishx>
        <finishy number="182">17</finishy>
        <startx number="183">19</startx>
        <starty number="183">19</starty>
        <finishx number="183">51</finishx>
        <finishy number="183">11</finishy>
        <startx number="184">27</startx>
        <starty number="184">7</starty>
        <finishx number="184">63</finishx>
        <finishy number="184">22</finishy>
        <startx number="185">41</startx>
        <starty number="185">15</starty>
        <finishx number="185">21</finishx>
        <finishy number="185">35</finishy>
        <startx number="186">13</startx>
        <starty number="186">63</starty>
        <finishx number="186">44</finishx>
        <finishy number="186">60</finishy>
        <startx number="187">39</startx>
        <starty number="187">0</starty>
        <finishx number="187">37</finishx>
        <finishy number="187">43</finishy>
        <startx number="188">37</startx>
        <starty number="188">30</starty>
        <finishx number="188">22</finishx>
        <finishy number="188">6</finishy>
        <startx number="189">39</startx>
        <starty number="189">16</starty>
        <finishx number="189">16</finishx>
        <finishy number="189">49</finishy>
        <startx number="190">48</startx>
        <starty number="190">9</starty>
        <finishx number="190">2</finishx>
        <finishy number="190">59</finishy>
        <startx number="191">33</startx>
        <starty number="191">38</starty>
        <finishx number="191">2</finishx>
        <finishy number="191">19</finishy>
        <startx number="192">3</startx>
        <starty number="192">62</starty>
        <finishx number="192">39</finishx>
        <finishy number="192">40</finishy>
        <startx number="193">27</startx>
        <starty number="193">34</starty>
        <finishx number="193">0</finishx>
        <finishy number="193">9</finishy>
        <startx number="194">18</startx>
        <starty number="194">14</starty>
        <finishx number="194">10</finishx>
        <finishy number="194">37</finishy>
        <startx number="195">38</startx>
        <starty number="195">55</starty>
        <finishx number="195">27</finishx>
        <finishy number="195">50</finishy>
        <startx number="196">45</startx>
        <starty number="196">44</starty>
        <finishx number="196">41</finishx>
        <finishy number="196">10</finishy>
        <startx number="197">50</startx>
        <starty number="197">17</starty>
        <finishx number="197">29</finishx>
        <finishy number="197">49</finishy>
        <startx number="198">25</startx>
        <starty number="198">15</starty>
        <finishx number="198">41</finishx>
        <finishy number="198">36</finishy>
        <startx number="199">20</startx>
        <starty number="199">13</starty>
        <finishx number="199">5</finishx>
        <finishy number="199">50</finishy>
        <grid>
            <row>0 0 0 0 0 0 0 0 0 0 0 0 0 0 0 0 0 0 0 0 0 0 0 0 0 0 0 0 0 0 0 0 0 0 0 0 0 0 0 0 0 0 0 0 0 0 0 0 0 0 0 0 0 0 0 0 0 0 0 0 0 0 0 0</row>
            <row>0 0 0 0 0 0 0 0 0 0 0 0 0 0 0 0 0 0 0 0 0 0 0 0 0 0 0 0 0 0 0 0 0 0 0 0 0 0 0 0 0 0 0 0 0 0 0 0 0 0 0 0 0 0 0 0 0 0 0 0 0 0 0 0</row>
            <row>0 0 0 0 0 0 0 0 0 0 0 0 0 0 0 0 0 0 0 0 0 0 0 0 0 0 0 0 0 0 0 0 0 0 0 0 0 0 0 0 0 0 0 0 0 0 0 0 0 0 0 0 0 0 0 0 0 0 0 0 0 0 0 0</row>
            <row>0 0 0 0 0 0 0 0 0 0 0 0 0 0 0 0 0 0 0 0 0 0 0 0 0 0 0 0 0 0 0 0 0 0 0 0 0 0 0 0 0 0 0 0 0 0 0 0 0 0 0 0 0 0 0 0 0 0 0 0 0 0 0 0</row>
            <row>0 0 0 0 0 0 0 0 0 0 0 0 0 0 0 0 0 0 0 0 0 0 0 0 0 0 0 0 0 0 0 0 0 0 0 0 0 0 0 0 0 0 0 0 0 0 0 0 0 0 0 0 0 0 0 0 0 0 0 0 0 0 0 0</row>
            <row>0 0 0 0 0 0 0 0 0 0 0 0 0 0 0 0 0 0 0 0 0 0 0 0 0 0 0 0 0 0 0 0 0 0 0 0 0 0 0 0 0 0 0 0 0 0 0 0 0 0 0 0 0 0 0 0 0 0 0 0 0 0 0 0</row>
            <row>0 0 0 0 0 0 0 0 0 0 0 0 0 0 0 0 0 0 0 0 0 0 0 0 0 0 0 0 0 0 0 0 0 0 0 0 0 0 0 0 0 0 0 0 0 0 0 0 0 0 0 0 0 0 0 0 0 0 0 0 0 0 0 0</row>
            <row>0 0 0 0 0 0 0 0 0 0 0 0 0 0 0 0 0 0 0 0 0 0 0 0 0 0 0 0 0 0 0 0 0 0 0 0 0 0 0 0 0 0 0 0 0 0 0 0 0 0 0 0 0 0 0 0 0 0 0 0 0 0 0 0</row>
            <row>0 0 0 0 0 0 0 0 0 0 0 0 0 0 0 0 0 0 0 0 0 0 0 0 0 0 0 0 0 0 0 0 0 0 0 0 0 0 0 0 0 0 0 0 0 0 0 0 0 0 0 0 0 0 0 0 0 0 0 0 0 0 0 0</row>
            <row>0 0 0 0 0 0 0 0 0 0 0 0 0 0 0 0 0 0 0 0 0 0 0 0 0 0 0 0 0 0 0 0 0 0 0 0 0 0 0 0 0 0 0 0 0 0 0 0 0 0 0 0 0 0 0 0 0 0 0 0 0 0 0 0</row>
            <row>0 0 0 0 0 0 0 0 0 0 0 0 0 0 0 0 0 0 0 0 0 0 0 0 0 0 0 0 0 0 0 0 0 0 0 0 0 0 0 0 0 0 0 0 0 0 0 0 0 0 0 0 0 0 0 0 0 0 0 0 0 0 0 0</row>
            <row>0 0 0 0 0 0 0 0 0 0 0 0 0 0 0 0 0 0 0 0 0 0 0 0 0 0 0 0 0 0 0 0 0 0 0 0 0 0 0 0 0 0 0 0 0 0 0 0 0 0 0 0 0 0 0 0 0 0 0 0 0 0 0 0</row>
            <row>0 0 0 0 0 0 0 0 0 0 0 0 0 0 0 0 0 0 0 0 0 0 0 0 0 0 0 0 0 0 0 0 0 0 0 0 0 0 0 0 0 0 0 0 0 0 0 0 0 0 0 0 0 0 0 0 0 0 0 0 0 0 0 0</row>
            <row>0 0 0 0 0 0 0 0 0 0 0 0 0 0 0 0 0 0 0 0 0 0 0 0 0 0 0 0 0 0 0 0 0 0 0 0 0 0 0 0 0 0 0 0 0 0 0 0 0 0 0 0 0 0 0 0 0 0 0 0 0 0 0 0</row>
            <row>0 0 0 0 0 0 0 0 0 0 0 0 0 0 0 0 0 0 0 0 0 0 0 0 0 0 0 0 0 0 0 0 0 0 0 0 0 0 0 0 0 0 0 0 0 0 0 0 0 0 0 0 0 0 0 0 0 0 0 0 0 0 0 0</row>
            <row>0 0 0 0 0 0 0 0 0 0 0 0 0 0 0 0 0 0 0 0 0 0 0 0 0 0 0 0 0 0 0 0 0 0 0 0 0 0 0 0 0 0 0 0 0 0 0 0 0 0 0 0 0 0 0 0 0 0 0 0 0 0 0 0</row>
            <row>0 0 0 0 0 0 0 0 0 0 0 0 0 0 0 0 0 0 0 0 0 0 0 0 0 0 0 0 0 0 0 0 0 0 0 0 0 0 0 0 0 0 0 0 0 0 0 0 0 0 0 0 0 0 0 0 0 0 0 0 0 0 0 0</row>
            <row>0 0 0 0 0 0 0 0 0 0 0 0 0 0 0 0 0 0 0 0 0 0 0 0 0 0 0 0 0 0 0 0 0 0 0 0 0 0 0 0 0 0 0 0 0 0 0 0 0 0 0 0 0 0 0 0 0 0 0 0 0 0 0 0</row>
            <row>0 0 0 0 0 0 0 0 0 0 0 0 0 0 0 0 0 0 0 0 0 0 0 0 0 0 0 0 0 0 0 0 0 0 0 0 0 0 0 0 0 0 0 0 0 0 0 0 0 0 0 0 0 0 0 0 0 0 0 0 0 0 0 0</row>
            <row>0 0 0 0 0 0 0 0 0 0 0 0 0 0 0 0 0 0 0 0 0 0 0 0 0 0 0 0 0 0 0 0 0 0 0 0 0 0 0 0 0 0 0 0 0 0 0 0 0 0 0 0 0 0 0 0 0 0 0 0 0 0 0 0</row>
            <row>0 0 0 0 0 0 0 0 0 0 0 0 0 0 0 0 0 0 0 0 0 0 0 0 0 0 0 0 0 0 0 0 0 0 0 0 0 0 0 0 0 0 0 0 0 0 0 0 0 0 0 0 0 0 0 0 0 0 0 0 0 0 0 0</row>
            <row>0 0 0 0 0 0 0 0 0 0 0 0 0 0 0 0 0 0 0 0 0 0 0 0 0 0 0 0 0 0 0 0 0 0 0 0 0 0 0 0 0 0 0 0 0 0 0 0 0 0 0 0 0 0 0 0 0 0 0 0 0 0 0 0</row>
            <row>0 0 0 0 0 0 0 0 0 0 0 0 0 0 0 0 0 0 0 0 0 0 0 0 0 0 0 0 0 0 0 0 0 0 0 0 0 0 0 0 0 0 0 0 0 0 0 0 0 0 0 0 0 0 0 0 0 0 0 0 0 0 0 0</row>
            <row>0 0 0 0 0 0 0 0 0 0 0 0 0 0 0 0 0 0 0 0 0 0 0 0 0 0 0 0 0 0 0 0 0 0 0 0 0 0 0 0 0 0 0 0 0 0 0 0 0 0 0 0 0 0 0 0 0 0 0 0 0 0 0 0</row>
            <row>0 0 0 0 0 0 0 0 0 0 0 0 0 0 0 0 0 0 0 0 0 0 0 0 0 0 0 0 0 0 0 0 0 0 0 0 0 0 0 0 0 0 0 0 0 0 0 0 0 0 0 0 0 0 0 0 0 0 0 0 0 0 0 0</row>
            <row>0 0 0 0 0 0 0 0 0 0 0 0 0 0 0 0 0 0 0 0 0 0 0 0 0 0 0 0 0 0 0 0 0 0 0 0 0 0 0 0 0 0 0 0 0 0 0 0 0 0 0 0 0 0 0 0 0 0 0 0 0 0 0 0</row>
            <row>0 0 0 0 0 0 0 0 0 0 0 0 0 0 0 0 0 0 0 0 0 0 0 0 0 0 0 0 0 0 0 0 0 0 0 0 0 0 0 0 0 0 0 0 0 0 0 0 0 0 0 0 0 0 0 0 0 0 0 0 0 0 0 0</row>
            <row>0 0 0 0 0 0 0 0 0 0 0 0 0 0 0 0 0 0 0 0 0 0 0 0 0 0 0 0 0 0 0 0 0 0 0 0 0 0 0 0 0 0 0 0 0 0 0 0 0 0 0 0 0 0 0 0 0 0 0 0 0 0 0 0</row>
            <row>0 0 0 0 0 0 0 0 0 0 0 0 0 0 0 0 0 0 0 0 0 0 0 0 0 0 0 0 0 0 0 0 0 0 0 0 0 0 0 0 0 0 0 0 0 0 0 0 0 0 0 0 0 0 0 0 0 0 0 0 0 0 0 0</row>
            <row>0 0 0 0 0 0 0 0 0 0 0 0 0 0 0 0 0 0 0 0 0 0 0 0 0 0 0 0 0 0 0 0 0 0 0 0 0 0 0 0 0 0 0 0 0 0 0 0 0 0 0 0 0 0 0 0 0 0 0 0 0 0 0 0</row>
            <row>0 0 0 0 0 0 0 0 0 0 0 0 0 0 0 0 0 0 0 0 0 0 0 0 0 0 0 0 0 0 0 0 0 0 0 0 0 0 0 0 0 0 0 0 0 0 0 0 0 0 0 0 0 0 0 0 0 0 0 0 0 0 0 0</row>
            <row>0 0 0 0 0 0 0 0 0 0 0 0 0 0 0 0 0 0 0 0 0 0 0 0 0 0 0 0 0 0 0 0 0 0 0 0 0 0 0 0 0 0 0 0 0 0 0 0 0 0 0 0 0 0 0 0 0 0 0 0 0 0 0 0</row>
            <row>0 0 0 0 0 0 0 0 0 0 0 0 0 0 0 0 0 0 0 0 0 0 0 0 0 0 0 0 0 0 0 0 0 0 0 0 0 0 0 0 0 0 0 0 0 0 0 0 0 0 0 0 0 0 0 0 0 0 0 0 0 0 0 0</row>
            <row>0 0 0 0 0 0 0 0 0 0 0 0 0 0 0 0 0 0 0 0 0 0 0 0 0 0 0 0 0 0 0 0 0 0 0 0 0 0 0 0 0 0 0 0 0 0 0 0 0 0 0 0 0 0 0 0 0 0 0 0 0 0 0 0</row>
            <row>0 0 0 0 0 0 0 0 0 0 0 0 0 0 0 0 0 0 0 0 0 0 0 0 0 0 0 0 0 0 0 0 0 0 0 0 0 0 0 0 0 0 0 0 0 0 0 0 0 0 0 0 0 0 0 0 0 0 0 0 0 0 0 0</row>
            <row>0 0 0 0 0 0 0 0 0 0 0 0 0 0 0 0 0 0 0 0 0 0 0 0 0 0 0 0 0 0 0 0 0 0 0 0 0 0 0 0 0 0 0 0 0 0 0 0 0 0 0 0 0 0 0 0 0 0 0 0 0 0 0 0</row>
            <row>0 0 0 0 0 0 0 0 0 0 0 0 0 0 0 0 0 0 0 0 0 0 0 0 0 0 0 0 0 0 0 0 0 0 0 0 0 0 0 0 0 0 0 0 0 0 0 0 0 0 0 0 0 0 0 0 0 0 0 0 0 0 0 0</row>
            <row>0 0 0 0 0 0 0 0 0 0 0 0 0 0 0 0 0 0 0 0 0 0 0 0 0 0 0 0 0 0 0 0 0 0 0 0 0 0 0 0 0 0 0 0 0 0 0 0 0 0 0 0 0 0 0 0 0 0 0 0 0 0 0 0</row>
            <row>0 0 0 0 0 0 0 0 0 0 0 0 0 0 0 0 0 0 0 0 0 0 0 0 0 0 0 0 0 0 0 0 0 0 0 0 0 0 0 0 0 0 0 0 0 0 0 0 0 0 0 0 0 0 0 0 0 0 0 0 0 0 0 0</row>
            <row>0 0 0 0 0 0 0 0 0 0 0 0 0 0 0 0 0 0 0 0 0 0 0 0 0 0 0 0 0 0 0 0 0 0 0 0 0 0 0 0 0 0 0 0 0 0 0 0 0 0 0 0 0 0 0 0 0 0 0 0 0 0 0 0</row>
            <row>0 0 0 0 0 0 0 0 0 0 0 0 0 0 0 0 0 0 0 0 0 0 0 0 0 0 0 0 0 0 0 0 0 0 0 0 0 0 0 0 0 0 0 0 0 0 0 0 0 0 0 0 0 0 0 0 0 0 0 0 0 0 0 0</row>
            <row>0 0 0 0 0 0 0 0 0 0 0 0 0 0 0 0 0 0 0 0 0 0 0 0 0 0 0 0 0 0 0 0 0 0 0 0 0 0 0 0 0 0 0 0 0 0 0 0 0 0 0 0 0 0 0 0 0 0 0 0 0 0 0 0</row>
            <row>0 0 0 0 0 0 0 0 0 0 0 0 0 0 0 0 0 0 0 0 0 0 0 0 0 0 0 0 0 0 0 0 0 0 0 0 0 0 0 0 0 0 0 0 0 0 0 0 0 0 0 0 0 0 0 0 0 0 0 0 0 0 0 0</row>
            <row>0 0 0 0 0 0 0 0 0 0 0 0 0 0 0 0 0 0 0 0 0 0 0 0 0 0 0 0 0 0 0 0 0 0 0 0 0 0 0 0 0 0 0 0 0 0 0 0 0 0 0 0 0 0 0 0 0 0 0 0 0 0 0 0</row>
            <row>0 0 0 0 0 0 0 0 0 0 0 0 0 0 0 0 0 0 0 0 0 0 0 0 0 0 0 0 0 0 0 0 0 0 0 0 0 0 0 0 0 0 0 0 0 0 0 0 0 0 0 0 0 0 0 0 0 0 0 0 0 0 0 0</row>
            <row>0 0 0 0 0 0 0 0 0 0 0 0 0 0 0 0 0 0 0 0 0 0 0 0 0 0 0 0 0 0 0 0 0 0 0 0 0 0 0 0 0 0 0 0 0 0 0 0 0 0 0 0 0 0 0 0 0 0 0 0 0 0 0 0</row>
            <row>0 0 0 0 0 0 0 0 0 0 0 0 0 0 0 0 0 0 0 0 0 0 0 0 0 0 0 0 0 0 0 0 0 0 0 0 0 0 0 0 0 0 0 0 0 0 0 0 0 0 0 0 0 0 0 0 0 0 0 0 0 0 0 0</row>
            <row>0 0 0 0 0 0 0 0 0 0 0 0 0 0 0 0 0 0 0 0 0 0 0 0 0 0 0 0 0 0 0 0 0 0 0 0 0 0 0 0 0 0 0 0 0 0 0 0 0 0 0 0 0 0 0 0 0 0 0 0 0 0 0 0</row>
            <row>0 0 0 0 0 0 0 0 0 0 0 0 0 0 0 0 0 0 0 0 0 0 0 0 0 0 0 0 0 0 0 0 0 0 0 0 0 0 0 0 0 0 0 0 0 0 0 0 0 0 0 0 0 0 0 0 0 0 0 0 0 0 0 0</row>
            <row>0 0 0 0 0 0 0 0 0 0 0 0 0 0 0 0 0 0 0 0 0 0 0 0 0 0 0 0 0 0 0 0 0 0 0 0 0 0 0 0 0 0 0 0 0 0 0 0 0 0 0 0 0 0 0 0 0 0 0 0 0 0 0 0</row>
            <row>0 0 0 0 0 0 0 0 0 0 0 0 0 0 0 0 0 0 0 0 0 0 0 0 0 0 0 0 0 0 0 0 0 0 0 0 0 0 0 0 0 0 0 0 0 0 0 0 0 0 0 0 0 0 0 0 0 0 0 0 0 0 0 0</row>
            <row>0 0 0 0 0 0 0 0 0 0 0 0 0 0 0 0 0 0 0 0 0 0 0 0 0 0 0 0 0 0 0 0 0 0 0 0 0 0 0 0 0 0 0 0 0 0 0 0 0 0 0 0 0 0 0 0 0 0 0 0 0 0 0 0</row>
            <row>0 0 0 0 0 0 0 0 0 0 0 0 0 0 0 0 0 0 0 0 0 0 0 0 0 0 0 0 0 0 0 0 0 0 0 0 0 0 0 0 0 0 0 0 0 0 0 0 0 0 0 0 0 0 0 0 0 0 0 0 0 0 0 0</row>
            <row>0 0 0 0 0 0 0 0 0 0 0 0 0 0 0 0 0 0 0 0 0 0 0 0 0 0 0 0 0 0 0 0 0 0 0 0 0 0 0 0 0 0 0 0 0 0 0 0 0 0 0 0 0 0 0 0 0 0 0 0 0 0 0 0</row>
            <row>0 0 0 0 0 0 0 0 0 0 0 0 0 0 0 0 0 0 0 0 0 0 0 0 0 0 0 0 0 0 0 0 0 0 0 0 0 0 0 0 0 0 0 0 0 0 0 0 0 0 0 0 0 0 0 0 0 0 0 0 0 0 0 0</row>
            <row>0 0 0 0 0 0 0 0 0 0 0 0 0 0 0 0 0 0 0 0 0 0 0 0 0 0 0 0 0 0 0 0 0 0 0 0 0 0 0 0 0 0 0 0 0 0 0 0 0 0 0 0 0 0 0 0 0 0 0 0 0 0 0 0</row>
            <row>0 0 0 0 0 0 0 0 0 0 0 0 0 0 0 0 0 0 0 0 0 0 0 0 0 0 0 0 0 0 0 0 0 0 0 0 0 0 0 0 0 0 0 0 0 0 0 0 0 0 0 0 0 0 0 0 0 0 0 0 0 0 0 0</row>
            <row>0 0 0 0 0 0 0 0 0 0 0 0 0 0 0 0 0 0 0 0 0 0 0 0 0 0 0 0 0 0 0 0 0 0 0 0 0 0 0 0 0 0 0 0 0 0 0 0 0 0 0 0 0 0 0 0 0 0 0 0 0 0 0 0</row>
            <row>0 0 0 0 0 0 0 0 0 0 0 0 0 0 0 0 0 0 0 0 0 0 0 0 0 0 0 0 0 0 0 0 0 0 0 0 0 0 0 0 0 0 0 0 0 0 0 0 0 0 0 0 0 0 0 0 0 0 0 0 0 0 0 0</row>
            <row>0 0 0 0 0 0 0 0 0 0 0 0 0 0 0 0 0 0 0 0 0 0 0 0 0 0 0 0 0 0 0 0 0 0 0 0 0 0 0 0 0 0 0 0 0 0 0 0 0 0 0 0 0 0 0 0 0 0 0 0 0 0 0 0</row>
            <row>0 0 0 0 0 0 0 0 0 0 0 0 0 0 0 0 0 0 0 0 0 0 0 0 0 0 0 0 0 0 0 0 0 0 0 0 0 0 0 0 0 0 0 0 0 0 0 0 0 0 0 0 0 0 0 0 0 0 0 0 0 0 0 0</row>
            <row>0 0 0 0 0 0 0 0 0 0 0 0 0 0 0 0 0 0 0 0 0 0 0 0 0 0 0 0 0 0 0 0 0 0 0 0 0 0 0 0 0 0 0 0 0 0 0 0 0 0 0 0 0 0 0 0 0 0 0 0 0 0 0 0</row>
            <row>0 0 0 0 0 0 0 0 0 0 0 0 0 0 0 0 0 0 0 0 0 0 0 0 0 0 0 0 0 0 0 0 0 0 0 0 0 0 0 0 0 0 0 0 0 0 0 0 0 0 0 0 0 0 0 0 0 0 0 0 0 0 0 0</row>
            <row>0 0 0 0 0 0 0 0 0 0 0 0 0 0 0 0 0 0 0 0 0 0 0 0 0 0 0 0 0 0 0 0 0 0 0 0 0 0 0 0 0 0 0 0 0 0 0 0 0 0 0 0 0 0 0 0 0 0 0 0 0 0 0 0</row>
        </grid>
    </map>
    <algorithm>
        <allowanyangle>true</allowanyangle>
        <metrictype>euclid</metrictype>
        <breakingties>g-max</breakingties>
        <weight>1</weight>
    </algorithm>
    <options>
        <loglevel>1</loglevel>
        <logpath />
        <logfilename />
    </options>
</root>
