<?xml version="1.0" ?>
<root>
    <map>
        <width>64</width>
        <height>64</height>
        <agents>200</agents>
        <startx number="0">26</startx>
        <starty number="0">23</starty>
        <finishx number="0">41</finishx>
        <finishy number="0">15</finishy>
        <startx number="1">15</startx>
        <starty number="1">36</starty>
        <finishx number="1">29</finishx>
        <finishy number="1">49</finishy>
        <startx number="2">15</startx>
        <starty number="2">1</starty>
        <finishx number="2">9</finishx>
        <finishy number="2">7</finishy>
        <startx number="3">54</startx>
        <starty number="3">37</starty>
        <finishx number="3">22</finishx>
        <finishy number="3">19</finishy>
        <startx number="4">34</startx>
        <starty number="4">49</starty>
        <finishx number="4">58</finishx>
        <finishy number="4">39</finishy>
        <startx number="5">20</startx>
        <starty number="5">11</starty>
        <finishx number="5">8</finishx>
        <finishy number="5">2</finishy>
        <startx number="6">22</startx>
        <starty number="6">21</starty>
        <finishx number="6">61</finishx>
        <finishy number="6">4</finishy>
        <startx number="7">39</startx>
        <starty number="7">26</starty>
        <finishx number="7">33</finishx>
        <finishy number="7">8</finishy>
        <startx number="8">44</startx>
        <starty number="8">31</starty>
        <finishx number="8">35</finishx>
        <finishy number="8">11</finishy>
        <startx number="9">11</startx>
        <starty number="9">55</starty>
        <finishx number="9">27</finishx>
        <finishy number="9">9</finishy>
        <startx number="10">17</startx>
        <starty number="10">44</starty>
        <finishx number="10">42</finishx>
        <finishy number="10">52</finishy>
        <startx number="11">45</startx>
        <starty number="11">39</starty>
        <finishx number="11">57</finishx>
        <finishy number="11">61</finishy>
        <startx number="12">22</startx>
        <starty number="12">32</starty>
        <finishx number="12">25</finishx>
        <finishy number="12">60</finishy>
        <startx number="13">35</startx>
        <starty number="13">21</starty>
        <finishx number="13">9</finishx>
        <finishy number="13">31</finishy>
        <startx number="14">43</startx>
        <starty number="14">4</starty>
        <finishx number="14">54</finishx>
        <finishy number="14">61</finishy>
        <startx number="15">48</startx>
        <starty number="15">46</starty>
        <finishx number="15">17</finishx>
        <finishy number="15">57</finishy>
        <startx number="16">19</startx>
        <starty number="16">24</starty>
        <finishx number="16">10</finishx>
        <finishy number="16">37</finishy>
        <startx number="17">19</startx>
        <starty number="17">56</starty>
        <finishx number="17">45</finishx>
        <finishy number="17">17</finishy>
        <startx number="18">38</startx>
        <starty number="18">53</starty>
        <finishx number="18">27</finishx>
        <finishy number="18">15</finishy>
        <startx number="19">38</startx>
        <starty number="19">3</starty>
        <finishx number="19">12</finishx>
        <finishy number="19">25</finishy>
        <startx number="20">36</startx>
        <starty number="20">40</starty>
        <finishx number="20">40</finishx>
        <finishy number="20">48</finishy>
        <startx number="21">13</startx>
        <starty number="21">44</starty>
        <finishx number="21">57</finishx>
        <finishy number="21">58</finishy>
        <startx number="22">24</startx>
        <starty number="22">24</starty>
        <finishx number="22">44</finishx>
        <finishy number="22">47</finishy>
        <startx number="23">60</startx>
        <starty number="23">39</starty>
        <finishx number="23">40</finishx>
        <finishy number="23">8</finishy>
        <startx number="24">53</startx>
        <starty number="24">50</starty>
        <finishx number="24">29</finishx>
        <finishy number="24">41</finishy>
        <startx number="25">0</startx>
        <starty number="25">43</starty>
        <finishx number="25">6</finishx>
        <finishy number="25">53</finishy>
        <startx number="26">14</startx>
        <starty number="26">55</starty>
        <finishx number="26">63</finishx>
        <finishy number="26">57</finishy>
        <startx number="27">12</startx>
        <starty number="27">15</starty>
        <finishx number="27">20</finishx>
        <finishy number="27">59</finishy>
        <startx number="28">6</startx>
        <starty number="28">3</starty>
        <finishx number="28">45</finishx>
        <finishy number="28">23</finishy>
        <startx number="29">10</startx>
        <starty number="29">50</starty>
        <finishx number="29">61</finishx>
        <finishy number="29">9</finishy>
        <startx number="30">52</startx>
        <starty number="30">48</starty>
        <finishx number="30">29</finishx>
        <finishy number="30">39</finishy>
        <startx number="31">12</startx>
        <starty number="31">4</starty>
        <finishx number="31">14</finishx>
        <finishy number="31">60</finishy>
        <startx number="32">41</startx>
        <starty number="32">13</starty>
        <finishx number="32">16</finishx>
        <finishy number="32">51</finishy>
        <startx number="33">20</startx>
        <starty number="33">37</starty>
        <finishx number="33">4</finishx>
        <finishy number="33">8</finishy>
        <startx number="34">34</startx>
        <starty number="34">51</starty>
        <finishx number="34">55</finishx>
        <finishy number="34">48</finishy>
        <startx number="35">60</startx>
        <starty number="35">62</starty>
        <finishx number="35">1</finishx>
        <finishy number="35">22</finishy>
        <startx number="36">37</startx>
        <starty number="36">26</starty>
        <finishx number="36">35</finishx>
        <finishy number="36">1</finishy>
        <startx number="37">60</startx>
        <starty number="37">15</starty>
        <finishx number="37">48</finishx>
        <finishy number="37">41</finishy>
        <startx number="38">40</startx>
        <starty number="38">5</starty>
        <finishx number="38">62</finishx>
        <finishy number="38">60</finishy>
        <startx number="39">38</startx>
        <starty number="39">61</starty>
        <finishx number="39">50</finishx>
        <finishy number="39">11</finishy>
        <startx number="40">61</startx>
        <starty number="40">44</starty>
        <finishx number="40">7</finishx>
        <finishy number="40">8</finishy>
        <startx number="41">17</startx>
        <starty number="41">46</starty>
        <finishx number="41">42</finishx>
        <finishy number="41">55</finishy>
        <startx number="42">31</startx>
        <starty number="42">22</starty>
        <finishx number="42">16</finishx>
        <finishy number="42">11</finishy>
        <startx number="43">2</startx>
        <starty number="43">3</starty>
        <finishx number="43">8</finishx>
        <finishy number="43">18</finishy>
        <startx number="44">18</startx>
        <starty number="44">8</starty>
        <finishx number="44">31</finishx>
        <finishy number="44">30</finishy>
        <startx number="45">16</startx>
        <starty number="45">59</starty>
        <finishx number="45">44</finishx>
        <finishy number="45">63</finishy>
        <startx number="46">44</startx>
        <starty number="46">52</starty>
        <finishx number="46">56</finishx>
        <finishy number="46">37</finishy>
        <startx number="47">52</startx>
        <starty number="47">53</starty>
        <finishx number="47">19</finishx>
        <finishy number="47">6</finishy>
        <startx number="48">35</startx>
        <starty number="48">17</starty>
        <finishx number="48">25</finishx>
        <finishy number="48">8</finishy>
        <startx number="49">15</startx>
        <starty number="49">17</starty>
        <finishx number="49">63</finishx>
        <finishy number="49">52</finishy>
        <startx number="50">42</startx>
        <starty number="50">63</starty>
        <finishx number="50">20</finishx>
        <finishy number="50">3</finishy>
        <startx number="51">26</startx>
        <starty number="51">42</starty>
        <finishx number="51">13</finishx>
        <finishy number="51">62</finishy>
        <startx number="52">30</startx>
        <starty number="52">4</starty>
        <finishx number="52">46</finishx>
        <finishy number="52">47</finishy>
        <startx number="53">16</startx>
        <starty number="53">62</starty>
        <finishx number="53">21</finishx>
        <finishy number="53">16</finishy>
        <startx number="54">7</startx>
        <starty number="54">50</starty>
        <finishx number="54">4</finishx>
        <finishy number="54">54</finishy>
        <startx number="55">30</startx>
        <starty number="55">47</starty>
        <finishx number="55">21</finishx>
        <finishy number="55">54</finishy>
        <startx number="56">35</startx>
        <starty number="56">59</starty>
        <finishx number="56">7</finishx>
        <finishy number="56">45</finishy>
        <startx number="57">34</startx>
        <starty number="57">30</starty>
        <finishx number="57">28</finishx>
        <finishy number="57">60</finishy>
        <startx number="58">10</startx>
        <starty number="58">34</starty>
        <finishx number="58">61</finishx>
        <finishy number="58">31</finishy>
        <startx number="59">23</startx>
        <starty number="59">16</starty>
        <finishx number="59">26</finishx>
        <finishy number="59">18</finishy>
        <startx number="60">29</startx>
        <starty number="60">9</starty>
        <finishx number="60">31</finishx>
        <finishy number="60">20</finishy>
        <startx number="61">37</startx>
        <starty number="61">51</starty>
        <finishx number="61">35</finishx>
        <finishy number="61">56</finishy>
        <startx number="62">20</startx>
        <starty number="62">43</starty>
        <finishx number="62">32</finishx>
        <finishy number="62">55</finishy>
        <startx number="63">55</startx>
        <starty number="63">24</starty>
        <finishx number="63">23</finishx>
        <finishy number="63">42</finishy>
        <startx number="64">9</startx>
        <starty number="64">42</starty>
        <finishx number="64">36</finishx>
        <finishy number="64">32</finishy>
        <startx number="65">60</startx>
        <starty number="65">28</starty>
        <finishx number="65">28</finishx>
        <finishy number="65">2</finishy>
        <startx number="66">7</startx>
        <starty number="66">32</starty>
        <finishx number="66">22</finishx>
        <finishy number="66">51</finishy>
        <startx number="67">49</startx>
        <starty number="67">9</starty>
        <finishx number="67">54</finishx>
        <finishy number="67">53</finishy>
        <startx number="68">31</startx>
        <starty number="68">9</starty>
        <finishx number="68">27</finishx>
        <finishy number="68">34</finishy>
        <startx number="69">40</startx>
        <starty number="69">58</starty>
        <finishx number="69">48</finishx>
        <finishy number="69">17</finishy>
        <startx number="70">60</startx>
        <starty number="70">36</starty>
        <finishx number="70">0</finishx>
        <finishy number="70">9</finishy>
        <startx number="71">19</startx>
        <starty number="71">51</starty>
        <finishx number="71">3</finishx>
        <finishy number="71">5</finishy>
        <startx number="72">0</startx>
        <starty number="72">25</starty>
        <finishx number="72">34</finishx>
        <finishy number="72">6</finishy>
        <startx number="73">50</startx>
        <starty number="73">43</starty>
        <finishx number="73">8</finishx>
        <finishy number="73">37</finishy>
        <startx number="74">18</startx>
        <starty number="74">11</starty>
        <finishx number="74">8</finishx>
        <finishy number="74">47</finishy>
        <startx number="75">29</startx>
        <starty number="75">12</starty>
        <finishx number="75">17</finishx>
        <finishy number="75">36</finishy>
        <startx number="76">53</startx>
        <starty number="76">0</starty>
        <finishx number="76">9</finishx>
        <finishy number="76">21</finishy>
        <startx number="77">57</startx>
        <starty number="77">50</starty>
        <finishx number="77">61</finishx>
        <finishy number="77">57</finishy>
        <startx number="78">58</startx>
        <starty number="78">18</starty>
        <finishx number="78">26</finishx>
        <finishy number="78">31</finishy>
        <startx number="79">35</startx>
        <starty number="79">43</starty>
        <finishx number="79">21</finishx>
        <finishy number="79">13</finishy>
        <startx number="80">54</startx>
        <starty number="80">5</starty>
        <finishx number="80">48</finishx>
        <finishy number="80">1</finishy>
        <startx number="81">20</startx>
        <starty number="81">0</starty>
        <finishx number="81">50</finishx>
        <finishy number="81">22</finishy>
        <startx number="82">7</startx>
        <starty number="82">16</starty>
        <finishx number="82">46</finishx>
        <finishy number="82">57</finishy>
        <startx number="83">47</startx>
        <starty number="83">44</starty>
        <finishx number="83">20</finishx>
        <finishy number="83">48</finishy>
        <startx number="84">13</startx>
        <starty number="84">2</starty>
        <finishx number="84">17</finishx>
        <finishy number="84">32</finishy>
        <startx number="85">27</startx>
        <starty number="85">28</starty>
        <finishx number="85">7</finishx>
        <finishy number="85">61</finishy>
        <startx number="86">46</startx>
        <starty number="86">41</starty>
        <finishx number="86">39</finishx>
        <finishy number="86">0</finishy>
        <startx number="87">49</startx>
        <starty number="87">38</starty>
        <finishx number="87">40</finishx>
        <finishy number="87">18</finishy>
        <startx number="88">48</startx>
        <starty number="88">57</starty>
        <finishx number="88">9</finishx>
        <finishy number="88">52</finishy>
        <startx number="89">10</startx>
        <starty number="89">15</starty>
        <finishx number="89">28</finishx>
        <finishy number="89">20</finishy>
        <startx number="90">4</startx>
        <starty number="90">16</starty>
        <finishx number="90">56</finishx>
        <finishy number="90">11</finishy>
        <startx number="91">57</startx>
        <starty number="91">47</starty>
        <finishx number="91">26</finishx>
        <finishy number="91">26</finishy>
        <startx number="92">38</startx>
        <starty number="92">5</starty>
        <finishx number="92">15</finishx>
        <finishy number="92">19</finishy>
        <startx number="93">55</startx>
        <starty number="93">3</starty>
        <finishx number="93">60</finishx>
        <finishy number="93">17</finishy>
        <startx number="94">14</startx>
        <starty number="94">49</starty>
        <finishx number="94">28</finishx>
        <finishy number="94">7</finishy>
        <startx number="95">3</startx>
        <starty number="95">33</starty>
        <finishx number="95">38</finishx>
        <finishy number="95">11</finishy>
        <startx number="96">37</startx>
        <starty number="96">24</starty>
        <finishx number="96">40</finishx>
        <finishy number="96">51</finishy>
        <startx number="97">63</startx>
        <starty number="97">54</starty>
        <finishx number="97">23</finishx>
        <finishy number="97">26</finishy>
        <startx number="98">13</startx>
        <starty number="98">23</starty>
        <finishx number="98">45</finishx>
        <finishy number="98">12</finishy>
        <startx number="99">16</startx>
        <starty number="99">54</starty>
        <finishx number="99">53</finishx>
        <finishy number="99">40</finishy>
        <startx number="100">49</startx>
        <starty number="100">19</starty>
        <finishx number="100">13</finishx>
        <finishy number="100">52</finishy>
        <startx number="101">22</startx>
        <starty number="101">56</starty>
        <finishx number="101">14</finishx>
        <finishy number="101">33</finishy>
        <startx number="102">11</startx>
        <starty number="102">39</starty>
        <finishx number="102">31</finishx>
        <finishy number="102">25</finishy>
        <startx number="103">57</startx>
        <starty number="103">2</starty>
        <finishx number="103">47</finishx>
        <finishy number="103">25</finishy>
        <startx number="104">58</startx>
        <starty number="104">13</starty>
        <finishx number="104">55</finishx>
        <finishy number="104">45</finishy>
        <startx number="105">53</startx>
        <starty number="105">14</starty>
        <finishx number="105">9</finishx>
        <finishy number="105">61</finishy>
        <startx number="106">7</startx>
        <starty number="106">0</starty>
        <finishx number="106">58</finishx>
        <finishy number="106">31</finishy>
        <startx number="107">47</startx>
        <starty number="107">33</starty>
        <finishx number="107">15</finishx>
        <finishy number="107">4</finishy>
        <startx number="108">16</startx>
        <starty number="108">27</starty>
        <finishx number="108">12</finishx>
        <finishy number="108">31</finishy>
        <startx number="109">43</startx>
        <starty number="109">20</starty>
        <finishx number="109">38</finishx>
        <finishy number="109">56</finishy>
        <startx number="110">8</startx>
        <starty number="110">11</starty>
        <finishx number="110">61</finishx>
        <finishy number="110">20</finishy>
        <startx number="111">3</startx>
        <starty number="111">41</starty>
        <finishx number="111">61</finishx>
        <finishy number="111">33</finishy>
        <startx number="112">11</startx>
        <starty number="112">45</starty>
        <finishx number="112">6</finishx>
        <finishy number="112">24</finishy>
        <startx number="113">40</startx>
        <starty number="113">45</starty>
        <finishx number="113">61</finishx>
        <finishy number="113">12</finishy>
        <startx number="114">50</startx>
        <starty number="114">33</starty>
        <finishx number="114">63</finishx>
        <finishy number="114">43</finishy>
        <startx number="115">53</startx>
        <starty number="115">24</starty>
        <finishx number="115">35</finishx>
        <finishy number="115">35</finishy>
        <startx number="116">25</startx>
        <starty number="116">55</starty>
        <finishx number="116">21</finishx>
        <finishy number="116">40</finishy>
        <startx number="117">37</startx>
        <starty number="117">8</starty>
        <finishx number="117">59</finishx>
        <finishy number="117">5</finishy>
        <startx number="118">8</startx>
        <starty number="118">5</starty>
        <finishx number="118">24</finishx>
        <finishy number="118">13</finishy>
        <startx number="119">49</startx>
        <starty number="119">6</starty>
        <finishx number="119">12</finishx>
        <finishy number="119">17</finishy>
        <startx number="120">49</startx>
        <starty number="120">62</starty>
        <finishx number="120">55</finishx>
        <finishy number="120">58</finishy>
        <startx number="121">35</startx>
        <starty number="121">54</starty>
        <finishx number="121">33</finishx>
        <finishy number="121">19</finishy>
        <startx number="122">54</startx>
        <starty number="122">35</starty>
        <finishx number="122">28</finishx>
        <finishy number="122">23</finishy>
        <startx number="123">31</startx>
        <starty number="123">1</starty>
        <finishx number="123">0</finishx>
        <finishy number="123">62</finishy>
        <startx number="124">37</startx>
        <starty number="124">30</starty>
        <finishx number="124">13</finishx>
        <finishy number="124">57</finishy>
        <startx number="125">61</startx>
        <starty number="125">50</starty>
        <finishx number="125">48</finishx>
        <finishy number="125">28</finishy>
        <startx number="126">3</startx>
        <starty number="126">27</starty>
        <finishx number="126">0</finishx>
        <finishy number="126">30</finishy>
        <startx number="127">55</startx>
        <starty number="127">27</starty>
        <finishx number="127">5</finishx>
        <finishy number="127">45</finishy>
        <startx number="128">61</startx>
        <starty number="128">52</starty>
        <finishx number="128">42</finishx>
        <finishy number="128">23</finishy>
        <startx number="129">42</startx>
        <starty number="129">10</starty>
        <finishx number="129">30</finishx>
        <finishy number="129">36</finishy>
        <startx number="130">57</startx>
        <starty number="130">7</starty>
        <finishx number="130">25</finishx>
        <finishy number="130">63</finishy>
        <startx number="131">2</startx>
        <starty number="131">19</starty>
        <finishx number="131">44</finishx>
        <finishy number="131">2</finishy>
        <startx number="132">17</startx>
        <starty number="132">41</starty>
        <finishx number="132">5</finishx>
        <finishy number="132">48</finishy>
        <startx number="133">1</startx>
        <starty number="133">28</starty>
        <finishx number="133">12</finishx>
        <finishy number="133">42</finishy>
        <startx number="134">32</startx>
        <starty number="134">62</starty>
        <finishx number="134">15</finishx>
        <finishy number="134">46</finishy>
        <startx number="135">63</startx>
        <starty number="135">28</starty>
        <finishx number="135">27</finishx>
        <finishy number="135">47</finishy>
        <startx number="136">23</startx>
        <starty number="136">3</starty>
        <finishx number="136">29</finishx>
        <finishy number="136">52</finishy>
        <startx number="137">17</startx>
        <starty number="137">0</starty>
        <finishx number="137">9</finishx>
        <finishy number="137">26</finishy>
        <startx number="138">55</startx>
        <starty number="138">40</starty>
        <finishx number="138">63</finishx>
        <finishy number="138">36</finishy>
        <startx number="139">32</startx>
        <starty number="139">11</starty>
        <finishx number="139">12</finishx>
        <finishy number="139">49</finishy>
        <startx number="140">34</startx>
        <starty number="140">38</starty>
        <finishx number="140">58</finishx>
        <finishy number="140">44</finishy>
        <startx number="141">10</startx>
        <starty number="141">28</starty>
        <finishx number="141">37</finishx>
        <finishy number="141">35</finishy>
        <startx number="142">5</startx>
        <starty number="142">22</starty>
        <finishx number="142">16</finishx>
        <finishy number="142">7</finishy>
        <startx number="143">42</startx>
        <starty number="143">2</starty>
        <finishx number="143">1</finishx>
        <finishy number="143">33</finishy>
        <startx number="144">9</startx>
        <starty number="144">13</starty>
        <finishx number="144">58</finishx>
        <finishy number="144">28</finishy>
        <startx number="145">1</startx>
        <starty number="145">36</starty>
        <finishx number="145">39</finishx>
        <finishy number="145">13</finishy>
        <startx number="146">59</startx>
        <starty number="146">20</starty>
        <finishx number="146">14</finishx>
        <finishy number="146">42</finishy>
        <startx number="147">31</startx>
        <starty number="147">41</starty>
        <finishx number="147">59</finishx>
        <finishy number="147">2</finishy>
        <startx number="148">2</startx>
        <starty number="148">46</starty>
        <finishx number="148">51</finishx>
        <finishy number="148">38</finishy>
        <startx number="149">57</startx>
        <starty number="149">56</starty>
        <finishx number="149">39</finishx>
        <finishy number="149">31</finishy>
        <startx number="150">3</startx>
        <starty number="150">48</starty>
        <finishx number="150">33</finishx>
        <finishy number="150">41</finishy>
        <startx number="151">53</startx>
        <starty number="151">19</starty>
        <finishx number="151">63</finishx>
        <finishy number="151">46</finishy>
        <startx number="152">50</startx>
        <starty number="152">29</starty>
        <finishx number="152">21</finishx>
        <finishy number="152">8</finishy>
        <startx number="153">9</startx>
        <starty number="153">58</starty>
        <finishx number="153">25</finishx>
        <finishy number="153">37</finishy>
        <startx number="154">36</startx>
        <starty number="154">14</starty>
        <finishx number="154">32</finishx>
        <finishy number="154">57</finishy>
        <startx number="155">45</startx>
        <starty number="155">55</starty>
        <finishx number="155">48</finishx>
        <finishy number="155">14</finishy>
        <startx number="156">17</startx>
        <starty number="156">3</starty>
        <finishx number="156">57</finishx>
        <finishy number="156">5</finishy>
        <startx number="157">60</startx>
        <starty number="157">26</starty>
        <finishx number="157">40</finishx>
        <finishy number="157">10</finishy>
        <startx number="158">53</startx>
        <starty number="158">26</starty>
        <finishx number="158">20</finishx>
        <finishy number="158">32</finishy>
        <startx number="159">23</startx>
        <starty number="159">63</starty>
        <finishx number="159">52</finishx>
        <finishy number="159">61</finishy>
        <startx number="160">52</startx>
        <starty number="160">22</starty>
        <finishx number="160">46</finishx>
        <finishy number="160">6</finishy>
        <startx number="161">17</startx>
        <starty number="161">19</starty>
        <finishx number="161">45</finishx>
        <finishy number="161">9</finishy>
        <startx number="162">47</startx>
        <starty number="162">62</starty>
        <finishx number="162">0</finishx>
        <finishy number="162">12</finishy>
        <startx number="163">63</startx>
        <starty number="163">14</starty>
        <finishx number="163">33</finishx>
        <finishy number="163">16</finishy>
        <startx number="164">56</startx>
        <starty number="164">18</starty>
        <finishx number="164">42</finishx>
        <finishy number="164">36</finishy>
        <startx number="165">24</startx>
        <starty number="165">32</starty>
        <finishx number="165">9</finishx>
        <finishy number="165">55</finishy>
        <startx number="166">3</startx>
        <starty number="166">51</starty>
        <finishx number="166">18</finishx>
        <finishy number="166">38</finishy>
        <startx number="167">44</startx>
        <starty number="167">15</starty>
        <finishx number="167">57</finishx>
        <finishy number="167">24</finishy>
        <startx number="168">5</startx>
        <starty number="168">56</starty>
        <finishx number="168">50</finishx>
        <finishy number="168">14</finishy>
        <startx number="169">11</startx>
        <starty number="169">2</starty>
        <finishx number="169">30</finishx>
        <finishy number="169">17</finishy>
        <startx number="170">18</startx>
        <starty number="170">49</starty>
        <finishx number="170">7</finishx>
        <finishy number="170">58</finishy>
        <startx number="171">41</startx>
        <starty number="171">34</starty>
        <finishx number="171">47</finishx>
        <finishy number="171">4</finishy>
        <startx number="172">32</startx>
        <starty number="172">14</starty>
        <finishx number="172">51</finishx>
        <finishy number="172">27</finishy>
        <startx number="173">28</startx>
        <starty number="173">55</starty>
        <finishx number="173">3</finishx>
        <finishy number="173">59</finishy>
        <startx number="174">25</startx>
        <starty number="174">29</starty>
        <finishx number="174">14</finishx>
        <finishy number="174">39</finishy>
        <startx number="175">63</startx>
        <starty number="175">41</starty>
        <finishx number="175">29</finishx>
        <finishy number="175">14</finishy>
        <startx number="176">55</startx>
        <starty number="176">29</starty>
        <finishx number="176">48</finishx>
        <finishy number="176">35</finishy>
        <startx number="177">33</startx>
        <starty number="177">0</starty>
        <finishx number="177">59</finishx>
        <finishy number="177">55</finishy>
        <startx number="178">49</startx>
        <starty number="178">51</starty>
        <finishx number="178">38</finishx>
        <finishy number="178">37</finishy>
        <startx number="179">18</startx>
        <starty number="179">22</starty>
        <finishx number="179">28</finishx>
        <finishy number="179">31</finishy>
        <startx number="180">24</startx>
        <starty number="180">18</starty>
        <finishx number="180">14</finishx>
        <finishy number="180">25</finishy>
        <startx number="181">11</startx>
        <starty number="181">63</starty>
        <finishx number="181">35</finishx>
        <finishy number="181">46</finishy>
        <startx number="182">1</startx>
        <starty number="182">6</starty>
        <finishx number="182">58</finishx>
        <finishy number="182">34</finishy>
        <startx number="183">26</startx>
        <starty number="183">39</starty>
        <finishx number="183">24</finishx>
        <finishy number="183">53</finishy>
        <startx number="184">11</startx>
        <starty number="184">58</starty>
        <finishx number="184">1</finishx>
        <finishy number="184">52</finishy>
        <startx number="185">63</startx>
        <starty number="185">4</starty>
        <finishx number="185">19</finishx>
        <finishy number="185">54</finishy>
        <startx number="186">51</startx>
        <starty number="186">19</starty>
        <finishx number="186">62</finishx>
        <finishy number="186">6</finishy>
        <startx number="187">55</startx>
        <starty number="187">13</starty>
        <finishx number="187">5</finishx>
        <finishy number="187">29</finishy>
        <startx number="188">36</startx>
        <starty number="188">3</starty>
        <finishx number="188">22</finishx>
        <finishy number="188">61</finishy>
        <startx number="189">42</startx>
        <starty number="189">31</starty>
        <finishx number="189">50</finishx>
        <finishy number="189">41</finishy>
        <startx number="190">51</startx>
        <starty number="190">0</starty>
        <finishx number="190">30</finishx>
        <finishy number="190">54</finishy>
        <startx number="191">34</startx>
        <starty number="191">3</starty>
        <finishx number="191">39</finishx>
        <finishy number="191">21</finishy>
        <startx number="192">46</startx>
        <starty number="192">31</starty>
        <finishx number="192">21</finishx>
        <finishy number="192">5</finishy>
        <startx number="193">8</startx>
        <starty number="193">34</starty>
        <finishx number="193">14</finishx>
        <finishy number="193">7</finishy>
        <startx number="194">24</startx>
        <starty number="194">50</starty>
        <finishx number="194">52</finishx>
        <finishy number="194">43</finishy>
        <startx number="195">42</startx>
        <starty number="195">29</starty>
        <finishx number="195">51</finishx>
        <finishy number="195">56</finishy>
        <startx number="196">55</startx>
        <starty number="196">0</starty>
        <finishx number="196">12</finishx>
        <finishy number="196">36</finishy>
        <startx number="197">24</startx>
        <starty number="197">45</starty>
        <finishx number="197">11</finishx>
        <finishy number="197">23</finishy>
        <startx number="198">29</startx>
        <starty number="198">25</starty>
        <finishx number="198">10</finishx>
        <finishy number="198">5</finishy>
        <startx number="199">48</startx>
        <starty number="199">12</starty>
        <finishx number="199">44</finishx>
        <finishy number="199">34</finishy>
        <grid>
            <row>0 0 0 0 0 0 0 0 0 0 0 0 0 0 0 0 0 0 0 0 0 0 0 0 0 0 0 0 0 0 0 0 0 0 0 0 0 0 0 0 0 0 0 0 0 0 0 0 0 0 0 0 0 0 0 0 0 0 0 0 0 0 0 0</row>
            <row>0 0 0 0 0 0 0 0 0 0 0 0 0 0 0 0 0 0 0 0 0 0 0 0 0 0 0 0 0 0 0 0 0 0 0 0 0 0 0 0 0 0 0 0 0 0 0 0 0 0 0 0 0 0 0 0 0 0 0 0 0 0 0 0</row>
            <row>0 0 0 0 0 0 0 0 0 0 0 0 0 0 0 0 0 0 0 0 0 0 0 0 0 0 0 0 0 0 0 0 0 0 0 0 0 0 0 0 0 0 0 0 0 0 0 0 0 0 0 0 0 0 0 0 0 0 0 0 0 0 0 0</row>
            <row>0 0 0 0 0 0 0 0 0 0 0 0 0 0 0 0 0 0 0 0 0 0 0 0 0 0 0 0 0 0 0 0 0 0 0 0 0 0 0 0 0 0 0 0 0 0 0 0 0 0 0 0 0 0 0 0 0 0 0 0 0 0 0 0</row>
            <row>0 0 0 0 0 0 0 0 0 0 0 0 0 0 0 0 0 0 0 0 0 0 0 0 0 0 0 0 0 0 0 0 0 0 0 0 0 0 0 0 0 0 0 0 0 0 0 0 0 0 0 0 0 0 0 0 0 0 0 0 0 0 0 0</row>
            <row>0 0 0 0 0 0 0 0 0 0 0 0 0 0 0 0 0 0 0 0 0 0 0 0 0 0 0 0 0 0 0 0 0 0 0 0 0 0 0 0 0 0 0 0 0 0 0 0 0 0 0 0 0 0 0 0 0 0 0 0 0 0 0 0</row>
            <row>0 0 0 0 0 0 0 0 0 0 0 0 0 0 0 0 0 0 0 0 0 0 0 0 0 0 0 0 0 0 0 0 0 0 0 0 0 0 0 0 0 0 0 0 0 0 0 0 0 0 0 0 0 0 0 0 0 0 0 0 0 0 0 0</row>
            <row>0 0 0 0 0 0 0 0 0 0 0 0 0 0 0 0 0 0 0 0 0 0 0 0 0 0 0 0 0 0 0 0 0 0 0 0 0 0 0 0 0 0 0 0 0 0 0 0 0 0 0 0 0 0 0 0 0 0 0 0 0 0 0 0</row>
            <row>0 0 0 0 0 0 0 0 0 0 0 0 0 0 0 0 0 0 0 0 0 0 0 0 0 0 0 0 0 0 0 0 0 0 0 0 0 0 0 0 0 0 0 0 0 0 0 0 0 0 0 0 0 0 0 0 0 0 0 0 0 0 0 0</row>
            <row>0 0 0 0 0 0 0 0 0 0 0 0 0 0 0 0 0 0 0 0 0 0 0 0 0 0 0 0 0 0 0 0 0 0 0 0 0 0 0 0 0 0 0 0 0 0 0 0 0 0 0 0 0 0 0 0 0 0 0 0 0 0 0 0</row>
            <row>0 0 0 0 0 0 0 0 0 0 0 0 0 0 0 0 0 0 0 0 0 0 0 0 0 0 0 0 0 0 0 0 0 0 0 0 0 0 0 0 0 0 0 0 0 0 0 0 0 0 0 0 0 0 0 0 0 0 0 0 0 0 0 0</row>
            <row>0 0 0 0 0 0 0 0 0 0 0 0 0 0 0 0 0 0 0 0 0 0 0 0 0 0 0 0 0 0 0 0 0 0 0 0 0 0 0 0 0 0 0 0 0 0 0 0 0 0 0 0 0 0 0 0 0 0 0 0 0 0 0 0</row>
            <row>0 0 0 0 0 0 0 0 0 0 0 0 0 0 0 0 0 0 0 0 0 0 0 0 0 0 0 0 0 0 0 0 0 0 0 0 0 0 0 0 0 0 0 0 0 0 0 0 0 0 0 0 0 0 0 0 0 0 0 0 0 0 0 0</row>
            <row>0 0 0 0 0 0 0 0 0 0 0 0 0 0 0 0 0 0 0 0 0 0 0 0 0 0 0 0 0 0 0 0 0 0 0 0 0 0 0 0 0 0 0 0 0 0 0 0 0 0 0 0 0 0 0 0 0 0 0 0 0 0 0 0</row>
            <row>0 0 0 0 0 0 0 0 0 0 0 0 0 0 0 0 0 0 0 0 0 0 0 0 0 0 0 0 0 0 0 0 0 0 0 0 0 0 0 0 0 0 0 0 0 0 0 0 0 0 0 0 0 0 0 0 0 0 0 0 0 0 0 0</row>
            <row>0 0 0 0 0 0 0 0 0 0 0 0 0 0 0 0 0 0 0 0 0 0 0 0 0 0 0 0 0 0 0 0 0 0 0 0 0 0 0 0 0 0 0 0 0 0 0 0 0 0 0 0 0 0 0 0 0 0 0 0 0 0 0 0</row>
            <row>0 0 0 0 0 0 0 0 0 0 0 0 0 0 0 0 0 0 0 0 0 0 0 0 0 0 0 0 0 0 0 0 0 0 0 0 0 0 0 0 0 0 0 0 0 0 0 0 0 0 0 0 0 0 0 0 0 0 0 0 0 0 0 0</row>
            <row>0 0 0 0 0 0 0 0 0 0 0 0 0 0 0 0 0 0 0 0 0 0 0 0 0 0 0 0 0 0 0 0 0 0 0 0 0 0 0 0 0 0 0 0 0 0 0 0 0 0 0 0 0 0 0 0 0 0 0 0 0 0 0 0</row>
            <row>0 0 0 0 0 0 0 0 0 0 0 0 0 0 0 0 0 0 0 0 0 0 0 0 0 0 0 0 0 0 0 0 0 0 0 0 0 0 0 0 0 0 0 0 0 0 0 0 0 0 0 0 0 0 0 0 0 0 0 0 0 0 0 0</row>
            <row>0 0 0 0 0 0 0 0 0 0 0 0 0 0 0 0 0 0 0 0 0 0 0 0 0 0 0 0 0 0 0 0 0 0 0 0 0 0 0 0 0 0 0 0 0 0 0 0 0 0 0 0 0 0 0 0 0 0 0 0 0 0 0 0</row>
            <row>0 0 0 0 0 0 0 0 0 0 0 0 0 0 0 0 0 0 0 0 0 0 0 0 0 0 0 0 0 0 0 0 0 0 0 0 0 0 0 0 0 0 0 0 0 0 0 0 0 0 0 0 0 0 0 0 0 0 0 0 0 0 0 0</row>
            <row>0 0 0 0 0 0 0 0 0 0 0 0 0 0 0 0 0 0 0 0 0 0 0 0 0 0 0 0 0 0 0 0 0 0 0 0 0 0 0 0 0 0 0 0 0 0 0 0 0 0 0 0 0 0 0 0 0 0 0 0 0 0 0 0</row>
            <row>0 0 0 0 0 0 0 0 0 0 0 0 0 0 0 0 0 0 0 0 0 0 0 0 0 0 0 0 0 0 0 0 0 0 0 0 0 0 0 0 0 0 0 0 0 0 0 0 0 0 0 0 0 0 0 0 0 0 0 0 0 0 0 0</row>
            <row>0 0 0 0 0 0 0 0 0 0 0 0 0 0 0 0 0 0 0 0 0 0 0 0 0 0 0 0 0 0 0 0 0 0 0 0 0 0 0 0 0 0 0 0 0 0 0 0 0 0 0 0 0 0 0 0 0 0 0 0 0 0 0 0</row>
            <row>0 0 0 0 0 0 0 0 0 0 0 0 0 0 0 0 0 0 0 0 0 0 0 0 0 0 0 0 0 0 0 0 0 0 0 0 0 0 0 0 0 0 0 0 0 0 0 0 0 0 0 0 0 0 0 0 0 0 0 0 0 0 0 0</row>
            <row>0 0 0 0 0 0 0 0 0 0 0 0 0 0 0 0 0 0 0 0 0 0 0 0 0 0 0 0 0 0 0 0 0 0 0 0 0 0 0 0 0 0 0 0 0 0 0 0 0 0 0 0 0 0 0 0 0 0 0 0 0 0 0 0</row>
            <row>0 0 0 0 0 0 0 0 0 0 0 0 0 0 0 0 0 0 0 0 0 0 0 0 0 0 0 0 0 0 0 0 0 0 0 0 0 0 0 0 0 0 0 0 0 0 0 0 0 0 0 0 0 0 0 0 0 0 0 0 0 0 0 0</row>
            <row>0 0 0 0 0 0 0 0 0 0 0 0 0 0 0 0 0 0 0 0 0 0 0 0 0 0 0 0 0 0 0 0 0 0 0 0 0 0 0 0 0 0 0 0 0 0 0 0 0 0 0 0 0 0 0 0 0 0 0 0 0 0 0 0</row>
            <row>0 0 0 0 0 0 0 0 0 0 0 0 0 0 0 0 0 0 0 0 0 0 0 0 0 0 0 0 0 0 0 0 0 0 0 0 0 0 0 0 0 0 0 0 0 0 0 0 0 0 0 0 0 0 0 0 0 0 0 0 0 0 0 0</row>
            <row>0 0 0 0 0 0 0 0 0 0 0 0 0 0 0 0 0 0 0 0 0 0 0 0 0 0 0 0 0 0 0 0 0 0 0 0 0 0 0 0 0 0 0 0 0 0 0 0 0 0 0 0 0 0 0 0 0 0 0 0 0 0 0 0</row>
            <row>0 0 0 0 0 0 0 0 0 0 0 0 0 0 0 0 0 0 0 0 0 0 0 0 0 0 0 0 0 0 0 0 0 0 0 0 0 0 0 0 0 0 0 0 0 0 0 0 0 0 0 0 0 0 0 0 0 0 0 0 0 0 0 0</row>
            <row>0 0 0 0 0 0 0 0 0 0 0 0 0 0 0 0 0 0 0 0 0 0 0 0 0 0 0 0 0 0 0 0 0 0 0 0 0 0 0 0 0 0 0 0 0 0 0 0 0 0 0 0 0 0 0 0 0 0 0 0 0 0 0 0</row>
            <row>0 0 0 0 0 0 0 0 0 0 0 0 0 0 0 0 0 0 0 0 0 0 0 0 0 0 0 0 0 0 0 0 0 0 0 0 0 0 0 0 0 0 0 0 0 0 0 0 0 0 0 0 0 0 0 0 0 0 0 0 0 0 0 0</row>
            <row>0 0 0 0 0 0 0 0 0 0 0 0 0 0 0 0 0 0 0 0 0 0 0 0 0 0 0 0 0 0 0 0 0 0 0 0 0 0 0 0 0 0 0 0 0 0 0 0 0 0 0 0 0 0 0 0 0 0 0 0 0 0 0 0</row>
            <row>0 0 0 0 0 0 0 0 0 0 0 0 0 0 0 0 0 0 0 0 0 0 0 0 0 0 0 0 0 0 0 0 0 0 0 0 0 0 0 0 0 0 0 0 0 0 0 0 0 0 0 0 0 0 0 0 0 0 0 0 0 0 0 0</row>
            <row>0 0 0 0 0 0 0 0 0 0 0 0 0 0 0 0 0 0 0 0 0 0 0 0 0 0 0 0 0 0 0 0 0 0 0 0 0 0 0 0 0 0 0 0 0 0 0 0 0 0 0 0 0 0 0 0 0 0 0 0 0 0 0 0</row>
            <row>0 0 0 0 0 0 0 0 0 0 0 0 0 0 0 0 0 0 0 0 0 0 0 0 0 0 0 0 0 0 0 0 0 0 0 0 0 0 0 0 0 0 0 0 0 0 0 0 0 0 0 0 0 0 0 0 0 0 0 0 0 0 0 0</row>
            <row>0 0 0 0 0 0 0 0 0 0 0 0 0 0 0 0 0 0 0 0 0 0 0 0 0 0 0 0 0 0 0 0 0 0 0 0 0 0 0 0 0 0 0 0 0 0 0 0 0 0 0 0 0 0 0 0 0 0 0 0 0 0 0 0</row>
            <row>0 0 0 0 0 0 0 0 0 0 0 0 0 0 0 0 0 0 0 0 0 0 0 0 0 0 0 0 0 0 0 0 0 0 0 0 0 0 0 0 0 0 0 0 0 0 0 0 0 0 0 0 0 0 0 0 0 0 0 0 0 0 0 0</row>
            <row>0 0 0 0 0 0 0 0 0 0 0 0 0 0 0 0 0 0 0 0 0 0 0 0 0 0 0 0 0 0 0 0 0 0 0 0 0 0 0 0 0 0 0 0 0 0 0 0 0 0 0 0 0 0 0 0 0 0 0 0 0 0 0 0</row>
            <row>0 0 0 0 0 0 0 0 0 0 0 0 0 0 0 0 0 0 0 0 0 0 0 0 0 0 0 0 0 0 0 0 0 0 0 0 0 0 0 0 0 0 0 0 0 0 0 0 0 0 0 0 0 0 0 0 0 0 0 0 0 0 0 0</row>
            <row>0 0 0 0 0 0 0 0 0 0 0 0 0 0 0 0 0 0 0 0 0 0 0 0 0 0 0 0 0 0 0 0 0 0 0 0 0 0 0 0 0 0 0 0 0 0 0 0 0 0 0 0 0 0 0 0 0 0 0 0 0 0 0 0</row>
            <row>0 0 0 0 0 0 0 0 0 0 0 0 0 0 0 0 0 0 0 0 0 0 0 0 0 0 0 0 0 0 0 0 0 0 0 0 0 0 0 0 0 0 0 0 0 0 0 0 0 0 0 0 0 0 0 0 0 0 0 0 0 0 0 0</row>
            <row>0 0 0 0 0 0 0 0 0 0 0 0 0 0 0 0 0 0 0 0 0 0 0 0 0 0 0 0 0 0 0 0 0 0 0 0 0 0 0 0 0 0 0 0 0 0 0 0 0 0 0 0 0 0 0 0 0 0 0 0 0 0 0 0</row>
            <row>0 0 0 0 0 0 0 0 0 0 0 0 0 0 0 0 0 0 0 0 0 0 0 0 0 0 0 0 0 0 0 0 0 0 0 0 0 0 0 0 0 0 0 0 0 0 0 0 0 0 0 0 0 0 0 0 0 0 0 0 0 0 0 0</row>
            <row>0 0 0 0 0 0 0 0 0 0 0 0 0 0 0 0 0 0 0 0 0 0 0 0 0 0 0 0 0 0 0 0 0 0 0 0 0 0 0 0 0 0 0 0 0 0 0 0 0 0 0 0 0 0 0 0 0 0 0 0 0 0 0 0</row>
            <row>0 0 0 0 0 0 0 0 0 0 0 0 0 0 0 0 0 0 0 0 0 0 0 0 0 0 0 0 0 0 0 0 0 0 0 0 0 0 0 0 0 0 0 0 0 0 0 0 0 0 0 0 0 0 0 0 0 0 0 0 0 0 0 0</row>
            <row>0 0 0 0 0 0 0 0 0 0 0 0 0 0 0 0 0 0 0 0 0 0 0 0 0 0 0 0 0 0 0 0 0 0 0 0 0 0 0 0 0 0 0 0 0 0 0 0 0 0 0 0 0 0 0 0 0 0 0 0 0 0 0 0</row>
            <row>0 0 0 0 0 0 0 0 0 0 0 0 0 0 0 0 0 0 0 0 0 0 0 0 0 0 0 0 0 0 0 0 0 0 0 0 0 0 0 0 0 0 0 0 0 0 0 0 0 0 0 0 0 0 0 0 0 0 0 0 0 0 0 0</row>
            <row>0 0 0 0 0 0 0 0 0 0 0 0 0 0 0 0 0 0 0 0 0 0 0 0 0 0 0 0 0 0 0 0 0 0 0 0 0 0 0 0 0 0 0 0 0 0 0 0 0 0 0 0 0 0 0 0 0 0 0 0 0 0 0 0</row>
            <row>0 0 0 0 0 0 0 0 0 0 0 0 0 0 0 0 0 0 0 0 0 0 0 0 0 0 0 0 0 0 0 0 0 0 0 0 0 0 0 0 0 0 0 0 0 0 0 0 0 0 0 0 0 0 0 0 0 0 0 0 0 0 0 0</row>
            <row>0 0 0 0 0 0 0 0 0 0 0 0 0 0 0 0 0 0 0 0 0 0 0 0 0 0 0 0 0 0 0 0 0 0 0 0 0 0 0 0 0 0 0 0 0 0 0 0 0 0 0 0 0 0 0 0 0 0 0 0 0 0 0 0</row>
            <row>0 0 0 0 0 0 0 0 0 0 0 0 0 0 0 0 0 0 0 0 0 0 0 0 0 0 0 0 0 0 0 0 0 0 0 0 0 0 0 0 0 0 0 0 0 0 0 0 0 0 0 0 0 0 0 0 0 0 0 0 0 0 0 0</row>
            <row>0 0 0 0 0 0 0 0 0 0 0 0 0 0 0 0 0 0 0 0 0 0 0 0 0 0 0 0 0 0 0 0 0 0 0 0 0 0 0 0 0 0 0 0 0 0 0 0 0 0 0 0 0 0 0 0 0 0 0 0 0 0 0 0</row>
            <row>0 0 0 0 0 0 0 0 0 0 0 0 0 0 0 0 0 0 0 0 0 0 0 0 0 0 0 0 0 0 0 0 0 0 0 0 0 0 0 0 0 0 0 0 0 0 0 0 0 0 0 0 0 0 0 0 0 0 0 0 0 0 0 0</row>
            <row>0 0 0 0 0 0 0 0 0 0 0 0 0 0 0 0 0 0 0 0 0 0 0 0 0 0 0 0 0 0 0 0 0 0 0 0 0 0 0 0 0 0 0 0 0 0 0 0 0 0 0 0 0 0 0 0 0 0 0 0 0 0 0 0</row>
            <row>0 0 0 0 0 0 0 0 0 0 0 0 0 0 0 0 0 0 0 0 0 0 0 0 0 0 0 0 0 0 0 0 0 0 0 0 0 0 0 0 0 0 0 0 0 0 0 0 0 0 0 0 0 0 0 0 0 0 0 0 0 0 0 0</row>
            <row>0 0 0 0 0 0 0 0 0 0 0 0 0 0 0 0 0 0 0 0 0 0 0 0 0 0 0 0 0 0 0 0 0 0 0 0 0 0 0 0 0 0 0 0 0 0 0 0 0 0 0 0 0 0 0 0 0 0 0 0 0 0 0 0</row>
            <row>0 0 0 0 0 0 0 0 0 0 0 0 0 0 0 0 0 0 0 0 0 0 0 0 0 0 0 0 0 0 0 0 0 0 0 0 0 0 0 0 0 0 0 0 0 0 0 0 0 0 0 0 0 0 0 0 0 0 0 0 0 0 0 0</row>
            <row>0 0 0 0 0 0 0 0 0 0 0 0 0 0 0 0 0 0 0 0 0 0 0 0 0 0 0 0 0 0 0 0 0 0 0 0 0 0 0 0 0 0 0 0 0 0 0 0 0 0 0 0 0 0 0 0 0 0 0 0 0 0 0 0</row>
            <row>0 0 0 0 0 0 0 0 0 0 0 0 0 0 0 0 0 0 0 0 0 0 0 0 0 0 0 0 0 0 0 0 0 0 0 0 0 0 0 0 0 0 0 0 0 0 0 0 0 0 0 0 0 0 0 0 0 0 0 0 0 0 0 0</row>
            <row>0 0 0 0 0 0 0 0 0 0 0 0 0 0 0 0 0 0 0 0 0 0 0 0 0 0 0 0 0 0 0 0 0 0 0 0 0 0 0 0 0 0 0 0 0 0 0 0 0 0 0 0 0 0 0 0 0 0 0 0 0 0 0 0</row>
            <row>0 0 0 0 0 0 0 0 0 0 0 0 0 0 0 0 0 0 0 0 0 0 0 0 0 0 0 0 0 0 0 0 0 0 0 0 0 0 0 0 0 0 0 0 0 0 0 0 0 0 0 0 0 0 0 0 0 0 0 0 0 0 0 0</row>
            <row>0 0 0 0 0 0 0 0 0 0 0 0 0 0 0 0 0 0 0 0 0 0 0 0 0 0 0 0 0 0 0 0 0 0 0 0 0 0 0 0 0 0 0 0 0 0 0 0 0 0 0 0 0 0 0 0 0 0 0 0 0 0 0 0</row>
        </grid>
    </map>
    <algorithm>
        <allowanyangle>true</allowanyangle>
        <metrictype>euclid</metrictype>
        <breakingties>g-max</breakingties>
        <weight>1</weight>
    </algorithm>
    <options>
        <loglevel>1</loglevel>
        <logpath />
        <logfilename />
    </options>
</root>
