<?xml version="1.0" ?>
<root>
    <map>
        <width>64</width>
        <height>64</height>
        <agents>100</agents>
        <startx number="0">45</startx>
        <starty number="0">58</starty>
        <finishx number="0">58</finishx>
        <finishy number="0">8</finishy>
        <startx number="1">16</startx>
        <starty number="1">20</starty>
        <finishx number="1">10</finishx>
        <finishy number="1">18</finishy>
        <startx number="2">54</startx>
        <starty number="2">59</starty>
        <finishx number="2">7</finishx>
        <finishy number="2">53</finishy>
        <startx number="3">18</startx>
        <starty number="3">51</starty>
        <finishx number="3">41</finishx>
        <finishy number="3">13</finishy>
        <startx number="4">5</startx>
        <starty number="4">26</starty>
        <finishx number="4">42</finishx>
        <finishy number="4">5</finishy>
        <startx number="5">29</startx>
        <starty number="5">60</starty>
        <finishx number="5">8</finishx>
        <finishy number="5">5</finishy>
        <startx number="6">48</startx>
        <starty number="6">4</starty>
        <finishx number="6">55</finishx>
        <finishy number="6">53</finishy>
        <startx number="7">24</startx>
        <starty number="7">50</starty>
        <finishx number="7">6</finishx>
        <finishy number="7">35</finishy>
        <startx number="8">63</startx>
        <starty number="8">17</starty>
        <finishx number="8">39</finishx>
        <finishy number="8">61</finishy>
        <startx number="9">11</startx>
        <starty number="9">31</starty>
        <finishx number="9">52</finishx>
        <finishy number="9">59</finishy>
        <startx number="10">39</startx>
        <starty number="10">56</starty>
        <finishx number="10">42</finishx>
        <finishy number="10">58</finishy>
        <startx number="11">56</startx>
        <starty number="11">47</starty>
        <finishx number="11">2</finishx>
        <finishy number="11">28</finishy>
        <startx number="12">8</startx>
        <starty number="12">42</starty>
        <finishx number="12">2</finishx>
        <finishy number="12">59</finishy>
        <startx number="13">61</startx>
        <starty number="13">44</starty>
        <finishx number="13">41</finishx>
        <finishy number="13">47</finishy>
        <startx number="14">3</startx>
        <starty number="14">35</starty>
        <finishx number="14">60</finishx>
        <finishy number="14">15</finishy>
        <startx number="15">59</startx>
        <starty number="15">39</starty>
        <finishx number="15">23</finishx>
        <finishy number="15">13</finishy>
        <startx number="16">38</startx>
        <starty number="16">34</starty>
        <finishx number="16">27</finishx>
        <finishy number="16">63</finishy>
        <startx number="17">38</startx>
        <starty number="17">26</starty>
        <finishx number="17">5</finishx>
        <finishy number="17">40</finishy>
        <startx number="18">8</startx>
        <starty number="18">18</starty>
        <finishx number="18">3</finishx>
        <finishy number="18">3</finishy>
        <startx number="19">57</startx>
        <starty number="19">5</starty>
        <finishx number="19">16</finishx>
        <finishy number="19">46</finishy>
        <startx number="20">54</startx>
        <starty number="20">18</starty>
        <finishx number="20">23</finishx>
        <finishy number="20">5</finishy>
        <startx number="21">34</startx>
        <starty number="21">8</starty>
        <finishx number="21">51</finishx>
        <finishy number="21">54</finishy>
        <startx number="22">33</startx>
        <starty number="22">25</starty>
        <finishx number="22">24</finishx>
        <finishy number="22">55</finishy>
        <startx number="23">49</startx>
        <starty number="23">41</starty>
        <finishx number="23">61</finishx>
        <finishy number="23">47</finishy>
        <startx number="24">62</startx>
        <starty number="24">28</starty>
        <finishx number="24">58</finishx>
        <finishy number="24">10</finishy>
        <startx number="25">15</startx>
        <starty number="25">49</starty>
        <finishx number="25">5</finishx>
        <finishy number="25">45</finishy>
        <startx number="26">12</startx>
        <starty number="26">29</starty>
        <finishx number="26">50</finishx>
        <finishy number="26">19</finishy>
        <startx number="27">14</startx>
        <starty number="27">20</starty>
        <finishx number="27">26</finishx>
        <finishy number="27">23</finishy>
        <startx number="28">49</startx>
        <starty number="28">51</starty>
        <finishx number="28">16</finishx>
        <finishy number="28">59</finishy>
        <startx number="29">2</startx>
        <starty number="29">0</starty>
        <finishx number="29">57</finishx>
        <finishy number="29">16</finishy>
        <startx number="30">36</startx>
        <starty number="30">56</starty>
        <finishx number="30">51</finishx>
        <finishy number="30">11</finishy>
        <startx number="31">42</startx>
        <starty number="31">15</starty>
        <finishx number="31">40</finishx>
        <finishy number="31">11</finishy>
        <startx number="32">0</startx>
        <starty number="32">52</starty>
        <finishx number="32">56</finishx>
        <finishy number="32">26</finishy>
        <startx number="33">58</startx>
        <starty number="33">42</starty>
        <finishx number="33">14</finishx>
        <finishy number="33">60</finishy>
        <startx number="34">22</startx>
        <starty number="34">0</starty>
        <finishx number="34">18</finishx>
        <finishy number="34">43</finishy>
        <startx number="35">37</startx>
        <starty number="35">37</starty>
        <finishx number="35">20</finishx>
        <finishy number="35">40</finishy>
        <startx number="36">57</startx>
        <starty number="36">21</starty>
        <finishx number="36">53</finishx>
        <finishy number="36">3</finishy>
        <startx number="37">32</startx>
        <starty number="37">46</starty>
        <finishx number="37">54</finishx>
        <finishy number="37">11</finishy>
        <startx number="38">16</startx>
        <starty number="38">3</starty>
        <finishx number="38">33</finishx>
        <finishy number="38">49</finishy>
        <startx number="39">41</startx>
        <starty number="39">39</starty>
        <finishx number="39">48</finishx>
        <finishy number="39">27</finishy>
        <startx number="40">25</startx>
        <starty number="40">7</starty>
        <finishx number="40">35</finishx>
        <finishy number="40">59</finishy>
        <startx number="41">10</startx>
        <starty number="41">4</starty>
        <finishx number="41">61</finishx>
        <finishy number="41">1</finishy>
        <startx number="42">26</startx>
        <starty number="42">60</starty>
        <finishx number="42">14</finishx>
        <finishy number="42">9</finishy>
        <startx number="43">26</startx>
        <starty number="43">39</starty>
        <finishx number="43">62</finishx>
        <finishy number="43">60</finishy>
        <startx number="44">22</startx>
        <starty number="44">24</starty>
        <finishx number="44">31</finishx>
        <finishy number="44">1</finishy>
        <startx number="45">49</startx>
        <starty number="45">30</starty>
        <finishx number="45">56</finishx>
        <finishy number="45">2</finishy>
        <startx number="46">50</startx>
        <starty number="46">16</starty>
        <finishx number="46">55</finishx>
        <finishy number="46">50</finishy>
        <startx number="47">40</startx>
        <starty number="47">21</starty>
        <finishx number="47">11</finishx>
        <finishy number="47">42</finishy>
        <startx number="48">6</startx>
        <starty number="48">13</starty>
        <finishx number="48">36</finishx>
        <finishy number="48">48</finishy>
        <startx number="49">19</startx>
        <starty number="49">11</starty>
        <finishx number="49">34</finishx>
        <finishy number="49">43</finishy>
        <startx number="50">28</startx>
        <starty number="50">45</starty>
        <finishx number="50">15</finishx>
        <finishy number="50">31</finishy>
        <startx number="51">5</startx>
        <starty number="51">3</starty>
        <finishx number="51">32</finishx>
        <finishy number="51">41</finishy>
        <startx number="52">43</startx>
        <starty number="52">55</starty>
        <finishx number="52">23</finishx>
        <finishy number="52">40</finishy>
        <startx number="53">10</startx>
        <starty number="53">2</starty>
        <finishx number="53">61</finishx>
        <finishy number="53">63</finishy>
        <startx number="54">53</startx>
        <starty number="54">0</starty>
        <finishx number="54">45</finishx>
        <finishy number="54">15</finishy>
        <startx number="55">36</startx>
        <starty number="55">11</starty>
        <finishx number="55">13</finishx>
        <finishy number="55">42</finishy>
        <startx number="56">44</startx>
        <starty number="56">44</starty>
        <finishx number="56">3</finishx>
        <finishy number="56">54</finishy>
        <startx number="57">27</startx>
        <starty number="57">31</starty>
        <finishx number="57">31</finishx>
        <finishy number="57">38</finishy>
        <startx number="58">60</startx>
        <starty number="58">4</starty>
        <finishx number="58">62</finishx>
        <finishy number="58">49</finishy>
        <startx number="59">20</startx>
        <starty number="59">24</starty>
        <finishx number="59">33</finishx>
        <finishy number="59">19</finishy>
        <startx number="60">28</startx>
        <starty number="60">39</starty>
        <finishx number="60">50</finishx>
        <finishy number="60">48</finishy>
        <startx number="61">25</startx>
        <starty number="61">18</starty>
        <finishx number="61">34</finishx>
        <finishy number="61">54</finishy>
        <startx number="62">31</startx>
        <starty number="62">36</starty>
        <finishx number="62">45</finishx>
        <finishy number="62">41</finishy>
        <startx number="63">11</startx>
        <starty number="63">34</starty>
        <finishx number="63">31</finishx>
        <finishy number="63">25</finishy>
        <startx number="64">36</startx>
        <starty number="64">41</starty>
        <finishx number="64">62</finishx>
        <finishy number="64">31</finishy>
        <startx number="65">5</startx>
        <starty number="65">24</starty>
        <finishx number="65">49</finishx>
        <finishy number="65">8</finishy>
        <startx number="66">57</startx>
        <starty number="66">18</starty>
        <finishx number="66">19</finishx>
        <finishy number="66">57</finishy>
        <startx number="67">14</startx>
        <starty number="67">47</starty>
        <finishx number="67">9</finishx>
        <finishy number="67">56</finishy>
        <startx number="68">16</startx>
        <starty number="68">28</starty>
        <finishx number="68">38</finishx>
        <finishy number="68">8</finishy>
        <startx number="69">0</startx>
        <starty number="69">60</starty>
        <finishx number="69">21</finishx>
        <finishy number="69">30</finishy>
        <startx number="70">33</startx>
        <starty number="70">36</starty>
        <finishx number="70">36</finishx>
        <finishy number="70">62</finishy>
        <startx number="71">47</startx>
        <starty number="71">12</starty>
        <finishx number="71">21</finishx>
        <finishy number="71">37</finishy>
        <startx number="72">34</startx>
        <starty number="72">6</starty>
        <finishx number="72">59</finishx>
        <finishy number="72">52</finishy>
        <startx number="73">29</startx>
        <starty number="73">25</starty>
        <finishx number="73">56</finishx>
        <finishy number="73">40</finishy>
        <startx number="74">42</startx>
        <starty number="74">63</starty>
        <finishx number="74">54</finishx>
        <finishy number="74">61</finishy>
        <startx number="75">52</startx>
        <starty number="75">37</starty>
        <finishx number="75">7</finishx>
        <finishy number="75">0</finishy>
        <startx number="76">61</startx>
        <starty number="76">52</starty>
        <finishx number="76">9</finishx>
        <finishy number="76">23</finishy>
        <startx number="77">26</startx>
        <starty number="77">4</starty>
        <finishx number="77">45</finishx>
        <finishy number="77">31</finishy>
        <startx number="78">33</startx>
        <starty number="78">52</starty>
        <finishx number="78">17</finishx>
        <finishy number="78">62</finishy>
        <startx number="79">1</startx>
        <starty number="79">9</starty>
        <finishx number="79">20</finishx>
        <finishy number="79">51</finishy>
        <startx number="80">8</startx>
        <starty number="80">7</starty>
        <finishx number="80">55</finishx>
        <finishy number="80">16</finishy>
        <startx number="81">18</startx>
        <starty number="81">14</starty>
        <finishx number="81">28</finishx>
        <finishy number="81">58</finishy>
        <startx number="82">7</startx>
        <starty number="82">37</starty>
        <finishx number="82">33</finishx>
        <finishy number="82">1</finishy>
        <startx number="83">11</startx>
        <starty number="83">39</starty>
        <finishx number="83">62</finishx>
        <finishy number="83">25</finishy>
        <startx number="84">2</startx>
        <starty number="84">38</starty>
        <finishx number="84">50</finishx>
        <finishy number="84">43</finishy>
        <startx number="85">44</startx>
        <starty number="85">33</starty>
        <finishx number="85">1</finishx>
        <finishy number="85">41</finishy>
        <startx number="86">30</startx>
        <starty number="86">23</starty>
        <finishx number="86">55</finishx>
        <finishy number="86">37</finishy>
        <startx number="87">24</startx>
        <starty number="87">53</starty>
        <finishx number="87">58</finishx>
        <finishy number="87">26</finishy>
        <startx number="88">24</startx>
        <starty number="88">31</starty>
        <finishx number="88">46</finishx>
        <finishy number="88">63</finishy>
        <startx number="89">34</startx>
        <starty number="89">40</starty>
        <finishx number="89">18</finishx>
        <finishy number="89">3</finishy>
        <startx number="90">44</startx>
        <starty number="90">7</starty>
        <finishx number="90">53</finishx>
        <finishy number="90">16</finishy>
        <startx number="91">14</startx>
        <starty number="91">63</starty>
        <finishx number="91">55</finishx>
        <finishy number="91">56</finishy>
        <startx number="92">46</startx>
        <starty number="92">33</starty>
        <finishx number="92">58</finishx>
        <finishy number="92">61</finishy>
        <startx number="93">26</startx>
        <starty number="93">58</starty>
        <finishx number="93">23</finishx>
        <finishy number="93">8</finishy>
        <startx number="94">28</startx>
        <starty number="94">49</starty>
        <finishx number="94">4</finishx>
        <finishy number="94">61</finishy>
        <startx number="95">38</startx>
        <starty number="95">24</starty>
        <finishx number="95">15</finishx>
        <finishy number="95">57</finishy>
        <startx number="96">0</startx>
        <starty number="96">28</starty>
        <finishx number="96">46</finishx>
        <finishy number="96">36</finishy>
        <startx number="97">23</startx>
        <starty number="97">48</starty>
        <finishx number="97">33</finishx>
        <finishy number="97">30</finishy>
        <startx number="98">44</startx>
        <starty number="98">52</starty>
        <finishx number="98">41</finishx>
        <finishy number="98">37</finishy>
        <startx number="99">5</startx>
        <starty number="99">50</starty>
        <finishx number="99">47</finishx>
        <finishy number="99">46</finishy>
        <grid>
            <row>0 0 0 0 0 0 0 0 0 0 0 0 0 0 0 0 0 0 0 0 0 0 0 0 0 0 0 0 0 0 0 0 0 0 0 0 0 0 0 0 0 0 0 0 0 0 0 0 0 0 0 0 0 0 0 0 0 0 0 0 0 0 0 0</row>
            <row>0 0 0 0 0 0 0 0 0 0 0 0 0 0 0 0 0 0 0 0 0 0 0 0 0 0 0 0 0 0 0 0 0 0 0 0 0 0 0 0 0 0 0 0 0 0 0 0 0 0 0 0 0 0 0 0 0 0 0 0 0 0 0 0</row>
            <row>0 0 0 0 0 0 0 0 0 0 0 0 0 0 0 0 0 0 0 0 0 0 0 0 0 0 0 0 0 0 0 0 0 0 0 0 0 0 0 0 0 0 0 0 0 0 0 0 0 0 0 0 0 0 0 0 0 0 0 0 0 0 0 0</row>
            <row>0 0 0 0 0 0 0 0 0 0 0 0 0 0 0 0 0 0 0 0 0 0 0 0 0 0 0 0 0 0 0 0 0 0 0 0 0 0 0 0 0 0 0 0 0 0 0 0 0 0 0 0 0 0 0 0 0 0 0 0 0 0 0 0</row>
            <row>0 0 0 0 0 0 0 0 0 0 0 0 0 0 0 0 0 0 0 0 0 0 0 0 0 0 0 0 0 0 0 0 0 0 0 0 0 0 0 0 0 0 0 0 0 0 0 0 0 0 0 0 0 0 0 0 0 0 0 0 0 0 0 0</row>
            <row>0 0 0 0 0 0 0 0 0 0 0 0 0 0 0 0 0 0 0 0 0 0 0 0 0 0 0 0 0 0 0 0 0 0 0 0 0 0 0 0 0 0 0 0 0 0 0 0 0 0 0 0 0 0 0 0 0 0 0 0 0 0 0 0</row>
            <row>0 0 0 0 0 0 0 0 0 0 0 0 0 0 0 0 0 0 0 0 0 0 0 0 0 0 0 0 0 0 0 0 0 0 0 0 0 0 0 0 0 0 0 0 0 0 0 0 0 0 0 0 0 0 0 0 0 0 0 0 0 0 0 0</row>
            <row>0 0 0 0 0 0 0 0 0 0 0 0 0 0 0 0 0 0 0 0 0 0 0 0 0 0 0 0 0 0 0 0 0 0 0 0 0 0 0 0 0 0 0 0 0 0 0 0 0 0 0 0 0 0 0 0 0 0 0 0 0 0 0 0</row>
            <row>0 0 0 0 0 0 0 0 0 0 0 0 0 0 0 0 0 0 0 0 0 0 0 0 0 0 0 0 0 0 0 0 0 0 0 0 0 0 0 0 0 0 0 0 0 0 0 0 0 0 0 0 0 0 0 0 0 0 0 0 0 0 0 0</row>
            <row>0 0 0 0 0 0 0 0 0 0 0 0 0 0 0 0 0 0 0 0 0 0 0 0 0 0 0 0 0 0 0 0 0 0 0 0 0 0 0 0 0 0 0 0 0 0 0 0 0 0 0 0 0 0 0 0 0 0 0 0 0 0 0 0</row>
            <row>0 0 0 0 0 0 0 0 0 0 0 0 0 0 0 0 0 0 0 0 0 0 0 0 0 0 0 0 0 0 0 0 0 0 0 0 0 0 0 0 0 0 0 0 0 0 0 0 0 0 0 0 0 0 0 0 0 0 0 0 0 0 0 0</row>
            <row>0 0 0 0 0 0 0 0 0 0 0 0 0 0 0 0 0 0 0 0 0 0 0 0 0 0 0 0 0 0 0 0 0 0 0 0 0 0 0 0 0 0 0 0 0 0 0 0 0 0 0 0 0 0 0 0 0 0 0 0 0 0 0 0</row>
            <row>0 0 0 0 0 0 0 0 0 0 0 0 0 0 0 0 0 0 0 0 0 0 0 0 0 0 0 0 0 0 0 0 0 0 0 0 0 0 0 0 0 0 0 0 0 0 0 0 0 0 0 0 0 0 0 0 0 0 0 0 0 0 0 0</row>
            <row>0 0 0 0 0 0 0 0 0 0 0 0 0 0 0 0 0 0 0 0 0 0 0 0 0 0 0 0 0 0 0 0 0 0 0 0 0 0 0 0 0 0 0 0 0 0 0 0 0 0 0 0 0 0 0 0 0 0 0 0 0 0 0 0</row>
            <row>0 0 0 0 0 0 0 0 0 0 0 0 0 0 0 0 0 0 0 0 0 0 0 0 0 0 0 0 0 0 0 0 0 0 0 0 0 0 0 0 0 0 0 0 0 0 0 0 0 0 0 0 0 0 0 0 0 0 0 0 0 0 0 0</row>
            <row>0 0 0 0 0 0 0 0 0 0 0 0 0 0 0 0 0 0 0 0 0 0 0 0 0 0 0 0 0 0 0 0 0 0 0 0 0 0 0 0 0 0 0 0 0 0 0 0 0 0 0 0 0 0 0 0 0 0 0 0 0 0 0 0</row>
            <row>0 0 0 0 0 0 0 0 0 0 0 0 0 0 0 0 0 0 0 0 0 0 0 0 0 0 0 0 0 0 0 0 0 0 0 0 0 0 0 0 0 0 0 0 0 0 0 0 0 0 0 0 0 0 0 0 0 0 0 0 0 0 0 0</row>
            <row>0 0 0 0 0 0 0 0 0 0 0 0 0 0 0 0 0 0 0 0 0 0 0 0 0 0 0 0 0 0 0 0 0 0 0 0 0 0 0 0 0 0 0 0 0 0 0 0 0 0 0 0 0 0 0 0 0 0 0 0 0 0 0 0</row>
            <row>0 0 0 0 0 0 0 0 0 0 0 0 0 0 0 0 0 0 0 0 0 0 0 0 0 0 0 0 0 0 0 0 0 0 0 0 0 0 0 0 0 0 0 0 0 0 0 0 0 0 0 0 0 0 0 0 0 0 0 0 0 0 0 0</row>
            <row>0 0 0 0 0 0 0 0 0 0 0 0 0 0 0 0 0 0 0 0 0 0 0 0 0 0 0 0 0 0 0 0 0 0 0 0 0 0 0 0 0 0 0 0 0 0 0 0 0 0 0 0 0 0 0 0 0 0 0 0 0 0 0 0</row>
            <row>0 0 0 0 0 0 0 0 0 0 0 0 0 0 0 0 0 0 0 0 0 0 0 0 0 0 0 0 0 0 0 0 0 0 0 0 0 0 0 0 0 0 0 0 0 0 0 0 0 0 0 0 0 0 0 0 0 0 0 0 0 0 0 0</row>
            <row>0 0 0 0 0 0 0 0 0 0 0 0 0 0 0 0 0 0 0 0 0 0 0 0 0 0 0 0 0 0 0 0 0 0 0 0 0 0 0 0 0 0 0 0 0 0 0 0 0 0 0 0 0 0 0 0 0 0 0 0 0 0 0 0</row>
            <row>0 0 0 0 0 0 0 0 0 0 0 0 0 0 0 0 0 0 0 0 0 0 0 0 0 0 0 0 0 0 0 0 0 0 0 0 0 0 0 0 0 0 0 0 0 0 0 0 0 0 0 0 0 0 0 0 0 0 0 0 0 0 0 0</row>
            <row>0 0 0 0 0 0 0 0 0 0 0 0 0 0 0 0 0 0 0 0 0 0 0 0 0 0 0 0 0 0 0 0 0 0 0 0 0 0 0 0 0 0 0 0 0 0 0 0 0 0 0 0 0 0 0 0 0 0 0 0 0 0 0 0</row>
            <row>0 0 0 0 0 0 0 0 0 0 0 0 0 0 0 0 0 0 0 0 0 0 0 0 0 0 0 0 0 0 0 0 0 0 0 0 0 0 0 0 0 0 0 0 0 0 0 0 0 0 0 0 0 0 0 0 0 0 0 0 0 0 0 0</row>
            <row>0 0 0 0 0 0 0 0 0 0 0 0 0 0 0 0 0 0 0 0 0 0 0 0 0 0 0 0 0 0 0 0 0 0 0 0 0 0 0 0 0 0 0 0 0 0 0 0 0 0 0 0 0 0 0 0 0 0 0 0 0 0 0 0</row>
            <row>0 0 0 0 0 0 0 0 0 0 0 0 0 0 0 0 0 0 0 0 0 0 0 0 0 0 0 0 0 0 0 0 0 0 0 0 0 0 0 0 0 0 0 0 0 0 0 0 0 0 0 0 0 0 0 0 0 0 0 0 0 0 0 0</row>
            <row>0 0 0 0 0 0 0 0 0 0 0 0 0 0 0 0 0 0 0 0 0 0 0 0 0 0 0 0 0 0 0 0 0 0 0 0 0 0 0 0 0 0 0 0 0 0 0 0 0 0 0 0 0 0 0 0 0 0 0 0 0 0 0 0</row>
            <row>0 0 0 0 0 0 0 0 0 0 0 0 0 0 0 0 0 0 0 0 0 0 0 0 0 0 0 0 0 0 0 0 0 0 0 0 0 0 0 0 0 0 0 0 0 0 0 0 0 0 0 0 0 0 0 0 0 0 0 0 0 0 0 0</row>
            <row>0 0 0 0 0 0 0 0 0 0 0 0 0 0 0 0 0 0 0 0 0 0 0 0 0 0 0 0 0 0 0 0 0 0 0 0 0 0 0 0 0 0 0 0 0 0 0 0 0 0 0 0 0 0 0 0 0 0 0 0 0 0 0 0</row>
            <row>0 0 0 0 0 0 0 0 0 0 0 0 0 0 0 0 0 0 0 0 0 0 0 0 0 0 0 0 0 0 0 0 0 0 0 0 0 0 0 0 0 0 0 0 0 0 0 0 0 0 0 0 0 0 0 0 0 0 0 0 0 0 0 0</row>
            <row>0 0 0 0 0 0 0 0 0 0 0 0 0 0 0 0 0 0 0 0 0 0 0 0 0 0 0 0 0 0 0 0 0 0 0 0 0 0 0 0 0 0 0 0 0 0 0 0 0 0 0 0 0 0 0 0 0 0 0 0 0 0 0 0</row>
            <row>0 0 0 0 0 0 0 0 0 0 0 0 0 0 0 0 0 0 0 0 0 0 0 0 0 0 0 0 0 0 0 0 0 0 0 0 0 0 0 0 0 0 0 0 0 0 0 0 0 0 0 0 0 0 0 0 0 0 0 0 0 0 0 0</row>
            <row>0 0 0 0 0 0 0 0 0 0 0 0 0 0 0 0 0 0 0 0 0 0 0 0 0 0 0 0 0 0 0 0 0 0 0 0 0 0 0 0 0 0 0 0 0 0 0 0 0 0 0 0 0 0 0 0 0 0 0 0 0 0 0 0</row>
            <row>0 0 0 0 0 0 0 0 0 0 0 0 0 0 0 0 0 0 0 0 0 0 0 0 0 0 0 0 0 0 0 0 0 0 0 0 0 0 0 0 0 0 0 0 0 0 0 0 0 0 0 0 0 0 0 0 0 0 0 0 0 0 0 0</row>
            <row>0 0 0 0 0 0 0 0 0 0 0 0 0 0 0 0 0 0 0 0 0 0 0 0 0 0 0 0 0 0 0 0 0 0 0 0 0 0 0 0 0 0 0 0 0 0 0 0 0 0 0 0 0 0 0 0 0 0 0 0 0 0 0 0</row>
            <row>0 0 0 0 0 0 0 0 0 0 0 0 0 0 0 0 0 0 0 0 0 0 0 0 0 0 0 0 0 0 0 0 0 0 0 0 0 0 0 0 0 0 0 0 0 0 0 0 0 0 0 0 0 0 0 0 0 0 0 0 0 0 0 0</row>
            <row>0 0 0 0 0 0 0 0 0 0 0 0 0 0 0 0 0 0 0 0 0 0 0 0 0 0 0 0 0 0 0 0 0 0 0 0 0 0 0 0 0 0 0 0 0 0 0 0 0 0 0 0 0 0 0 0 0 0 0 0 0 0 0 0</row>
            <row>0 0 0 0 0 0 0 0 0 0 0 0 0 0 0 0 0 0 0 0 0 0 0 0 0 0 0 0 0 0 0 0 0 0 0 0 0 0 0 0 0 0 0 0 0 0 0 0 0 0 0 0 0 0 0 0 0 0 0 0 0 0 0 0</row>
            <row>0 0 0 0 0 0 0 0 0 0 0 0 0 0 0 0 0 0 0 0 0 0 0 0 0 0 0 0 0 0 0 0 0 0 0 0 0 0 0 0 0 0 0 0 0 0 0 0 0 0 0 0 0 0 0 0 0 0 0 0 0 0 0 0</row>
            <row>0 0 0 0 0 0 0 0 0 0 0 0 0 0 0 0 0 0 0 0 0 0 0 0 0 0 0 0 0 0 0 0 0 0 0 0 0 0 0 0 0 0 0 0 0 0 0 0 0 0 0 0 0 0 0 0 0 0 0 0 0 0 0 0</row>
            <row>0 0 0 0 0 0 0 0 0 0 0 0 0 0 0 0 0 0 0 0 0 0 0 0 0 0 0 0 0 0 0 0 0 0 0 0 0 0 0 0 0 0 0 0 0 0 0 0 0 0 0 0 0 0 0 0 0 0 0 0 0 0 0 0</row>
            <row>0 0 0 0 0 0 0 0 0 0 0 0 0 0 0 0 0 0 0 0 0 0 0 0 0 0 0 0 0 0 0 0 0 0 0 0 0 0 0 0 0 0 0 0 0 0 0 0 0 0 0 0 0 0 0 0 0 0 0 0 0 0 0 0</row>
            <row>0 0 0 0 0 0 0 0 0 0 0 0 0 0 0 0 0 0 0 0 0 0 0 0 0 0 0 0 0 0 0 0 0 0 0 0 0 0 0 0 0 0 0 0 0 0 0 0 0 0 0 0 0 0 0 0 0 0 0 0 0 0 0 0</row>
            <row>0 0 0 0 0 0 0 0 0 0 0 0 0 0 0 0 0 0 0 0 0 0 0 0 0 0 0 0 0 0 0 0 0 0 0 0 0 0 0 0 0 0 0 0 0 0 0 0 0 0 0 0 0 0 0 0 0 0 0 0 0 0 0 0</row>
            <row>0 0 0 0 0 0 0 0 0 0 0 0 0 0 0 0 0 0 0 0 0 0 0 0 0 0 0 0 0 0 0 0 0 0 0 0 0 0 0 0 0 0 0 0 0 0 0 0 0 0 0 0 0 0 0 0 0 0 0 0 0 0 0 0</row>
            <row>0 0 0 0 0 0 0 0 0 0 0 0 0 0 0 0 0 0 0 0 0 0 0 0 0 0 0 0 0 0 0 0 0 0 0 0 0 0 0 0 0 0 0 0 0 0 0 0 0 0 0 0 0 0 0 0 0 0 0 0 0 0 0 0</row>
            <row>0 0 0 0 0 0 0 0 0 0 0 0 0 0 0 0 0 0 0 0 0 0 0 0 0 0 0 0 0 0 0 0 0 0 0 0 0 0 0 0 0 0 0 0 0 0 0 0 0 0 0 0 0 0 0 0 0 0 0 0 0 0 0 0</row>
            <row>0 0 0 0 0 0 0 0 0 0 0 0 0 0 0 0 0 0 0 0 0 0 0 0 0 0 0 0 0 0 0 0 0 0 0 0 0 0 0 0 0 0 0 0 0 0 0 0 0 0 0 0 0 0 0 0 0 0 0 0 0 0 0 0</row>
            <row>0 0 0 0 0 0 0 0 0 0 0 0 0 0 0 0 0 0 0 0 0 0 0 0 0 0 0 0 0 0 0 0 0 0 0 0 0 0 0 0 0 0 0 0 0 0 0 0 0 0 0 0 0 0 0 0 0 0 0 0 0 0 0 0</row>
            <row>0 0 0 0 0 0 0 0 0 0 0 0 0 0 0 0 0 0 0 0 0 0 0 0 0 0 0 0 0 0 0 0 0 0 0 0 0 0 0 0 0 0 0 0 0 0 0 0 0 0 0 0 0 0 0 0 0 0 0 0 0 0 0 0</row>
            <row>0 0 0 0 0 0 0 0 0 0 0 0 0 0 0 0 0 0 0 0 0 0 0 0 0 0 0 0 0 0 0 0 0 0 0 0 0 0 0 0 0 0 0 0 0 0 0 0 0 0 0 0 0 0 0 0 0 0 0 0 0 0 0 0</row>
            <row>0 0 0 0 0 0 0 0 0 0 0 0 0 0 0 0 0 0 0 0 0 0 0 0 0 0 0 0 0 0 0 0 0 0 0 0 0 0 0 0 0 0 0 0 0 0 0 0 0 0 0 0 0 0 0 0 0 0 0 0 0 0 0 0</row>
            <row>0 0 0 0 0 0 0 0 0 0 0 0 0 0 0 0 0 0 0 0 0 0 0 0 0 0 0 0 0 0 0 0 0 0 0 0 0 0 0 0 0 0 0 0 0 0 0 0 0 0 0 0 0 0 0 0 0 0 0 0 0 0 0 0</row>
            <row>0 0 0 0 0 0 0 0 0 0 0 0 0 0 0 0 0 0 0 0 0 0 0 0 0 0 0 0 0 0 0 0 0 0 0 0 0 0 0 0 0 0 0 0 0 0 0 0 0 0 0 0 0 0 0 0 0 0 0 0 0 0 0 0</row>
            <row>0 0 0 0 0 0 0 0 0 0 0 0 0 0 0 0 0 0 0 0 0 0 0 0 0 0 0 0 0 0 0 0 0 0 0 0 0 0 0 0 0 0 0 0 0 0 0 0 0 0 0 0 0 0 0 0 0 0 0 0 0 0 0 0</row>
            <row>0 0 0 0 0 0 0 0 0 0 0 0 0 0 0 0 0 0 0 0 0 0 0 0 0 0 0 0 0 0 0 0 0 0 0 0 0 0 0 0 0 0 0 0 0 0 0 0 0 0 0 0 0 0 0 0 0 0 0 0 0 0 0 0</row>
            <row>0 0 0 0 0 0 0 0 0 0 0 0 0 0 0 0 0 0 0 0 0 0 0 0 0 0 0 0 0 0 0 0 0 0 0 0 0 0 0 0 0 0 0 0 0 0 0 0 0 0 0 0 0 0 0 0 0 0 0 0 0 0 0 0</row>
            <row>0 0 0 0 0 0 0 0 0 0 0 0 0 0 0 0 0 0 0 0 0 0 0 0 0 0 0 0 0 0 0 0 0 0 0 0 0 0 0 0 0 0 0 0 0 0 0 0 0 0 0 0 0 0 0 0 0 0 0 0 0 0 0 0</row>
            <row>0 0 0 0 0 0 0 0 0 0 0 0 0 0 0 0 0 0 0 0 0 0 0 0 0 0 0 0 0 0 0 0 0 0 0 0 0 0 0 0 0 0 0 0 0 0 0 0 0 0 0 0 0 0 0 0 0 0 0 0 0 0 0 0</row>
            <row>0 0 0 0 0 0 0 0 0 0 0 0 0 0 0 0 0 0 0 0 0 0 0 0 0 0 0 0 0 0 0 0 0 0 0 0 0 0 0 0 0 0 0 0 0 0 0 0 0 0 0 0 0 0 0 0 0 0 0 0 0 0 0 0</row>
            <row>0 0 0 0 0 0 0 0 0 0 0 0 0 0 0 0 0 0 0 0 0 0 0 0 0 0 0 0 0 0 0 0 0 0 0 0 0 0 0 0 0 0 0 0 0 0 0 0 0 0 0 0 0 0 0 0 0 0 0 0 0 0 0 0</row>
            <row>0 0 0 0 0 0 0 0 0 0 0 0 0 0 0 0 0 0 0 0 0 0 0 0 0 0 0 0 0 0 0 0 0 0 0 0 0 0 0 0 0 0 0 0 0 0 0 0 0 0 0 0 0 0 0 0 0 0 0 0 0 0 0 0</row>
            <row>0 0 0 0 0 0 0 0 0 0 0 0 0 0 0 0 0 0 0 0 0 0 0 0 0 0 0 0 0 0 0 0 0 0 0 0 0 0 0 0 0 0 0 0 0 0 0 0 0 0 0 0 0 0 0 0 0 0 0 0 0 0 0 0</row>
        </grid>
    </map>
    <algorithm>
        <allowanyangle>true</allowanyangle>
        <metrictype>euclid</metrictype>
        <breakingties>g-max</breakingties>
        <weight>1</weight>
    </algorithm>
    <options>
        <loglevel>1</loglevel>
        <logpath />
        <logfilename />
    </options>
</root>
