<?xml version="1.0" ?>
<root>
    <map>
        <width>64</width>
        <height>64</height>
        <agents>150</agents>
        <startx number="0">34</startx>
        <starty number="0">38</starty>
        <finishx number="0">59</finishx>
        <finishy number="0">44</finishy>
        <startx number="1">35</startx>
        <starty number="1">43</starty>
        <finishx number="1">25</finishx>
        <finishy number="1">26</finishy>
        <startx number="2">5</startx>
        <starty number="2">45</starty>
        <finishx number="2">34</finishx>
        <finishy number="2">41</finishy>
        <startx number="3">30</startx>
        <starty number="3">57</starty>
        <finishx number="3">41</finishx>
        <finishy number="3">2</finishy>
        <startx number="4">0</startx>
        <starty number="4">9</starty>
        <finishx number="4">42</finishx>
        <finishy number="4">31</finishy>
        <startx number="5">33</startx>
        <starty number="5">54</starty>
        <finishx number="5">45</finishx>
        <finishy number="5">12</finishy>
        <startx number="6">55</startx>
        <starty number="6">61</starty>
        <finishx number="6">16</finishx>
        <finishy number="6">6</finishy>
        <startx number="7">61</startx>
        <starty number="7">41</starty>
        <finishx number="7">22</finishx>
        <finishy number="7">37</finishy>
        <startx number="8">47</startx>
        <starty number="8">30</starty>
        <finishx number="8">31</finishx>
        <finishy number="8">25</finishy>
        <startx number="9">40</startx>
        <starty number="9">50</starty>
        <finishx number="9">27</finishx>
        <finishy number="9">13</finishy>
        <startx number="10">28</startx>
        <starty number="10">25</starty>
        <finishx number="10">22</finishx>
        <finishy number="10">0</finishy>
        <startx number="11">39</startx>
        <starty number="11">24</starty>
        <finishx number="11">31</finishx>
        <finishy number="11">33</finishy>
        <startx number="12">37</startx>
        <starty number="12">51</starty>
        <finishx number="12">31</finishx>
        <finishy number="12">6</finishy>
        <startx number="13">43</startx>
        <starty number="13">9</starty>
        <finishx number="13">24</finishx>
        <finishy number="13">11</finishy>
        <startx number="14">60</startx>
        <starty number="14">52</starty>
        <finishx number="14">39</finishx>
        <finishy number="14">10</finishy>
        <startx number="15">29</startx>
        <starty number="15">36</starty>
        <finishx number="15">10</finishx>
        <finishy number="15">47</finishy>
        <startx number="16">27</startx>
        <starty number="16">44</starty>
        <finishx number="16">53</finishx>
        <finishy number="16">61</finishy>
        <startx number="17">20</startx>
        <starty number="17">56</starty>
        <finishx number="17">25</finishx>
        <finishy number="17">53</finishy>
        <startx number="18">12</startx>
        <starty number="18">4</starty>
        <finishx number="18">10</finishx>
        <finishy number="18">29</finishy>
        <startx number="19">31</startx>
        <starty number="19">55</starty>
        <finishx number="19">41</finishx>
        <finishy number="19">63</finishy>
        <startx number="20">2</startx>
        <starty number="20">22</starty>
        <finishx number="20">26</finishx>
        <finishy number="20">50</finishy>
        <startx number="21">35</startx>
        <starty number="21">46</starty>
        <finishx number="21">6</finishx>
        <finishy number="21">10</finishy>
        <startx number="22">8</startx>
        <starty number="22">61</starty>
        <finishx number="22">10</finishx>
        <finishy number="22">15</finishy>
        <startx number="23">15</startx>
        <starty number="23">62</starty>
        <finishx number="23">26</finishx>
        <finishy number="23">29</finishy>
        <startx number="24">47</startx>
        <starty number="24">60</starty>
        <finishx number="24">60</finishx>
        <finishy number="24">63</finishy>
        <startx number="25">52</startx>
        <starty number="25">27</starty>
        <finishx number="25">7</finishx>
        <finishy number="25">2</finishy>
        <startx number="26">53</startx>
        <starty number="26">24</starty>
        <finishx number="26">15</finishx>
        <finishy number="26">44</finishy>
        <startx number="27">43</startx>
        <starty number="27">21</starty>
        <finishx number="27">18</finishx>
        <finishy number="27">0</finishy>
        <startx number="28">41</startx>
        <starty number="28">42</starty>
        <finishx number="28">48</finishx>
        <finishy number="28">62</finishy>
        <startx number="29">21</startx>
        <starty number="29">45</starty>
        <finishx number="29">13</finishx>
        <finishy number="29">20</finishy>
        <startx number="30">3</startx>
        <starty number="30">48</starty>
        <finishx number="30">25</finishx>
        <finishy number="30">42</finishy>
        <startx number="31">31</startx>
        <starty number="31">20</starty>
        <finishx number="31">19</finishx>
        <finishy number="31">49</finishy>
        <startx number="32">13</startx>
        <starty number="32">15</starty>
        <finishx number="32">6</finishx>
        <finishy number="32">56</finishy>
        <startx number="33">58</startx>
        <starty number="33">39</starty>
        <finishx number="33">61</finishx>
        <finishy number="33">44</finishy>
        <startx number="34">37</startx>
        <starty number="34">24</starty>
        <finishx number="34">46</finishx>
        <finishy number="34">36</finishy>
        <startx number="35">40</startx>
        <starty number="35">55</starty>
        <finishx number="35">61</finishx>
        <finishy number="35">25</finishy>
        <startx number="36">19</startx>
        <starty number="36">22</starty>
        <finishx number="36">13</finishx>
        <finishy number="36">54</finishy>
        <startx number="37">5</startx>
        <starty number="37">40</starty>
        <finishx number="37">48</finishx>
        <finishy number="37">4</finishy>
        <startx number="38">9</startx>
        <starty number="38">50</starty>
        <finishx number="38">51</finishx>
        <finishy number="38">56</finishy>
        <startx number="39">50</startx>
        <starty number="39">14</starty>
        <finishx number="39">19</finishx>
        <finishy number="39">62</finishy>
        <startx number="40">39</startx>
        <starty number="40">42</starty>
        <finishx number="40">2</finishx>
        <finishy number="40">62</finishy>
        <startx number="41">4</startx>
        <starty number="41">53</starty>
        <finishx number="41">61</finishx>
        <finishy number="41">31</finishy>
        <startx number="42">34</startx>
        <starty number="42">3</starty>
        <finishx number="42">24</finishx>
        <finishy number="42">18</finishy>
        <startx number="43">15</startx>
        <starty number="43">12</starty>
        <finishx number="43">10</finishx>
        <finishy number="43">21</finishy>
        <startx number="44">3</startx>
        <starty number="44">8</starty>
        <finishx number="44">41</finishx>
        <finishy number="44">58</finishy>
        <startx number="45">28</startx>
        <starty number="45">17</starty>
        <finishx number="45">52</finishx>
        <finishy number="45">29</finishy>
        <startx number="46">55</startx>
        <starty number="46">48</starty>
        <finishx number="46">17</finishx>
        <finishy number="46">9</finishy>
        <startx number="47">46</startx>
        <starty number="47">25</starty>
        <finishx number="47">57</finishx>
        <finishy number="47">63</finishy>
        <startx number="48">44</startx>
        <starty number="48">49</starty>
        <finishx number="48">10</finishx>
        <finishy number="48">34</finishy>
        <startx number="49">49</startx>
        <starty number="49">51</starty>
        <finishx number="49">42</finishx>
        <finishy number="49">53</finishy>
        <startx number="50">25</startx>
        <starty number="50">58</starty>
        <finishx number="50">55</finishx>
        <finishy number="50">31</finishy>
        <startx number="51">59</startx>
        <starty number="51">15</starty>
        <finishx number="51">32</finishx>
        <finishy number="51">62</finishy>
        <startx number="52">44</startx>
        <starty number="52">4</starty>
        <finishx number="52">40</finishx>
        <finishy number="52">32</finishy>
        <startx number="53">11</startx>
        <starty number="53">9</starty>
        <finishx number="53">58</finishx>
        <finishy number="53">26</finishy>
        <startx number="54">45</startx>
        <starty number="54">28</starty>
        <finishx number="54">41</finishx>
        <finishy number="54">23</finishy>
        <startx number="55">42</startx>
        <starty number="55">47</starty>
        <finishx number="55">30</finishx>
        <finishy number="55">4</finishy>
        <startx number="56">50</startx>
        <starty number="56">62</starty>
        <finishx number="56">41</finishx>
        <finishy number="56">29</finishy>
        <startx number="57">51</startx>
        <starty number="57">49</starty>
        <finishx number="57">34</finishx>
        <finishy number="57">51</finishy>
        <startx number="58">52</startx>
        <starty number="58">45</starty>
        <finishx number="58">48</finishx>
        <finishy number="58">54</finishy>
        <startx number="59">48</startx>
        <starty number="59">44</starty>
        <finishx number="59">13</finishx>
        <finishy number="59">49</finishy>
        <startx number="60">1</startx>
        <starty number="60">57</starty>
        <finishx number="60">56</finishx>
        <finishy number="60">0</finishy>
        <startx number="61">56</startx>
        <starty number="61">45</starty>
        <finishx number="61">24</finishx>
        <finishy number="61">32</finishy>
        <startx number="62">51</startx>
        <starty number="62">38</starty>
        <finishx number="62">28</finishx>
        <finishy number="62">52</finishy>
        <startx number="63">63</startx>
        <starty number="63">49</starty>
        <finishx number="63">37</finishx>
        <finishy number="63">16</finishy>
        <startx number="64">8</startx>
        <starty number="64">5</starty>
        <finishx number="64">15</finishx>
        <finishy number="64">15</finishy>
        <startx number="65">27</startx>
        <starty number="65">47</starty>
        <finishx number="65">42</finishx>
        <finishy number="65">26</finishy>
        <startx number="66">5</startx>
        <starty number="66">61</starty>
        <finishx number="66">17</finishx>
        <finishy number="66">59</finishy>
        <startx number="67">2</startx>
        <starty number="67">6</starty>
        <finishx number="67">40</finishx>
        <finishy number="67">18</finishy>
        <startx number="68">24</startx>
        <starty number="68">15</starty>
        <finishx number="68">27</finishx>
        <finishy number="68">36</finishy>
        <startx number="69">27</startx>
        <starty number="69">10</starty>
        <finishx number="69">25</finishx>
        <finishy number="69">39</finishy>
        <startx number="70">34</startx>
        <starty number="70">27</starty>
        <finishx number="70">43</finishx>
        <finishy number="70">45</finishy>
        <startx number="71">1</startx>
        <starty number="71">30</starty>
        <finishx number="71">61</finishx>
        <finishy number="71">39</finishy>
        <startx number="72">3</startx>
        <starty number="72">13</starty>
        <finishx number="72">12</finishx>
        <finishy number="72">7</finishy>
        <startx number="73">2</startx>
        <starty number="73">33</starty>
        <finishx number="73">38</finishx>
        <finishy number="73">56</finishy>
        <startx number="74">32</startx>
        <starty number="74">46</starty>
        <finishx number="74">22</finishx>
        <finishy number="74">34</finishy>
        <startx number="75">32</startx>
        <starty number="75">44</starty>
        <finishx number="75">23</finishx>
        <finishy number="75">8</finishy>
        <startx number="76">58</startx>
        <starty number="76">7</starty>
        <finishx number="76">17</finishx>
        <finishy number="76">19</finishy>
        <startx number="77">23</startx>
        <starty number="77">53</starty>
        <finishx number="77">20</finishx>
        <finishy number="77">38</finishy>
        <startx number="78">25</startx>
        <starty number="78">61</starty>
        <finishx number="78">36</finishx>
        <finishy number="78">35</finishy>
        <startx number="79">58</startx>
        <starty number="79">29</starty>
        <finishx number="79">32</finishx>
        <finishy number="79">59</finishy>
        <startx number="80">4</startx>
        <starty number="80">51</starty>
        <finishx number="80">10</finishx>
        <finishy number="80">58</finishy>
        <startx number="81">53</startx>
        <starty number="81">3</starty>
        <finishx number="81">57</finishx>
        <finishy number="81">24</finishy>
        <startx number="82">11</startx>
        <starty number="82">18</starty>
        <finishx number="82">0</finishx>
        <finishy number="82">6</finishy>
        <startx number="83">60</startx>
        <starty number="83">47</starty>
        <finishx number="83">56</finishx>
        <finishy number="83">50</finishy>
        <startx number="84">15</startx>
        <starty number="84">17</starty>
        <finishx number="84">56</finishx>
        <finishy number="84">26</finishy>
        <startx number="85">30</startx>
        <starty number="85">27</starty>
        <finishx number="85">63</finishx>
        <finishy number="85">62</finishy>
        <startx number="86">52</startx>
        <starty number="86">0</starty>
        <finishx number="86">18</finishx>
        <finishy number="86">46</finishy>
        <startx number="87">38</startx>
        <starty number="87">48</starty>
        <finishx number="87">51</finishx>
        <finishy number="87">59</finishy>
        <startx number="88">23</startx>
        <starty number="88">59</starty>
        <finishx number="88">62</finishx>
        <finishy number="88">12</finishy>
        <startx number="89">53</startx>
        <starty number="89">13</starty>
        <finishx number="89">12</finishx>
        <finishy number="89">36</finishy>
        <startx number="90">16</startx>
        <starty number="90">51</starty>
        <finishx number="90">5</finishx>
        <finishy number="90">43</finishy>
        <startx number="91">25</startx>
        <starty number="91">37</starty>
        <finishx number="91">33</finishx>
        <finishy number="91">33</finishy>
        <startx number="92">7</startx>
        <starty number="92">16</starty>
        <finishx number="92">32</finishx>
        <finishy number="92">52</finishy>
        <startx number="93">14</startx>
        <starty number="93">52</starty>
        <finishx number="93">21</finishx>
        <finishy number="93">48</finishy>
        <startx number="94">36</startx>
        <starty number="94">21</starty>
        <finishx number="94">1</finishx>
        <finishy number="94">52</finishy>
        <startx number="95">0</startx>
        <starty number="95">19</starty>
        <finishx number="95">57</finishx>
        <finishy number="95">58</finishy>
        <startx number="96">22</startx>
        <starty number="96">24</starty>
        <finishx number="96">46</finishx>
        <finishy number="96">1</finishy>
        <startx number="97">8</startx>
        <starty number="97">7</starty>
        <finishx number="97">16</finishx>
        <finishy number="97">35</finishy>
        <startx number="98">43</startx>
        <starty number="98">34</starty>
        <finishx number="98">17</finishx>
        <finishy number="98">41</finishy>
        <startx number="99">25</startx>
        <starty number="99">2</starty>
        <finishx number="99">17</finishx>
        <finishy number="99">22</finishy>
        <startx number="100">52</startx>
        <starty number="100">32</starty>
        <finishx number="100">58</finishx>
        <finishy number="100">13</finishy>
        <startx number="101">55</startx>
        <starty number="101">3</starty>
        <finishx number="101">51</finishx>
        <finishy number="101">19</finishy>
        <startx number="102">20</startx>
        <starty number="102">13</starty>
        <finishx number="102">49</finishx>
        <finishy number="102">20</finishy>
        <startx number="103">27</startx>
        <starty number="103">34</starty>
        <finishx number="103">48</finishx>
        <finishy number="103">16</finishy>
        <startx number="104">49</startx>
        <starty number="104">25</starty>
        <finishx number="104">37</finishx>
        <finishy number="104">8</finishy>
        <startx number="105">32</startx>
        <starty number="105">35</starty>
        <finishx number="105">12</finishx>
        <finishy number="105">22</finishy>
        <startx number="106">22</startx>
        <starty number="106">43</starty>
        <finishx number="106">13</finishx>
        <finishy number="106">63</finishy>
        <startx number="107">23</startx>
        <starty number="107">21</starty>
        <finishx number="107">2</finishx>
        <finishy number="107">36</finishy>
        <startx number="108">19</startx>
        <starty number="108">11</starty>
        <finishx number="108">62</finishx>
        <finishy number="108">9</finishy>
        <startx number="109">30</startx>
        <starty number="109">14</starty>
        <finishx number="109">57</finishx>
        <finishy number="109">60</finishy>
        <startx number="110">1</startx>
        <starty number="110">14</starty>
        <finishx number="110">16</finishx>
        <finishy number="110">38</finishy>
        <startx number="111">59</startx>
        <starty number="111">50</starty>
        <finishx number="111">50</finishx>
        <finishy number="111">46</finishy>
        <startx number="112">36</startx>
        <starty number="112">5</starty>
        <finishx number="112">17</finishx>
        <finishy number="112">14</finishy>
        <startx number="113">30</startx>
        <starty number="113">30</starty>
        <finishx number="113">45</finishx>
        <finishy number="113">20</finishy>
        <startx number="114">19</startx>
        <starty number="114">3</starty>
        <finishx number="114">53</finishx>
        <finishy number="114">18</finishy>
        <startx number="115">4</startx>
        <starty number="115">11</starty>
        <finishx number="115">10</finishx>
        <finishy number="115">31</finishy>
        <startx number="116">49</startx>
        <starty number="116">60</starty>
        <finishx number="116">56</finishx>
        <finishy number="116">13</finishy>
        <startx number="117">22</startx>
        <starty number="117">29</starty>
        <finishx number="117">29</finishx>
        <finishy number="117">6</finishy>
        <startx number="118">48</startx>
        <starty number="118">35</starty>
        <finishx number="118">61</finishx>
        <finishy number="118">7</finishy>
        <startx number="119">57</startx>
        <starty number="119">21</starty>
        <finishx number="119">19</finishx>
        <finishy number="119">54</finishy>
        <startx number="120">41</startx>
        <starty number="120">10</starty>
        <finishx number="120">20</finishx>
        <finishy number="120">43</finishy>
        <startx number="121">60</startx>
        <starty number="121">9</starty>
        <finishx number="121">63</finishx>
        <finishy number="121">23</finishy>
        <startx number="122">50</startx>
        <starty number="122">4</starty>
        <finishx number="122">7</finishx>
        <finishy number="122">29</finishy>
        <startx number="123">8</startx>
        <starty number="123">31</starty>
        <finishx number="123">25</finishx>
        <finishy number="123">45</finishy>
        <startx number="124">15</startx>
        <starty number="124">25</starty>
        <finishx number="124">9</finishx>
        <finishy number="124">18</finishy>
        <startx number="125">57</startx>
        <starty number="125">10</starty>
        <finishx number="125">7</finishx>
        <finishy number="125">47</finishy>
        <startx number="126">46</startx>
        <starty number="126">9</starty>
        <finishx number="126">11</finishx>
        <finishy number="126">45</finishy>
        <startx number="127">58</startx>
        <starty number="127">37</starty>
        <finishx number="127">55</finishx>
        <finishy number="127">56</finishy>
        <startx number="128">1</startx>
        <starty number="128">43</starty>
        <finishx number="128">63</finishx>
        <finishy number="128">28</finishy>
        <startx number="129">62</startx>
        <starty number="129">18</starty>
        <finishx number="129">1</finishx>
        <finishy number="129">54</finishy>
        <startx number="130">44</startx>
        <starty number="130">42</starty>
        <finishx number="130">39</finishx>
        <finishy number="130">45</finishy>
        <startx number="131">4</startx>
        <starty number="131">19</starty>
        <finishx number="131">44</finishx>
        <finishy number="131">2</finishy>
        <startx number="132">42</startx>
        <starty number="132">5</starty>
        <finishx number="132">44</finishx>
        <finishy number="132">25</finishy>
        <startx number="133">53</startx>
        <starty number="133">11</starty>
        <finishx number="133">27</finishx>
        <finishy number="133">39</finishy>
        <startx number="134">30</startx>
        <starty number="134">49</starty>
        <finishx number="134">15</finishx>
        <finishy number="134">31</finishy>
        <startx number="135">24</startx>
        <starty number="135">50</starty>
        <finishx number="135">39</finishx>
        <finishy number="135">34</finishy>
        <startx number="136">40</startx>
        <starty number="136">26</starty>
        <finishx number="136">10</finishx>
        <finishy number="136">23</finishy>
        <startx number="137">63</startx>
        <starty number="137">41</starty>
        <finishx number="137">9</finishx>
        <finishy number="137">26</finishy>
        <startx number="138">42</startx>
        <starty number="138">36</starty>
        <finishx number="138">25</finishx>
        <finishy number="138">23</finishy>
        <startx number="139">33</startx>
        <starty number="139">8</starty>
        <finishx number="139">13</finishx>
        <finishy number="139">47</finishy>
        <startx number="140">4</startx>
        <starty number="140">59</starty>
        <finishx number="140">35</finishx>
        <finishy number="140">56</finishy>
        <startx number="141">27</startx>
        <starty number="141">20</starty>
        <finishx number="141">49</finishx>
        <finishy number="141">57</finishy>
        <startx number="142">1</startx>
        <starty number="142">0</starty>
        <finishx number="142">23</finishx>
        <finishy number="142">2</finishy>
        <startx number="143">1</startx>
        <starty number="143">41</starty>
        <finishx number="143">9</finishx>
        <finishy number="143">45</finishy>
        <startx number="144">4</startx>
        <starty number="144">56</starty>
        <finishx number="144">35</finishx>
        <finishy number="144">54</finishy>
        <startx number="145">19</startx>
        <starty number="145">33</starty>
        <finishx number="145">17</finishx>
        <finishy number="145">17</finishy>
        <startx number="146">50</startx>
        <starty number="146">32</starty>
        <finishx number="146">63</finishx>
        <finishy number="146">25</finishy>
        <startx number="147">37</startx>
        <starty number="147">32</starty>
        <finishx number="147">63</finishx>
        <finishy number="147">54</finishy>
        <startx number="148">14</startx>
        <starty number="148">57</starty>
        <finishx number="148">50</finishx>
        <finishy number="148">30</finishy>
        <startx number="149">22</startx>
        <starty number="149">61</starty>
        <finishx number="149">63</finishx>
        <finishy number="149">14</finishy>
        <grid>
            <row>0 0 0 0 0 0 0 0 0 0 0 0 0 0 0 0 0 0 0 0 0 0 0 0 0 0 0 0 0 0 0 0 0 0 0 0 0 0 0 0 0 0 0 0 0 0 0 0 0 0 0 0 0 0 0 0 0 0 0 0 0 0 0 0</row>
            <row>0 0 0 0 0 0 0 0 0 0 0 0 0 0 0 0 0 0 0 0 0 0 0 0 0 0 0 0 0 0 0 0 0 0 0 0 0 0 0 0 0 0 0 0 0 0 0 0 0 0 0 0 0 0 0 0 0 0 0 0 0 0 0 0</row>
            <row>0 0 0 0 0 0 0 0 0 0 0 0 0 0 0 0 0 0 0 0 0 0 0 0 0 0 0 0 0 0 0 0 0 0 0 0 0 0 0 0 0 0 0 0 0 0 0 0 0 0 0 0 0 0 0 0 0 0 0 0 0 0 0 0</row>
            <row>0 0 0 0 0 0 0 0 0 0 0 0 0 0 0 0 0 0 0 0 0 0 0 0 0 0 0 0 0 0 0 0 0 0 0 0 0 0 0 0 0 0 0 0 0 0 0 0 0 0 0 0 0 0 0 0 0 0 0 0 0 0 0 0</row>
            <row>0 0 0 0 0 0 0 0 0 0 0 0 0 0 0 0 0 0 0 0 0 0 0 0 0 0 0 0 0 0 0 0 0 0 0 0 0 0 0 0 0 0 0 0 0 0 0 0 0 0 0 0 0 0 0 0 0 0 0 0 0 0 0 0</row>
            <row>0 0 0 0 0 0 0 0 0 0 0 0 0 0 0 0 0 0 0 0 0 0 0 0 0 0 0 0 0 0 0 0 0 0 0 0 0 0 0 0 0 0 0 0 0 0 0 0 0 0 0 0 0 0 0 0 0 0 0 0 0 0 0 0</row>
            <row>0 0 0 0 0 0 0 0 0 0 0 0 0 0 0 0 0 0 0 0 0 0 0 0 0 0 0 0 0 0 0 0 0 0 0 0 0 0 0 0 0 0 0 0 0 0 0 0 0 0 0 0 0 0 0 0 0 0 0 0 0 0 0 0</row>
            <row>0 0 0 0 0 0 0 0 0 0 0 0 0 0 0 0 0 0 0 0 0 0 0 0 0 0 0 0 0 0 0 0 0 0 0 0 0 0 0 0 0 0 0 0 0 0 0 0 0 0 0 0 0 0 0 0 0 0 0 0 0 0 0 0</row>
            <row>0 0 0 0 0 0 0 0 0 0 0 0 0 0 0 0 0 0 0 0 0 0 0 0 0 0 0 0 0 0 0 0 0 0 0 0 0 0 0 0 0 0 0 0 0 0 0 0 0 0 0 0 0 0 0 0 0 0 0 0 0 0 0 0</row>
            <row>0 0 0 0 0 0 0 0 0 0 0 0 0 0 0 0 0 0 0 0 0 0 0 0 0 0 0 0 0 0 0 0 0 0 0 0 0 0 0 0 0 0 0 0 0 0 0 0 0 0 0 0 0 0 0 0 0 0 0 0 0 0 0 0</row>
            <row>0 0 0 0 0 0 0 0 0 0 0 0 0 0 0 0 0 0 0 0 0 0 0 0 0 0 0 0 0 0 0 0 0 0 0 0 0 0 0 0 0 0 0 0 0 0 0 0 0 0 0 0 0 0 0 0 0 0 0 0 0 0 0 0</row>
            <row>0 0 0 0 0 0 0 0 0 0 0 0 0 0 0 0 0 0 0 0 0 0 0 0 0 0 0 0 0 0 0 0 0 0 0 0 0 0 0 0 0 0 0 0 0 0 0 0 0 0 0 0 0 0 0 0 0 0 0 0 0 0 0 0</row>
            <row>0 0 0 0 0 0 0 0 0 0 0 0 0 0 0 0 0 0 0 0 0 0 0 0 0 0 0 0 0 0 0 0 0 0 0 0 0 0 0 0 0 0 0 0 0 0 0 0 0 0 0 0 0 0 0 0 0 0 0 0 0 0 0 0</row>
            <row>0 0 0 0 0 0 0 0 0 0 0 0 0 0 0 0 0 0 0 0 0 0 0 0 0 0 0 0 0 0 0 0 0 0 0 0 0 0 0 0 0 0 0 0 0 0 0 0 0 0 0 0 0 0 0 0 0 0 0 0 0 0 0 0</row>
            <row>0 0 0 0 0 0 0 0 0 0 0 0 0 0 0 0 0 0 0 0 0 0 0 0 0 0 0 0 0 0 0 0 0 0 0 0 0 0 0 0 0 0 0 0 0 0 0 0 0 0 0 0 0 0 0 0 0 0 0 0 0 0 0 0</row>
            <row>0 0 0 0 0 0 0 0 0 0 0 0 0 0 0 0 0 0 0 0 0 0 0 0 0 0 0 0 0 0 0 0 0 0 0 0 0 0 0 0 0 0 0 0 0 0 0 0 0 0 0 0 0 0 0 0 0 0 0 0 0 0 0 0</row>
            <row>0 0 0 0 0 0 0 0 0 0 0 0 0 0 0 0 0 0 0 0 0 0 0 0 0 0 0 0 0 0 0 0 0 0 0 0 0 0 0 0 0 0 0 0 0 0 0 0 0 0 0 0 0 0 0 0 0 0 0 0 0 0 0 0</row>
            <row>0 0 0 0 0 0 0 0 0 0 0 0 0 0 0 0 0 0 0 0 0 0 0 0 0 0 0 0 0 0 0 0 0 0 0 0 0 0 0 0 0 0 0 0 0 0 0 0 0 0 0 0 0 0 0 0 0 0 0 0 0 0 0 0</row>
            <row>0 0 0 0 0 0 0 0 0 0 0 0 0 0 0 0 0 0 0 0 0 0 0 0 0 0 0 0 0 0 0 0 0 0 0 0 0 0 0 0 0 0 0 0 0 0 0 0 0 0 0 0 0 0 0 0 0 0 0 0 0 0 0 0</row>
            <row>0 0 0 0 0 0 0 0 0 0 0 0 0 0 0 0 0 0 0 0 0 0 0 0 0 0 0 0 0 0 0 0 0 0 0 0 0 0 0 0 0 0 0 0 0 0 0 0 0 0 0 0 0 0 0 0 0 0 0 0 0 0 0 0</row>
            <row>0 0 0 0 0 0 0 0 0 0 0 0 0 0 0 0 0 0 0 0 0 0 0 0 0 0 0 0 0 0 0 0 0 0 0 0 0 0 0 0 0 0 0 0 0 0 0 0 0 0 0 0 0 0 0 0 0 0 0 0 0 0 0 0</row>
            <row>0 0 0 0 0 0 0 0 0 0 0 0 0 0 0 0 0 0 0 0 0 0 0 0 0 0 0 0 0 0 0 0 0 0 0 0 0 0 0 0 0 0 0 0 0 0 0 0 0 0 0 0 0 0 0 0 0 0 0 0 0 0 0 0</row>
            <row>0 0 0 0 0 0 0 0 0 0 0 0 0 0 0 0 0 0 0 0 0 0 0 0 0 0 0 0 0 0 0 0 0 0 0 0 0 0 0 0 0 0 0 0 0 0 0 0 0 0 0 0 0 0 0 0 0 0 0 0 0 0 0 0</row>
            <row>0 0 0 0 0 0 0 0 0 0 0 0 0 0 0 0 0 0 0 0 0 0 0 0 0 0 0 0 0 0 0 0 0 0 0 0 0 0 0 0 0 0 0 0 0 0 0 0 0 0 0 0 0 0 0 0 0 0 0 0 0 0 0 0</row>
            <row>0 0 0 0 0 0 0 0 0 0 0 0 0 0 0 0 0 0 0 0 0 0 0 0 0 0 0 0 0 0 0 0 0 0 0 0 0 0 0 0 0 0 0 0 0 0 0 0 0 0 0 0 0 0 0 0 0 0 0 0 0 0 0 0</row>
            <row>0 0 0 0 0 0 0 0 0 0 0 0 0 0 0 0 0 0 0 0 0 0 0 0 0 0 0 0 0 0 0 0 0 0 0 0 0 0 0 0 0 0 0 0 0 0 0 0 0 0 0 0 0 0 0 0 0 0 0 0 0 0 0 0</row>
            <row>0 0 0 0 0 0 0 0 0 0 0 0 0 0 0 0 0 0 0 0 0 0 0 0 0 0 0 0 0 0 0 0 0 0 0 0 0 0 0 0 0 0 0 0 0 0 0 0 0 0 0 0 0 0 0 0 0 0 0 0 0 0 0 0</row>
            <row>0 0 0 0 0 0 0 0 0 0 0 0 0 0 0 0 0 0 0 0 0 0 0 0 0 0 0 0 0 0 0 0 0 0 0 0 0 0 0 0 0 0 0 0 0 0 0 0 0 0 0 0 0 0 0 0 0 0 0 0 0 0 0 0</row>
            <row>0 0 0 0 0 0 0 0 0 0 0 0 0 0 0 0 0 0 0 0 0 0 0 0 0 0 0 0 0 0 0 0 0 0 0 0 0 0 0 0 0 0 0 0 0 0 0 0 0 0 0 0 0 0 0 0 0 0 0 0 0 0 0 0</row>
            <row>0 0 0 0 0 0 0 0 0 0 0 0 0 0 0 0 0 0 0 0 0 0 0 0 0 0 0 0 0 0 0 0 0 0 0 0 0 0 0 0 0 0 0 0 0 0 0 0 0 0 0 0 0 0 0 0 0 0 0 0 0 0 0 0</row>
            <row>0 0 0 0 0 0 0 0 0 0 0 0 0 0 0 0 0 0 0 0 0 0 0 0 0 0 0 0 0 0 0 0 0 0 0 0 0 0 0 0 0 0 0 0 0 0 0 0 0 0 0 0 0 0 0 0 0 0 0 0 0 0 0 0</row>
            <row>0 0 0 0 0 0 0 0 0 0 0 0 0 0 0 0 0 0 0 0 0 0 0 0 0 0 0 0 0 0 0 0 0 0 0 0 0 0 0 0 0 0 0 0 0 0 0 0 0 0 0 0 0 0 0 0 0 0 0 0 0 0 0 0</row>
            <row>0 0 0 0 0 0 0 0 0 0 0 0 0 0 0 0 0 0 0 0 0 0 0 0 0 0 0 0 0 0 0 0 0 0 0 0 0 0 0 0 0 0 0 0 0 0 0 0 0 0 0 0 0 0 0 0 0 0 0 0 0 0 0 0</row>
            <row>0 0 0 0 0 0 0 0 0 0 0 0 0 0 0 0 0 0 0 0 0 0 0 0 0 0 0 0 0 0 0 0 0 0 0 0 0 0 0 0 0 0 0 0 0 0 0 0 0 0 0 0 0 0 0 0 0 0 0 0 0 0 0 0</row>
            <row>0 0 0 0 0 0 0 0 0 0 0 0 0 0 0 0 0 0 0 0 0 0 0 0 0 0 0 0 0 0 0 0 0 0 0 0 0 0 0 0 0 0 0 0 0 0 0 0 0 0 0 0 0 0 0 0 0 0 0 0 0 0 0 0</row>
            <row>0 0 0 0 0 0 0 0 0 0 0 0 0 0 0 0 0 0 0 0 0 0 0 0 0 0 0 0 0 0 0 0 0 0 0 0 0 0 0 0 0 0 0 0 0 0 0 0 0 0 0 0 0 0 0 0 0 0 0 0 0 0 0 0</row>
            <row>0 0 0 0 0 0 0 0 0 0 0 0 0 0 0 0 0 0 0 0 0 0 0 0 0 0 0 0 0 0 0 0 0 0 0 0 0 0 0 0 0 0 0 0 0 0 0 0 0 0 0 0 0 0 0 0 0 0 0 0 0 0 0 0</row>
            <row>0 0 0 0 0 0 0 0 0 0 0 0 0 0 0 0 0 0 0 0 0 0 0 0 0 0 0 0 0 0 0 0 0 0 0 0 0 0 0 0 0 0 0 0 0 0 0 0 0 0 0 0 0 0 0 0 0 0 0 0 0 0 0 0</row>
            <row>0 0 0 0 0 0 0 0 0 0 0 0 0 0 0 0 0 0 0 0 0 0 0 0 0 0 0 0 0 0 0 0 0 0 0 0 0 0 0 0 0 0 0 0 0 0 0 0 0 0 0 0 0 0 0 0 0 0 0 0 0 0 0 0</row>
            <row>0 0 0 0 0 0 0 0 0 0 0 0 0 0 0 0 0 0 0 0 0 0 0 0 0 0 0 0 0 0 0 0 0 0 0 0 0 0 0 0 0 0 0 0 0 0 0 0 0 0 0 0 0 0 0 0 0 0 0 0 0 0 0 0</row>
            <row>0 0 0 0 0 0 0 0 0 0 0 0 0 0 0 0 0 0 0 0 0 0 0 0 0 0 0 0 0 0 0 0 0 0 0 0 0 0 0 0 0 0 0 0 0 0 0 0 0 0 0 0 0 0 0 0 0 0 0 0 0 0 0 0</row>
            <row>0 0 0 0 0 0 0 0 0 0 0 0 0 0 0 0 0 0 0 0 0 0 0 0 0 0 0 0 0 0 0 0 0 0 0 0 0 0 0 0 0 0 0 0 0 0 0 0 0 0 0 0 0 0 0 0 0 0 0 0 0 0 0 0</row>
            <row>0 0 0 0 0 0 0 0 0 0 0 0 0 0 0 0 0 0 0 0 0 0 0 0 0 0 0 0 0 0 0 0 0 0 0 0 0 0 0 0 0 0 0 0 0 0 0 0 0 0 0 0 0 0 0 0 0 0 0 0 0 0 0 0</row>
            <row>0 0 0 0 0 0 0 0 0 0 0 0 0 0 0 0 0 0 0 0 0 0 0 0 0 0 0 0 0 0 0 0 0 0 0 0 0 0 0 0 0 0 0 0 0 0 0 0 0 0 0 0 0 0 0 0 0 0 0 0 0 0 0 0</row>
            <row>0 0 0 0 0 0 0 0 0 0 0 0 0 0 0 0 0 0 0 0 0 0 0 0 0 0 0 0 0 0 0 0 0 0 0 0 0 0 0 0 0 0 0 0 0 0 0 0 0 0 0 0 0 0 0 0 0 0 0 0 0 0 0 0</row>
            <row>0 0 0 0 0 0 0 0 0 0 0 0 0 0 0 0 0 0 0 0 0 0 0 0 0 0 0 0 0 0 0 0 0 0 0 0 0 0 0 0 0 0 0 0 0 0 0 0 0 0 0 0 0 0 0 0 0 0 0 0 0 0 0 0</row>
            <row>0 0 0 0 0 0 0 0 0 0 0 0 0 0 0 0 0 0 0 0 0 0 0 0 0 0 0 0 0 0 0 0 0 0 0 0 0 0 0 0 0 0 0 0 0 0 0 0 0 0 0 0 0 0 0 0 0 0 0 0 0 0 0 0</row>
            <row>0 0 0 0 0 0 0 0 0 0 0 0 0 0 0 0 0 0 0 0 0 0 0 0 0 0 0 0 0 0 0 0 0 0 0 0 0 0 0 0 0 0 0 0 0 0 0 0 0 0 0 0 0 0 0 0 0 0 0 0 0 0 0 0</row>
            <row>0 0 0 0 0 0 0 0 0 0 0 0 0 0 0 0 0 0 0 0 0 0 0 0 0 0 0 0 0 0 0 0 0 0 0 0 0 0 0 0 0 0 0 0 0 0 0 0 0 0 0 0 0 0 0 0 0 0 0 0 0 0 0 0</row>
            <row>0 0 0 0 0 0 0 0 0 0 0 0 0 0 0 0 0 0 0 0 0 0 0 0 0 0 0 0 0 0 0 0 0 0 0 0 0 0 0 0 0 0 0 0 0 0 0 0 0 0 0 0 0 0 0 0 0 0 0 0 0 0 0 0</row>
            <row>0 0 0 0 0 0 0 0 0 0 0 0 0 0 0 0 0 0 0 0 0 0 0 0 0 0 0 0 0 0 0 0 0 0 0 0 0 0 0 0 0 0 0 0 0 0 0 0 0 0 0 0 0 0 0 0 0 0 0 0 0 0 0 0</row>
            <row>0 0 0 0 0 0 0 0 0 0 0 0 0 0 0 0 0 0 0 0 0 0 0 0 0 0 0 0 0 0 0 0 0 0 0 0 0 0 0 0 0 0 0 0 0 0 0 0 0 0 0 0 0 0 0 0 0 0 0 0 0 0 0 0</row>
            <row>0 0 0 0 0 0 0 0 0 0 0 0 0 0 0 0 0 0 0 0 0 0 0 0 0 0 0 0 0 0 0 0 0 0 0 0 0 0 0 0 0 0 0 0 0 0 0 0 0 0 0 0 0 0 0 0 0 0 0 0 0 0 0 0</row>
            <row>0 0 0 0 0 0 0 0 0 0 0 0 0 0 0 0 0 0 0 0 0 0 0 0 0 0 0 0 0 0 0 0 0 0 0 0 0 0 0 0 0 0 0 0 0 0 0 0 0 0 0 0 0 0 0 0 0 0 0 0 0 0 0 0</row>
            <row>0 0 0 0 0 0 0 0 0 0 0 0 0 0 0 0 0 0 0 0 0 0 0 0 0 0 0 0 0 0 0 0 0 0 0 0 0 0 0 0 0 0 0 0 0 0 0 0 0 0 0 0 0 0 0 0 0 0 0 0 0 0 0 0</row>
            <row>0 0 0 0 0 0 0 0 0 0 0 0 0 0 0 0 0 0 0 0 0 0 0 0 0 0 0 0 0 0 0 0 0 0 0 0 0 0 0 0 0 0 0 0 0 0 0 0 0 0 0 0 0 0 0 0 0 0 0 0 0 0 0 0</row>
            <row>0 0 0 0 0 0 0 0 0 0 0 0 0 0 0 0 0 0 0 0 0 0 0 0 0 0 0 0 0 0 0 0 0 0 0 0 0 0 0 0 0 0 0 0 0 0 0 0 0 0 0 0 0 0 0 0 0 0 0 0 0 0 0 0</row>
            <row>0 0 0 0 0 0 0 0 0 0 0 0 0 0 0 0 0 0 0 0 0 0 0 0 0 0 0 0 0 0 0 0 0 0 0 0 0 0 0 0 0 0 0 0 0 0 0 0 0 0 0 0 0 0 0 0 0 0 0 0 0 0 0 0</row>
            <row>0 0 0 0 0 0 0 0 0 0 0 0 0 0 0 0 0 0 0 0 0 0 0 0 0 0 0 0 0 0 0 0 0 0 0 0 0 0 0 0 0 0 0 0 0 0 0 0 0 0 0 0 0 0 0 0 0 0 0 0 0 0 0 0</row>
            <row>0 0 0 0 0 0 0 0 0 0 0 0 0 0 0 0 0 0 0 0 0 0 0 0 0 0 0 0 0 0 0 0 0 0 0 0 0 0 0 0 0 0 0 0 0 0 0 0 0 0 0 0 0 0 0 0 0 0 0 0 0 0 0 0</row>
            <row>0 0 0 0 0 0 0 0 0 0 0 0 0 0 0 0 0 0 0 0 0 0 0 0 0 0 0 0 0 0 0 0 0 0 0 0 0 0 0 0 0 0 0 0 0 0 0 0 0 0 0 0 0 0 0 0 0 0 0 0 0 0 0 0</row>
            <row>0 0 0 0 0 0 0 0 0 0 0 0 0 0 0 0 0 0 0 0 0 0 0 0 0 0 0 0 0 0 0 0 0 0 0 0 0 0 0 0 0 0 0 0 0 0 0 0 0 0 0 0 0 0 0 0 0 0 0 0 0 0 0 0</row>
            <row>0 0 0 0 0 0 0 0 0 0 0 0 0 0 0 0 0 0 0 0 0 0 0 0 0 0 0 0 0 0 0 0 0 0 0 0 0 0 0 0 0 0 0 0 0 0 0 0 0 0 0 0 0 0 0 0 0 0 0 0 0 0 0 0</row>
            <row>0 0 0 0 0 0 0 0 0 0 0 0 0 0 0 0 0 0 0 0 0 0 0 0 0 0 0 0 0 0 0 0 0 0 0 0 0 0 0 0 0 0 0 0 0 0 0 0 0 0 0 0 0 0 0 0 0 0 0 0 0 0 0 0</row>
        </grid>
    </map>
    <algorithm>
        <allowanyangle>true</allowanyangle>
        <metrictype>euclid</metrictype>
        <breakingties>g-max</breakingties>
        <weight>1</weight>
    </algorithm>
    <options>
        <loglevel>1</loglevel>
        <logpath />
        <logfilename />
    </options>
</root>
