<?xml version="1.0" ?>
<root>
    <map>
        <width>64</width>
        <height>64</height>
        <agents>200</agents>
        <startx number="0">21</startx>
        <starty number="0">37</starty>
        <finishx number="0">1</finishx>
        <finishy number="0">59</finishy>
        <startx number="1">10</startx>
        <starty number="1">63</starty>
        <finishx number="1">47</finishx>
        <finishy number="1">20</finishy>
        <startx number="2">42</startx>
        <starty number="2">31</starty>
        <finishx number="2">53</finishx>
        <finishy number="2">16</finishy>
        <startx number="3">32</startx>
        <starty number="3">36</starty>
        <finishx number="3">14</finishx>
        <finishy number="3">60</finishy>
        <startx number="4">51</startx>
        <starty number="4">54</starty>
        <finishx number="4">22</finishx>
        <finishy number="4">24</finishy>
        <startx number="5">18</startx>
        <starty number="5">40</starty>
        <finishx number="5">7</finishx>
        <finishy number="5">2</finishy>
        <startx number="6">23</startx>
        <starty number="6">47</starty>
        <finishx number="6">8</finishx>
        <finishy number="6">61</finishy>
        <startx number="7">27</startx>
        <starty number="7">63</starty>
        <finishx number="7">31</finishx>
        <finishy number="7">11</finishy>
        <startx number="8">12</startx>
        <starty number="8">9</starty>
        <finishx number="8">3</finishx>
        <finishy number="8">51</finishy>
        <startx number="9">53</startx>
        <starty number="9">21</starty>
        <finishx number="9">49</finishx>
        <finishy number="9">43</finishy>
        <startx number="10">6</startx>
        <starty number="10">13</starty>
        <finishx number="10">1</finishx>
        <finishy number="10">33</finishy>
        <startx number="11">10</startx>
        <starty number="11">42</starty>
        <finishx number="11">30</finishx>
        <finishy number="11">52</finishy>
        <startx number="12">17</startx>
        <starty number="12">6</starty>
        <finishx number="12">56</finishx>
        <finishy number="12">13</finishy>
        <startx number="13">1</startx>
        <starty number="13">54</starty>
        <finishx number="13">17</finishx>
        <finishy number="13">27</finishy>
        <startx number="14">16</startx>
        <starty number="14">3</starty>
        <finishx number="14">11</finishx>
        <finishy number="14">28</finishy>
        <startx number="15">49</startx>
        <starty number="15">9</starty>
        <finishx number="15">4</finishx>
        <finishy number="15">0</finishy>
        <startx number="16">47</startx>
        <starty number="16">23</starty>
        <finishx number="16">9</finishx>
        <finishy number="16">28</finishy>
        <startx number="17">48</startx>
        <starty number="17">62</starty>
        <finishx number="17">4</finishx>
        <finishy number="17">6</finishy>
        <startx number="18">39</startx>
        <starty number="18">0</starty>
        <finishx number="18">26</finishx>
        <finishy number="18">34</finishy>
        <startx number="19">32</startx>
        <starty number="19">4</starty>
        <finishx number="19">43</finishx>
        <finishy number="19">60</finishy>
        <startx number="20">41</startx>
        <starty number="20">10</starty>
        <finishx number="20">37</finishx>
        <finishy number="20">3</finishy>
        <startx number="21">46</startx>
        <starty number="21">36</starty>
        <finishx number="21">14</finishx>
        <finishy number="21">12</finishy>
        <startx number="22">28</startx>
        <starty number="22">26</starty>
        <finishx number="22">23</finishx>
        <finishy number="22">0</finishy>
        <startx number="23">47</startx>
        <starty number="23">17</starty>
        <finishx number="23">30</finishx>
        <finishy number="23">36</finishy>
        <startx number="24">63</startx>
        <starty number="24">25</starty>
        <finishx number="24">45</finishx>
        <finishy number="24">4</finishy>
        <startx number="25">8</startx>
        <starty number="25">45</starty>
        <finishx number="25">21</finishx>
        <finishy number="25">35</finishy>
        <startx number="26">5</startx>
        <starty number="26">56</starty>
        <finishx number="26">41</finishx>
        <finishy number="26">40</finishy>
        <startx number="27">11</startx>
        <starty number="27">7</starty>
        <finishx number="27">9</finishx>
        <finishy number="27">36</finishy>
        <startx number="28">43</startx>
        <starty number="28">49</starty>
        <finishx number="28">24</finishx>
        <finishy number="28">45</finishy>
        <startx number="29">18</startx>
        <starty number="29">46</starty>
        <finishx number="29">47</finishx>
        <finishy number="29">3</finishy>
        <startx number="30">62</startx>
        <starty number="30">22</starty>
        <finishx number="30">5</finishx>
        <finishy number="30">51</finishy>
        <startx number="31">59</startx>
        <starty number="31">55</starty>
        <finishx number="31">34</finishx>
        <finishy number="31">25</finishy>
        <startx number="32">52</startx>
        <starty number="32">56</starty>
        <finishx number="32">10</finishx>
        <finishy number="32">34</finishy>
        <startx number="33">57</startx>
        <starty number="33">0</starty>
        <finishx number="33">7</finishx>
        <finishy number="33">53</finishy>
        <startx number="34">40</startx>
        <starty number="34">2</starty>
        <finishx number="34">14</finishx>
        <finishy number="34">44</finishy>
        <startx number="35">21</startx>
        <starty number="35">27</starty>
        <finishx number="35">49</finishx>
        <finishy number="35">22</finishy>
        <startx number="36">56</startx>
        <starty number="36">61</starty>
        <finishx number="36">24</finishx>
        <finishy number="36">29</finishy>
        <startx number="37">21</startx>
        <starty number="37">51</starty>
        <finishx number="37">53</finishx>
        <finishy number="37">0</finishy>
        <startx number="38">43</startx>
        <starty number="38">12</starty>
        <finishx number="38">14</finishx>
        <finishy number="38">39</finishy>
        <startx number="39">43</startx>
        <starty number="39">44</starty>
        <finishx number="39">50</finishx>
        <finishy number="39">19</finishy>
        <startx number="40">34</startx>
        <starty number="40">8</starty>
        <finishx number="40">16</finishx>
        <finishy number="40">22</finishy>
        <startx number="41">36</startx>
        <starty number="41">21</starty>
        <finishx number="41">6</finishx>
        <finishy number="41">19</finishy>
        <startx number="42">46</startx>
        <starty number="42">31</starty>
        <finishx number="42">29</finishx>
        <finishy number="42">12</finishy>
        <startx number="43">60</startx>
        <starty number="43">42</starty>
        <finishx number="43">32</finishx>
        <finishy number="43">54</finishy>
        <startx number="44">5</startx>
        <starty number="44">43</starty>
        <finishx number="44">43</finishx>
        <finishy number="44">18</finishy>
        <startx number="45">51</startx>
        <starty number="45">22</starty>
        <finishx number="45">54</finishx>
        <finishy number="45">30</finishy>
        <startx number="46">39</startx>
        <starty number="46">5</starty>
        <finishx number="46">16</finishx>
        <finishy number="46">19</finishy>
        <startx number="47">16</startx>
        <starty number="47">33</starty>
        <finishx number="47">51</finishx>
        <finishy number="47">38</finishy>
        <startx number="48">48</startx>
        <starty number="48">51</starty>
        <finishx number="48">55</finishx>
        <finishy number="48">0</finishy>
        <startx number="49">19</startx>
        <starty number="49">0</starty>
        <finishx number="49">4</finishx>
        <finishy number="49">46</finishy>
        <startx number="50">57</startx>
        <starty number="50">63</starty>
        <finishx number="50">9</finishx>
        <finishy number="50">26</finishy>
        <startx number="51">52</startx>
        <starty number="51">32</starty>
        <finishx number="51">60</finishx>
        <finishy number="51">12</finishy>
        <startx number="52">7</startx>
        <starty number="52">0</starty>
        <finishx number="52">58</finishx>
        <finishy number="52">13</finishy>
        <startx number="53">57</startx>
        <starty number="53">15</starty>
        <finishx number="53">59</finishx>
        <finishy number="53">58</finishy>
        <startx number="54">35</startx>
        <starty number="54">11</starty>
        <finishx number="54">55</finishx>
        <finishy number="54">45</finishy>
        <startx number="55">57</startx>
        <starty number="55">53</starty>
        <finishx number="55">61</finishx>
        <finishy number="55">20</finishy>
        <startx number="56">22</startx>
        <starty number="56">42</starty>
        <finishx number="56">39</finishx>
        <finishy number="56">21</finishy>
        <startx number="57">62</startx>
        <starty number="57">4</starty>
        <finishx number="57">18</finishx>
        <finishy number="57">62</finishy>
        <startx number="58">40</startx>
        <starty number="58">32</starty>
        <finishx number="58">57</finishx>
        <finishy number="58">28</finishy>
        <startx number="59">23</startx>
        <starty number="59">5</starty>
        <finishx number="59">32</finishx>
        <finishy number="59">9</finishy>
        <startx number="60">37</startx>
        <starty number="60">11</starty>
        <finishx number="60">45</finishx>
        <finishy number="60">47</finishy>
        <startx number="61">39</startx>
        <starty number="61">61</starty>
        <finishx number="61">44</finishx>
        <finishy number="61">31</finishy>
        <startx number="62">0</startx>
        <starty number="62">44</starty>
        <finishx number="62">4</finishx>
        <finishy number="62">21</finishy>
        <startx number="63">36</startx>
        <starty number="63">0</starty>
        <finishx number="63">54</finishx>
        <finishy number="63">32</finishy>
        <startx number="64">45</startx>
        <starty number="64">41</starty>
        <finishx number="64">61</finishx>
        <finishy number="64">55</finishy>
        <startx number="65">38</startx>
        <starty number="65">59</starty>
        <finishx number="65">60</finishx>
        <finishy number="65">52</finishy>
        <startx number="66">18</startx>
        <starty number="66">54</starty>
        <finishx number="66">56</finishx>
        <finishy number="66">58</finishy>
        <startx number="67">48</startx>
        <starty number="67">49</starty>
        <finishx number="67">55</finishx>
        <finishy number="67">43</finishy>
        <startx number="68">32</startx>
        <starty number="68">14</starty>
        <finishx number="68">52</finishx>
        <finishy number="68">8</finishy>
        <startx number="69">26</startx>
        <starty number="69">4</starty>
        <finishx number="69">21</finishx>
        <finishy number="69">16</finishy>
        <startx number="70">12</startx>
        <starty number="70">50</starty>
        <finishx number="70">42</finishx>
        <finishy number="70">37</finishy>
        <startx number="71">29</startx>
        <starty number="71">1</starty>
        <finishx number="71">14</finishx>
        <finishy number="71">55</finishy>
        <startx number="72">53</startx>
        <starty number="72">19</starty>
        <finishx number="72">55</finishx>
        <finishy number="72">48</finishy>
        <startx number="73">8</startx>
        <starty number="73">58</starty>
        <finishx number="73">30</finishx>
        <finishy number="73">49</finishy>
        <startx number="74">42</startx>
        <starty number="74">28</starty>
        <finishx number="74">8</finishx>
        <finishy number="74">32</finishy>
        <startx number="75">36</startx>
        <starty number="75">62</starty>
        <finishx number="75">60</finishx>
        <finishy number="75">36</finishy>
        <startx number="76">62</startx>
        <starty number="76">39</starty>
        <finishx number="76">45</finishx>
        <finishy number="76">1</finishy>
        <startx number="77">16</startx>
        <starty number="77">41</starty>
        <finishx number="77">62</finishx>
        <finishy number="77">49</finishy>
        <startx number="78">37</startx>
        <starty number="78">37</starty>
        <finishx number="78">45</finishx>
        <finishy number="78">20</finishy>
        <startx number="79">15</startx>
        <starty number="79">57</starty>
        <finishx number="79">60</finishx>
        <finishy number="79">47</finishy>
        <startx number="80">21</startx>
        <starty number="80">13</starty>
        <finishx number="80">0</finishx>
        <finishy number="80">49</finishy>
        <startx number="81">25</startx>
        <starty number="81">48</starty>
        <finishx number="81">49</finishx>
        <finishy number="81">30</finishy>
        <startx number="82">3</startx>
        <starty number="82">27</starty>
        <finishx number="82">10</finishx>
        <finishy number="82">10</finishy>
        <startx number="83">19</startx>
        <starty number="83">22</starty>
        <finishx number="83">26</finishx>
        <finishy number="83">1</finishy>
        <startx number="84">45</startx>
        <starty number="84">33</starty>
        <finishx number="84">33</finishx>
        <finishy number="84">46</finishy>
        <startx number="85">52</startx>
        <starty number="85">5</starty>
        <finishx number="85">7</finishx>
        <finishy number="85">56</finishy>
        <startx number="86">54</startx>
        <starty number="86">3</starty>
        <finishx number="86">5</finishx>
        <finishy number="86">16</finishy>
        <startx number="87">34</startx>
        <starty number="87">32</starty>
        <finishx number="87">30</finishx>
        <finishy number="87">63</finishy>
        <startx number="88">62</startx>
        <starty number="88">17</starty>
        <finishx number="88">17</finishx>
        <finishy number="88">60</finishy>
        <startx number="89">16</startx>
        <starty number="89">38</starty>
        <finishx number="89">14</finishx>
        <finishy number="89">6</finishy>
        <startx number="90">52</startx>
        <starty number="90">11</starty>
        <finishx number="90">34</finishx>
        <finishy number="90">44</finishy>
        <startx number="91">26</startx>
        <starty number="91">45</starty>
        <finishx number="91">63</finishx>
        <finishy number="91">41</finishy>
        <startx number="92">23</startx>
        <starty number="92">53</starty>
        <finishx number="92">38</finishx>
        <finishy number="92">42</finishy>
        <startx number="93">27</startx>
        <starty number="93">23</starty>
        <finishx number="93">43</finishx>
        <finishy number="93">34</finishy>
        <startx number="94">58</startx>
        <starty number="94">47</starty>
        <finishx number="94">17</finishx>
        <finishy number="94">9</finishy>
        <startx number="95">13</startx>
        <starty number="95">31</starty>
        <finishx number="95">11</finishx>
        <finishy number="95">1</finishy>
        <startx number="96">47</startx>
        <starty number="96">28</starty>
        <finishx number="96">51</finishx>
        <finishy number="96">41</finishy>
        <startx number="97">8</startx>
        <starty number="97">16</starty>
        <finishx number="97">41</finishx>
        <finishy number="97">12</finishy>
        <startx number="98">21</startx>
        <starty number="98">53</starty>
        <finishx number="98">55</finishx>
        <finishy number="98">40</finishy>
        <startx number="99">10</startx>
        <starty number="99">50</starty>
        <finishx number="99">63</finishx>
        <finishy number="99">28</finishy>
        <startx number="100">19</startx>
        <starty number="100">19</starty>
        <finishx number="100">45</finishx>
        <finishy number="100">17</finishy>
        <startx number="101">19</startx>
        <starty number="101">32</starty>
        <finishx number="101">35</finishx>
        <finishy number="101">59</finishy>
        <startx number="102">59</startx>
        <starty number="102">18</starty>
        <finishx number="102">32</finishx>
        <finishy number="102">25</finishy>
        <startx number="103">26</startx>
        <starty number="103">18</starty>
        <finishx number="103">12</finishx>
        <finishy number="103">34</finishy>
        <startx number="104">2</startx>
        <starty number="104">48</starty>
        <finishx number="104">46</finishx>
        <finishy number="104">15</finishy>
        <startx number="105">30</startx>
        <starty number="105">9</starty>
        <finishx number="105">37</finishx>
        <finishy number="105">13</finishy>
        <startx number="106">35</startx>
        <starty number="106">37</starty>
        <finishx number="106">59</finishx>
        <finishy number="106">44</finishy>
        <startx number="107">41</startx>
        <starty number="107">63</starty>
        <finishx number="107">30</finishx>
        <finishy number="107">28</finishy>
        <startx number="108">13</startx>
        <starty number="108">47</starty>
        <finishx number="108">49</finishx>
        <finishy number="108">40</finishy>
        <startx number="109">58</startx>
        <starty number="109">31</starty>
        <finishx number="109">47</finishx>
        <finishy number="109">46</finishy>
        <startx number="110">45</startx>
        <starty number="110">28</starty>
        <finishx number="110">53</finishx>
        <finishy number="110">59</finishy>
        <startx number="111">27</startx>
        <starty number="111">7</starty>
        <finishx number="111">52</finishx>
        <finishy number="111">35</finishy>
        <startx number="112">32</startx>
        <starty number="112">51</starty>
        <finishx number="112">1</finishx>
        <finishy number="112">27</finishy>
        <startx number="113">23</startx>
        <starty number="113">61</starty>
        <finishx number="113">57</finishx>
        <finishy number="113">7</finishy>
        <startx number="114">33</startx>
        <starty number="114">1</starty>
        <finishx number="114">62</finishx>
        <finishy number="114">30</finishy>
        <startx number="115">53</startx>
        <starty number="115">37</starty>
        <finishx number="115">35</finishx>
        <finishy number="115">56</finishy>
        <startx number="116">29</startx>
        <starty number="116">42</starty>
        <finishx number="116">61</finishx>
        <finishy number="116">1</finishy>
        <startx number="117">10</startx>
        <starty number="117">44</starty>
        <finishx number="117">29</finishx>
        <finishy number="117">33</finishy>
        <startx number="118">59</startx>
        <starty number="118">2</starty>
        <finishx number="118">43</finishx>
        <finishy number="118">20</finishy>
        <startx number="119">32</startx>
        <starty number="119">43</starty>
        <finishx number="119">51</finishx>
        <finishy number="119">48</finishy>
        <startx number="120">47</startx>
        <starty number="120">12</starty>
        <finishx number="120">56</finishx>
        <finishy number="120">10</finishy>
        <startx number="121">24</startx>
        <starty number="121">50</starty>
        <finishx number="121">48</finishx>
        <finishy number="121">14</finishy>
        <startx number="122">47</startx>
        <starty number="122">57</starty>
        <finishx number="122">25</finishx>
        <finishy number="122">13</finishy>
        <startx number="123">11</startx>
        <starty number="123">23</starty>
        <finishx number="123">53</finishx>
        <finishy number="123">61</finishy>
        <startx number="124">37</startx>
        <starty number="124">45</starty>
        <finishx number="124">3</finishx>
        <finishy number="124">62</finishy>
        <startx number="125">39</startx>
        <starty number="125">15</starty>
        <finishx number="125">23</finishx>
        <finishy number="125">40</finishy>
        <startx number="126">16</startx>
        <starty number="126">51</starty>
        <finishx number="126">21</finishx>
        <finishy number="126">48</finishy>
        <startx number="127">0</startx>
        <starty number="127">14</starty>
        <finishx number="127">21</finishx>
        <finishy number="127">5</finishy>
        <startx number="128">61</startx>
        <starty number="128">62</starty>
        <finishx number="128">4</finishx>
        <finishy number="128">40</finishy>
        <startx number="129">23</startx>
        <starty number="129">18</starty>
        <finishx number="129">29</finishx>
        <finishy number="129">57</finishy>
        <startx number="130">26</startx>
        <starty number="130">50</starty>
        <finishx number="130">33</finishx>
        <finishy number="130">28</finishy>
        <startx number="131">11</startx>
        <starty number="131">58</starty>
        <finishx number="131">8</finishx>
        <finishy number="131">20</finishy>
        <startx number="132">34</startx>
        <starty number="132">35</starty>
        <finishx number="132">63</finishx>
        <finishy number="132">54</finishy>
        <startx number="133">7</startx>
        <starty number="133">47</starty>
        <finishx number="133">22</finishx>
        <finishy number="133">29</finishy>
        <startx number="134">13</startx>
        <starty number="134">26</starty>
        <finishx number="134">27</finishx>
        <finishy number="134">42</finishy>
        <startx number="135">36</startx>
        <starty number="135">26</starty>
        <finishx number="135">51</finishx>
        <finishy number="135">51</finishy>
        <startx number="136">31</startx>
        <starty number="136">20</starty>
        <finishx number="136">29</finishx>
        <finishy number="136">47</finishy>
        <startx number="137">47</startx>
        <starty number="137">7</starty>
        <finishx number="137">16</finishx>
        <finishy number="137">35</finishy>
        <startx number="138">53</startx>
        <starty number="138">24</starty>
        <finishx number="138">29</finishx>
        <finishy number="138">55</finishy>
        <startx number="139">58</startx>
        <starty number="139">10</starty>
        <finishx number="139">11</finishx>
        <finishy number="139">60</finishy>
        <startx number="140">18</startx>
        <starty number="140">3</starty>
        <finishx number="140">51</finishx>
        <finishy number="140">43</finishy>
        <startx number="141">63</startx>
        <starty number="141">57</starty>
        <finishx number="141">4</finishx>
        <finishy number="141">37</finishy>
        <startx number="142">15</startx>
        <starty number="142">25</starty>
        <finishx number="142">23</finishx>
        <finishy number="142">10</finishy>
        <startx number="143">57</startx>
        <starty number="143">42</starty>
        <finishx number="143">59</finishx>
        <finishy number="143">7</finishy>
        <startx number="144">56</startx>
        <starty number="144">23</starty>
        <finishx number="144">25</finishx>
        <finishy number="144">61</finishy>
        <startx number="145">62</startx>
        <starty number="145">44</starty>
        <finishx number="145">24</finishx>
        <finishy number="145">58</finishy>
        <startx number="146">11</startx>
        <starty number="146">47</starty>
        <finishx number="146">57</finishx>
        <finishy number="146">39</finishy>
        <startx number="147">1</startx>
        <starty number="147">19</starty>
        <finishx number="147">4</finishx>
        <finishy number="147">11</finishy>
        <startx number="148">47</startx>
        <starty number="148">1</starty>
        <finishx number="148">45</finishx>
        <finishy number="148">23</finishy>
        <startx number="149">9</startx>
        <starty number="149">0</starty>
        <finishx number="149">54</finishx>
        <finishy number="149">26</finishy>
        <startx number="150">7</startx>
        <starty number="150">8</starty>
        <finishx number="150">31</finishx>
        <finishy number="150">1</finishy>
        <startx number="151">17</startx>
        <starty number="151">57</starty>
        <finishx number="151">49</finishx>
        <finishy number="151">35</finishy>
        <startx number="152">56</startx>
        <starty number="152">5</starty>
        <finishx number="152">58</finishx>
        <finishy number="152">25</finishy>
        <startx number="153">40</startx>
        <starty number="153">26</starty>
        <finishx number="153">26</finishx>
        <finishy number="153">28</finishy>
        <startx number="154">3</startx>
        <starty number="154">59</starty>
        <finishx number="154">39</finishx>
        <finishy number="154">29</finishy>
        <startx number="155">23</startx>
        <starty number="155">2</starty>
        <finishx number="155">46</finishx>
        <finishy number="155">38</finishy>
        <startx number="156">1</startx>
        <starty number="156">30</starty>
        <finishx number="156">7</finishx>
        <finishy number="156">37</finishy>
        <startx number="157">27</startx>
        <starty number="157">37</starty>
        <finishx number="157">31</finishx>
        <finishy number="157">39</finishy>
        <startx number="158">45</startx>
        <starty number="158">12</starty>
        <finishx number="158">10</finishx>
        <finishy number="158">52</finishy>
        <startx number="159">21</startx>
        <starty number="159">45</starty>
        <finishx number="159">27</finishx>
        <finishy number="159">12</finishy>
        <startx number="160">57</startx>
        <starty number="160">50</starty>
        <finishx number="160">11</finishx>
        <finishy number="160">4</finishy>
        <startx number="161">5</startx>
        <starty number="161">61</starty>
        <finishx number="161">23</finishx>
        <finishy number="161">26</finishy>
        <startx number="162">32</startx>
        <starty number="162">6</starty>
        <finishx number="162">28</finishx>
        <finishy number="162">31</finishy>
        <startx number="163">62</startx>
        <starty number="163">52</starty>
        <finishx number="163">47</finishx>
        <finishy number="163">54</finishy>
        <startx number="164">25</startx>
        <starty number="164">63</starty>
        <finishx number="164">41</finishx>
        <finishy number="164">5</finishy>
        <startx number="165">41</startx>
        <starty number="165">58</starty>
        <finishx number="165">59</finishx>
        <finishy number="165">34</finishy>
        <startx number="166">34</startx>
        <starty number="166">3</starty>
        <finishx number="166">43</finishx>
        <finishy number="166">15</finishy>
        <startx number="167">19</startx>
        <starty number="167">27</starty>
        <finishx number="167">56</finishx>
        <finishy number="167">2</finishy>
        <startx number="168">63</startx>
        <starty number="168">9</starty>
        <finishx number="168">4</finishx>
        <finishy number="168">35</finishy>
        <startx number="169">2</startx>
        <starty number="169">6</starty>
        <finishx number="169">7</finishx>
        <finishy number="169">26</finishy>
        <startx number="170">12</startx>
        <starty number="170">15</starty>
        <finishx number="170">21</finishx>
        <finishy number="170">59</finishy>
        <startx number="171">14</startx>
        <starty number="171">41</starty>
        <finishx number="171">27</finishx>
        <finishy number="171">39</finishy>
        <startx number="172">55</startx>
        <starty number="172">53</starty>
        <finishx number="172">17</finishx>
        <finishy number="172">12</finishy>
        <startx number="173">52</startx>
        <starty number="173">3</starty>
        <finishx number="173">14</finishx>
        <finishy number="173">14</finishy>
        <startx number="174">59</startx>
        <starty number="174">15</starty>
        <finishx number="174">45</finishx>
        <finishy number="174">55</finishy>
        <startx number="175">50</startx>
        <starty number="175">6</starty>
        <finishx number="175">23</finishx>
        <finishy number="175">16</finishy>
        <startx number="176">49</startx>
        <starty number="176">33</starty>
        <finishx number="176">5</finishx>
        <finishy number="176">30</finishy>
        <startx number="177">63</startx>
        <starty number="177">60</starty>
        <finishx number="177">61</finishx>
        <finishy number="177">15</finishy>
        <startx number="178">46</startx>
        <starty number="178">44</starty>
        <finishx number="178">33</finishx>
        <finishy number="178">41</finishy>
        <startx number="179">52</startx>
        <starty number="179">45</starty>
        <finishx number="179">2</finishx>
        <finishy number="179">14</finishy>
        <startx number="180">48</startx>
        <starty number="180">38</starty>
        <finishx number="180">51</finishx>
        <finishy number="180">16</finishy>
        <startx number="181">34</startx>
        <starty number="181">48</starty>
        <finishx number="181">9</finishx>
        <finishy number="181">5</finishy>
        <startx number="182">24</startx>
        <starty number="182">7</starty>
        <finishx number="182">5</finishx>
        <finishy number="182">58</finishy>
        <startx number="183">41</startx>
        <starty number="183">53</starty>
        <finishx number="183">13</finishx>
        <finishy number="183">28</finishy>
        <startx number="184">58</startx>
        <starty number="184">21</starty>
        <finishx number="184">21</finishx>
        <finishy number="184">8</finishy>
        <startx number="185">60</startx>
        <starty number="185">31</starty>
        <finishx number="185">36</finishx>
        <finishy number="185">8</finishy>
        <startx number="186">23</startx>
        <starty number="186">13</starty>
        <finishx number="186">39</finishx>
        <finishy number="186">8</finishy>
        <startx number="187">46</startx>
        <starty number="187">9</starty>
        <finishx number="187">13</finishx>
        <finishy number="187">63</finishy>
        <startx number="188">15</startx>
        <starty number="188">46</starty>
        <finishx number="188">56</finishx>
        <finishy number="188">21</finishy>
        <startx number="189">0</startx>
        <starty number="189">52</starty>
        <finishx number="189">31</finishx>
        <finishy number="189">31</finishy>
        <startx number="190">56</startx>
        <starty number="190">56</starty>
        <finishx number="190">50</finishx>
        <finishy number="190">3</finishy>
        <startx number="191">27</startx>
        <starty number="191">58</starty>
        <finishx number="191">54</finishx>
        <finishy number="191">56</finishy>
        <startx number="192">40</startx>
        <starty number="192">50</starty>
        <finishx number="192">36</finishx>
        <finishy number="192">54</finishy>
        <startx number="193">20</startx>
        <starty number="193">56</starty>
        <finishx number="193">47</finishx>
        <finishy number="193">41</finishy>
        <startx number="194">30</startx>
        <starty number="194">14</starty>
        <finishx number="194">63</finishx>
        <finishy number="194">63</finishy>
        <startx number="195">2</startx>
        <starty number="195">22</starty>
        <finishx number="195">50</finishx>
        <finishy number="195">14</finishy>
        <startx number="196">47</startx>
        <starty number="196">60</starty>
        <finishx number="196">14</finishx>
        <finishy number="196">20</finishy>
        <startx number="197">2</startx>
        <starty number="197">11</starty>
        <finishx number="197">35</finishx>
        <finishy number="197">51</finishy>
        <startx number="198">3</startx>
        <starty number="198">19</starty>
        <finishx number="198">46</finishx>
        <finishy number="198">63</finishy>
        <startx number="199">7</startx>
        <starty number="199">43</starty>
        <finishx number="199">42</finishx>
        <finishy number="199">23</finishy>
        <grid>
            <row>0 0 0 0 0 0 0 0 0 0 0 0 0 0 0 0 0 0 0 0 0 0 0 0 0 0 0 0 0 0 0 0 0 0 0 0 0 0 0 0 0 0 0 0 0 0 0 0 0 0 0 0 0 0 0 0 0 0 0 0 0 0 0 0</row>
            <row>0 0 0 0 0 0 0 0 0 0 0 0 0 0 0 0 0 0 0 0 0 0 0 0 0 0 0 0 0 0 0 0 0 0 0 0 0 0 0 0 0 0 0 0 0 0 0 0 0 0 0 0 0 0 0 0 0 0 0 0 0 0 0 0</row>
            <row>0 0 0 0 0 0 0 0 0 0 0 0 0 0 0 0 0 0 0 0 0 0 0 0 0 0 0 0 0 0 0 0 0 0 0 0 0 0 0 0 0 0 0 0 0 0 0 0 0 0 0 0 0 0 0 0 0 0 0 0 0 0 0 0</row>
            <row>0 0 0 0 0 0 0 0 0 0 0 0 0 0 0 0 0 0 0 0 0 0 0 0 0 0 0 0 0 0 0 0 0 0 0 0 0 0 0 0 0 0 0 0 0 0 0 0 0 0 0 0 0 0 0 0 0 0 0 0 0 0 0 0</row>
            <row>0 0 0 0 0 0 0 0 0 0 0 0 0 0 0 0 0 0 0 0 0 0 0 0 0 0 0 0 0 0 0 0 0 0 0 0 0 0 0 0 0 0 0 0 0 0 0 0 0 0 0 0 0 0 0 0 0 0 0 0 0 0 0 0</row>
            <row>0 0 0 0 0 0 0 0 0 0 0 0 0 0 0 0 0 0 0 0 0 0 0 0 0 0 0 0 0 0 0 0 0 0 0 0 0 0 0 0 0 0 0 0 0 0 0 0 0 0 0 0 0 0 0 0 0 0 0 0 0 0 0 0</row>
            <row>0 0 0 0 0 0 0 0 0 0 0 0 0 0 0 0 0 0 0 0 0 0 0 0 0 0 0 0 0 0 0 0 0 0 0 0 0 0 0 0 0 0 0 0 0 0 0 0 0 0 0 0 0 0 0 0 0 0 0 0 0 0 0 0</row>
            <row>0 0 0 0 0 0 0 0 0 0 0 0 0 0 0 0 0 0 0 0 0 0 0 0 0 0 0 0 0 0 0 0 0 0 0 0 0 0 0 0 0 0 0 0 0 0 0 0 0 0 0 0 0 0 0 0 0 0 0 0 0 0 0 0</row>
            <row>0 0 0 0 0 0 0 0 0 0 0 0 0 0 0 0 0 0 0 0 0 0 0 0 0 0 0 0 0 0 0 0 0 0 0 0 0 0 0 0 0 0 0 0 0 0 0 0 0 0 0 0 0 0 0 0 0 0 0 0 0 0 0 0</row>
            <row>0 0 0 0 0 0 0 0 0 0 0 0 0 0 0 0 0 0 0 0 0 0 0 0 0 0 0 0 0 0 0 0 0 0 0 0 0 0 0 0 0 0 0 0 0 0 0 0 0 0 0 0 0 0 0 0 0 0 0 0 0 0 0 0</row>
            <row>0 0 0 0 0 0 0 0 0 0 0 0 0 0 0 0 0 0 0 0 0 0 0 0 0 0 0 0 0 0 0 0 0 0 0 0 0 0 0 0 0 0 0 0 0 0 0 0 0 0 0 0 0 0 0 0 0 0 0 0 0 0 0 0</row>
            <row>0 0 0 0 0 0 0 0 0 0 0 0 0 0 0 0 0 0 0 0 0 0 0 0 0 0 0 0 0 0 0 0 0 0 0 0 0 0 0 0 0 0 0 0 0 0 0 0 0 0 0 0 0 0 0 0 0 0 0 0 0 0 0 0</row>
            <row>0 0 0 0 0 0 0 0 0 0 0 0 0 0 0 0 0 0 0 0 0 0 0 0 0 0 0 0 0 0 0 0 0 0 0 0 0 0 0 0 0 0 0 0 0 0 0 0 0 0 0 0 0 0 0 0 0 0 0 0 0 0 0 0</row>
            <row>0 0 0 0 0 0 0 0 0 0 0 0 0 0 0 0 0 0 0 0 0 0 0 0 0 0 0 0 0 0 0 0 0 0 0 0 0 0 0 0 0 0 0 0 0 0 0 0 0 0 0 0 0 0 0 0 0 0 0 0 0 0 0 0</row>
            <row>0 0 0 0 0 0 0 0 0 0 0 0 0 0 0 0 0 0 0 0 0 0 0 0 0 0 0 0 0 0 0 0 0 0 0 0 0 0 0 0 0 0 0 0 0 0 0 0 0 0 0 0 0 0 0 0 0 0 0 0 0 0 0 0</row>
            <row>0 0 0 0 0 0 0 0 0 0 0 0 0 0 0 0 0 0 0 0 0 0 0 0 0 0 0 0 0 0 0 0 0 0 0 0 0 0 0 0 0 0 0 0 0 0 0 0 0 0 0 0 0 0 0 0 0 0 0 0 0 0 0 0</row>
            <row>0 0 0 0 0 0 0 0 0 0 0 0 0 0 0 0 0 0 0 0 0 0 0 0 0 0 0 0 0 0 0 0 0 0 0 0 0 0 0 0 0 0 0 0 0 0 0 0 0 0 0 0 0 0 0 0 0 0 0 0 0 0 0 0</row>
            <row>0 0 0 0 0 0 0 0 0 0 0 0 0 0 0 0 0 0 0 0 0 0 0 0 0 0 0 0 0 0 0 0 0 0 0 0 0 0 0 0 0 0 0 0 0 0 0 0 0 0 0 0 0 0 0 0 0 0 0 0 0 0 0 0</row>
            <row>0 0 0 0 0 0 0 0 0 0 0 0 0 0 0 0 0 0 0 0 0 0 0 0 0 0 0 0 0 0 0 0 0 0 0 0 0 0 0 0 0 0 0 0 0 0 0 0 0 0 0 0 0 0 0 0 0 0 0 0 0 0 0 0</row>
            <row>0 0 0 0 0 0 0 0 0 0 0 0 0 0 0 0 0 0 0 0 0 0 0 0 0 0 0 0 0 0 0 0 0 0 0 0 0 0 0 0 0 0 0 0 0 0 0 0 0 0 0 0 0 0 0 0 0 0 0 0 0 0 0 0</row>
            <row>0 0 0 0 0 0 0 0 0 0 0 0 0 0 0 0 0 0 0 0 0 0 0 0 0 0 0 0 0 0 0 0 0 0 0 0 0 0 0 0 0 0 0 0 0 0 0 0 0 0 0 0 0 0 0 0 0 0 0 0 0 0 0 0</row>
            <row>0 0 0 0 0 0 0 0 0 0 0 0 0 0 0 0 0 0 0 0 0 0 0 0 0 0 0 0 0 0 0 0 0 0 0 0 0 0 0 0 0 0 0 0 0 0 0 0 0 0 0 0 0 0 0 0 0 0 0 0 0 0 0 0</row>
            <row>0 0 0 0 0 0 0 0 0 0 0 0 0 0 0 0 0 0 0 0 0 0 0 0 0 0 0 0 0 0 0 0 0 0 0 0 0 0 0 0 0 0 0 0 0 0 0 0 0 0 0 0 0 0 0 0 0 0 0 0 0 0 0 0</row>
            <row>0 0 0 0 0 0 0 0 0 0 0 0 0 0 0 0 0 0 0 0 0 0 0 0 0 0 0 0 0 0 0 0 0 0 0 0 0 0 0 0 0 0 0 0 0 0 0 0 0 0 0 0 0 0 0 0 0 0 0 0 0 0 0 0</row>
            <row>0 0 0 0 0 0 0 0 0 0 0 0 0 0 0 0 0 0 0 0 0 0 0 0 0 0 0 0 0 0 0 0 0 0 0 0 0 0 0 0 0 0 0 0 0 0 0 0 0 0 0 0 0 0 0 0 0 0 0 0 0 0 0 0</row>
            <row>0 0 0 0 0 0 0 0 0 0 0 0 0 0 0 0 0 0 0 0 0 0 0 0 0 0 0 0 0 0 0 0 0 0 0 0 0 0 0 0 0 0 0 0 0 0 0 0 0 0 0 0 0 0 0 0 0 0 0 0 0 0 0 0</row>
            <row>0 0 0 0 0 0 0 0 0 0 0 0 0 0 0 0 0 0 0 0 0 0 0 0 0 0 0 0 0 0 0 0 0 0 0 0 0 0 0 0 0 0 0 0 0 0 0 0 0 0 0 0 0 0 0 0 0 0 0 0 0 0 0 0</row>
            <row>0 0 0 0 0 0 0 0 0 0 0 0 0 0 0 0 0 0 0 0 0 0 0 0 0 0 0 0 0 0 0 0 0 0 0 0 0 0 0 0 0 0 0 0 0 0 0 0 0 0 0 0 0 0 0 0 0 0 0 0 0 0 0 0</row>
            <row>0 0 0 0 0 0 0 0 0 0 0 0 0 0 0 0 0 0 0 0 0 0 0 0 0 0 0 0 0 0 0 0 0 0 0 0 0 0 0 0 0 0 0 0 0 0 0 0 0 0 0 0 0 0 0 0 0 0 0 0 0 0 0 0</row>
            <row>0 0 0 0 0 0 0 0 0 0 0 0 0 0 0 0 0 0 0 0 0 0 0 0 0 0 0 0 0 0 0 0 0 0 0 0 0 0 0 0 0 0 0 0 0 0 0 0 0 0 0 0 0 0 0 0 0 0 0 0 0 0 0 0</row>
            <row>0 0 0 0 0 0 0 0 0 0 0 0 0 0 0 0 0 0 0 0 0 0 0 0 0 0 0 0 0 0 0 0 0 0 0 0 0 0 0 0 0 0 0 0 0 0 0 0 0 0 0 0 0 0 0 0 0 0 0 0 0 0 0 0</row>
            <row>0 0 0 0 0 0 0 0 0 0 0 0 0 0 0 0 0 0 0 0 0 0 0 0 0 0 0 0 0 0 0 0 0 0 0 0 0 0 0 0 0 0 0 0 0 0 0 0 0 0 0 0 0 0 0 0 0 0 0 0 0 0 0 0</row>
            <row>0 0 0 0 0 0 0 0 0 0 0 0 0 0 0 0 0 0 0 0 0 0 0 0 0 0 0 0 0 0 0 0 0 0 0 0 0 0 0 0 0 0 0 0 0 0 0 0 0 0 0 0 0 0 0 0 0 0 0 0 0 0 0 0</row>
            <row>0 0 0 0 0 0 0 0 0 0 0 0 0 0 0 0 0 0 0 0 0 0 0 0 0 0 0 0 0 0 0 0 0 0 0 0 0 0 0 0 0 0 0 0 0 0 0 0 0 0 0 0 0 0 0 0 0 0 0 0 0 0 0 0</row>
            <row>0 0 0 0 0 0 0 0 0 0 0 0 0 0 0 0 0 0 0 0 0 0 0 0 0 0 0 0 0 0 0 0 0 0 0 0 0 0 0 0 0 0 0 0 0 0 0 0 0 0 0 0 0 0 0 0 0 0 0 0 0 0 0 0</row>
            <row>0 0 0 0 0 0 0 0 0 0 0 0 0 0 0 0 0 0 0 0 0 0 0 0 0 0 0 0 0 0 0 0 0 0 0 0 0 0 0 0 0 0 0 0 0 0 0 0 0 0 0 0 0 0 0 0 0 0 0 0 0 0 0 0</row>
            <row>0 0 0 0 0 0 0 0 0 0 0 0 0 0 0 0 0 0 0 0 0 0 0 0 0 0 0 0 0 0 0 0 0 0 0 0 0 0 0 0 0 0 0 0 0 0 0 0 0 0 0 0 0 0 0 0 0 0 0 0 0 0 0 0</row>
            <row>0 0 0 0 0 0 0 0 0 0 0 0 0 0 0 0 0 0 0 0 0 0 0 0 0 0 0 0 0 0 0 0 0 0 0 0 0 0 0 0 0 0 0 0 0 0 0 0 0 0 0 0 0 0 0 0 0 0 0 0 0 0 0 0</row>
            <row>0 0 0 0 0 0 0 0 0 0 0 0 0 0 0 0 0 0 0 0 0 0 0 0 0 0 0 0 0 0 0 0 0 0 0 0 0 0 0 0 0 0 0 0 0 0 0 0 0 0 0 0 0 0 0 0 0 0 0 0 0 0 0 0</row>
            <row>0 0 0 0 0 0 0 0 0 0 0 0 0 0 0 0 0 0 0 0 0 0 0 0 0 0 0 0 0 0 0 0 0 0 0 0 0 0 0 0 0 0 0 0 0 0 0 0 0 0 0 0 0 0 0 0 0 0 0 0 0 0 0 0</row>
            <row>0 0 0 0 0 0 0 0 0 0 0 0 0 0 0 0 0 0 0 0 0 0 0 0 0 0 0 0 0 0 0 0 0 0 0 0 0 0 0 0 0 0 0 0 0 0 0 0 0 0 0 0 0 0 0 0 0 0 0 0 0 0 0 0</row>
            <row>0 0 0 0 0 0 0 0 0 0 0 0 0 0 0 0 0 0 0 0 0 0 0 0 0 0 0 0 0 0 0 0 0 0 0 0 0 0 0 0 0 0 0 0 0 0 0 0 0 0 0 0 0 0 0 0 0 0 0 0 0 0 0 0</row>
            <row>0 0 0 0 0 0 0 0 0 0 0 0 0 0 0 0 0 0 0 0 0 0 0 0 0 0 0 0 0 0 0 0 0 0 0 0 0 0 0 0 0 0 0 0 0 0 0 0 0 0 0 0 0 0 0 0 0 0 0 0 0 0 0 0</row>
            <row>0 0 0 0 0 0 0 0 0 0 0 0 0 0 0 0 0 0 0 0 0 0 0 0 0 0 0 0 0 0 0 0 0 0 0 0 0 0 0 0 0 0 0 0 0 0 0 0 0 0 0 0 0 0 0 0 0 0 0 0 0 0 0 0</row>
            <row>0 0 0 0 0 0 0 0 0 0 0 0 0 0 0 0 0 0 0 0 0 0 0 0 0 0 0 0 0 0 0 0 0 0 0 0 0 0 0 0 0 0 0 0 0 0 0 0 0 0 0 0 0 0 0 0 0 0 0 0 0 0 0 0</row>
            <row>0 0 0 0 0 0 0 0 0 0 0 0 0 0 0 0 0 0 0 0 0 0 0 0 0 0 0 0 0 0 0 0 0 0 0 0 0 0 0 0 0 0 0 0 0 0 0 0 0 0 0 0 0 0 0 0 0 0 0 0 0 0 0 0</row>
            <row>0 0 0 0 0 0 0 0 0 0 0 0 0 0 0 0 0 0 0 0 0 0 0 0 0 0 0 0 0 0 0 0 0 0 0 0 0 0 0 0 0 0 0 0 0 0 0 0 0 0 0 0 0 0 0 0 0 0 0 0 0 0 0 0</row>
            <row>0 0 0 0 0 0 0 0 0 0 0 0 0 0 0 0 0 0 0 0 0 0 0 0 0 0 0 0 0 0 0 0 0 0 0 0 0 0 0 0 0 0 0 0 0 0 0 0 0 0 0 0 0 0 0 0 0 0 0 0 0 0 0 0</row>
            <row>0 0 0 0 0 0 0 0 0 0 0 0 0 0 0 0 0 0 0 0 0 0 0 0 0 0 0 0 0 0 0 0 0 0 0 0 0 0 0 0 0 0 0 0 0 0 0 0 0 0 0 0 0 0 0 0 0 0 0 0 0 0 0 0</row>
            <row>0 0 0 0 0 0 0 0 0 0 0 0 0 0 0 0 0 0 0 0 0 0 0 0 0 0 0 0 0 0 0 0 0 0 0 0 0 0 0 0 0 0 0 0 0 0 0 0 0 0 0 0 0 0 0 0 0 0 0 0 0 0 0 0</row>
            <row>0 0 0 0 0 0 0 0 0 0 0 0 0 0 0 0 0 0 0 0 0 0 0 0 0 0 0 0 0 0 0 0 0 0 0 0 0 0 0 0 0 0 0 0 0 0 0 0 0 0 0 0 0 0 0 0 0 0 0 0 0 0 0 0</row>
            <row>0 0 0 0 0 0 0 0 0 0 0 0 0 0 0 0 0 0 0 0 0 0 0 0 0 0 0 0 0 0 0 0 0 0 0 0 0 0 0 0 0 0 0 0 0 0 0 0 0 0 0 0 0 0 0 0 0 0 0 0 0 0 0 0</row>
            <row>0 0 0 0 0 0 0 0 0 0 0 0 0 0 0 0 0 0 0 0 0 0 0 0 0 0 0 0 0 0 0 0 0 0 0 0 0 0 0 0 0 0 0 0 0 0 0 0 0 0 0 0 0 0 0 0 0 0 0 0 0 0 0 0</row>
            <row>0 0 0 0 0 0 0 0 0 0 0 0 0 0 0 0 0 0 0 0 0 0 0 0 0 0 0 0 0 0 0 0 0 0 0 0 0 0 0 0 0 0 0 0 0 0 0 0 0 0 0 0 0 0 0 0 0 0 0 0 0 0 0 0</row>
            <row>0 0 0 0 0 0 0 0 0 0 0 0 0 0 0 0 0 0 0 0 0 0 0 0 0 0 0 0 0 0 0 0 0 0 0 0 0 0 0 0 0 0 0 0 0 0 0 0 0 0 0 0 0 0 0 0 0 0 0 0 0 0 0 0</row>
            <row>0 0 0 0 0 0 0 0 0 0 0 0 0 0 0 0 0 0 0 0 0 0 0 0 0 0 0 0 0 0 0 0 0 0 0 0 0 0 0 0 0 0 0 0 0 0 0 0 0 0 0 0 0 0 0 0 0 0 0 0 0 0 0 0</row>
            <row>0 0 0 0 0 0 0 0 0 0 0 0 0 0 0 0 0 0 0 0 0 0 0 0 0 0 0 0 0 0 0 0 0 0 0 0 0 0 0 0 0 0 0 0 0 0 0 0 0 0 0 0 0 0 0 0 0 0 0 0 0 0 0 0</row>
            <row>0 0 0 0 0 0 0 0 0 0 0 0 0 0 0 0 0 0 0 0 0 0 0 0 0 0 0 0 0 0 0 0 0 0 0 0 0 0 0 0 0 0 0 0 0 0 0 0 0 0 0 0 0 0 0 0 0 0 0 0 0 0 0 0</row>
            <row>0 0 0 0 0 0 0 0 0 0 0 0 0 0 0 0 0 0 0 0 0 0 0 0 0 0 0 0 0 0 0 0 0 0 0 0 0 0 0 0 0 0 0 0 0 0 0 0 0 0 0 0 0 0 0 0 0 0 0 0 0 0 0 0</row>
            <row>0 0 0 0 0 0 0 0 0 0 0 0 0 0 0 0 0 0 0 0 0 0 0 0 0 0 0 0 0 0 0 0 0 0 0 0 0 0 0 0 0 0 0 0 0 0 0 0 0 0 0 0 0 0 0 0 0 0 0 0 0 0 0 0</row>
            <row>0 0 0 0 0 0 0 0 0 0 0 0 0 0 0 0 0 0 0 0 0 0 0 0 0 0 0 0 0 0 0 0 0 0 0 0 0 0 0 0 0 0 0 0 0 0 0 0 0 0 0 0 0 0 0 0 0 0 0 0 0 0 0 0</row>
            <row>0 0 0 0 0 0 0 0 0 0 0 0 0 0 0 0 0 0 0 0 0 0 0 0 0 0 0 0 0 0 0 0 0 0 0 0 0 0 0 0 0 0 0 0 0 0 0 0 0 0 0 0 0 0 0 0 0 0 0 0 0 0 0 0</row>
            <row>0 0 0 0 0 0 0 0 0 0 0 0 0 0 0 0 0 0 0 0 0 0 0 0 0 0 0 0 0 0 0 0 0 0 0 0 0 0 0 0 0 0 0 0 0 0 0 0 0 0 0 0 0 0 0 0 0 0 0 0 0 0 0 0</row>
            <row>0 0 0 0 0 0 0 0 0 0 0 0 0 0 0 0 0 0 0 0 0 0 0 0 0 0 0 0 0 0 0 0 0 0 0 0 0 0 0 0 0 0 0 0 0 0 0 0 0 0 0 0 0 0 0 0 0 0 0 0 0 0 0 0</row>
        </grid>
    </map>
    <algorithm>
        <allowanyangle>true</allowanyangle>
        <metrictype>euclid</metrictype>
        <breakingties>g-max</breakingties>
        <weight>1</weight>
    </algorithm>
    <options>
        <loglevel>1</loglevel>
        <logpath />
        <logfilename />
    </options>
</root>
