<?xml version="1.0" ?>
<root>
    <map>
        <width>64</width>
        <height>64</height>
        <agents>250</agents>
        <startx number="0">9</startx>
        <starty number="0">45</starty>
        <finishx number="0">36</finishx>
        <finishy number="0">6</finishy>
        <startx number="1">53</startx>
        <starty number="1">48</starty>
        <finishx number="1">55</finishx>
        <finishy number="1">34</finishy>
        <startx number="2">25</startx>
        <starty number="2">18</starty>
        <finishx number="2">34</finishx>
        <finishy number="2">54</finishy>
        <startx number="3">46</startx>
        <starty number="3">22</starty>
        <finishx number="3">34</finishx>
        <finishy number="3">62</finishy>
        <startx number="4">22</startx>
        <starty number="4">8</starty>
        <finishx number="4">28</finishx>
        <finishy number="4">10</finishy>
        <startx number="5">49</startx>
        <starty number="5">46</starty>
        <finishx number="5">14</finishx>
        <finishy number="5">17</finishy>
        <startx number="6">33</startx>
        <starty number="6">57</starty>
        <finishx number="6">52</finishx>
        <finishy number="6">11</finishy>
        <startx number="7">2</startx>
        <starty number="7">13</starty>
        <finishx number="7">42</finishx>
        <finishy number="7">52</finishy>
        <startx number="8">53</startx>
        <starty number="8">45</starty>
        <finishx number="8">13</finishx>
        <finishy number="8">63</finishy>
        <startx number="9">47</startx>
        <starty number="9">3</starty>
        <finishx number="9">62</finishx>
        <finishy number="9">15</finishy>
        <startx number="10">9</startx>
        <starty number="10">31</starty>
        <finishx number="10">44</finishx>
        <finishy number="10">33</finishy>
        <startx number="11">27</startx>
        <starty number="11">39</starty>
        <finishx number="11">33</finishx>
        <finishy number="11">6</finishy>
        <startx number="12">52</startx>
        <starty number="12">41</starty>
        <finishx number="12">30</finishx>
        <finishy number="12">38</finishy>
        <startx number="13">61</startx>
        <starty number="13">52</starty>
        <finishx number="13">63</finishx>
        <finishy number="13">25</finishy>
        <startx number="14">28</startx>
        <starty number="14">55</starty>
        <finishx number="14">18</finishx>
        <finishy number="14">19</finishy>
        <startx number="15">50</startx>
        <starty number="15">27</starty>
        <finishx number="15">55</finishx>
        <finishy number="15">0</finishy>
        <startx number="16">42</startx>
        <starty number="16">20</starty>
        <finishx number="16">1</finishx>
        <finishy number="16">25</finishy>
        <startx number="17">26</startx>
        <starty number="17">12</starty>
        <finishx number="17">56</finishx>
        <finishy number="17">61</finishy>
        <startx number="18">1</startx>
        <starty number="18">0</starty>
        <finishx number="18">52</finishx>
        <finishy number="18">30</finishy>
        <startx number="19">31</startx>
        <starty number="19">20</starty>
        <finishx number="19">44</finishx>
        <finishy number="19">44</finishy>
        <startx number="20">26</startx>
        <starty number="20">45</starty>
        <finishx number="20">18</finishx>
        <finishy number="20">24</finishy>
        <startx number="21">48</startx>
        <starty number="21">52</starty>
        <finishx number="21">56</finishx>
        <finishy number="21">29</finishy>
        <startx number="22">14</startx>
        <starty number="22">50</starty>
        <finishx number="22">49</finishx>
        <finishy number="22">54</finishy>
        <startx number="23">45</startx>
        <starty number="23">9</starty>
        <finishx number="23">38</finishx>
        <finishy number="23">32</finishy>
        <startx number="24">2</startx>
        <starty number="24">16</starty>
        <finishx number="24">30</finishx>
        <finishy number="24">62</finishy>
        <startx number="25">29</startx>
        <starty number="25">28</starty>
        <finishx number="25">24</finishx>
        <finishy number="25">13</finishy>
        <startx number="26">19</startx>
        <starty number="26">8</starty>
        <finishx number="26">43</finishx>
        <finishy number="26">39</finishy>
        <startx number="27">4</startx>
        <starty number="27">59</starty>
        <finishx number="27">49</finishx>
        <finishy number="27">33</finishy>
        <startx number="28">7</startx>
        <starty number="28">18</starty>
        <finishx number="28">61</finishx>
        <finishy number="28">36</finishy>
        <startx number="29">38</startx>
        <starty number="29">56</starty>
        <finishx number="29">33</finishx>
        <finishy number="29">14</finishy>
        <startx number="30">63</startx>
        <starty number="30">17</starty>
        <finishx number="30">31</finishx>
        <finishy number="30">36</finishy>
        <startx number="31">19</startx>
        <starty number="31">54</starty>
        <finishx number="31">62</finishx>
        <finishy number="31">12</finishy>
        <startx number="32">24</startx>
        <starty number="32">53</starty>
        <finishx number="32">57</finishx>
        <finishy number="32">26</finishy>
        <startx number="33">54</startx>
        <starty number="33">32</starty>
        <finishx number="33">0</finishx>
        <finishy number="33">35</finishy>
        <startx number="34">50</startx>
        <starty number="34">8</starty>
        <finishx number="34">21</finishx>
        <finishy number="34">54</finishy>
        <startx number="35">17</startx>
        <starty number="35">62</starty>
        <finishx number="35">46</finishx>
        <finishy number="35">57</finishy>
        <startx number="36">39</startx>
        <starty number="36">10</starty>
        <finishx number="36">1</finishx>
        <finishy number="36">30</finishy>
        <startx number="37">16</startx>
        <starty number="37">59</starty>
        <finishx number="37">58</finishx>
        <finishy number="37">47</finishy>
        <startx number="38">26</startx>
        <starty number="38">7</starty>
        <finishx number="38">13</finishx>
        <finishy number="38">4</finishy>
        <startx number="39">6</startx>
        <starty number="39">61</starty>
        <finishx number="39">26</finishx>
        <finishy number="39">31</finishy>
        <startx number="40">41</startx>
        <starty number="40">42</starty>
        <finishx number="40">22</finishx>
        <finishy number="40">24</finishy>
        <startx number="41">31</startx>
        <starty number="41">7</starty>
        <finishx number="41">51</finishx>
        <finishy number="41">53</finishy>
        <startx number="42">56</startx>
        <starty number="42">39</starty>
        <finishx number="42">22</finishx>
        <finishy number="42">58</finishy>
        <startx number="43">55</startx>
        <starty number="43">13</starty>
        <finishx number="43">36</finishx>
        <finishy number="43">51</finishy>
        <startx number="44">42</startx>
        <starty number="44">7</starty>
        <finishx number="44">4</finishx>
        <finishy number="44">21</finishy>
        <startx number="45">54</startx>
        <starty number="45">61</starty>
        <finishx number="45">48</finishx>
        <finishy number="45">25</finishy>
        <startx number="46">12</startx>
        <starty number="46">55</starty>
        <finishx number="46">36</finishx>
        <finishy number="46">0</finishy>
        <startx number="47">41</startx>
        <starty number="47">50</starty>
        <finishx number="47">44</finishx>
        <finishy number="47">28</finishy>
        <startx number="48">20</startx>
        <starty number="48">3</starty>
        <finishx number="48">62</finishx>
        <finishy number="48">28</finishy>
        <startx number="49">6</startx>
        <starty number="49">11</starty>
        <finishx number="49">31</finishx>
        <finishy number="49">14</finishy>
        <startx number="50">11</startx>
        <starty number="50">36</starty>
        <finishx number="50">4</finishx>
        <finishy number="50">30</finishy>
        <startx number="51">35</startx>
        <starty number="51">59</starty>
        <finishx number="51">31</finishx>
        <finishy number="51">22</finishy>
        <startx number="52">15</startx>
        <starty number="52">22</starty>
        <finishx number="52">58</finishx>
        <finishy number="52">60</finishy>
        <startx number="53">16</startx>
        <starty number="53">39</starty>
        <finishx number="53">28</finishx>
        <finishy number="53">4</finishy>
        <startx number="54">53</startx>
        <starty number="54">3</starty>
        <finishx number="54">21</finishx>
        <finishy number="54">51</finishy>
        <startx number="55">19</startx>
        <starty number="55">30</starty>
        <finishx number="55">53</finishx>
        <finishy number="55">22</finishy>
        <startx number="56">43</startx>
        <starty number="56">10</starty>
        <finishx number="56">45</finishx>
        <finishy number="56">39</finishy>
        <startx number="57">63</startx>
        <starty number="57">57</starty>
        <finishx number="57">33</finishx>
        <finishy number="57">20</finishy>
        <startx number="58">52</startx>
        <starty number="58">16</starty>
        <finishx number="58">26</finishx>
        <finishy number="58">34</finishy>
        <startx number="59">8</startx>
        <starty number="59">21</starty>
        <finishx number="59">30</finishx>
        <finishy number="59">54</finishy>
        <startx number="60">37</startx>
        <starty number="60">45</starty>
        <finishx number="60">26</finishx>
        <finishy number="60">58</finishy>
        <startx number="61">59</startx>
        <starty number="61">31</starty>
        <finishx number="61">44</finishx>
        <finishy number="61">63</finishy>
        <startx number="62">54</startx>
        <starty number="62">18</starty>
        <finishx number="62">16</finishx>
        <finishy number="62">43</finishy>
        <startx number="63">56</startx>
        <starty number="63">47</starty>
        <finishx number="63">46</finishx>
        <finishy number="63">55</finishy>
        <startx number="64">49</startx>
        <starty number="64">57</starty>
        <finishx number="64">33</finishx>
        <finishy number="64">49</finishy>
        <startx number="65">48</startx>
        <starty number="65">41</starty>
        <finishx number="65">56</finishx>
        <finishy number="65">15</finishy>
        <startx number="66">40</startx>
        <starty number="66">18</starty>
        <finishx number="66">11</finishx>
        <finishy number="66">41</finishy>
        <startx number="67">0</startx>
        <starty number="67">22</starty>
        <finishx number="67">7</finishx>
        <finishy number="67">37</finishy>
        <startx number="68">3</startx>
        <starty number="68">27</starty>
        <finishx number="68">29</finishx>
        <finishy number="68">57</finishy>
        <startx number="69">45</startx>
        <starty number="69">49</starty>
        <finishx number="69">31</finishx>
        <finishy number="69">17</finishy>
        <startx number="70">59</startx>
        <starty number="70">63</starty>
        <finishx number="70">7</finishx>
        <finishy number="70">45</finishy>
        <startx number="71">13</startx>
        <starty number="71">12</starty>
        <finishx number="71">59</finishx>
        <finishy number="71">39</finishy>
        <startx number="72">25</startx>
        <starty number="72">15</starty>
        <finishx number="72">39</finishx>
        <finishy number="72">21</finishy>
        <startx number="73">35</startx>
        <starty number="73">16</starty>
        <finishx number="73">47</finishx>
        <finishy number="73">36</finishy>
        <startx number="74">19</startx>
        <starty number="74">38</starty>
        <finishx number="74">25</finishx>
        <finishy number="74">55</finishy>
        <startx number="75">25</startx>
        <starty number="75">5</starty>
        <finishx number="75">28</finishx>
        <finishy number="75">52</finishy>
        <startx number="76">45</startx>
        <starty number="76">18</starty>
        <finishx number="76">52</finishx>
        <finishy number="76">56</finishy>
        <startx number="77">21</startx>
        <starty number="77">16</starty>
        <finishx number="77">61</finishx>
        <finishy number="77">31</finishy>
        <startx number="78">58</startx>
        <starty number="78">15</starty>
        <finishx number="78">1</finishx>
        <finishy number="78">56</finishy>
        <startx number="79">45</startx>
        <starty number="79">31</starty>
        <finishx number="79">53</finishx>
        <finishy number="79">27</finishy>
        <startx number="80">59</startx>
        <starty number="80">10</starty>
        <finishx number="80">20</finishx>
        <finishy number="80">6</finishy>
        <startx number="81">38</startx>
        <starty number="81">13</starty>
        <finishx number="81">45</finishx>
        <finishy number="81">60</finishy>
        <startx number="82">10</startx>
        <starty number="82">7</starty>
        <finishx number="82">19</finishx>
        <finishy number="82">0</finishy>
        <startx number="83">18</startx>
        <starty number="83">16</starty>
        <finishx number="83">10</finishx>
        <finishy number="83">60</finishy>
        <startx number="84">38</startx>
        <starty number="84">19</starty>
        <finishx number="84">24</finishx>
        <finishy number="84">8</finishy>
        <startx number="85">45</startx>
        <starty number="85">14</starty>
        <finishx number="85">15</finishx>
        <finishy number="85">52</finishy>
        <startx number="86">3</startx>
        <starty number="86">1</starty>
        <finishx number="86">26</finishx>
        <finishy number="86">52</finishy>
        <startx number="87">24</startx>
        <starty number="87">10</starty>
        <finishx number="87">13</finishx>
        <finishy number="87">52</finishy>
        <startx number="88">45</startx>
        <starty number="88">4</starty>
        <finishx number="88">63</finishx>
        <finishy number="88">33</finishy>
        <startx number="89">8</startx>
        <starty number="89">42</starty>
        <finishx number="89">63</finishx>
        <finishy number="89">1</finishy>
        <startx number="90">59</startx>
        <starty number="90">52</starty>
        <finishx number="90">5</finishx>
        <finishy number="90">56</finishy>
        <startx number="91">24</startx>
        <starty number="91">48</starty>
        <finishx number="91">8</finishx>
        <finishy number="91">26</finishy>
        <startx number="92">47</startx>
        <starty number="92">38</starty>
        <finishx number="92">11</finishx>
        <finishy number="92">31</finishy>
        <startx number="93">33</startx>
        <starty number="93">3</starty>
        <finishx number="93">2</finishx>
        <finishy number="93">11</finishy>
        <startx number="94">27</startx>
        <starty number="94">42</starty>
        <finishx number="94">21</finishx>
        <finishy number="94">35</finishy>
        <startx number="95">36</startx>
        <starty number="95">48</starty>
        <finishx number="95">19</finishx>
        <finishy number="95">35</finishy>
        <startx number="96">17</startx>
        <starty number="96">30</starty>
        <finishx number="96">63</finishx>
        <finishy number="96">20</finishy>
        <startx number="97">56</startx>
        <starty number="97">24</starty>
        <finishx number="97">29</finishx>
        <finishy number="97">1</finishy>
        <startx number="98">53</startx>
        <starty number="98">35</starty>
        <finishx number="98">61</finishx>
        <finishy number="98">63</finishy>
        <startx number="99">36</startx>
        <starty number="99">37</starty>
        <finishx number="99">5</finishx>
        <finishy number="99">34</finishy>
        <startx number="100">62</startx>
        <starty number="100">9</starty>
        <finishx number="100">10</finishx>
        <finishy number="100">53</finishy>
        <startx number="101">36</startx>
        <starty number="101">14</starty>
        <finishx number="101">54</finishx>
        <finishy number="101">59</finishy>
        <startx number="102">15</startx>
        <starty number="102">33</starty>
        <finishx number="102">63</finishx>
        <finishy number="102">41</finishy>
        <startx number="103">16</startx>
        <starty number="103">12</starty>
        <finishx number="103">36</finishx>
        <finishy number="103">35</finishy>
        <startx number="104">32</startx>
        <starty number="104">46</starty>
        <finishx number="104">47</finishx>
        <finishy number="104">49</finishy>
        <startx number="105">63</startx>
        <starty number="105">44</starty>
        <finishx number="105">31</finishx>
        <finishy number="105">49</finishy>
        <startx number="106">35</startx>
        <starty number="106">32</starty>
        <finishx number="106">39</finishx>
        <finishy number="106">53</finishy>
        <startx number="107">47</startx>
        <starty number="107">6</starty>
        <finishx number="107">34</finishx>
        <finishy number="107">1</finishy>
        <startx number="108">18</startx>
        <starty number="108">43</starty>
        <finishx number="108">2</finishx>
        <finishy number="108">49</finishy>
        <startx number="109">40</startx>
        <starty number="109">15</starty>
        <finishx number="109">31</finishx>
        <finishy number="109">12</finishy>
        <startx number="110">7</startx>
        <starty number="110">2</starty>
        <finishx number="110">63</finishx>
        <finishy number="110">38</finishy>
        <startx number="111">56</startx>
        <starty number="111">63</starty>
        <finishx number="111">30</finishx>
        <finishy number="111">47</finishy>
        <startx number="112">14</startx>
        <starty number="112">55</starty>
        <finishx number="112">21</finishx>
        <finishy number="112">40</finishy>
        <startx number="113">11</startx>
        <starty number="113">18</starty>
        <finishx number="113">31</finishx>
        <finishy number="113">25</finishy>
        <startx number="114">44</startx>
        <starty number="114">57</starty>
        <finishx number="114">58</finishx>
        <finishy number="114">4</finishy>
        <startx number="115">6</startx>
        <starty number="115">14</starty>
        <finishx number="115">8</finishx>
        <finishy number="115">48</finishy>
        <startx number="116">56</startx>
        <starty number="116">56</starty>
        <finishx number="116">3</finishx>
        <finishy number="116">19</finishy>
        <startx number="117">42</startx>
        <starty number="117">15</starty>
        <finishx number="117">25</finishx>
        <finishy number="117">24</finishy>
        <startx number="118">11</startx>
        <starty number="118">44</starty>
        <finishx number="118">38</finishx>
        <finishy number="118">24</finishy>
        <startx number="119">28</startx>
        <starty number="119">26</starty>
        <finishx number="119">37</finishx>
        <finishy number="119">21</finishy>
        <startx number="120">49</startx>
        <starty number="120">62</starty>
        <finishx number="120">1</finishx>
        <finishy number="120">3</finishy>
        <startx number="121">51</startx>
        <starty number="121">6</starty>
        <finishx number="121">21</finishx>
        <finishy number="121">32</finishy>
        <startx number="122">3</startx>
        <starty number="122">3</starty>
        <finishx number="122">23</finishx>
        <finishy number="122">39</finishy>
        <startx number="123">15</startx>
        <starty number="123">30</starty>
        <finishx number="123">11</finishx>
        <finishy number="123">50</finishy>
        <startx number="124">56</startx>
        <starty number="124">10</starty>
        <finishx number="124">32</finishx>
        <finishy number="124">41</finishy>
        <startx number="125">54</startx>
        <starty number="125">40</starty>
        <finishx number="125">24</finishx>
        <finishy number="125">50</finishy>
        <startx number="126">0</startx>
        <starty number="126">38</starty>
        <finishx number="126">50</finishx>
        <finishy number="126">22</finishy>
        <startx number="127">55</startx>
        <starty number="127">53</starty>
        <finishx number="127">15</finishx>
        <finishy number="127">9</finishy>
        <startx number="128">51</startx>
        <starty number="128">46</starty>
        <finishx number="128">5</finishx>
        <finishy number="128">16</finishy>
        <startx number="129">47</startx>
        <starty number="129">63</starty>
        <finishx number="129">7</finishx>
        <finishy number="129">53</finishy>
        <startx number="130">24</startx>
        <starty number="130">61</starty>
        <finishx number="130">13</finishx>
        <finishy number="130">33</finishy>
        <startx number="131">57</startx>
        <starty number="131">2</starty>
        <finishx number="131">3</finishx>
        <finishy number="131">51</finishy>
        <startx number="132">8</startx>
        <starty number="132">7</starty>
        <finishx number="132">37</finishx>
        <finishy number="132">16</finishy>
        <startx number="133">2</startx>
        <starty number="133">62</starty>
        <finishx number="133">46</finishx>
        <finishy number="133">1</finishy>
        <startx number="134">35</startx>
        <starty number="134">27</starty>
        <finishx number="134">63</finishx>
        <finishy number="134">52</finishy>
        <startx number="135">7</startx>
        <starty number="135">34</starty>
        <finishx number="135">30</finishx>
        <finishy number="135">4</finishy>
        <startx number="136">44</startx>
        <starty number="136">36</starty>
        <finishx number="136">34</finishx>
        <finishy number="136">12</finishy>
        <startx number="137">40</startx>
        <starty number="137">34</starty>
        <finishx number="137">6</finishx>
        <finishy number="137">50</finishy>
        <startx number="138">31</startx>
        <starty number="138">33</starty>
        <finishx number="138">49</finishx>
        <finishy number="138">6</finishy>
        <startx number="139">11</startx>
        <starty number="139">25</starty>
        <finishx number="139">60</finishx>
        <finishy number="139">33</finishy>
        <startx number="140">42</startx>
        <starty number="140">23</starty>
        <finishx number="140">46</finishx>
        <finishy number="140">52</finishy>
        <startx number="141">38</startx>
        <starty number="141">40</starty>
        <finishx number="141">54</finishx>
        <finishy number="141">50</finishy>
        <startx number="142">18</startx>
        <starty number="142">46</starty>
        <finishx number="142">54</finishx>
        <finishy number="142">37</finishy>
        <startx number="143">12</startx>
        <starty number="143">47</starty>
        <finishx number="143">10</finishx>
        <finishy number="143">10</finishy>
        <startx number="144">1</startx>
        <starty number="144">40</starty>
        <finishx number="144">42</finishx>
        <finishy number="144">63</finishy>
        <startx number="145">33</startx>
        <starty number="145">25</starty>
        <finishx number="145">9</finishx>
        <finishy number="145">4</finishy>
        <startx number="146">11</startx>
        <starty number="146">33</starty>
        <finishx number="146">23</finishx>
        <finishy number="146">43</finishy>
        <startx number="147">61</startx>
        <starty number="147">7</starty>
        <finishx number="147">32</finishx>
        <finishy number="147">60</finishy>
        <startx number="148">61</startx>
        <starty number="148">47</starty>
        <finishx number="148">20</finishx>
        <finishy number="148">11</finishy>
        <startx number="149">26</startx>
        <starty number="149">2</starty>
        <finishx number="149">42</finishx>
        <finishy number="149">60</finishy>
        <startx number="150">24</startx>
        <starty number="150">37</starty>
        <finishx number="150">2</finishx>
        <finishy number="150">6</finishy>
        <startx number="151">22</startx>
        <starty number="151">11</starty>
        <finishx number="151">10</finishx>
        <finishy number="151">55</finishy>
        <startx number="152">32</startx>
        <starty number="152">51</starty>
        <finishx number="152">15</finishx>
        <finishy number="152">4</finishy>
        <startx number="153">54</startx>
        <starty number="153">24</starty>
        <finishx number="153">37</finishx>
        <finishy number="153">43</finishy>
        <startx number="154">45</startx>
        <starty number="154">25</starty>
        <finishx number="154">16</finishx>
        <finishy number="154">20</finishy>
        <startx number="155">63</startx>
        <starty number="155">46</starty>
        <finishx number="155">16</finishx>
        <finishy number="155">25</finishy>
        <startx number="156">62</startx>
        <starty number="156">55</starty>
        <finishx number="156">38</finishx>
        <finishy number="156">3</finishy>
        <startx number="157">14</startx>
        <starty number="157">7</starty>
        <finishx number="157">3</finishx>
        <finishy number="157">40</finishy>
        <startx number="158">47</startx>
        <starty number="158">28</starty>
        <finishx number="158">62</finishx>
        <finishy number="158">49</finishy>
        <startx number="159">41</startx>
        <starty number="159">58</starty>
        <finishx number="159">10</finishx>
        <finishy number="159">29</finishy>
        <startx number="160">36</startx>
        <starty number="160">11</starty>
        <finishx number="160">13</finishx>
        <finishy number="160">39</finishy>
        <startx number="161">40</startx>
        <starty number="161">23</starty>
        <finishx number="161">52</finishx>
        <finishy number="161">14</finishy>
        <startx number="162">38</startx>
        <starty number="162">29</starty>
        <finishx number="162">30</finishx>
        <finishy number="162">51</finishy>
        <startx number="163">13</startx>
        <starty number="163">57</starty>
        <finishx number="163">19</finishx>
        <finishy number="163">22</finishy>
        <startx number="164">22</startx>
        <starty number="164">61</starty>
        <finishx number="164">20</finishx>
        <finishy number="164">14</finishy>
        <startx number="165">11</startx>
        <starty number="165">15</starty>
        <finishx number="165">47</finishx>
        <finishy number="165">47</finishy>
        <startx number="166">23</startx>
        <starty number="166">29</starty>
        <finishx number="166">47</finishx>
        <finishy number="166">14</finishy>
        <startx number="167">46</startx>
        <starty number="167">20</starty>
        <finishx number="167">38</finishx>
        <finishy number="167">8</finishy>
        <startx number="168">43</startx>
        <starty number="168">42</starty>
        <finishx number="168">4</finishx>
        <finishy number="168">6</finishy>
        <startx number="169">28</startx>
        <starty number="169">63</starty>
        <finishx number="169">37</finishx>
        <finishy number="169">27</finishy>
        <startx number="170">6</startx>
        <starty number="170">24</starty>
        <finishx number="170">27</finishx>
        <finishy number="170">60</finishy>
        <startx number="171">34</startx>
        <starty number="171">51</starty>
        <finishx number="171">0</finishx>
        <finishy number="171">17</finishy>
        <startx number="172">53</startx>
        <starty number="172">6</starty>
        <finishx number="172">7</finishx>
        <finishy number="172">0</finishy>
        <startx number="173">18</startx>
        <starty number="173">33</starty>
        <finishx number="173">42</finishx>
        <finishy number="173">28</finishy>
        <startx number="174">28</startx>
        <starty number="174">47</starty>
        <finishx number="174">1</finishx>
        <finishy number="174">44</finishy>
        <startx number="175">36</startx>
        <starty number="175">61</starty>
        <finishx number="175">14</finishx>
        <finishy number="175">41</finishy>
        <startx number="176">61</startx>
        <starty number="176">57</starty>
        <finishx number="176">29</finishx>
        <finishy number="176">49</finishy>
        <startx number="177">52</startx>
        <starty number="177">18</starty>
        <finishx number="177">20</finishx>
        <finishy number="177">27</finishy>
        <startx number="178">51</startx>
        <starty number="178">62</starty>
        <finishx number="178">53</finishx>
        <finishy number="178">8</finishy>
        <startx number="179">33</startx>
        <starty number="179">28</starty>
        <finishx number="179">58</finishx>
        <finishy number="179">44</finishy>
        <startx number="180">54</startx>
        <starty number="180">29</starty>
        <finishx number="180">16</finishx>
        <finishy number="180">54</finishy>
        <startx number="181">61</startx>
        <starty number="181">20</starty>
        <finishx number="181">29</finishx>
        <finishy number="181">60</finishy>
        <startx number="182">47</startx>
        <starty number="182">30</starty>
        <finishx number="182">45</finishx>
        <finishy number="182">6</finishy>
        <startx number="183">9</startx>
        <starty number="183">39</starty>
        <finishx number="183">59</finishx>
        <finishy number="183">55</finishy>
        <startx number="184">39</startx>
        <starty number="184">5</starty>
        <finishx number="184">25</finishx>
        <finishy number="184">26</finishy>
        <startx number="185">50</startx>
        <starty number="185">11</starty>
        <finishx number="185">63</finishx>
        <finishy number="185">23</finishy>
        <startx number="186">60</startx>
        <starty number="186">12</starty>
        <finishx number="186">5</finishx>
        <finishy number="186">0</finishy>
        <startx number="187">56</startx>
        <starty number="187">31</starty>
        <finishx number="187">0</finishx>
        <finishy number="187">52</finishy>
        <startx number="188">23</startx>
        <starty number="188">26</starty>
        <finishx number="188">60</finishx>
        <finishy number="188">4</finishy>
        <startx number="189">46</startx>
        <starty number="189">33</starty>
        <finishx number="189">30</finishx>
        <finishy number="189">41</finishy>
        <startx number="190">20</startx>
        <starty number="190">46</starty>
        <finishx number="190">40</finishx>
        <finishy number="190">31</finishy>
        <startx number="191">38</startx>
        <starty number="191">50</starty>
        <finishx number="191">54</finishx>
        <finishy number="191">43</finishy>
        <startx number="192">5</startx>
        <starty number="192">3</starty>
        <finishx number="192">2</finishx>
        <finishy number="192">46</finishy>
        <startx number="193">19</startx>
        <starty number="193">56</starty>
        <finishx number="193">56</finishx>
        <finishy number="193">50</finishy>
        <startx number="194">11</startx>
        <starty number="194">12</starty>
        <finishx number="194">60</finishx>
        <finishy number="194">17</finishy>
        <startx number="195">44</startx>
        <starty number="195">47</starty>
        <finishx number="195">39</finishx>
        <finishy number="195">37</finishy>
        <startx number="196">0</startx>
        <starty number="196">20</starty>
        <finishx number="196">8</finishx>
        <finishy number="196">50</finishy>
        <startx number="197">13</startx>
        <starty number="197">23</starty>
        <finishx number="197">60</finishx>
        <finishy number="197">50</finishy>
        <startx number="198">32</startx>
        <starty number="198">38</starty>
        <finishx number="198">21</finishx>
        <finishy number="198">56</finishy>
        <startx number="199">51</startx>
        <starty number="199">35</starty>
        <finishx number="199">59</finishx>
        <finishy number="199">2</finishy>
        <startx number="200">15</startx>
        <starty number="200">57</starty>
        <finishx number="200">17</finishx>
        <finishy number="200">9</finishy>
        <startx number="201">4</startx>
        <starty number="201">61</starty>
        <finishx number="201">39</finishx>
        <finishy number="201">58</finishy>
        <startx number="202">7</startx>
        <starty number="202">63</starty>
        <finishx number="202">21</finishx>
        <finishy number="202">42</finishy>
        <startx number="203">44</startx>
        <starty number="203">55</starty>
        <finishx number="203">6</finishx>
        <finishy number="203">59</finishy>
        <startx number="204">13</startx>
        <starty number="204">25</starty>
        <finishx number="204">51</finishx>
        <finishy number="204">33</finishy>
        <startx number="205">25</startx>
        <starty number="205">21</starty>
        <finishx number="205">3</finishx>
        <finishy number="205">25</finishy>
        <startx number="206">26</startx>
        <starty number="206">28</starty>
        <finishx number="206">35</finishx>
        <finishy number="206">46</finishy>
        <startx number="207">27</startx>
        <starty number="207">23</starty>
        <finishx number="207">45</finishx>
        <finishy number="207">41</finishy>
        <startx number="208">5</startx>
        <starty number="208">53</starty>
        <finishx number="208">16</finishx>
        <finishy number="208">17</finishy>
        <startx number="209">4</startx>
        <starty number="209">48</starty>
        <finishx number="209">35</finishx>
        <finishy number="209">30</finishy>
        <startx number="210">20</startx>
        <starty number="210">19</starty>
        <finishx number="210">33</finishx>
        <finishy number="210">33</finishy>
        <startx number="211">23</startx>
        <starty number="211">21</starty>
        <finishx number="211">20</finishx>
        <finishy number="211">48</finishy>
        <startx number="212">12</startx>
        <starty number="212">28</starty>
        <finishx number="212">39</finishx>
        <finishy number="212">42</finishy>
        <startx number="213">19</startx>
        <starty number="213">59</starty>
        <finishx number="213">50</finishx>
        <finishy number="213">19</finishy>
        <startx number="214">50</startx>
        <starty number="214">30</starty>
        <finishx number="214">24</finishx>
        <finishy number="214">34</finishy>
        <startx number="215">41</startx>
        <starty number="215">56</starty>
        <finishx number="215">8</finishx>
        <finishy number="215">12</finishy>
        <startx number="216">13</startx>
        <starty number="216">36</starty>
        <finishx number="216">1</finishx>
        <finishy number="216">59</finishy>
        <startx number="217">31</startx>
        <starty number="217">43</starty>
        <finishx number="217">63</finishx>
        <finishy number="217">4</finishy>
        <startx number="218">21</startx>
        <starty number="218">0</starty>
        <finishx number="218">15</finishx>
        <finishy number="218">27</finishy>
        <startx number="219">6</startx>
        <starty number="219">5</starty>
        <finishx number="219">59</finishx>
        <finishy number="219">23</finishy>
        <startx number="220">59</startx>
        <starty number="220">36</starty>
        <finishx number="220">26</finishx>
        <finishy number="220">47</finishy>
        <startx number="221">6</startx>
        <starty number="221">42</starty>
        <finishx number="221">57</finishx>
        <finishy number="221">36</finishy>
        <startx number="222">61</startx>
        <starty number="222">38</starty>
        <finishx number="222">63</finishx>
        <finishy number="222">6</finishy>
        <startx number="223">49</startx>
        <starty number="223">43</starty>
        <finishx number="223">35</finishx>
        <finishy number="223">3</finishy>
        <startx number="224">24</startx>
        <starty number="224">45</starty>
        <finishx number="224">16</finishx>
        <finishy number="224">47</finishy>
        <startx number="225">22</startx>
        <starty number="225">18</starty>
        <finishx number="225">43</finishx>
        <finishy number="225">31</finishy>
        <startx number="226">41</startx>
        <starty number="226">47</starty>
        <finishx number="226">61</finishx>
        <finishy number="226">1</finishy>
        <startx number="227">31</startx>
        <starty number="227">30</starty>
        <finishx number="227">58</finishx>
        <finishy number="227">20</finishy>
        <startx number="228">16</startx>
        <starty number="228">41</starty>
        <finishx number="228">18</finishx>
        <finishy number="228">48</finishy>
        <startx number="229">29</startx>
        <starty number="229">36</starty>
        <finishx number="229">40</finishx>
        <finishy number="229">26</finishy>
        <startx number="230">63</startx>
        <starty number="230">60</starty>
        <finishx number="230">7</finishx>
        <finishy number="230">40</finishy>
        <startx number="231">29</startx>
        <starty number="231">6</starty>
        <finishx number="231">0</finishx>
        <finishy number="231">14</finishy>
        <startx number="232">1</startx>
        <starty number="232">9</starty>
        <finishx number="232">63</finishx>
        <finishy number="232">35</finishy>
        <startx number="233">26</startx>
        <starty number="233">10</starty>
        <finishx number="233">3</finishx>
        <finishy number="233">8</finishy>
        <startx number="234">57</startx>
        <starty number="234">34</starty>
        <finishx number="234">48</finishx>
        <finishy number="234">9</finishy>
        <startx number="235">39</startx>
        <starty number="235">63</starty>
        <finishx number="235">53</finishx>
        <finishy number="235">0</finishy>
        <startx number="236">5</startx>
        <starty number="236">8</starty>
        <finishx number="236">47</finishx>
        <finishy number="236">11</finishy>
        <startx number="237">0</startx>
        <starty number="237">33</starty>
        <finishx number="237">4</finishx>
        <finishy number="237">14</finishy>
        <startx number="238">61</startx>
        <starty number="238">41</starty>
        <finishx number="238">55</finishx>
        <finishy number="238">7</finishy>
        <startx number="239">8</startx>
        <starty number="239">16</starty>
        <finishx number="239">56</finishx>
        <finishy number="239">5</finishy>
        <startx number="240">41</startx>
        <starty number="240">5</starty>
        <finishx number="240">2</finishx>
        <finishy number="240">22</finishy>
        <startx number="241">18</startx>
        <starty number="241">6</starty>
        <finishx number="241">59</finishx>
        <finishy number="241">57</finishy>
        <startx number="242">33</startx>
        <starty number="242">35</starty>
        <finishx number="242">28</finishx>
        <finishy number="242">12</finishy>
        <startx number="243">29</startx>
        <starty number="243">33</starty>
        <finishx number="243">53</finishx>
        <finishy number="243">54</finishy>
        <startx number="244">31</startx>
        <starty number="244">28</starty>
        <finishx number="244">9</finishx>
        <finishy number="244">2</finishy>
        <startx number="245">40</startx>
        <starty number="245">61</starty>
        <finishx number="245">51</finishx>
        <finishy number="245">43</finishy>
        <startx number="246">58</startx>
        <starty number="246">29</starty>
        <finishx number="246">54</finishx>
        <finishy number="246">56</finishy>
        <startx number="247">7</startx>
        <starty number="247">56</starty>
        <finishx number="247">44</finishx>
        <finishy number="247">20</finishy>
        <startx number="248">19</startx>
        <starty number="248">40</starty>
        <finishx number="248">10</finishx>
        <finishy number="248">47</finishy>
        <startx number="249">58</startx>
        <starty number="249">12</starty>
        <finishx number="249">16</finishx>
        <finishy number="249">14</finishy>
        <grid>
            <row>0 0 0 0 0 0 0 0 0 0 0 0 0 0 0 0 0 0 0 0 0 0 0 0 0 0 0 0 0 0 0 0 0 0 0 0 0 0 0 0 0 0 0 0 0 0 0 0 0 0 0 0 0 0 0 0 0 0 0 0 0 0 0 0</row>
            <row>0 0 0 0 0 0 0 0 0 0 0 0 0 0 0 0 0 0 0 0 0 0 0 0 0 0 0 0 0 0 0 0 0 0 0 0 0 0 0 0 0 0 0 0 0 0 0 0 0 0 0 0 0 0 0 0 0 0 0 0 0 0 0 0</row>
            <row>0 0 0 0 0 0 0 0 0 0 0 0 0 0 0 0 0 0 0 0 0 0 0 0 0 0 0 0 0 0 0 0 0 0 0 0 0 0 0 0 0 0 0 0 0 0 0 0 0 0 0 0 0 0 0 0 0 0 0 0 0 0 0 0</row>
            <row>0 0 0 0 0 0 0 0 0 0 0 0 0 0 0 0 0 0 0 0 0 0 0 0 0 0 0 0 0 0 0 0 0 0 0 0 0 0 0 0 0 0 0 0 0 0 0 0 0 0 0 0 0 0 0 0 0 0 0 0 0 0 0 0</row>
            <row>0 0 0 0 0 0 0 0 0 0 0 0 0 0 0 0 0 0 0 0 0 0 0 0 0 0 0 0 0 0 0 0 0 0 0 0 0 0 0 0 0 0 0 0 0 0 0 0 0 0 0 0 0 0 0 0 0 0 0 0 0 0 0 0</row>
            <row>0 0 0 0 0 0 0 0 0 0 0 0 0 0 0 0 0 0 0 0 0 0 0 0 0 0 0 0 0 0 0 0 0 0 0 0 0 0 0 0 0 0 0 0 0 0 0 0 0 0 0 0 0 0 0 0 0 0 0 0 0 0 0 0</row>
            <row>0 0 0 0 0 0 0 0 0 0 0 0 0 0 0 0 0 0 0 0 0 0 0 0 0 0 0 0 0 0 0 0 0 0 0 0 0 0 0 0 0 0 0 0 0 0 0 0 0 0 0 0 0 0 0 0 0 0 0 0 0 0 0 0</row>
            <row>0 0 0 0 0 0 0 0 0 0 0 0 0 0 0 0 0 0 0 0 0 0 0 0 0 0 0 0 0 0 0 0 0 0 0 0 0 0 0 0 0 0 0 0 0 0 0 0 0 0 0 0 0 0 0 0 0 0 0 0 0 0 0 0</row>
            <row>0 0 0 0 0 0 0 0 0 0 0 0 0 0 0 0 0 0 0 0 0 0 0 0 0 0 0 0 0 0 0 0 0 0 0 0 0 0 0 0 0 0 0 0 0 0 0 0 0 0 0 0 0 0 0 0 0 0 0 0 0 0 0 0</row>
            <row>0 0 0 0 0 0 0 0 0 0 0 0 0 0 0 0 0 0 0 0 0 0 0 0 0 0 0 0 0 0 0 0 0 0 0 0 0 0 0 0 0 0 0 0 0 0 0 0 0 0 0 0 0 0 0 0 0 0 0 0 0 0 0 0</row>
            <row>0 0 0 0 0 0 0 0 0 0 0 0 0 0 0 0 0 0 0 0 0 0 0 0 0 0 0 0 0 0 0 0 0 0 0 0 0 0 0 0 0 0 0 0 0 0 0 0 0 0 0 0 0 0 0 0 0 0 0 0 0 0 0 0</row>
            <row>0 0 0 0 0 0 0 0 0 0 0 0 0 0 0 0 0 0 0 0 0 0 0 0 0 0 0 0 0 0 0 0 0 0 0 0 0 0 0 0 0 0 0 0 0 0 0 0 0 0 0 0 0 0 0 0 0 0 0 0 0 0 0 0</row>
            <row>0 0 0 0 0 0 0 0 0 0 0 0 0 0 0 0 0 0 0 0 0 0 0 0 0 0 0 0 0 0 0 0 0 0 0 0 0 0 0 0 0 0 0 0 0 0 0 0 0 0 0 0 0 0 0 0 0 0 0 0 0 0 0 0</row>
            <row>0 0 0 0 0 0 0 0 0 0 0 0 0 0 0 0 0 0 0 0 0 0 0 0 0 0 0 0 0 0 0 0 0 0 0 0 0 0 0 0 0 0 0 0 0 0 0 0 0 0 0 0 0 0 0 0 0 0 0 0 0 0 0 0</row>
            <row>0 0 0 0 0 0 0 0 0 0 0 0 0 0 0 0 0 0 0 0 0 0 0 0 0 0 0 0 0 0 0 0 0 0 0 0 0 0 0 0 0 0 0 0 0 0 0 0 0 0 0 0 0 0 0 0 0 0 0 0 0 0 0 0</row>
            <row>0 0 0 0 0 0 0 0 0 0 0 0 0 0 0 0 0 0 0 0 0 0 0 0 0 0 0 0 0 0 0 0 0 0 0 0 0 0 0 0 0 0 0 0 0 0 0 0 0 0 0 0 0 0 0 0 0 0 0 0 0 0 0 0</row>
            <row>0 0 0 0 0 0 0 0 0 0 0 0 0 0 0 0 0 0 0 0 0 0 0 0 0 0 0 0 0 0 0 0 0 0 0 0 0 0 0 0 0 0 0 0 0 0 0 0 0 0 0 0 0 0 0 0 0 0 0 0 0 0 0 0</row>
            <row>0 0 0 0 0 0 0 0 0 0 0 0 0 0 0 0 0 0 0 0 0 0 0 0 0 0 0 0 0 0 0 0 0 0 0 0 0 0 0 0 0 0 0 0 0 0 0 0 0 0 0 0 0 0 0 0 0 0 0 0 0 0 0 0</row>
            <row>0 0 0 0 0 0 0 0 0 0 0 0 0 0 0 0 0 0 0 0 0 0 0 0 0 0 0 0 0 0 0 0 0 0 0 0 0 0 0 0 0 0 0 0 0 0 0 0 0 0 0 0 0 0 0 0 0 0 0 0 0 0 0 0</row>
            <row>0 0 0 0 0 0 0 0 0 0 0 0 0 0 0 0 0 0 0 0 0 0 0 0 0 0 0 0 0 0 0 0 0 0 0 0 0 0 0 0 0 0 0 0 0 0 0 0 0 0 0 0 0 0 0 0 0 0 0 0 0 0 0 0</row>
            <row>0 0 0 0 0 0 0 0 0 0 0 0 0 0 0 0 0 0 0 0 0 0 0 0 0 0 0 0 0 0 0 0 0 0 0 0 0 0 0 0 0 0 0 0 0 0 0 0 0 0 0 0 0 0 0 0 0 0 0 0 0 0 0 0</row>
            <row>0 0 0 0 0 0 0 0 0 0 0 0 0 0 0 0 0 0 0 0 0 0 0 0 0 0 0 0 0 0 0 0 0 0 0 0 0 0 0 0 0 0 0 0 0 0 0 0 0 0 0 0 0 0 0 0 0 0 0 0 0 0 0 0</row>
            <row>0 0 0 0 0 0 0 0 0 0 0 0 0 0 0 0 0 0 0 0 0 0 0 0 0 0 0 0 0 0 0 0 0 0 0 0 0 0 0 0 0 0 0 0 0 0 0 0 0 0 0 0 0 0 0 0 0 0 0 0 0 0 0 0</row>
            <row>0 0 0 0 0 0 0 0 0 0 0 0 0 0 0 0 0 0 0 0 0 0 0 0 0 0 0 0 0 0 0 0 0 0 0 0 0 0 0 0 0 0 0 0 0 0 0 0 0 0 0 0 0 0 0 0 0 0 0 0 0 0 0 0</row>
            <row>0 0 0 0 0 0 0 0 0 0 0 0 0 0 0 0 0 0 0 0 0 0 0 0 0 0 0 0 0 0 0 0 0 0 0 0 0 0 0 0 0 0 0 0 0 0 0 0 0 0 0 0 0 0 0 0 0 0 0 0 0 0 0 0</row>
            <row>0 0 0 0 0 0 0 0 0 0 0 0 0 0 0 0 0 0 0 0 0 0 0 0 0 0 0 0 0 0 0 0 0 0 0 0 0 0 0 0 0 0 0 0 0 0 0 0 0 0 0 0 0 0 0 0 0 0 0 0 0 0 0 0</row>
            <row>0 0 0 0 0 0 0 0 0 0 0 0 0 0 0 0 0 0 0 0 0 0 0 0 0 0 0 0 0 0 0 0 0 0 0 0 0 0 0 0 0 0 0 0 0 0 0 0 0 0 0 0 0 0 0 0 0 0 0 0 0 0 0 0</row>
            <row>0 0 0 0 0 0 0 0 0 0 0 0 0 0 0 0 0 0 0 0 0 0 0 0 0 0 0 0 0 0 0 0 0 0 0 0 0 0 0 0 0 0 0 0 0 0 0 0 0 0 0 0 0 0 0 0 0 0 0 0 0 0 0 0</row>
            <row>0 0 0 0 0 0 0 0 0 0 0 0 0 0 0 0 0 0 0 0 0 0 0 0 0 0 0 0 0 0 0 0 0 0 0 0 0 0 0 0 0 0 0 0 0 0 0 0 0 0 0 0 0 0 0 0 0 0 0 0 0 0 0 0</row>
            <row>0 0 0 0 0 0 0 0 0 0 0 0 0 0 0 0 0 0 0 0 0 0 0 0 0 0 0 0 0 0 0 0 0 0 0 0 0 0 0 0 0 0 0 0 0 0 0 0 0 0 0 0 0 0 0 0 0 0 0 0 0 0 0 0</row>
            <row>0 0 0 0 0 0 0 0 0 0 0 0 0 0 0 0 0 0 0 0 0 0 0 0 0 0 0 0 0 0 0 0 0 0 0 0 0 0 0 0 0 0 0 0 0 0 0 0 0 0 0 0 0 0 0 0 0 0 0 0 0 0 0 0</row>
            <row>0 0 0 0 0 0 0 0 0 0 0 0 0 0 0 0 0 0 0 0 0 0 0 0 0 0 0 0 0 0 0 0 0 0 0 0 0 0 0 0 0 0 0 0 0 0 0 0 0 0 0 0 0 0 0 0 0 0 0 0 0 0 0 0</row>
            <row>0 0 0 0 0 0 0 0 0 0 0 0 0 0 0 0 0 0 0 0 0 0 0 0 0 0 0 0 0 0 0 0 0 0 0 0 0 0 0 0 0 0 0 0 0 0 0 0 0 0 0 0 0 0 0 0 0 0 0 0 0 0 0 0</row>
            <row>0 0 0 0 0 0 0 0 0 0 0 0 0 0 0 0 0 0 0 0 0 0 0 0 0 0 0 0 0 0 0 0 0 0 0 0 0 0 0 0 0 0 0 0 0 0 0 0 0 0 0 0 0 0 0 0 0 0 0 0 0 0 0 0</row>
            <row>0 0 0 0 0 0 0 0 0 0 0 0 0 0 0 0 0 0 0 0 0 0 0 0 0 0 0 0 0 0 0 0 0 0 0 0 0 0 0 0 0 0 0 0 0 0 0 0 0 0 0 0 0 0 0 0 0 0 0 0 0 0 0 0</row>
            <row>0 0 0 0 0 0 0 0 0 0 0 0 0 0 0 0 0 0 0 0 0 0 0 0 0 0 0 0 0 0 0 0 0 0 0 0 0 0 0 0 0 0 0 0 0 0 0 0 0 0 0 0 0 0 0 0 0 0 0 0 0 0 0 0</row>
            <row>0 0 0 0 0 0 0 0 0 0 0 0 0 0 0 0 0 0 0 0 0 0 0 0 0 0 0 0 0 0 0 0 0 0 0 0 0 0 0 0 0 0 0 0 0 0 0 0 0 0 0 0 0 0 0 0 0 0 0 0 0 0 0 0</row>
            <row>0 0 0 0 0 0 0 0 0 0 0 0 0 0 0 0 0 0 0 0 0 0 0 0 0 0 0 0 0 0 0 0 0 0 0 0 0 0 0 0 0 0 0 0 0 0 0 0 0 0 0 0 0 0 0 0 0 0 0 0 0 0 0 0</row>
            <row>0 0 0 0 0 0 0 0 0 0 0 0 0 0 0 0 0 0 0 0 0 0 0 0 0 0 0 0 0 0 0 0 0 0 0 0 0 0 0 0 0 0 0 0 0 0 0 0 0 0 0 0 0 0 0 0 0 0 0 0 0 0 0 0</row>
            <row>0 0 0 0 0 0 0 0 0 0 0 0 0 0 0 0 0 0 0 0 0 0 0 0 0 0 0 0 0 0 0 0 0 0 0 0 0 0 0 0 0 0 0 0 0 0 0 0 0 0 0 0 0 0 0 0 0 0 0 0 0 0 0 0</row>
            <row>0 0 0 0 0 0 0 0 0 0 0 0 0 0 0 0 0 0 0 0 0 0 0 0 0 0 0 0 0 0 0 0 0 0 0 0 0 0 0 0 0 0 0 0 0 0 0 0 0 0 0 0 0 0 0 0 0 0 0 0 0 0 0 0</row>
            <row>0 0 0 0 0 0 0 0 0 0 0 0 0 0 0 0 0 0 0 0 0 0 0 0 0 0 0 0 0 0 0 0 0 0 0 0 0 0 0 0 0 0 0 0 0 0 0 0 0 0 0 0 0 0 0 0 0 0 0 0 0 0 0 0</row>
            <row>0 0 0 0 0 0 0 0 0 0 0 0 0 0 0 0 0 0 0 0 0 0 0 0 0 0 0 0 0 0 0 0 0 0 0 0 0 0 0 0 0 0 0 0 0 0 0 0 0 0 0 0 0 0 0 0 0 0 0 0 0 0 0 0</row>
            <row>0 0 0 0 0 0 0 0 0 0 0 0 0 0 0 0 0 0 0 0 0 0 0 0 0 0 0 0 0 0 0 0 0 0 0 0 0 0 0 0 0 0 0 0 0 0 0 0 0 0 0 0 0 0 0 0 0 0 0 0 0 0 0 0</row>
            <row>0 0 0 0 0 0 0 0 0 0 0 0 0 0 0 0 0 0 0 0 0 0 0 0 0 0 0 0 0 0 0 0 0 0 0 0 0 0 0 0 0 0 0 0 0 0 0 0 0 0 0 0 0 0 0 0 0 0 0 0 0 0 0 0</row>
            <row>0 0 0 0 0 0 0 0 0 0 0 0 0 0 0 0 0 0 0 0 0 0 0 0 0 0 0 0 0 0 0 0 0 0 0 0 0 0 0 0 0 0 0 0 0 0 0 0 0 0 0 0 0 0 0 0 0 0 0 0 0 0 0 0</row>
            <row>0 0 0 0 0 0 0 0 0 0 0 0 0 0 0 0 0 0 0 0 0 0 0 0 0 0 0 0 0 0 0 0 0 0 0 0 0 0 0 0 0 0 0 0 0 0 0 0 0 0 0 0 0 0 0 0 0 0 0 0 0 0 0 0</row>
            <row>0 0 0 0 0 0 0 0 0 0 0 0 0 0 0 0 0 0 0 0 0 0 0 0 0 0 0 0 0 0 0 0 0 0 0 0 0 0 0 0 0 0 0 0 0 0 0 0 0 0 0 0 0 0 0 0 0 0 0 0 0 0 0 0</row>
            <row>0 0 0 0 0 0 0 0 0 0 0 0 0 0 0 0 0 0 0 0 0 0 0 0 0 0 0 0 0 0 0 0 0 0 0 0 0 0 0 0 0 0 0 0 0 0 0 0 0 0 0 0 0 0 0 0 0 0 0 0 0 0 0 0</row>
            <row>0 0 0 0 0 0 0 0 0 0 0 0 0 0 0 0 0 0 0 0 0 0 0 0 0 0 0 0 0 0 0 0 0 0 0 0 0 0 0 0 0 0 0 0 0 0 0 0 0 0 0 0 0 0 0 0 0 0 0 0 0 0 0 0</row>
            <row>0 0 0 0 0 0 0 0 0 0 0 0 0 0 0 0 0 0 0 0 0 0 0 0 0 0 0 0 0 0 0 0 0 0 0 0 0 0 0 0 0 0 0 0 0 0 0 0 0 0 0 0 0 0 0 0 0 0 0 0 0 0 0 0</row>
            <row>0 0 0 0 0 0 0 0 0 0 0 0 0 0 0 0 0 0 0 0 0 0 0 0 0 0 0 0 0 0 0 0 0 0 0 0 0 0 0 0 0 0 0 0 0 0 0 0 0 0 0 0 0 0 0 0 0 0 0 0 0 0 0 0</row>
            <row>0 0 0 0 0 0 0 0 0 0 0 0 0 0 0 0 0 0 0 0 0 0 0 0 0 0 0 0 0 0 0 0 0 0 0 0 0 0 0 0 0 0 0 0 0 0 0 0 0 0 0 0 0 0 0 0 0 0 0 0 0 0 0 0</row>
            <row>0 0 0 0 0 0 0 0 0 0 0 0 0 0 0 0 0 0 0 0 0 0 0 0 0 0 0 0 0 0 0 0 0 0 0 0 0 0 0 0 0 0 0 0 0 0 0 0 0 0 0 0 0 0 0 0 0 0 0 0 0 0 0 0</row>
            <row>0 0 0 0 0 0 0 0 0 0 0 0 0 0 0 0 0 0 0 0 0 0 0 0 0 0 0 0 0 0 0 0 0 0 0 0 0 0 0 0 0 0 0 0 0 0 0 0 0 0 0 0 0 0 0 0 0 0 0 0 0 0 0 0</row>
            <row>0 0 0 0 0 0 0 0 0 0 0 0 0 0 0 0 0 0 0 0 0 0 0 0 0 0 0 0 0 0 0 0 0 0 0 0 0 0 0 0 0 0 0 0 0 0 0 0 0 0 0 0 0 0 0 0 0 0 0 0 0 0 0 0</row>
            <row>0 0 0 0 0 0 0 0 0 0 0 0 0 0 0 0 0 0 0 0 0 0 0 0 0 0 0 0 0 0 0 0 0 0 0 0 0 0 0 0 0 0 0 0 0 0 0 0 0 0 0 0 0 0 0 0 0 0 0 0 0 0 0 0</row>
            <row>0 0 0 0 0 0 0 0 0 0 0 0 0 0 0 0 0 0 0 0 0 0 0 0 0 0 0 0 0 0 0 0 0 0 0 0 0 0 0 0 0 0 0 0 0 0 0 0 0 0 0 0 0 0 0 0 0 0 0 0 0 0 0 0</row>
            <row>0 0 0 0 0 0 0 0 0 0 0 0 0 0 0 0 0 0 0 0 0 0 0 0 0 0 0 0 0 0 0 0 0 0 0 0 0 0 0 0 0 0 0 0 0 0 0 0 0 0 0 0 0 0 0 0 0 0 0 0 0 0 0 0</row>
            <row>0 0 0 0 0 0 0 0 0 0 0 0 0 0 0 0 0 0 0 0 0 0 0 0 0 0 0 0 0 0 0 0 0 0 0 0 0 0 0 0 0 0 0 0 0 0 0 0 0 0 0 0 0 0 0 0 0 0 0 0 0 0 0 0</row>
            <row>0 0 0 0 0 0 0 0 0 0 0 0 0 0 0 0 0 0 0 0 0 0 0 0 0 0 0 0 0 0 0 0 0 0 0 0 0 0 0 0 0 0 0 0 0 0 0 0 0 0 0 0 0 0 0 0 0 0 0 0 0 0 0 0</row>
            <row>0 0 0 0 0 0 0 0 0 0 0 0 0 0 0 0 0 0 0 0 0 0 0 0 0 0 0 0 0 0 0 0 0 0 0 0 0 0 0 0 0 0 0 0 0 0 0 0 0 0 0 0 0 0 0 0 0 0 0 0 0 0 0 0</row>
            <row>0 0 0 0 0 0 0 0 0 0 0 0 0 0 0 0 0 0 0 0 0 0 0 0 0 0 0 0 0 0 0 0 0 0 0 0 0 0 0 0 0 0 0 0 0 0 0 0 0 0 0 0 0 0 0 0 0 0 0 0 0 0 0 0</row>
            <row>0 0 0 0 0 0 0 0 0 0 0 0 0 0 0 0 0 0 0 0 0 0 0 0 0 0 0 0 0 0 0 0 0 0 0 0 0 0 0 0 0 0 0 0 0 0 0 0 0 0 0 0 0 0 0 0 0 0 0 0 0 0 0 0</row>
        </grid>
    </map>
    <algorithm>
        <allowanyangle>true</allowanyangle>
        <metrictype>euclid</metrictype>
        <breakingties>g-max</breakingties>
        <weight>1</weight>
    </algorithm>
    <options>
        <loglevel>1</loglevel>
        <logpath />
        <logfilename />
    </options>
</root>
