<?xml version="1.0" ?>
<root>
    <map>
        <width>64</width>
        <height>64</height>
        <agents>100</agents>
        <startx number="0">34</startx>
        <starty number="0">3</starty>
        <finishx number="0">8</finishx>
        <finishy number="0">42</finishy>
        <startx number="1">51</startx>
        <starty number="1">6</starty>
        <finishx number="1">33</finishx>
        <finishy number="1">51</finishy>
        <startx number="2">45</startx>
        <starty number="2">49</starty>
        <finishx number="2">54</finishx>
        <finishy number="2">53</finishy>
        <startx number="3">15</startx>
        <starty number="3">3</starty>
        <finishx number="3">47</finishx>
        <finishy number="3">60</finishy>
        <startx number="4">58</startx>
        <starty number="4">10</starty>
        <finishx number="4">45</finishx>
        <finishy number="4">55</finishy>
        <startx number="5">48</startx>
        <starty number="5">36</starty>
        <finishx number="5">25</finishx>
        <finishy number="5">40</finishy>
        <startx number="6">34</startx>
        <starty number="6">35</starty>
        <finishx number="6">38</finishx>
        <finishy number="6">16</finishy>
        <startx number="7">62</startx>
        <starty number="7">33</starty>
        <finishx number="7">43</finishx>
        <finishy number="7">52</finishy>
        <startx number="8">56</startx>
        <starty number="8">56</starty>
        <finishx number="8">23</finishx>
        <finishy number="8">18</finishy>
        <startx number="9">9</startx>
        <starty number="9">61</starty>
        <finishx number="9">36</finishx>
        <finishy number="9">30</finishy>
        <startx number="10">48</startx>
        <starty number="10">33</starty>
        <finishx number="10">52</finishx>
        <finishy number="10">35</finishy>
        <startx number="11">26</startx>
        <starty number="11">2</starty>
        <finishx number="11">62</finishx>
        <finishy number="11">60</finishy>
        <startx number="12">16</startx>
        <starty number="12">54</starty>
        <finishx number="12">45</finishx>
        <finishy number="12">7</finishy>
        <startx number="13">54</startx>
        <starty number="13">24</starty>
        <finishx number="13">62</finishx>
        <finishy number="13">50</finishy>
        <startx number="14">20</startx>
        <starty number="14">17</starty>
        <finishx number="14">7</finishx>
        <finishy number="14">10</finishy>
        <startx number="15">20</startx>
        <starty number="15">8</starty>
        <finishx number="15">55</finishx>
        <finishy number="15">13</finishy>
        <startx number="16">20</startx>
        <starty number="16">14</starty>
        <finishx number="16">28</finishx>
        <finishy number="16">20</finishy>
        <startx number="17">47</startx>
        <starty number="17">39</starty>
        <finishx number="17">28</finishx>
        <finishy number="17">36</finishy>
        <startx number="18">38</startx>
        <starty number="18">43</starty>
        <finishx number="18">48</finishx>
        <finishy number="18">9</finishy>
        <startx number="19">0</startx>
        <starty number="19">17</starty>
        <finishx number="19">50</finishx>
        <finishy number="19">59</finishy>
        <startx number="20">59</startx>
        <starty number="20">36</starty>
        <finishx number="20">44</finishx>
        <finishy number="20">9</finishy>
        <startx number="21">57</startx>
        <starty number="21">24</starty>
        <finishx number="21">48</finishx>
        <finishy number="21">44</finishy>
        <startx number="22">3</startx>
        <starty number="22">62</starty>
        <finishx number="22">5</finishx>
        <finishy number="22">13</finishy>
        <startx number="23">24</startx>
        <starty number="23">63</starty>
        <finishx number="23">22</finishx>
        <finishy number="23">16</finishy>
        <startx number="24">18</startx>
        <starty number="24">6</starty>
        <finishx number="24">15</finishx>
        <finishy number="24">59</finishy>
        <startx number="25">57</startx>
        <starty number="25">50</starty>
        <finishx number="25">49</finishx>
        <finishy number="25">12</finishy>
        <startx number="26">23</startx>
        <starty number="26">32</starty>
        <finishx number="26">49</finishx>
        <finishy number="26">17</finishy>
        <startx number="27">4</startx>
        <starty number="27">35</starty>
        <finishx number="27">60</finishx>
        <finishy number="27">1</finishy>
        <startx number="28">53</startx>
        <starty number="28">26</starty>
        <finishx number="28">62</finishx>
        <finishy number="28">31</finishy>
        <startx number="29">13</startx>
        <starty number="29">30</starty>
        <finishx number="29">49</finishx>
        <finishy number="29">28</finishy>
        <startx number="30">8</startx>
        <starty number="30">55</starty>
        <finishx number="30">16</finishx>
        <finishy number="30">47</finishy>
        <startx number="31">61</startx>
        <starty number="31">23</starty>
        <finishx number="31">30</finishx>
        <finishy number="31">47</finishy>
        <startx number="32">18</startx>
        <starty number="32">57</starty>
        <finishx number="32">14</finishx>
        <finishy number="32">63</finishy>
        <startx number="33">5</startx>
        <starty number="33">16</starty>
        <finishx number="33">24</finishx>
        <finishy number="33">37</finishy>
        <startx number="34">47</startx>
        <starty number="34">17</starty>
        <finishx number="34">1</finishx>
        <finishy number="34">49</finishy>
        <startx number="35">13</startx>
        <starty number="35">14</starty>
        <finishx number="35">3</finishx>
        <finishy number="35">27</finishy>
        <startx number="36">54</startx>
        <starty number="36">59</starty>
        <finishx number="36">16</finishx>
        <finishy number="36">33</finishy>
        <startx number="37">39</startx>
        <starty number="37">24</starty>
        <finishx number="37">17</finishx>
        <finishy number="37">11</finishy>
        <startx number="38">51</startx>
        <starty number="38">3</starty>
        <finishx number="38">57</finishx>
        <finishy number="38">53</finishy>
        <startx number="39">40</startx>
        <starty number="39">47</starty>
        <finishx number="39">17</finishx>
        <finishy number="39">3</finishy>
        <startx number="40">17</startx>
        <starty number="40">20</starty>
        <finishx number="40">9</finishx>
        <finishy number="40">50</finishy>
        <startx number="41">4</startx>
        <starty number="41">56</starty>
        <finishx number="41">34</finishx>
        <finishy number="41">1</finishy>
        <startx number="42">46</startx>
        <starty number="42">12</starty>
        <finishx number="42">27</finishx>
        <finishy number="42">23</finishy>
        <startx number="43">7</startx>
        <starty number="43">53</starty>
        <finishx number="43">30</finishx>
        <finishy number="43">31</finishy>
        <startx number="44">44</startx>
        <starty number="44">60</starty>
        <finishx number="44">63</finishx>
        <finishy number="44">1</finishy>
        <startx number="45">15</startx>
        <starty number="45">49</starty>
        <finishx number="45">4</finishx>
        <finishy number="45">51</finishy>
        <startx number="46">36</startx>
        <starty number="46">11</starty>
        <finishx number="46">29</finishx>
        <finishy number="46">7</finishy>
        <startx number="47">22</startx>
        <starty number="47">40</starty>
        <finishx number="47">15</finishx>
        <finishy number="47">20</finishy>
        <startx number="48">6</startx>
        <starty number="48">0</starty>
        <finishx number="48">41</finishx>
        <finishy number="48">18</finishy>
        <startx number="49">44</startx>
        <starty number="49">42</starty>
        <finishx number="49">20</finishx>
        <finishy number="49">56</finishy>
        <startx number="50">23</startx>
        <starty number="50">56</starty>
        <finishx number="50">61</finishx>
        <finishy number="50">47</finishy>
        <startx number="51">35</startx>
        <starty number="51">41</starty>
        <finishx number="51">11</finishx>
        <finishy number="51">23</finishy>
        <startx number="52">0</startx>
        <starty number="52">51</starty>
        <finishx number="52">10</finishx>
        <finishy number="52">4</finishy>
        <startx number="53">35</startx>
        <starty number="53">32</starty>
        <finishx number="53">59</finishx>
        <finishy number="53">7</finishy>
        <startx number="54">30</startx>
        <starty number="54">17</starty>
        <finishx number="54">22</finishx>
        <finishy number="54">50</finishy>
        <startx number="55">11</startx>
        <starty number="55">42</starty>
        <finishx number="55">61</finishx>
        <finishy number="55">15</finishy>
        <startx number="56">5</startx>
        <starty number="56">37</starty>
        <finishx number="56">49</finishx>
        <finishy number="56">30</finishy>
        <startx number="57">19</startx>
        <starty number="57">53</starty>
        <finishx number="57">34</finishx>
        <finishy number="57">14</finishy>
        <startx number="58">60</startx>
        <starty number="58">26</starty>
        <finishx number="58">23</finishx>
        <finishy number="58">23</finishy>
        <startx number="59">12</startx>
        <starty number="59">28</starty>
        <finishx number="59">3</finishx>
        <finishy number="59">24</finishy>
        <startx number="60">56</startx>
        <starty number="60">45</starty>
        <finishx number="60">8</finishx>
        <finishy number="60">18</finishy>
        <startx number="61">19</startx>
        <starty number="61">51</starty>
        <finishx number="61">28</finishx>
        <finishy number="61">26</finishy>
        <startx number="62">24</startx>
        <starty number="62">7</starty>
        <finishx number="62">48</finishx>
        <finishy number="62">51</finishy>
        <startx number="63">28</startx>
        <starty number="63">4</starty>
        <finishx number="63">42</finishx>
        <finishy number="63">44</finishy>
        <startx number="64">27</startx>
        <starty number="64">47</starty>
        <finishx number="64">22</finishx>
        <finishy number="64">0</finishy>
        <startx number="65">8</startx>
        <starty number="65">2</starty>
        <finishx number="65">26</finishx>
        <finishy number="65">60</finishy>
        <startx number="66">44</startx>
        <starty number="66">63</starty>
        <finishx number="66">39</finishx>
        <finishy number="66">0</finishy>
        <startx number="67">13</startx>
        <starty number="67">39</starty>
        <finishx number="67">11</finishx>
        <finishy number="67">18</finishy>
        <startx number="68">52</startx>
        <starty number="68">45</starty>
        <finishx number="68">36</finishx>
        <finishy number="68">53</finishy>
        <startx number="69">11</startx>
        <starty number="69">53</starty>
        <finishx number="69">1</finishx>
        <finishy number="69">41</finishy>
        <startx number="70">63</startx>
        <starty number="70">62</starty>
        <finishx number="70">16</finishx>
        <finishy number="70">6</finishy>
        <startx number="71">23</startx>
        <starty number="71">58</starty>
        <finishx number="71">48</finishx>
        <finishy number="71">55</finishy>
        <startx number="72">25</startx>
        <starty number="72">0</starty>
        <finishx number="72">11</finishx>
        <finishy number="72">25</finishy>
        <startx number="73">10</startx>
        <starty number="73">44</starty>
        <finishx number="73">62</finishx>
        <finishy number="73">9</finishy>
        <startx number="74">29</startx>
        <starty number="74">28</starty>
        <finishx number="74">43</finishx>
        <finishy number="74">55</finishy>
        <startx number="75">20</startx>
        <starty number="75">40</starty>
        <finishx number="75">28</finishx>
        <finishy number="75">12</finishy>
        <startx number="76">4</startx>
        <starty number="76">22</starty>
        <finishx number="76">2</finishx>
        <finishy number="76">56</finishy>
        <startx number="77">2</startx>
        <starty number="77">14</starty>
        <finishx number="77">59</finishx>
        <finishy number="77">58</finishy>
        <startx number="78">42</startx>
        <starty number="78">26</starty>
        <finishx number="78">53</finishx>
        <finishy number="78">43</finishy>
        <startx number="79">46</startx>
        <starty number="79">31</starty>
        <finishx number="79">62</finishx>
        <finishy number="79">52</finishy>
        <startx number="80">31</startx>
        <starty number="80">36</starty>
        <finishx number="80">50</finishx>
        <finishy number="80">54</finishy>
        <startx number="81">59</startx>
        <starty number="81">63</starty>
        <finishx number="81">25</finishx>
        <finishy number="81">5</finishy>
        <startx number="82">4</startx>
        <starty number="82">40</starty>
        <finishx number="82">44</finishx>
        <finishy number="82">21</finishy>
        <startx number="83">6</startx>
        <starty number="83">27</starty>
        <finishx number="83">28</finishx>
        <finishy number="83">44</finishy>
        <startx number="84">37</startx>
        <starty number="84">5</starty>
        <finishx number="84">49</finishx>
        <finishy number="84">41</finishy>
        <startx number="85">34</startx>
        <starty number="85">27</starty>
        <finishx number="85">27</finishx>
        <finishy number="85">31</finishy>
        <startx number="86">7</startx>
        <starty number="86">24</starty>
        <finishx number="86">42</finishx>
        <finishy number="86">29</finishy>
        <startx number="87">42</startx>
        <starty number="87">24</starty>
        <finishx number="87">56</finishx>
        <finishy number="87">34</finishy>
        <startx number="88">6</startx>
        <starty number="88">61</starty>
        <finishx number="88">49</finishx>
        <finishy number="88">22</finishy>
        <startx number="89">49</startx>
        <starty number="89">4</starty>
        <finishx number="89">63</finishx>
        <finishy number="89">41</finishy>
        <startx number="90">22</startx>
        <starty number="90">45</starty>
        <finishx number="90">47</finishx>
        <finishy number="90">20</finishy>
        <startx number="91">51</startx>
        <starty number="91">24</starty>
        <finishx number="91">17</finishx>
        <finishy number="91">27</finishy>
        <startx number="92">20</startx>
        <starty number="92">24</starty>
        <finishx number="92">45</finishx>
        <finishy number="92">57</finishy>
        <startx number="93">9</startx>
        <starty number="93">39</starty>
        <finishx number="93">25</finishx>
        <finishy number="93">28</finishy>
        <startx number="94">27</startx>
        <starty number="94">18</starty>
        <finishx number="94">35</finishx>
        <finishy number="94">16</finishy>
        <startx number="95">5</startx>
        <starty number="95">5</starty>
        <finishx number="95">20</finishx>
        <finishy number="95">11</finishy>
        <startx number="96">56</startx>
        <starty number="96">58</starty>
        <finishx number="96">13</finishx>
        <finishy number="96">1</finishy>
        <startx number="97">9</startx>
        <starty number="97">15</starty>
        <finishx number="97">20</finishx>
        <finishy number="97">6</finishy>
        <startx number="98">43</startx>
        <starty number="98">34</starty>
        <finishx number="98">4</finishx>
        <finishy number="98">59</finishy>
        <startx number="99">14</startx>
        <starty number="99">12</starty>
        <finishx number="99">4</finishx>
        <finishy number="99">0</finishy>
        <grid>
            <row>0 0 0 0 0 0 0 0 0 0 0 0 0 0 0 0 0 0 0 0 0 0 0 0 0 0 0 0 0 0 0 0 0 0 0 0 0 0 0 0 0 0 0 0 0 0 0 0 0 0 0 0 0 0 0 0 0 0 0 0 0 0 0 0</row>
            <row>0 0 0 0 0 0 0 0 0 0 0 0 0 0 0 0 0 0 0 0 0 0 0 0 0 0 0 0 0 0 0 0 0 0 0 0 0 0 0 0 0 0 0 0 0 0 0 0 0 0 0 0 0 0 0 0 0 0 0 0 0 0 0 0</row>
            <row>0 0 0 0 0 0 0 0 0 0 0 0 0 0 0 0 0 0 0 0 0 0 0 0 0 0 0 0 0 0 0 0 0 0 0 0 0 0 0 0 0 0 0 0 0 0 0 0 0 0 0 0 0 0 0 0 0 0 0 0 0 0 0 0</row>
            <row>0 0 0 0 0 0 0 0 0 0 0 0 0 0 0 0 0 0 0 0 0 0 0 0 0 0 0 0 0 0 0 0 0 0 0 0 0 0 0 0 0 0 0 0 0 0 0 0 0 0 0 0 0 0 0 0 0 0 0 0 0 0 0 0</row>
            <row>0 0 0 0 0 0 0 0 0 0 0 0 0 0 0 0 0 0 0 0 0 0 0 0 0 0 0 0 0 0 0 0 0 0 0 0 0 0 0 0 0 0 0 0 0 0 0 0 0 0 0 0 0 0 0 0 0 0 0 0 0 0 0 0</row>
            <row>0 0 0 0 0 0 0 0 0 0 0 0 0 0 0 0 0 0 0 0 0 0 0 0 0 0 0 0 0 0 0 0 0 0 0 0 0 0 0 0 0 0 0 0 0 0 0 0 0 0 0 0 0 0 0 0 0 0 0 0 0 0 0 0</row>
            <row>0 0 0 0 0 0 0 0 0 0 0 0 0 0 0 0 0 0 0 0 0 0 0 0 0 0 0 0 0 0 0 0 0 0 0 0 0 0 0 0 0 0 0 0 0 0 0 0 0 0 0 0 0 0 0 0 0 0 0 0 0 0 0 0</row>
            <row>0 0 0 0 0 0 0 0 0 0 0 0 0 0 0 0 0 0 0 0 0 0 0 0 0 0 0 0 0 0 0 0 0 0 0 0 0 0 0 0 0 0 0 0 0 0 0 0 0 0 0 0 0 0 0 0 0 0 0 0 0 0 0 0</row>
            <row>0 0 0 0 0 0 0 0 0 0 0 0 0 0 0 0 0 0 0 0 0 0 0 0 0 0 0 0 0 0 0 0 0 0 0 0 0 0 0 0 0 0 0 0 0 0 0 0 0 0 0 0 0 0 0 0 0 0 0 0 0 0 0 0</row>
            <row>0 0 0 0 0 0 0 0 0 0 0 0 0 0 0 0 0 0 0 0 0 0 0 0 0 0 0 0 0 0 0 0 0 0 0 0 0 0 0 0 0 0 0 0 0 0 0 0 0 0 0 0 0 0 0 0 0 0 0 0 0 0 0 0</row>
            <row>0 0 0 0 0 0 0 0 0 0 0 0 0 0 0 0 0 0 0 0 0 0 0 0 0 0 0 0 0 0 0 0 0 0 0 0 0 0 0 0 0 0 0 0 0 0 0 0 0 0 0 0 0 0 0 0 0 0 0 0 0 0 0 0</row>
            <row>0 0 0 0 0 0 0 0 0 0 0 0 0 0 0 0 0 0 0 0 0 0 0 0 0 0 0 0 0 0 0 0 0 0 0 0 0 0 0 0 0 0 0 0 0 0 0 0 0 0 0 0 0 0 0 0 0 0 0 0 0 0 0 0</row>
            <row>0 0 0 0 0 0 0 0 0 0 0 0 0 0 0 0 0 0 0 0 0 0 0 0 0 0 0 0 0 0 0 0 0 0 0 0 0 0 0 0 0 0 0 0 0 0 0 0 0 0 0 0 0 0 0 0 0 0 0 0 0 0 0 0</row>
            <row>0 0 0 0 0 0 0 0 0 0 0 0 0 0 0 0 0 0 0 0 0 0 0 0 0 0 0 0 0 0 0 0 0 0 0 0 0 0 0 0 0 0 0 0 0 0 0 0 0 0 0 0 0 0 0 0 0 0 0 0 0 0 0 0</row>
            <row>0 0 0 0 0 0 0 0 0 0 0 0 0 0 0 0 0 0 0 0 0 0 0 0 0 0 0 0 0 0 0 0 0 0 0 0 0 0 0 0 0 0 0 0 0 0 0 0 0 0 0 0 0 0 0 0 0 0 0 0 0 0 0 0</row>
            <row>0 0 0 0 0 0 0 0 0 0 0 0 0 0 0 0 0 0 0 0 0 0 0 0 0 0 0 0 0 0 0 0 0 0 0 0 0 0 0 0 0 0 0 0 0 0 0 0 0 0 0 0 0 0 0 0 0 0 0 0 0 0 0 0</row>
            <row>0 0 0 0 0 0 0 0 0 0 0 0 0 0 0 0 0 0 0 0 0 0 0 0 0 0 0 0 0 0 0 0 0 0 0 0 0 0 0 0 0 0 0 0 0 0 0 0 0 0 0 0 0 0 0 0 0 0 0 0 0 0 0 0</row>
            <row>0 0 0 0 0 0 0 0 0 0 0 0 0 0 0 0 0 0 0 0 0 0 0 0 0 0 0 0 0 0 0 0 0 0 0 0 0 0 0 0 0 0 0 0 0 0 0 0 0 0 0 0 0 0 0 0 0 0 0 0 0 0 0 0</row>
            <row>0 0 0 0 0 0 0 0 0 0 0 0 0 0 0 0 0 0 0 0 0 0 0 0 0 0 0 0 0 0 0 0 0 0 0 0 0 0 0 0 0 0 0 0 0 0 0 0 0 0 0 0 0 0 0 0 0 0 0 0 0 0 0 0</row>
            <row>0 0 0 0 0 0 0 0 0 0 0 0 0 0 0 0 0 0 0 0 0 0 0 0 0 0 0 0 0 0 0 0 0 0 0 0 0 0 0 0 0 0 0 0 0 0 0 0 0 0 0 0 0 0 0 0 0 0 0 0 0 0 0 0</row>
            <row>0 0 0 0 0 0 0 0 0 0 0 0 0 0 0 0 0 0 0 0 0 0 0 0 0 0 0 0 0 0 0 0 0 0 0 0 0 0 0 0 0 0 0 0 0 0 0 0 0 0 0 0 0 0 0 0 0 0 0 0 0 0 0 0</row>
            <row>0 0 0 0 0 0 0 0 0 0 0 0 0 0 0 0 0 0 0 0 0 0 0 0 0 0 0 0 0 0 0 0 0 0 0 0 0 0 0 0 0 0 0 0 0 0 0 0 0 0 0 0 0 0 0 0 0 0 0 0 0 0 0 0</row>
            <row>0 0 0 0 0 0 0 0 0 0 0 0 0 0 0 0 0 0 0 0 0 0 0 0 0 0 0 0 0 0 0 0 0 0 0 0 0 0 0 0 0 0 0 0 0 0 0 0 0 0 0 0 0 0 0 0 0 0 0 0 0 0 0 0</row>
            <row>0 0 0 0 0 0 0 0 0 0 0 0 0 0 0 0 0 0 0 0 0 0 0 0 0 0 0 0 0 0 0 0 0 0 0 0 0 0 0 0 0 0 0 0 0 0 0 0 0 0 0 0 0 0 0 0 0 0 0 0 0 0 0 0</row>
            <row>0 0 0 0 0 0 0 0 0 0 0 0 0 0 0 0 0 0 0 0 0 0 0 0 0 0 0 0 0 0 0 0 0 0 0 0 0 0 0 0 0 0 0 0 0 0 0 0 0 0 0 0 0 0 0 0 0 0 0 0 0 0 0 0</row>
            <row>0 0 0 0 0 0 0 0 0 0 0 0 0 0 0 0 0 0 0 0 0 0 0 0 0 0 0 0 0 0 0 0 0 0 0 0 0 0 0 0 0 0 0 0 0 0 0 0 0 0 0 0 0 0 0 0 0 0 0 0 0 0 0 0</row>
            <row>0 0 0 0 0 0 0 0 0 0 0 0 0 0 0 0 0 0 0 0 0 0 0 0 0 0 0 0 0 0 0 0 0 0 0 0 0 0 0 0 0 0 0 0 0 0 0 0 0 0 0 0 0 0 0 0 0 0 0 0 0 0 0 0</row>
            <row>0 0 0 0 0 0 0 0 0 0 0 0 0 0 0 0 0 0 0 0 0 0 0 0 0 0 0 0 0 0 0 0 0 0 0 0 0 0 0 0 0 0 0 0 0 0 0 0 0 0 0 0 0 0 0 0 0 0 0 0 0 0 0 0</row>
            <row>0 0 0 0 0 0 0 0 0 0 0 0 0 0 0 0 0 0 0 0 0 0 0 0 0 0 0 0 0 0 0 0 0 0 0 0 0 0 0 0 0 0 0 0 0 0 0 0 0 0 0 0 0 0 0 0 0 0 0 0 0 0 0 0</row>
            <row>0 0 0 0 0 0 0 0 0 0 0 0 0 0 0 0 0 0 0 0 0 0 0 0 0 0 0 0 0 0 0 0 0 0 0 0 0 0 0 0 0 0 0 0 0 0 0 0 0 0 0 0 0 0 0 0 0 0 0 0 0 0 0 0</row>
            <row>0 0 0 0 0 0 0 0 0 0 0 0 0 0 0 0 0 0 0 0 0 0 0 0 0 0 0 0 0 0 0 0 0 0 0 0 0 0 0 0 0 0 0 0 0 0 0 0 0 0 0 0 0 0 0 0 0 0 0 0 0 0 0 0</row>
            <row>0 0 0 0 0 0 0 0 0 0 0 0 0 0 0 0 0 0 0 0 0 0 0 0 0 0 0 0 0 0 0 0 0 0 0 0 0 0 0 0 0 0 0 0 0 0 0 0 0 0 0 0 0 0 0 0 0 0 0 0 0 0 0 0</row>
            <row>0 0 0 0 0 0 0 0 0 0 0 0 0 0 0 0 0 0 0 0 0 0 0 0 0 0 0 0 0 0 0 0 0 0 0 0 0 0 0 0 0 0 0 0 0 0 0 0 0 0 0 0 0 0 0 0 0 0 0 0 0 0 0 0</row>
            <row>0 0 0 0 0 0 0 0 0 0 0 0 0 0 0 0 0 0 0 0 0 0 0 0 0 0 0 0 0 0 0 0 0 0 0 0 0 0 0 0 0 0 0 0 0 0 0 0 0 0 0 0 0 0 0 0 0 0 0 0 0 0 0 0</row>
            <row>0 0 0 0 0 0 0 0 0 0 0 0 0 0 0 0 0 0 0 0 0 0 0 0 0 0 0 0 0 0 0 0 0 0 0 0 0 0 0 0 0 0 0 0 0 0 0 0 0 0 0 0 0 0 0 0 0 0 0 0 0 0 0 0</row>
            <row>0 0 0 0 0 0 0 0 0 0 0 0 0 0 0 0 0 0 0 0 0 0 0 0 0 0 0 0 0 0 0 0 0 0 0 0 0 0 0 0 0 0 0 0 0 0 0 0 0 0 0 0 0 0 0 0 0 0 0 0 0 0 0 0</row>
            <row>0 0 0 0 0 0 0 0 0 0 0 0 0 0 0 0 0 0 0 0 0 0 0 0 0 0 0 0 0 0 0 0 0 0 0 0 0 0 0 0 0 0 0 0 0 0 0 0 0 0 0 0 0 0 0 0 0 0 0 0 0 0 0 0</row>
            <row>0 0 0 0 0 0 0 0 0 0 0 0 0 0 0 0 0 0 0 0 0 0 0 0 0 0 0 0 0 0 0 0 0 0 0 0 0 0 0 0 0 0 0 0 0 0 0 0 0 0 0 0 0 0 0 0 0 0 0 0 0 0 0 0</row>
            <row>0 0 0 0 0 0 0 0 0 0 0 0 0 0 0 0 0 0 0 0 0 0 0 0 0 0 0 0 0 0 0 0 0 0 0 0 0 0 0 0 0 0 0 0 0 0 0 0 0 0 0 0 0 0 0 0 0 0 0 0 0 0 0 0</row>
            <row>0 0 0 0 0 0 0 0 0 0 0 0 0 0 0 0 0 0 0 0 0 0 0 0 0 0 0 0 0 0 0 0 0 0 0 0 0 0 0 0 0 0 0 0 0 0 0 0 0 0 0 0 0 0 0 0 0 0 0 0 0 0 0 0</row>
            <row>0 0 0 0 0 0 0 0 0 0 0 0 0 0 0 0 0 0 0 0 0 0 0 0 0 0 0 0 0 0 0 0 0 0 0 0 0 0 0 0 0 0 0 0 0 0 0 0 0 0 0 0 0 0 0 0 0 0 0 0 0 0 0 0</row>
            <row>0 0 0 0 0 0 0 0 0 0 0 0 0 0 0 0 0 0 0 0 0 0 0 0 0 0 0 0 0 0 0 0 0 0 0 0 0 0 0 0 0 0 0 0 0 0 0 0 0 0 0 0 0 0 0 0 0 0 0 0 0 0 0 0</row>
            <row>0 0 0 0 0 0 0 0 0 0 0 0 0 0 0 0 0 0 0 0 0 0 0 0 0 0 0 0 0 0 0 0 0 0 0 0 0 0 0 0 0 0 0 0 0 0 0 0 0 0 0 0 0 0 0 0 0 0 0 0 0 0 0 0</row>
            <row>0 0 0 0 0 0 0 0 0 0 0 0 0 0 0 0 0 0 0 0 0 0 0 0 0 0 0 0 0 0 0 0 0 0 0 0 0 0 0 0 0 0 0 0 0 0 0 0 0 0 0 0 0 0 0 0 0 0 0 0 0 0 0 0</row>
            <row>0 0 0 0 0 0 0 0 0 0 0 0 0 0 0 0 0 0 0 0 0 0 0 0 0 0 0 0 0 0 0 0 0 0 0 0 0 0 0 0 0 0 0 0 0 0 0 0 0 0 0 0 0 0 0 0 0 0 0 0 0 0 0 0</row>
            <row>0 0 0 0 0 0 0 0 0 0 0 0 0 0 0 0 0 0 0 0 0 0 0 0 0 0 0 0 0 0 0 0 0 0 0 0 0 0 0 0 0 0 0 0 0 0 0 0 0 0 0 0 0 0 0 0 0 0 0 0 0 0 0 0</row>
            <row>0 0 0 0 0 0 0 0 0 0 0 0 0 0 0 0 0 0 0 0 0 0 0 0 0 0 0 0 0 0 0 0 0 0 0 0 0 0 0 0 0 0 0 0 0 0 0 0 0 0 0 0 0 0 0 0 0 0 0 0 0 0 0 0</row>
            <row>0 0 0 0 0 0 0 0 0 0 0 0 0 0 0 0 0 0 0 0 0 0 0 0 0 0 0 0 0 0 0 0 0 0 0 0 0 0 0 0 0 0 0 0 0 0 0 0 0 0 0 0 0 0 0 0 0 0 0 0 0 0 0 0</row>
            <row>0 0 0 0 0 0 0 0 0 0 0 0 0 0 0 0 0 0 0 0 0 0 0 0 0 0 0 0 0 0 0 0 0 0 0 0 0 0 0 0 0 0 0 0 0 0 0 0 0 0 0 0 0 0 0 0 0 0 0 0 0 0 0 0</row>
            <row>0 0 0 0 0 0 0 0 0 0 0 0 0 0 0 0 0 0 0 0 0 0 0 0 0 0 0 0 0 0 0 0 0 0 0 0 0 0 0 0 0 0 0 0 0 0 0 0 0 0 0 0 0 0 0 0 0 0 0 0 0 0 0 0</row>
            <row>0 0 0 0 0 0 0 0 0 0 0 0 0 0 0 0 0 0 0 0 0 0 0 0 0 0 0 0 0 0 0 0 0 0 0 0 0 0 0 0 0 0 0 0 0 0 0 0 0 0 0 0 0 0 0 0 0 0 0 0 0 0 0 0</row>
            <row>0 0 0 0 0 0 0 0 0 0 0 0 0 0 0 0 0 0 0 0 0 0 0 0 0 0 0 0 0 0 0 0 0 0 0 0 0 0 0 0 0 0 0 0 0 0 0 0 0 0 0 0 0 0 0 0 0 0 0 0 0 0 0 0</row>
            <row>0 0 0 0 0 0 0 0 0 0 0 0 0 0 0 0 0 0 0 0 0 0 0 0 0 0 0 0 0 0 0 0 0 0 0 0 0 0 0 0 0 0 0 0 0 0 0 0 0 0 0 0 0 0 0 0 0 0 0 0 0 0 0 0</row>
            <row>0 0 0 0 0 0 0 0 0 0 0 0 0 0 0 0 0 0 0 0 0 0 0 0 0 0 0 0 0 0 0 0 0 0 0 0 0 0 0 0 0 0 0 0 0 0 0 0 0 0 0 0 0 0 0 0 0 0 0 0 0 0 0 0</row>
            <row>0 0 0 0 0 0 0 0 0 0 0 0 0 0 0 0 0 0 0 0 0 0 0 0 0 0 0 0 0 0 0 0 0 0 0 0 0 0 0 0 0 0 0 0 0 0 0 0 0 0 0 0 0 0 0 0 0 0 0 0 0 0 0 0</row>
            <row>0 0 0 0 0 0 0 0 0 0 0 0 0 0 0 0 0 0 0 0 0 0 0 0 0 0 0 0 0 0 0 0 0 0 0 0 0 0 0 0 0 0 0 0 0 0 0 0 0 0 0 0 0 0 0 0 0 0 0 0 0 0 0 0</row>
            <row>0 0 0 0 0 0 0 0 0 0 0 0 0 0 0 0 0 0 0 0 0 0 0 0 0 0 0 0 0 0 0 0 0 0 0 0 0 0 0 0 0 0 0 0 0 0 0 0 0 0 0 0 0 0 0 0 0 0 0 0 0 0 0 0</row>
            <row>0 0 0 0 0 0 0 0 0 0 0 0 0 0 0 0 0 0 0 0 0 0 0 0 0 0 0 0 0 0 0 0 0 0 0 0 0 0 0 0 0 0 0 0 0 0 0 0 0 0 0 0 0 0 0 0 0 0 0 0 0 0 0 0</row>
            <row>0 0 0 0 0 0 0 0 0 0 0 0 0 0 0 0 0 0 0 0 0 0 0 0 0 0 0 0 0 0 0 0 0 0 0 0 0 0 0 0 0 0 0 0 0 0 0 0 0 0 0 0 0 0 0 0 0 0 0 0 0 0 0 0</row>
            <row>0 0 0 0 0 0 0 0 0 0 0 0 0 0 0 0 0 0 0 0 0 0 0 0 0 0 0 0 0 0 0 0 0 0 0 0 0 0 0 0 0 0 0 0 0 0 0 0 0 0 0 0 0 0 0 0 0 0 0 0 0 0 0 0</row>
            <row>0 0 0 0 0 0 0 0 0 0 0 0 0 0 0 0 0 0 0 0 0 0 0 0 0 0 0 0 0 0 0 0 0 0 0 0 0 0 0 0 0 0 0 0 0 0 0 0 0 0 0 0 0 0 0 0 0 0 0 0 0 0 0 0</row>
            <row>0 0 0 0 0 0 0 0 0 0 0 0 0 0 0 0 0 0 0 0 0 0 0 0 0 0 0 0 0 0 0 0 0 0 0 0 0 0 0 0 0 0 0 0 0 0 0 0 0 0 0 0 0 0 0 0 0 0 0 0 0 0 0 0</row>
            <row>0 0 0 0 0 0 0 0 0 0 0 0 0 0 0 0 0 0 0 0 0 0 0 0 0 0 0 0 0 0 0 0 0 0 0 0 0 0 0 0 0 0 0 0 0 0 0 0 0 0 0 0 0 0 0 0 0 0 0 0 0 0 0 0</row>
            <row>0 0 0 0 0 0 0 0 0 0 0 0 0 0 0 0 0 0 0 0 0 0 0 0 0 0 0 0 0 0 0 0 0 0 0 0 0 0 0 0 0 0 0 0 0 0 0 0 0 0 0 0 0 0 0 0 0 0 0 0 0 0 0 0</row>
        </grid>
    </map>
    <algorithm>
        <allowanyangle>true</allowanyangle>
        <metrictype>euclid</metrictype>
        <breakingties>g-max</breakingties>
        <weight>1</weight>
    </algorithm>
    <options>
        <loglevel>1</loglevel>
        <logpath />
        <logfilename />
    </options>
</root>
