<?xml version="1.0" ?>
<root>
    <map>
        <width>64</width>
        <height>64</height>
        <agents>250</agents>
        <startx number="0">38</startx>
        <starty number="0">21</starty>
        <finishx number="0">8</finishx>
        <finishy number="0">26</finishy>
        <startx number="1">55</startx>
        <starty number="1">63</starty>
        <finishx number="1">35</finishx>
        <finishy number="1">56</finishy>
        <startx number="2">24</startx>
        <starty number="2">29</starty>
        <finishx number="2">29</finishx>
        <finishy number="2">58</finishy>
        <startx number="3">11</startx>
        <starty number="3">7</starty>
        <finishx number="3">21</finishx>
        <finishy number="3">35</finishy>
        <startx number="4">35</startx>
        <starty number="4">22</starty>
        <finishx number="4">13</finishx>
        <finishy number="4">31</finishy>
        <startx number="5">33</startx>
        <starty number="5">38</starty>
        <finishx number="5">12</finishx>
        <finishy number="5">55</finishy>
        <startx number="6">14</startx>
        <starty number="6">60</starty>
        <finishx number="6">5</finishx>
        <finishy number="6">35</finishy>
        <startx number="7">36</startx>
        <starty number="7">16</starty>
        <finishx number="7">49</finishx>
        <finishy number="7">49</finishy>
        <startx number="8">3</startx>
        <starty number="8">51</starty>
        <finishx number="8">43</finishx>
        <finishy number="8">10</finishy>
        <startx number="9">49</startx>
        <starty number="9">11</starty>
        <finishx number="9">57</finishx>
        <finishy number="9">15</finishy>
        <startx number="10">49</startx>
        <starty number="10">38</starty>
        <finishx number="10">0</finishx>
        <finishy number="10">33</finishy>
        <startx number="11">2</startx>
        <starty number="11">49</starty>
        <finishx number="11">41</finishx>
        <finishy number="11">34</finishy>
        <startx number="12">24</startx>
        <starty number="12">37</starty>
        <finishx number="12">8</finishx>
        <finishy number="12">53</finishy>
        <startx number="13">0</startx>
        <starty number="13">9</starty>
        <finishx number="13">4</finishx>
        <finishy number="13">2</finishy>
        <startx number="14">34</startx>
        <starty number="14">59</starty>
        <finishx number="14">32</finishx>
        <finishy number="14">17</finishy>
        <startx number="15">15</startx>
        <starty number="15">62</starty>
        <finishx number="15">39</finishx>
        <finishy number="15">27</finishy>
        <startx number="16">9</startx>
        <starty number="16">58</starty>
        <finishx number="16">33</finishx>
        <finishy number="16">49</finishy>
        <startx number="17">57</startx>
        <starty number="17">21</starty>
        <finishx number="17">32</finishx>
        <finishy number="17">52</finishy>
        <startx number="18">57</startx>
        <starty number="18">32</starty>
        <finishx number="18">43</finishx>
        <finishy number="18">39</finishy>
        <startx number="19">19</startx>
        <starty number="19">51</starty>
        <finishx number="19">12</finishx>
        <finishy number="19">36</finishy>
        <startx number="20">28</startx>
        <starty number="20">41</starty>
        <finishx number="20">22</finishx>
        <finishy number="20">10</finishy>
        <startx number="21">45</startx>
        <starty number="21">6</starty>
        <finishx number="21">48</finishx>
        <finishy number="21">44</finishy>
        <startx number="22">0</startx>
        <starty number="22">38</starty>
        <finishx number="22">53</finishx>
        <finishy number="22">13</finishy>
        <startx number="23">62</startx>
        <starty number="23">49</starty>
        <finishx number="23">10</finishx>
        <finishy number="23">37</finishy>
        <startx number="24">31</startx>
        <starty number="24">15</starty>
        <finishx number="24">10</finishx>
        <finishy number="24">26</finishy>
        <startx number="25">31</startx>
        <starty number="25">36</starty>
        <finishx number="25">27</finishx>
        <finishy number="25">13</finishy>
        <startx number="26">45</startx>
        <starty number="26">18</starty>
        <finishx number="26">55</finishx>
        <finishy number="26">26</finishy>
        <startx number="27">38</startx>
        <starty number="27">19</starty>
        <finishx number="27">15</finishx>
        <finishy number="27">49</finishy>
        <startx number="28">45</startx>
        <starty number="28">34</starty>
        <finishx number="28">32</finishx>
        <finishy number="28">59</finishy>
        <startx number="29">40</startx>
        <starty number="29">48</starty>
        <finishx number="29">49</finishx>
        <finishy number="29">54</finishy>
        <startx number="30">28</startx>
        <starty number="30">17</starty>
        <finishx number="30">20</finishx>
        <finishy number="30">45</finishy>
        <startx number="31">4</startx>
        <starty number="31">21</starty>
        <finishx number="31">55</finishx>
        <finishy number="31">53</finishy>
        <startx number="32">53</startx>
        <starty number="32">27</starty>
        <finishx number="32">30</finishx>
        <finishy number="32">17</finishy>
        <startx number="33">7</startx>
        <starty number="33">61</starty>
        <finishx number="33">21</finishx>
        <finishy number="33">40</finishy>
        <startx number="34">34</startx>
        <starty number="34">35</starty>
        <finishx number="34">19</finishx>
        <finishy number="34">14</finishy>
        <startx number="35">54</startx>
        <starty number="35">2</starty>
        <finishx number="35">21</finishx>
        <finishy number="35">8</finishy>
        <startx number="36">19</startx>
        <starty number="36">11</starty>
        <finishx number="36">22</finishx>
        <finishy number="36">0</finishy>
        <startx number="37">43</startx>
        <starty number="37">4</starty>
        <finishx number="37">3</finishx>
        <finishy number="37">41</finishy>
        <startx number="38">1</startx>
        <starty number="38">20</starty>
        <finishx number="38">3</finishx>
        <finishy number="38">62</finishy>
        <startx number="39">37</startx>
        <starty number="39">48</starty>
        <finishx number="39">2</finishx>
        <finishy number="39">33</finishy>
        <startx number="40">9</startx>
        <starty number="40">55</starty>
        <finishx number="40">44</finishx>
        <finishy number="40">21</finishy>
        <startx number="41">0</startx>
        <starty number="41">48</starty>
        <finishx number="41">3</finishx>
        <finishy number="41">56</finishy>
        <startx number="42">39</startx>
        <starty number="42">24</starty>
        <finishx number="42">46</finishx>
        <finishy number="42">4</finishy>
        <startx number="43">42</startx>
        <starty number="43">2</starty>
        <finishx number="43">21</finishx>
        <finishy number="43">56</finishy>
        <startx number="44">62</startx>
        <starty number="44">58</starty>
        <finishx number="44">20</finishx>
        <finishy number="44">30</finishy>
        <startx number="45">57</startx>
        <starty number="45">45</starty>
        <finishx number="45">53</finishx>
        <finishy number="45">34</finishy>
        <startx number="46">46</startx>
        <starty number="46">60</starty>
        <finishx number="46">30</finishx>
        <finishy number="46">52</finishy>
        <startx number="47">31</startx>
        <starty number="47">46</starty>
        <finishx number="47">47</finishx>
        <finishy number="47">25</finishy>
        <startx number="48">36</startx>
        <starty number="48">8</starty>
        <finishx number="48">13</finishx>
        <finishy number="48">15</finishy>
        <startx number="49">13</startx>
        <starty number="49">9</starty>
        <finishx number="49">58</finishx>
        <finishy number="49">58</finishy>
        <startx number="50">18</startx>
        <starty number="50">9</starty>
        <finishx number="50">41</finishx>
        <finishy number="50">15</finishy>
        <startx number="51">39</startx>
        <starty number="51">11</starty>
        <finishx number="51">56</finishx>
        <finishy number="51">7</finishy>
        <startx number="52">14</startx>
        <starty number="52">42</starty>
        <finishx number="52">18</finishx>
        <finishy number="52">46</finishy>
        <startx number="53">4</startx>
        <starty number="53">45</starty>
        <finishx number="53">59</finishx>
        <finishy number="53">31</finishy>
        <startx number="54">13</startx>
        <starty number="54">52</starty>
        <finishx number="54">35</finishx>
        <finishy number="54">45</finishy>
        <startx number="55">61</startx>
        <starty number="55">28</starty>
        <finishx number="55">55</finishx>
        <finishy number="55">55</finishy>
        <startx number="56">63</startx>
        <starty number="56">28</starty>
        <finishx number="56">38</finishx>
        <finishy number="56">32</finishy>
        <startx number="57">32</startx>
        <starty number="57">27</starty>
        <finishx number="57">11</finishx>
        <finishy number="57">61</finishy>
        <startx number="58">25</startx>
        <starty number="58">39</starty>
        <finishx number="58">50</finishx>
        <finishy number="58">43</finishy>
        <startx number="59">56</startx>
        <starty number="59">34</starty>
        <finishx number="59">40</finishx>
        <finishy number="59">29</finishy>
        <startx number="60">8</startx>
        <starty number="60">13</starty>
        <finishx number="60">4</finishx>
        <finishy number="60">59</finishy>
        <startx number="61">34</startx>
        <starty number="61">24</starty>
        <finishx number="61">16</finishx>
        <finishy number="61">6</finishy>
        <startx number="62">15</startx>
        <starty number="62">31</starty>
        <finishx number="62">8</finishx>
        <finishy number="62">34</finishy>
        <startx number="63">50</startx>
        <starty number="63">33</starty>
        <finishx number="63">17</finishx>
        <finishy number="63">54</finishy>
        <startx number="64">45</startx>
        <starty number="64">31</starty>
        <finishx number="64">43</finishx>
        <finishy number="64">50</finishy>
        <startx number="65">10</startx>
        <starty number="65">23</starty>
        <finishx number="65">19</finishx>
        <finishy number="65">59</finishy>
        <startx number="66">10</startx>
        <starty number="66">21</starty>
        <finishx number="66">22</finishx>
        <finishy number="66">50</finishy>
        <startx number="67">2</startx>
        <starty number="67">16</starty>
        <finishx number="67">21</finishx>
        <finishy number="67">14</finishy>
        <startx number="68">8</startx>
        <starty number="68">39</starty>
        <finishx number="68">6</finishx>
        <finishy number="68">0</finishy>
        <startx number="69">17</startx>
        <starty number="69">43</starty>
        <finishx number="69">2</finishx>
        <finishy number="69">6</finishy>
        <startx number="70">50</startx>
        <starty number="70">22</starty>
        <finishx number="70">4</finishx>
        <finishy number="70">29</finishy>
        <startx number="71">16</startx>
        <starty number="71">17</starty>
        <finishx number="71">12</finishx>
        <finishy number="71">50</finishy>
        <startx number="72">39</startx>
        <starty number="72">35</starty>
        <finishx number="72">57</finishx>
        <finishy number="72">37</finishy>
        <startx number="73">16</startx>
        <starty number="73">36</starty>
        <finishx number="73">43</finishx>
        <finishy number="73">47</finishy>
        <startx number="74">43</startx>
        <starty number="74">28</starty>
        <finishx number="74">17</finishx>
        <finishy number="74">62</finishy>
        <startx number="75">5</startx>
        <starty number="75">38</starty>
        <finishx number="75">18</finishx>
        <finishy number="75">35</finishy>
        <startx number="76">55</startx>
        <starty number="76">10</starty>
        <finishx number="76">41</finishx>
        <finishy number="76">56</finishy>
        <startx number="77">22</startx>
        <starty number="77">16</starty>
        <finishx number="77">49</finishx>
        <finishy number="77">14</finishy>
        <startx number="78">34</startx>
        <starty number="78">6</starty>
        <finishx number="78">31</finishx>
        <finishy number="78">12</finishy>
        <startx number="79">37</startx>
        <starty number="79">0</starty>
        <finishx number="79">58</finishx>
        <finishy number="79">5</finishy>
        <startx number="80">9</startx>
        <starty number="80">7</starty>
        <finishx number="80">35</finishx>
        <finishy number="80">0</finishy>
        <startx number="81">43</startx>
        <starty number="81">44</starty>
        <finishx number="81">60</finishx>
        <finishy number="81">25</finishy>
        <startx number="82">24</startx>
        <starty number="82">45</starty>
        <finishx number="82">15</finishx>
        <finishy number="82">51</finishy>
        <startx number="83">62</startx>
        <starty number="83">17</starty>
        <finishx number="83">37</finishx>
        <finishy number="83">38</finishy>
        <startx number="84">47</startx>
        <starty number="84">38</starty>
        <finishx number="84">2</finishx>
        <finishy number="84">8</finishy>
        <startx number="85">6</startx>
        <starty number="85">29</starty>
        <finishx number="85">1</finishx>
        <finishy number="85">0</finishy>
        <startx number="86">12</startx>
        <starty number="86">63</starty>
        <finishx number="86">53</finishx>
        <finishy number="86">58</finishy>
        <startx number="87">26</startx>
        <starty number="87">21</starty>
        <finishx number="87">2</finishx>
        <finishy number="87">3</finishy>
        <startx number="88">33</startx>
        <starty number="88">40</starty>
        <finishx number="88">10</finishx>
        <finishy number="88">63</finishy>
        <startx number="89">32</startx>
        <starty number="89">30</starty>
        <finishx number="89">60</finishx>
        <finishy number="89">58</finishy>
        <startx number="90">52</startx>
        <starty number="90">8</starty>
        <finishx number="90">3</finishx>
        <finishy number="90">14</finishy>
        <startx number="91">40</startx>
        <starty number="91">21</starty>
        <finishx number="91">61</finishx>
        <finishy number="91">52</finishy>
        <startx number="92">35</startx>
        <starty number="92">54</starty>
        <finishx number="92">55</finishx>
        <finishy number="92">61</finishy>
        <startx number="93">27</startx>
        <starty number="93">44</starty>
        <finishx number="93">16</finishx>
        <finishy number="93">25</finishy>
        <startx number="94">52</startx>
        <starty number="94">30</starty>
        <finishx number="94">20</finishx>
        <finishy number="94">1</finishy>
        <startx number="95">37</startx>
        <starty number="95">5</starty>
        <finishx number="95">28</finishx>
        <finishy number="95">63</finishy>
        <startx number="96">13</startx>
        <starty number="96">12</starty>
        <finishx number="96">54</finishx>
        <finishy number="96">29</finishy>
        <startx number="97">2</startx>
        <starty number="97">43</starty>
        <finishx number="97">15</finishx>
        <finishy number="97">46</finishy>
        <startx number="98">40</startx>
        <starty number="98">32</starty>
        <finishx number="98">4</finishx>
        <finishy number="98">53</finishy>
        <startx number="99">23</startx>
        <starty number="99">58</starty>
        <finishx number="99">19</finishx>
        <finishy number="99">54</finishy>
        <startx number="100">3</startx>
        <starty number="100">35</starty>
        <finishx number="100">41</finishx>
        <finishy number="100">37</finishy>
        <startx number="101">58</startx>
        <starty number="101">42</starty>
        <finishx number="101">63</finishx>
        <finishy number="101">6</finishy>
        <startx number="102">14</startx>
        <starty number="102">33</starty>
        <finishx number="102">8</finishx>
        <finishy number="102">15</finishy>
        <startx number="103">36</startx>
        <starty number="103">27</starty>
        <finishx number="103">60</finishx>
        <finishy number="103">36</finishy>
        <startx number="104">32</startx>
        <starty number="104">44</starty>
        <finishx number="104">49</finishx>
        <finishy number="104">17</finishy>
        <startx number="105">30</startx>
        <starty number="105">4</starty>
        <finishx number="105">59</finishx>
        <finishy number="105">45</finishy>
        <startx number="106">55</startx>
        <starty number="106">13</starty>
        <finishx number="106">34</finishx>
        <finishy number="106">33</finishy>
        <startx number="107">61</startx>
        <starty number="107">22</starty>
        <finishx number="107">20</finishx>
        <finishy number="107">43</finishy>
        <startx number="108">54</startx>
        <starty number="108">24</starty>
        <finishx number="108">40</finishx>
        <finishy number="108">53</finishy>
        <startx number="109">51</startx>
        <starty number="109">6</starty>
        <finishx number="109">15</finishx>
        <finishy number="109">22</finishy>
        <startx number="110">0</startx>
        <starty number="110">57</starty>
        <finishx number="110">20</finishx>
        <finishy number="110">48</finishy>
        <startx number="111">5</startx>
        <starty number="111">5</starty>
        <finishx number="111">58</finishx>
        <finishy number="111">47</finishy>
        <startx number="112">62</startx>
        <starty number="112">15</starty>
        <finishx number="112">45</finishx>
        <finishy number="112">41</finishy>
        <startx number="113">50</startx>
        <starty number="113">35</starty>
        <finishx number="113">6</finishx>
        <finishy number="113">18</finishy>
        <startx number="114">8</startx>
        <starty number="114">2</starty>
        <finishx number="114">1</finishx>
        <finishy number="114">51</finishy>
        <startx number="115">26</startx>
        <starty number="115">31</starty>
        <finishx number="115">18</finishx>
        <finishy number="115">3</finishy>
        <startx number="116">26</startx>
        <starty number="116">60</starty>
        <finishx number="116">5</finishx>
        <finishy number="116">51</finishy>
        <startx number="117">52</startx>
        <starty number="117">19</starty>
        <finishx number="117">10</finishx>
        <finishy number="117">53</finishy>
        <startx number="118">45</startx>
        <starty number="118">9</starty>
        <finishx number="118">36</finishx>
        <finishy number="118">35</finishy>
        <startx number="119">18</startx>
        <starty number="119">48</starty>
        <finishx number="119">44</finishx>
        <finishy number="119">63</finishy>
        <startx number="120">45</startx>
        <starty number="120">28</starty>
        <finishx number="120">63</finishx>
        <finishy number="120">20</finishy>
        <startx number="121">19</startx>
        <starty number="121">24</starty>
        <finishx number="121">30</finishx>
        <finishy number="121">22</finishy>
        <startx number="122">41</startx>
        <starty number="122">60</starty>
        <finishx number="122">59</finishx>
        <finishy number="122">23</finishy>
        <startx number="123">62</startx>
        <starty number="123">47</starty>
        <finishx number="123">17</finishx>
        <finishy number="123">22</finishy>
        <startx number="124">53</startx>
        <starty number="124">32</starty>
        <finishx number="124">9</finishx>
        <finishy number="124">10</finishy>
        <startx number="125">5</startx>
        <starty number="125">8</starty>
        <finishx number="125">51</finishx>
        <finishy number="125">24</finishy>
        <startx number="126">59</startx>
        <starty number="126">60</starty>
        <finishx number="126">22</finishx>
        <finishy number="126">24</finishy>
        <startx number="127">0</startx>
        <starty number="127">62</starty>
        <finishx number="127">51</finishx>
        <finishy number="127">48</finishy>
        <startx number="128">29</startx>
        <starty number="128">36</starty>
        <finishx number="128">35</finishx>
        <finishy number="128">38</finishy>
        <startx number="129">54</startx>
        <starty number="129">0</starty>
        <finishx number="129">25</finishx>
        <finishy number="129">18</finishy>
        <startx number="130">49</startx>
        <starty number="130">30</starty>
        <finishx number="130">32</finishx>
        <finishy number="130">57</finishy>
        <startx number="131">23</startx>
        <starty number="131">63</starty>
        <finishx number="131">6</finishx>
        <finishy number="131">26</finishy>
        <startx number="132">7</startx>
        <starty number="132">47</starty>
        <finishx number="132">38</finishx>
        <finishy number="132">2</finishy>
        <startx number="133">51</startx>
        <starty number="133">3</starty>
        <finishx number="133">38</finishx>
        <finishy number="133">50</finishy>
        <startx number="134">52</startx>
        <starty number="134">16</starty>
        <finishx number="134">27</finishx>
        <finishy number="134">29</finishy>
        <startx number="135">39</startx>
        <starty number="135">13</starty>
        <finishx number="135">47</finishx>
        <finishy number="135">9</finishy>
        <startx number="136">35</startx>
        <starty number="136">14</starty>
        <finishx number="136">51</finishx>
        <finishy number="136">40</finishy>
        <startx number="137">57</startx>
        <starty number="137">60</starty>
        <finishx number="137">43</finishx>
        <finishy number="137">15</finishy>
        <startx number="138">23</startx>
        <starty number="138">2</starty>
        <finishx number="138">52</finishx>
        <finishy number="138">11</finishy>
        <startx number="139">39</startx>
        <starty number="139">43</starty>
        <finishx number="139">17</finishx>
        <finishy number="139">14</finishy>
        <startx number="140">2</startx>
        <starty number="140">11</starty>
        <finishx number="140">52</finishx>
        <finishy number="140">0</finishy>
        <startx number="141">51</startx>
        <starty number="141">51</starty>
        <finishx number="141">44</finishx>
        <finishy number="141">57</finishy>
        <startx number="142">5</startx>
        <starty number="142">43</starty>
        <finishx number="142">60</finishx>
        <finishy number="142">47</finishy>
        <startx number="143">30</startx>
        <starty number="143">38</starty>
        <finishx number="143">33</finishx>
        <finishy number="143">1</finishy>
        <startx number="144">7</startx>
        <starty number="144">56</starty>
        <finishx number="144">51</finishx>
        <finishy number="144">27</finishy>
        <startx number="145">59</startx>
        <starty number="145">20</starty>
        <finishx number="145">44</finishx>
        <finishy number="145">25</finishy>
        <startx number="146">26</startx>
        <starty number="146">4</starty>
        <finishx number="146">28</finishx>
        <finishy number="146">47</finishy>
        <startx number="147">7</startx>
        <starty number="147">21</starty>
        <finishx number="147">40</finishx>
        <finishy number="147">2</finishy>
        <startx number="148">30</startx>
        <starty number="148">33</starty>
        <finishx number="148">54</finishx>
        <finishy number="148">8</finishy>
        <startx number="149">24</startx>
        <starty number="149">13</starty>
        <finishx number="149">60</finishx>
        <finishy number="149">5</finishy>
        <startx number="150">44</startx>
        <starty number="150">12</starty>
        <finishx number="150">18</finishx>
        <finishy number="150">38</finishy>
        <startx number="151">18</startx>
        <starty number="151">57</starty>
        <finishx number="151">52</finishx>
        <finishy number="151">54</finishy>
        <startx number="152">55</startx>
        <starty number="152">18</starty>
        <finishx number="152">0</finishx>
        <finishy number="152">14</finishy>
        <startx number="153">23</startx>
        <starty number="153">26</starty>
        <finishx number="153">59</finishx>
        <finishy number="153">2</finishy>
        <startx number="154">14</startx>
        <starty number="154">4</starty>
        <finishx number="154">19</finishx>
        <finishy number="154">40</finishy>
        <startx number="155">46</startx>
        <starty number="155">36</starty>
        <finishx number="155">25</finishx>
        <finishy number="155">34</finishy>
        <startx number="156">53</startx>
        <starty number="156">40</starty>
        <finishx number="156">35</finishx>
        <finishy number="156">43</finishy>
        <startx number="157">1</startx>
        <starty number="157">30</starty>
        <finishx number="157">9</finishx>
        <finishy number="157">61</finishy>
        <startx number="158">18</startx>
        <starty number="158">16</starty>
        <finishx number="158">63</finishx>
        <finishy number="158">62</finishy>
        <startx number="159">53</startx>
        <starty number="159">51</starty>
        <finishx number="159">36</finishx>
        <finishy number="159">32</finishy>
        <startx number="160">29</startx>
        <starty number="160">9</starty>
        <finishx number="160">47</finishx>
        <finishy number="160">17</finishy>
        <startx number="161">0</startx>
        <starty number="161">17</starty>
        <finishx number="161">23</finishx>
        <finishy number="161">32</finishy>
        <startx number="162">13</startx>
        <starty number="162">47</starty>
        <finishx number="162">58</finishx>
        <finishy number="162">26</finishy>
        <startx number="163">53</startx>
        <starty number="163">37</starty>
        <finishx number="163">35</finishx>
        <finishy number="163">62</finishy>
        <startx number="164">25</startx>
        <starty number="164">23</starty>
        <finishx number="164">0</finishx>
        <finishy number="164">11</finishy>
        <startx number="165">29</startx>
        <starty number="165">60</starty>
        <finishx number="165">48</finishx>
        <finishy number="165">57</finishy>
        <startx number="166">24</startx>
        <starty number="166">53</starty>
        <finishx number="166">47</finishx>
        <finishy number="166">46</finishy>
        <startx number="167">0</startx>
        <starty number="167">27</starty>
        <finishx number="167">40</finishx>
        <finishy number="167">5</finishy>
        <startx number="168">57</startx>
        <starty number="168">13</starty>
        <finishx number="168">11</finishx>
        <finishy number="168">47</finishy>
        <startx number="169">58</startx>
        <starty number="169">34</starty>
        <finishx number="169">36</finishx>
        <finishy number="169">40</finishy>
        <startx number="170">61</startx>
        <starty number="170">9</starty>
        <finishx number="170">14</finishx>
        <finishy number="170">38</finishy>
        <startx number="171">43</startx>
        <starty number="171">60</starty>
        <finishx number="171">38</finishx>
        <finishy number="171">55</finishy>
        <startx number="172">16</startx>
        <starty number="172">38</starty>
        <finishx number="172">23</finishx>
        <finishy number="172">56</finishy>
        <startx number="173">61</startx>
        <starty number="173">41</starty>
        <finishx number="173">50</finishx>
        <finishy number="173">19</finishy>
        <startx number="174">26</startx>
        <starty number="174">63</starty>
        <finishx number="174">49</finishx>
        <finishy number="174">59</finishy>
        <startx number="175">48</startx>
        <starty number="175">62</starty>
        <finishx number="175">62</finishx>
        <finishy number="175">30</finishy>
        <startx number="176">59</startx>
        <starty number="176">10</starty>
        <finishx number="176">22</finishx>
        <finishy number="176">19</finishy>
        <startx number="177">55</startx>
        <starty number="177">47</starty>
        <finishx number="177">48</finishx>
        <finishy number="177">4</finishy>
        <startx number="178">24</startx>
        <starty number="178">16</starty>
        <finishx number="178">34</finishx>
        <finishy number="178">27</finishy>
        <startx number="179">56</startx>
        <starty number="179">29</starty>
        <finishx number="179">10</finishx>
        <finishy number="179">45</finishy>
        <startx number="180">13</startx>
        <starty number="180">1</starty>
        <finishx number="180">47</finishx>
        <finishy number="180">51</finishy>
        <startx number="181">38</startx>
        <starty number="181">58</starty>
        <finishx number="181">14</finishx>
        <finishy number="181">17</finishy>
        <startx number="182">57</startx>
        <starty number="182">63</starty>
        <finishx number="182">14</finishx>
        <finishy number="182">25</finishy>
        <startx number="183">41</startx>
        <starty number="183">13</starty>
        <finishx number="183">24</finishx>
        <finishy number="183">42</finishy>
        <startx number="184">59</startx>
        <starty number="184">12</starty>
        <finishx number="184">10</finishx>
        <finishy number="184">29</finishy>
        <startx number="185">27</startx>
        <starty number="185">58</starty>
        <finishx number="185">10</finishx>
        <finishy number="185">34</finishy>
        <startx number="186">59</startx>
        <starty number="186">18</starty>
        <finishx number="186">49</finishx>
        <finishy number="186">8</finishy>
        <startx number="187">19</startx>
        <starty number="187">6</starty>
        <finishx number="187">51</finishx>
        <finishy number="187">56</finishy>
        <startx number="188">15</startx>
        <starty number="188">14</starty>
        <finishx number="188">32</finishx>
        <finishy number="188">62</finishy>
        <startx number="189">16</startx>
        <starty number="189">1</starty>
        <finishx number="189">32</finishx>
        <finishy number="189">22</finishy>
        <startx number="190">37</startx>
        <starty number="190">29</starty>
        <finishx number="190">39</finishx>
        <finishy number="190">45</finishy>
        <startx number="191">28</startx>
        <starty number="191">31</starty>
        <finishx number="191">1</finishx>
        <finishy number="191">22</finishy>
        <startx number="192">47</startx>
        <starty number="192">41</starty>
        <finishx number="192">43</finishx>
        <finishy number="192">23</finishy>
        <startx number="193">1</startx>
        <starty number="193">25</starty>
        <finishx number="193">37</finishx>
        <finishy number="193">53</finishy>
        <startx number="194">19</startx>
        <starty number="194">62</starty>
        <finishx number="194">21</finishx>
        <finishy number="194">27</finishy>
        <startx number="195">4</startx>
        <starty number="195">19</starty>
        <finishx number="195">60</finishx>
        <finishy number="195">15</finishy>
        <startx number="196">5</startx>
        <starty number="196">16</starty>
        <finishx number="196">58</finishx>
        <finishy number="196">39</finishy>
        <startx number="197">30</startx>
        <starty number="197">7</starty>
        <finishx number="197">45</finishx>
        <finishy number="197">39</finishy>
        <startx number="198">35</startx>
        <starty number="198">49</starty>
        <finishx number="198">1</finishx>
        <finishy number="198">54</finishy>
        <startx number="199">60</startx>
        <starty number="199">62</starty>
        <finishx number="199">12</finishx>
        <finishy number="199">4</finishy>
        <startx number="200">23</startx>
        <starty number="200">5</starty>
        <finishx number="200">41</finishx>
        <finishy number="200">18</finishy>
        <startx number="201">27</startx>
        <starty number="201">15</starty>
        <finishx number="201">29</finishx>
        <finishy number="201">20</finishy>
        <startx number="202">7</startx>
        <starty number="202">31</starty>
        <finishx number="202">44</finishx>
        <finishy number="202">52</finishy>
        <startx number="203">15</startx>
        <starty number="203">20</starty>
        <finishx number="203">62</finishx>
        <finishy number="203">44</finishy>
        <startx number="204">45</startx>
        <starty number="204">47</starty>
        <finishx number="204">24</finishx>
        <finishy number="204">7</finishy>
        <startx number="205">35</startx>
        <starty number="205">11</starty>
        <finishx number="205">61</finishx>
        <finishy number="205">55</finishy>
        <startx number="206">0</startx>
        <starty number="206">35</starty>
        <finishx number="206">3</finishx>
        <finishy number="206">38</finishy>
        <startx number="207">40</startx>
        <starty number="207">58</starty>
        <finishx number="207">55</finishx>
        <finishy number="207">50</finishy>
        <startx number="208">9</startx>
        <starty number="208">18</starty>
        <finishx number="208">44</finishx>
        <finishy number="208">55</finishy>
        <startx number="209">51</startx>
        <starty number="209">14</starty>
        <finishx number="209">38</finishx>
        <finishy number="209">61</finishy>
        <startx number="210">32</startx>
        <starty number="210">54</starty>
        <finishx number="210">63</finishx>
        <finishy number="210">39</finishy>
        <startx number="211">5</startx>
        <starty number="211">11</starty>
        <finishx number="211">21</finishx>
        <finishy number="211">32</finishy>
        <startx number="212">17</startx>
        <starty number="212">41</starty>
        <finishx number="212">14</finishx>
        <finishy number="212">57</finishy>
        <startx number="213">17</startx>
        <starty number="213">52</starty>
        <finishx number="213">14</finishx>
        <finishy number="213">7</finishy>
        <startx number="214">2</startx>
        <starty number="214">59</starty>
        <finishx number="214">55</finishx>
        <finishy number="214">37</finishy>
        <startx number="215">33</startx>
        <starty number="215">46</starty>
        <finishx number="215">35</finishx>
        <finishy number="215">30</finishy>
        <startx number="216">30</startx>
        <starty number="216">54</starty>
        <finishx number="216">11</finishx>
        <finishy number="216">31</finishy>
        <startx number="217">37</startx>
        <starty number="217">42</starty>
        <finishx number="217">34</finishx>
        <finishy number="217">9</finishy>
        <startx number="218">37</startx>
        <starty number="218">46</starty>
        <finishx number="218">7</finishx>
        <finishy number="218">59</finishy>
        <startx number="219">17</startx>
        <starty number="219">33</starty>
        <finishx number="219">55</finishx>
        <finishy number="219">15</finishy>
        <startx number="220">47</startx>
        <starty number="220">22</starty>
        <finishx number="220">22</finishx>
        <finishy number="220">42</finishy>
        <startx number="221">13</startx>
        <starty number="221">20</starty>
        <finishx number="221">7</finishx>
        <finishy number="221">23</finishy>
        <startx number="222">20</startx>
        <starty number="222">3</starty>
        <finishx number="222">59</finishx>
        <finishy number="222">52</finishy>
        <startx number="223">57</startx>
        <starty number="223">50</starty>
        <finishx number="223">24</finishx>
        <finishy number="223">0</finishy>
        <startx number="224">33</startx>
        <starty number="224">19</starty>
        <finishx number="224">42</finishx>
        <finishy number="224">42</finishy>
        <startx number="225">25</startx>
        <starty number="225">26</starty>
        <finishx number="225">46</finishx>
        <finishy number="225">57</finishy>
        <startx number="226">29</startx>
        <starty number="226">28</starty>
        <finishx number="226">21</finishx>
        <finishy number="226">54</finishy>
        <startx number="227">46</startx>
        <starty number="227">12</starty>
        <finishx number="227">12</finishx>
        <finishy number="227">28</finishy>
        <startx number="228">14</startx>
        <starty number="228">44</starty>
        <finishx number="228">6</finishx>
        <finishy number="228">13</finishy>
        <startx number="229">28</startx>
        <starty number="229">26</starty>
        <finishx number="229">26</finishx>
        <finishy number="229">2</finishy>
        <startx number="230">24</startx>
        <starty number="230">50</starty>
        <finishx number="230">61</finishx>
        <finishy number="230">7</finishy>
        <startx number="231">28</startx>
        <starty number="231">7</starty>
        <finishx number="231">52</finishx>
        <finishy number="231">42</finishy>
        <startx number="232">23</startx>
        <starty number="232">35</starty>
        <finishx number="232">10</finishx>
        <finishy number="232">2</finishy>
        <startx number="233">10</startx>
        <starty number="233">41</starty>
        <finishx number="233">46</finishx>
        <finishy number="233">20</finishy>
        <startx number="234">42</startx>
        <starty number="234">31</starty>
        <finishx number="234">57</finishx>
        <finishy number="234">10</finishy>
        <startx number="235">28</startx>
        <starty number="235">23</starty>
        <finishx number="235">46</finishx>
        <finishy number="235">54</finishy>
        <startx number="236">6</startx>
        <starty number="236">53</starty>
        <finishx number="236">10</finishx>
        <finishy number="236">50</finishy>
        <startx number="237">63</startx>
        <starty number="237">55</starty>
        <finishx number="237">20</finishx>
        <finishy number="237">22</finishy>
        <startx number="238">41</startx>
        <starty number="238">7</starty>
        <finishx number="238">51</finishx>
        <finishy number="238">59</finishy>
        <startx number="239">10</startx>
        <starty number="239">15</starty>
        <finishx number="239">43</finishx>
        <finishy number="239">34</finishy>
        <startx number="240">37</startx>
        <starty number="240">13</starty>
        <finishx number="240">40</finishx>
        <finishy number="240">0</finishy>
        <startx number="241">59</startx>
        <starty number="241">55</starty>
        <finishx number="241">43</finishx>
        <finishy number="241">7</finishy>
        <startx number="242">33</startx>
        <starty number="242">3</starty>
        <finishx number="242">62</finishx>
        <finishy number="242">60</finishy>
        <startx number="243">0</startx>
        <starty number="243">59</starty>
        <finishx number="243">5</finishx>
        <finishy number="243">40</finishy>
        <startx number="244">12</startx>
        <starty number="244">58</starty>
        <finishx number="244">16</finishx>
        <finishy number="244">28</finishy>
        <startx number="245">19</startx>
        <starty number="245">19</starty>
        <finishx number="245">54</finishx>
        <finishy number="245">42</finishy>
        <startx number="246">32</startx>
        <starty number="246">33</starty>
        <finishx number="246">46</finishx>
        <finishy number="246">49</finishy>
        <startx number="247">52</startx>
        <starty number="247">61</starty>
        <finishx number="247">56</finishx>
        <finishy number="247">40</finishy>
        <startx number="248">30</startx>
        <starty number="248">1</starty>
        <finishx number="248">21</finishx>
        <finishy number="248">62</finishy>
        <startx number="249">16</startx>
        <starty number="249">59</starty>
        <finishx number="249">55</finishx>
        <finishy number="249">5</finishy>
        <grid>
            <row>0 0 0 0 0 0 0 0 0 0 0 0 0 0 0 0 0 0 0 0 0 0 0 0 0 0 0 0 0 0 0 0 0 0 0 0 0 0 0 0 0 0 0 0 0 0 0 0 0 0 0 0 0 0 0 0 0 0 0 0 0 0 0 0</row>
            <row>0 0 0 0 0 0 0 0 0 0 0 0 0 0 0 0 0 0 0 0 0 0 0 0 0 0 0 0 0 0 0 0 0 0 0 0 0 0 0 0 0 0 0 0 0 0 0 0 0 0 0 0 0 0 0 0 0 0 0 0 0 0 0 0</row>
            <row>0 0 0 0 0 0 0 0 0 0 0 0 0 0 0 0 0 0 0 0 0 0 0 0 0 0 0 0 0 0 0 0 0 0 0 0 0 0 0 0 0 0 0 0 0 0 0 0 0 0 0 0 0 0 0 0 0 0 0 0 0 0 0 0</row>
            <row>0 0 0 0 0 0 0 0 0 0 0 0 0 0 0 0 0 0 0 0 0 0 0 0 0 0 0 0 0 0 0 0 0 0 0 0 0 0 0 0 0 0 0 0 0 0 0 0 0 0 0 0 0 0 0 0 0 0 0 0 0 0 0 0</row>
            <row>0 0 0 0 0 0 0 0 0 0 0 0 0 0 0 0 0 0 0 0 0 0 0 0 0 0 0 0 0 0 0 0 0 0 0 0 0 0 0 0 0 0 0 0 0 0 0 0 0 0 0 0 0 0 0 0 0 0 0 0 0 0 0 0</row>
            <row>0 0 0 0 0 0 0 0 0 0 0 0 0 0 0 0 0 0 0 0 0 0 0 0 0 0 0 0 0 0 0 0 0 0 0 0 0 0 0 0 0 0 0 0 0 0 0 0 0 0 0 0 0 0 0 0 0 0 0 0 0 0 0 0</row>
            <row>0 0 0 0 0 0 0 0 0 0 0 0 0 0 0 0 0 0 0 0 0 0 0 0 0 0 0 0 0 0 0 0 0 0 0 0 0 0 0 0 0 0 0 0 0 0 0 0 0 0 0 0 0 0 0 0 0 0 0 0 0 0 0 0</row>
            <row>0 0 0 0 0 0 0 0 0 0 0 0 0 0 0 0 0 0 0 0 0 0 0 0 0 0 0 0 0 0 0 0 0 0 0 0 0 0 0 0 0 0 0 0 0 0 0 0 0 0 0 0 0 0 0 0 0 0 0 0 0 0 0 0</row>
            <row>0 0 0 0 0 0 0 0 0 0 0 0 0 0 0 0 0 0 0 0 0 0 0 0 0 0 0 0 0 0 0 0 0 0 0 0 0 0 0 0 0 0 0 0 0 0 0 0 0 0 0 0 0 0 0 0 0 0 0 0 0 0 0 0</row>
            <row>0 0 0 0 0 0 0 0 0 0 0 0 0 0 0 0 0 0 0 0 0 0 0 0 0 0 0 0 0 0 0 0 0 0 0 0 0 0 0 0 0 0 0 0 0 0 0 0 0 0 0 0 0 0 0 0 0 0 0 0 0 0 0 0</row>
            <row>0 0 0 0 0 0 0 0 0 0 0 0 0 0 0 0 0 0 0 0 0 0 0 0 0 0 0 0 0 0 0 0 0 0 0 0 0 0 0 0 0 0 0 0 0 0 0 0 0 0 0 0 0 0 0 0 0 0 0 0 0 0 0 0</row>
            <row>0 0 0 0 0 0 0 0 0 0 0 0 0 0 0 0 0 0 0 0 0 0 0 0 0 0 0 0 0 0 0 0 0 0 0 0 0 0 0 0 0 0 0 0 0 0 0 0 0 0 0 0 0 0 0 0 0 0 0 0 0 0 0 0</row>
            <row>0 0 0 0 0 0 0 0 0 0 0 0 0 0 0 0 0 0 0 0 0 0 0 0 0 0 0 0 0 0 0 0 0 0 0 0 0 0 0 0 0 0 0 0 0 0 0 0 0 0 0 0 0 0 0 0 0 0 0 0 0 0 0 0</row>
            <row>0 0 0 0 0 0 0 0 0 0 0 0 0 0 0 0 0 0 0 0 0 0 0 0 0 0 0 0 0 0 0 0 0 0 0 0 0 0 0 0 0 0 0 0 0 0 0 0 0 0 0 0 0 0 0 0 0 0 0 0 0 0 0 0</row>
            <row>0 0 0 0 0 0 0 0 0 0 0 0 0 0 0 0 0 0 0 0 0 0 0 0 0 0 0 0 0 0 0 0 0 0 0 0 0 0 0 0 0 0 0 0 0 0 0 0 0 0 0 0 0 0 0 0 0 0 0 0 0 0 0 0</row>
            <row>0 0 0 0 0 0 0 0 0 0 0 0 0 0 0 0 0 0 0 0 0 0 0 0 0 0 0 0 0 0 0 0 0 0 0 0 0 0 0 0 0 0 0 0 0 0 0 0 0 0 0 0 0 0 0 0 0 0 0 0 0 0 0 0</row>
            <row>0 0 0 0 0 0 0 0 0 0 0 0 0 0 0 0 0 0 0 0 0 0 0 0 0 0 0 0 0 0 0 0 0 0 0 0 0 0 0 0 0 0 0 0 0 0 0 0 0 0 0 0 0 0 0 0 0 0 0 0 0 0 0 0</row>
            <row>0 0 0 0 0 0 0 0 0 0 0 0 0 0 0 0 0 0 0 0 0 0 0 0 0 0 0 0 0 0 0 0 0 0 0 0 0 0 0 0 0 0 0 0 0 0 0 0 0 0 0 0 0 0 0 0 0 0 0 0 0 0 0 0</row>
            <row>0 0 0 0 0 0 0 0 0 0 0 0 0 0 0 0 0 0 0 0 0 0 0 0 0 0 0 0 0 0 0 0 0 0 0 0 0 0 0 0 0 0 0 0 0 0 0 0 0 0 0 0 0 0 0 0 0 0 0 0 0 0 0 0</row>
            <row>0 0 0 0 0 0 0 0 0 0 0 0 0 0 0 0 0 0 0 0 0 0 0 0 0 0 0 0 0 0 0 0 0 0 0 0 0 0 0 0 0 0 0 0 0 0 0 0 0 0 0 0 0 0 0 0 0 0 0 0 0 0 0 0</row>
            <row>0 0 0 0 0 0 0 0 0 0 0 0 0 0 0 0 0 0 0 0 0 0 0 0 0 0 0 0 0 0 0 0 0 0 0 0 0 0 0 0 0 0 0 0 0 0 0 0 0 0 0 0 0 0 0 0 0 0 0 0 0 0 0 0</row>
            <row>0 0 0 0 0 0 0 0 0 0 0 0 0 0 0 0 0 0 0 0 0 0 0 0 0 0 0 0 0 0 0 0 0 0 0 0 0 0 0 0 0 0 0 0 0 0 0 0 0 0 0 0 0 0 0 0 0 0 0 0 0 0 0 0</row>
            <row>0 0 0 0 0 0 0 0 0 0 0 0 0 0 0 0 0 0 0 0 0 0 0 0 0 0 0 0 0 0 0 0 0 0 0 0 0 0 0 0 0 0 0 0 0 0 0 0 0 0 0 0 0 0 0 0 0 0 0 0 0 0 0 0</row>
            <row>0 0 0 0 0 0 0 0 0 0 0 0 0 0 0 0 0 0 0 0 0 0 0 0 0 0 0 0 0 0 0 0 0 0 0 0 0 0 0 0 0 0 0 0 0 0 0 0 0 0 0 0 0 0 0 0 0 0 0 0 0 0 0 0</row>
            <row>0 0 0 0 0 0 0 0 0 0 0 0 0 0 0 0 0 0 0 0 0 0 0 0 0 0 0 0 0 0 0 0 0 0 0 0 0 0 0 0 0 0 0 0 0 0 0 0 0 0 0 0 0 0 0 0 0 0 0 0 0 0 0 0</row>
            <row>0 0 0 0 0 0 0 0 0 0 0 0 0 0 0 0 0 0 0 0 0 0 0 0 0 0 0 0 0 0 0 0 0 0 0 0 0 0 0 0 0 0 0 0 0 0 0 0 0 0 0 0 0 0 0 0 0 0 0 0 0 0 0 0</row>
            <row>0 0 0 0 0 0 0 0 0 0 0 0 0 0 0 0 0 0 0 0 0 0 0 0 0 0 0 0 0 0 0 0 0 0 0 0 0 0 0 0 0 0 0 0 0 0 0 0 0 0 0 0 0 0 0 0 0 0 0 0 0 0 0 0</row>
            <row>0 0 0 0 0 0 0 0 0 0 0 0 0 0 0 0 0 0 0 0 0 0 0 0 0 0 0 0 0 0 0 0 0 0 0 0 0 0 0 0 0 0 0 0 0 0 0 0 0 0 0 0 0 0 0 0 0 0 0 0 0 0 0 0</row>
            <row>0 0 0 0 0 0 0 0 0 0 0 0 0 0 0 0 0 0 0 0 0 0 0 0 0 0 0 0 0 0 0 0 0 0 0 0 0 0 0 0 0 0 0 0 0 0 0 0 0 0 0 0 0 0 0 0 0 0 0 0 0 0 0 0</row>
            <row>0 0 0 0 0 0 0 0 0 0 0 0 0 0 0 0 0 0 0 0 0 0 0 0 0 0 0 0 0 0 0 0 0 0 0 0 0 0 0 0 0 0 0 0 0 0 0 0 0 0 0 0 0 0 0 0 0 0 0 0 0 0 0 0</row>
            <row>0 0 0 0 0 0 0 0 0 0 0 0 0 0 0 0 0 0 0 0 0 0 0 0 0 0 0 0 0 0 0 0 0 0 0 0 0 0 0 0 0 0 0 0 0 0 0 0 0 0 0 0 0 0 0 0 0 0 0 0 0 0 0 0</row>
            <row>0 0 0 0 0 0 0 0 0 0 0 0 0 0 0 0 0 0 0 0 0 0 0 0 0 0 0 0 0 0 0 0 0 0 0 0 0 0 0 0 0 0 0 0 0 0 0 0 0 0 0 0 0 0 0 0 0 0 0 0 0 0 0 0</row>
            <row>0 0 0 0 0 0 0 0 0 0 0 0 0 0 0 0 0 0 0 0 0 0 0 0 0 0 0 0 0 0 0 0 0 0 0 0 0 0 0 0 0 0 0 0 0 0 0 0 0 0 0 0 0 0 0 0 0 0 0 0 0 0 0 0</row>
            <row>0 0 0 0 0 0 0 0 0 0 0 0 0 0 0 0 0 0 0 0 0 0 0 0 0 0 0 0 0 0 0 0 0 0 0 0 0 0 0 0 0 0 0 0 0 0 0 0 0 0 0 0 0 0 0 0 0 0 0 0 0 0 0 0</row>
            <row>0 0 0 0 0 0 0 0 0 0 0 0 0 0 0 0 0 0 0 0 0 0 0 0 0 0 0 0 0 0 0 0 0 0 0 0 0 0 0 0 0 0 0 0 0 0 0 0 0 0 0 0 0 0 0 0 0 0 0 0 0 0 0 0</row>
            <row>0 0 0 0 0 0 0 0 0 0 0 0 0 0 0 0 0 0 0 0 0 0 0 0 0 0 0 0 0 0 0 0 0 0 0 0 0 0 0 0 0 0 0 0 0 0 0 0 0 0 0 0 0 0 0 0 0 0 0 0 0 0 0 0</row>
            <row>0 0 0 0 0 0 0 0 0 0 0 0 0 0 0 0 0 0 0 0 0 0 0 0 0 0 0 0 0 0 0 0 0 0 0 0 0 0 0 0 0 0 0 0 0 0 0 0 0 0 0 0 0 0 0 0 0 0 0 0 0 0 0 0</row>
            <row>0 0 0 0 0 0 0 0 0 0 0 0 0 0 0 0 0 0 0 0 0 0 0 0 0 0 0 0 0 0 0 0 0 0 0 0 0 0 0 0 0 0 0 0 0 0 0 0 0 0 0 0 0 0 0 0 0 0 0 0 0 0 0 0</row>
            <row>0 0 0 0 0 0 0 0 0 0 0 0 0 0 0 0 0 0 0 0 0 0 0 0 0 0 0 0 0 0 0 0 0 0 0 0 0 0 0 0 0 0 0 0 0 0 0 0 0 0 0 0 0 0 0 0 0 0 0 0 0 0 0 0</row>
            <row>0 0 0 0 0 0 0 0 0 0 0 0 0 0 0 0 0 0 0 0 0 0 0 0 0 0 0 0 0 0 0 0 0 0 0 0 0 0 0 0 0 0 0 0 0 0 0 0 0 0 0 0 0 0 0 0 0 0 0 0 0 0 0 0</row>
            <row>0 0 0 0 0 0 0 0 0 0 0 0 0 0 0 0 0 0 0 0 0 0 0 0 0 0 0 0 0 0 0 0 0 0 0 0 0 0 0 0 0 0 0 0 0 0 0 0 0 0 0 0 0 0 0 0 0 0 0 0 0 0 0 0</row>
            <row>0 0 0 0 0 0 0 0 0 0 0 0 0 0 0 0 0 0 0 0 0 0 0 0 0 0 0 0 0 0 0 0 0 0 0 0 0 0 0 0 0 0 0 0 0 0 0 0 0 0 0 0 0 0 0 0 0 0 0 0 0 0 0 0</row>
            <row>0 0 0 0 0 0 0 0 0 0 0 0 0 0 0 0 0 0 0 0 0 0 0 0 0 0 0 0 0 0 0 0 0 0 0 0 0 0 0 0 0 0 0 0 0 0 0 0 0 0 0 0 0 0 0 0 0 0 0 0 0 0 0 0</row>
            <row>0 0 0 0 0 0 0 0 0 0 0 0 0 0 0 0 0 0 0 0 0 0 0 0 0 0 0 0 0 0 0 0 0 0 0 0 0 0 0 0 0 0 0 0 0 0 0 0 0 0 0 0 0 0 0 0 0 0 0 0 0 0 0 0</row>
            <row>0 0 0 0 0 0 0 0 0 0 0 0 0 0 0 0 0 0 0 0 0 0 0 0 0 0 0 0 0 0 0 0 0 0 0 0 0 0 0 0 0 0 0 0 0 0 0 0 0 0 0 0 0 0 0 0 0 0 0 0 0 0 0 0</row>
            <row>0 0 0 0 0 0 0 0 0 0 0 0 0 0 0 0 0 0 0 0 0 0 0 0 0 0 0 0 0 0 0 0 0 0 0 0 0 0 0 0 0 0 0 0 0 0 0 0 0 0 0 0 0 0 0 0 0 0 0 0 0 0 0 0</row>
            <row>0 0 0 0 0 0 0 0 0 0 0 0 0 0 0 0 0 0 0 0 0 0 0 0 0 0 0 0 0 0 0 0 0 0 0 0 0 0 0 0 0 0 0 0 0 0 0 0 0 0 0 0 0 0 0 0 0 0 0 0 0 0 0 0</row>
            <row>0 0 0 0 0 0 0 0 0 0 0 0 0 0 0 0 0 0 0 0 0 0 0 0 0 0 0 0 0 0 0 0 0 0 0 0 0 0 0 0 0 0 0 0 0 0 0 0 0 0 0 0 0 0 0 0 0 0 0 0 0 0 0 0</row>
            <row>0 0 0 0 0 0 0 0 0 0 0 0 0 0 0 0 0 0 0 0 0 0 0 0 0 0 0 0 0 0 0 0 0 0 0 0 0 0 0 0 0 0 0 0 0 0 0 0 0 0 0 0 0 0 0 0 0 0 0 0 0 0 0 0</row>
            <row>0 0 0 0 0 0 0 0 0 0 0 0 0 0 0 0 0 0 0 0 0 0 0 0 0 0 0 0 0 0 0 0 0 0 0 0 0 0 0 0 0 0 0 0 0 0 0 0 0 0 0 0 0 0 0 0 0 0 0 0 0 0 0 0</row>
            <row>0 0 0 0 0 0 0 0 0 0 0 0 0 0 0 0 0 0 0 0 0 0 0 0 0 0 0 0 0 0 0 0 0 0 0 0 0 0 0 0 0 0 0 0 0 0 0 0 0 0 0 0 0 0 0 0 0 0 0 0 0 0 0 0</row>
            <row>0 0 0 0 0 0 0 0 0 0 0 0 0 0 0 0 0 0 0 0 0 0 0 0 0 0 0 0 0 0 0 0 0 0 0 0 0 0 0 0 0 0 0 0 0 0 0 0 0 0 0 0 0 0 0 0 0 0 0 0 0 0 0 0</row>
            <row>0 0 0 0 0 0 0 0 0 0 0 0 0 0 0 0 0 0 0 0 0 0 0 0 0 0 0 0 0 0 0 0 0 0 0 0 0 0 0 0 0 0 0 0 0 0 0 0 0 0 0 0 0 0 0 0 0 0 0 0 0 0 0 0</row>
            <row>0 0 0 0 0 0 0 0 0 0 0 0 0 0 0 0 0 0 0 0 0 0 0 0 0 0 0 0 0 0 0 0 0 0 0 0 0 0 0 0 0 0 0 0 0 0 0 0 0 0 0 0 0 0 0 0 0 0 0 0 0 0 0 0</row>
            <row>0 0 0 0 0 0 0 0 0 0 0 0 0 0 0 0 0 0 0 0 0 0 0 0 0 0 0 0 0 0 0 0 0 0 0 0 0 0 0 0 0 0 0 0 0 0 0 0 0 0 0 0 0 0 0 0 0 0 0 0 0 0 0 0</row>
            <row>0 0 0 0 0 0 0 0 0 0 0 0 0 0 0 0 0 0 0 0 0 0 0 0 0 0 0 0 0 0 0 0 0 0 0 0 0 0 0 0 0 0 0 0 0 0 0 0 0 0 0 0 0 0 0 0 0 0 0 0 0 0 0 0</row>
            <row>0 0 0 0 0 0 0 0 0 0 0 0 0 0 0 0 0 0 0 0 0 0 0 0 0 0 0 0 0 0 0 0 0 0 0 0 0 0 0 0 0 0 0 0 0 0 0 0 0 0 0 0 0 0 0 0 0 0 0 0 0 0 0 0</row>
            <row>0 0 0 0 0 0 0 0 0 0 0 0 0 0 0 0 0 0 0 0 0 0 0 0 0 0 0 0 0 0 0 0 0 0 0 0 0 0 0 0 0 0 0 0 0 0 0 0 0 0 0 0 0 0 0 0 0 0 0 0 0 0 0 0</row>
            <row>0 0 0 0 0 0 0 0 0 0 0 0 0 0 0 0 0 0 0 0 0 0 0 0 0 0 0 0 0 0 0 0 0 0 0 0 0 0 0 0 0 0 0 0 0 0 0 0 0 0 0 0 0 0 0 0 0 0 0 0 0 0 0 0</row>
            <row>0 0 0 0 0 0 0 0 0 0 0 0 0 0 0 0 0 0 0 0 0 0 0 0 0 0 0 0 0 0 0 0 0 0 0 0 0 0 0 0 0 0 0 0 0 0 0 0 0 0 0 0 0 0 0 0 0 0 0 0 0 0 0 0</row>
            <row>0 0 0 0 0 0 0 0 0 0 0 0 0 0 0 0 0 0 0 0 0 0 0 0 0 0 0 0 0 0 0 0 0 0 0 0 0 0 0 0 0 0 0 0 0 0 0 0 0 0 0 0 0 0 0 0 0 0 0 0 0 0 0 0</row>
            <row>0 0 0 0 0 0 0 0 0 0 0 0 0 0 0 0 0 0 0 0 0 0 0 0 0 0 0 0 0 0 0 0 0 0 0 0 0 0 0 0 0 0 0 0 0 0 0 0 0 0 0 0 0 0 0 0 0 0 0 0 0 0 0 0</row>
            <row>0 0 0 0 0 0 0 0 0 0 0 0 0 0 0 0 0 0 0 0 0 0 0 0 0 0 0 0 0 0 0 0 0 0 0 0 0 0 0 0 0 0 0 0 0 0 0 0 0 0 0 0 0 0 0 0 0 0 0 0 0 0 0 0</row>
            <row>0 0 0 0 0 0 0 0 0 0 0 0 0 0 0 0 0 0 0 0 0 0 0 0 0 0 0 0 0 0 0 0 0 0 0 0 0 0 0 0 0 0 0 0 0 0 0 0 0 0 0 0 0 0 0 0 0 0 0 0 0 0 0 0</row>
        </grid>
    </map>
    <algorithm>
        <allowanyangle>true</allowanyangle>
        <metrictype>euclid</metrictype>
        <breakingties>g-max</breakingties>
        <weight>1</weight>
    </algorithm>
    <options>
        <loglevel>1</loglevel>
        <logpath />
        <logfilename />
    </options>
</root>
