<?xml version="1.0" ?>
<root>
    <map>
        <width>64</width>
        <height>64</height>
        <agents>150</agents>
        <startx number="0">15</startx>
        <starty number="0">54</starty>
        <finishx number="0">38</finishx>
        <finishy number="0">45</finishy>
        <startx number="1">57</startx>
        <starty number="1">26</starty>
        <finishx number="1">32</finishx>
        <finishy number="1">41</finishy>
        <startx number="2">9</startx>
        <starty number="2">34</starty>
        <finishx number="2">33</finishx>
        <finishy number="2">44</finishy>
        <startx number="3">15</startx>
        <starty number="3">1</starty>
        <finishx number="3">50</finishx>
        <finishy number="3">51</finishy>
        <startx number="4">42</startx>
        <starty number="4">55</starty>
        <finishx number="4">32</finishx>
        <finishy number="4">20</finishy>
        <startx number="5">24</startx>
        <starty number="5">55</starty>
        <finishx number="5">53</finishx>
        <finishy number="5">40</finishy>
        <startx number="6">43</startx>
        <starty number="6">15</starty>
        <finishx number="6">28</finishx>
        <finishy number="6">44</finishy>
        <startx number="7">49</startx>
        <starty number="7">28</starty>
        <finishx number="7">0</finishx>
        <finishy number="7">6</finishy>
        <startx number="8">43</startx>
        <starty number="8">25</starty>
        <finishx number="8">50</finishx>
        <finishy number="8">3</finishy>
        <startx number="9">18</startx>
        <starty number="9">11</starty>
        <finishx number="9">40</finishx>
        <finishy number="9">29</finishy>
        <startx number="10">41</startx>
        <starty number="10">26</starty>
        <finishx number="10">57</finishx>
        <finishy number="10">29</finishy>
        <startx number="11">29</startx>
        <starty number="11">55</starty>
        <finishx number="11">24</finishx>
        <finishy number="11">5</finishy>
        <startx number="12">6</startx>
        <starty number="12">21</starty>
        <finishx number="12">54</finishx>
        <finishy number="12">18</finishy>
        <startx number="13">30</startx>
        <starty number="13">4</starty>
        <finishx number="13">26</finishx>
        <finishy number="13">39</finishy>
        <startx number="14">5</startx>
        <starty number="14">43</starty>
        <finishx number="14">21</finishx>
        <finishy number="14">37</finishy>
        <startx number="15">27</startx>
        <starty number="15">55</starty>
        <finishx number="15">36</finishx>
        <finishy number="15">62</finishy>
        <startx number="16">58</startx>
        <starty number="16">44</starty>
        <finishx number="16">4</finishx>
        <finishy number="16">5</finishy>
        <startx number="17">4</startx>
        <starty number="17">13</starty>
        <finishx number="17">40</finishx>
        <finishy number="17">39</finishy>
        <startx number="18">41</startx>
        <starty number="18">21</starty>
        <finishx number="18">3</finishx>
        <finishy number="18">43</finishy>
        <startx number="19">37</startx>
        <starty number="19">58</starty>
        <finishx number="19">42</finishx>
        <finishy number="19">39</finishy>
        <startx number="20">13</startx>
        <starty number="20">14</starty>
        <finishx number="20">63</finishx>
        <finishy number="20">59</finishy>
        <startx number="21">53</startx>
        <starty number="21">62</starty>
        <finishx number="21">62</finishx>
        <finishy number="21">55</finishy>
        <startx number="22">63</startx>
        <starty number="22">4</starty>
        <finishx number="22">46</finishx>
        <finishy number="22">7</finishy>
        <startx number="23">26</startx>
        <starty number="23">32</starty>
        <finishx number="23">24</finishx>
        <finishy number="23">13</finishy>
        <startx number="24">11</startx>
        <starty number="24">47</starty>
        <finishx number="24">38</finishx>
        <finishy number="24">8</finishy>
        <startx number="25">41</startx>
        <starty number="25">34</starty>
        <finishx number="25">16</finishx>
        <finishy number="25">7</finishy>
        <startx number="26">43</startx>
        <starty number="26">23</starty>
        <finishx number="26">56</finishx>
        <finishy number="26">52</finishy>
        <startx number="27">39</startx>
        <starty number="27">16</starty>
        <finishx number="27">53</finishx>
        <finishy number="27">3</finishy>
        <startx number="28">34</startx>
        <starty number="28">3</starty>
        <finishx number="28">8</finishx>
        <finishy number="28">23</finishy>
        <startx number="29">14</startx>
        <starty number="29">38</starty>
        <finishx number="29">0</finishx>
        <finishy number="29">44</finishy>
        <startx number="30">14</startx>
        <starty number="30">9</starty>
        <finishx number="30">20</finishx>
        <finishy number="30">3</finishy>
        <startx number="31">18</startx>
        <starty number="31">62</starty>
        <finishx number="31">44</finishx>
        <finishy number="31">44</finishy>
        <startx number="32">41</startx>
        <starty number="32">10</starty>
        <finishx number="32">62</finishx>
        <finishy number="32">62</finishy>
        <startx number="33">33</startx>
        <starty number="33">14</starty>
        <finishx number="33">21</finishx>
        <finishy number="33">48</finishy>
        <startx number="34">32</startx>
        <starty number="34">17</starty>
        <finishx number="34">22</finishx>
        <finishy number="34">24</finishy>
        <startx number="35">28</startx>
        <starty number="35">57</starty>
        <finishx number="35">26</finishx>
        <finishy number="35">45</finishy>
        <startx number="36">19</startx>
        <starty number="36">22</starty>
        <finishx number="36">47</finishx>
        <finishy number="36">4</finishy>
        <startx number="37">15</startx>
        <starty number="37">49</starty>
        <finishx number="37">59</finishx>
        <finishy number="37">52</finishy>
        <startx number="38">12</startx>
        <starty number="38">52</starty>
        <finishx number="38">9</finishx>
        <finishy number="38">39</finishy>
        <startx number="39">3</startx>
        <starty number="39">30</starty>
        <finishx number="39">20</finishx>
        <finishy number="39">40</finishy>
        <startx number="40">54</startx>
        <starty number="40">6</starty>
        <finishx number="40">17</finishx>
        <finishy number="40">46</finishy>
        <startx number="41">23</startx>
        <starty number="41">45</starty>
        <finishx number="41">53</finishx>
        <finishy number="41">27</finishy>
        <startx number="42">36</startx>
        <starty number="42">3</starty>
        <finishx number="42">60</finishx>
        <finishy number="42">50</finishy>
        <startx number="43">20</startx>
        <starty number="43">16</starty>
        <finishx number="43">6</finishx>
        <finishy number="43">11</finishy>
        <startx number="44">34</startx>
        <starty number="44">27</starty>
        <finishx number="44">13</finishx>
        <finishy number="44">20</finishy>
        <startx number="45">7</startx>
        <starty number="45">53</starty>
        <finishx number="45">20</finishx>
        <finishy number="45">13</finishy>
        <startx number="46">26</startx>
        <starty number="46">48</starty>
        <finishx number="46">10</finishx>
        <finishy number="46">26</finishy>
        <startx number="47">63</startx>
        <starty number="47">33</starty>
        <finishx number="47">29</finishx>
        <finishy number="47">42</finishy>
        <startx number="48">20</startx>
        <starty number="48">32</starty>
        <finishx number="48">3</finishx>
        <finishy number="48">35</finishy>
        <startx number="49">26</startx>
        <starty number="49">58</starty>
        <finishx number="49">28</finishx>
        <finishy number="49">20</finishy>
        <startx number="50">21</startx>
        <starty number="50">11</starty>
        <finishx number="50">36</finishx>
        <finishy number="50">17</finishy>
        <startx number="51">54</startx>
        <starty number="51">21</starty>
        <finishx number="51">11</finishx>
        <finishy number="51">58</finishy>
        <startx number="52">7</startx>
        <starty number="52">50</starty>
        <finishx number="52">40</finishx>
        <finishy number="52">48</finishy>
        <startx number="53">18</startx>
        <starty number="53">25</starty>
        <finishx number="53">38</finishx>
        <finishy number="53">50</finishy>
        <startx number="54">16</startx>
        <starty number="54">62</starty>
        <finishx number="54">48</finishx>
        <finishy number="54">12</finishy>
        <startx number="55">25</startx>
        <starty number="55">42</starty>
        <finishx number="55">47</finishx>
        <finishy number="55">39</finishy>
        <startx number="56">8</startx>
        <starty number="56">58</starty>
        <finishx number="56">52</finishx>
        <finishy number="56">32</finishy>
        <startx number="57">6</startx>
        <starty number="57">37</starty>
        <finishx number="57">35</finishx>
        <finishy number="57">0</finishy>
        <startx number="58">33</startx>
        <starty number="58">60</starty>
        <finishx number="58">49</finishx>
        <finishy number="58">1</finishy>
        <startx number="59">53</startx>
        <starty number="59">56</starty>
        <finishx number="59">30</finishx>
        <finishy number="59">62</finishy>
        <startx number="60">47</startx>
        <starty number="60">41</starty>
        <finishx number="60">15</finishx>
        <finishy number="60">25</finishy>
        <startx number="61">32</startx>
        <starty number="61">22</starty>
        <finishx number="61">48</finishx>
        <finishy number="61">57</finishy>
        <startx number="62">58</startx>
        <starty number="62">58</starty>
        <finishx number="62">5</finishx>
        <finishy number="62">40</finishy>
        <startx number="63">32</startx>
        <starty number="63">38</starty>
        <finishx number="63">26</finishx>
        <finishy number="63">26</finishy>
        <startx number="64">58</startx>
        <starty number="64">39</starty>
        <finishx number="64">34</finishx>
        <finishy number="64">11</finishy>
        <startx number="65">19</startx>
        <starty number="65">51</starty>
        <finishx number="65">44</finishx>
        <finishy number="65">5</finishy>
        <startx number="66">14</startx>
        <starty number="66">63</starty>
        <finishx number="66">1</finishx>
        <finishy number="66">35</finishy>
        <startx number="67">29</startx>
        <starty number="67">18</starty>
        <finishx number="67">18</finishx>
        <finishy number="67">56</finishy>
        <startx number="68">27</startx>
        <starty number="68">60</starty>
        <finishx number="68">10</finishx>
        <finishy number="68">23</finishy>
        <startx number="69">14</startx>
        <starty number="69">28</starty>
        <finishx number="69">51</finishx>
        <finishy number="69">19</finishy>
        <startx number="70">17</startx>
        <starty number="70">9</starty>
        <finishx number="70">0</finishx>
        <finishy number="70">11</finishy>
        <startx number="71">63</startx>
        <starty number="71">57</starty>
        <finishx number="71">44</finishx>
        <finishy number="71">17</finishy>
        <startx number="72">39</startx>
        <starty number="72">61</starty>
        <finishx number="72">2</finishx>
        <finishy number="72">33</finishy>
        <startx number="73">20</startx>
        <starty number="73">43</starty>
        <finishx number="73">63</finishx>
        <finishy number="73">17</finishy>
        <startx number="74">63</startx>
        <starty number="74">36</starty>
        <finishx number="74">11</finishx>
        <finishy number="74">44</finishy>
        <startx number="75">45</startx>
        <starty number="75">57</starty>
        <finishx number="75">9</finishx>
        <finishy number="75">18</finishy>
        <startx number="76">52</startx>
        <starty number="76">6</starty>
        <finishx number="76">33</finishx>
        <finishy number="76">51</finishy>
        <startx number="77">42</startx>
        <starty number="77">61</starty>
        <finishx number="77">58</finishx>
        <finishy number="77">34</finishy>
        <startx number="78">46</startx>
        <starty number="78">14</starty>
        <finishx number="78">26</finishx>
        <finishy number="78">50</finishy>
        <startx number="79">50</startx>
        <starty number="79">35</starty>
        <finishx number="79">20</finishx>
        <finishy number="79">8</finishy>
        <startx number="80">38</startx>
        <starty number="80">26</starty>
        <finishx number="80">9</finishx>
        <finishy number="80">53</finishy>
        <startx number="81">57</startx>
        <starty number="81">21</starty>
        <finishx number="81">3</finishx>
        <finishy number="81">59</finishy>
        <startx number="82">5</startx>
        <starty number="82">27</starty>
        <finishx number="82">34</finishx>
        <finishy number="82">6</finishy>
        <startx number="83">7</startx>
        <starty number="83">8</starty>
        <finishx number="83">55</finishx>
        <finishy number="83">42</finishy>
        <startx number="84">62</startx>
        <starty number="84">25</starty>
        <finishx number="84">6</finishx>
        <finishy number="84">45</finishy>
        <startx number="85">43</startx>
        <starty number="85">28</starty>
        <finishx number="85">30</finishx>
        <finishy number="85">33</finishy>
        <startx number="86">27</startx>
        <starty number="86">34</starty>
        <finishx number="86">12</finishx>
        <finishy number="86">4</finishy>
        <startx number="87">51</startx>
        <starty number="87">46</starty>
        <finishx number="87">28</finishx>
        <finishy number="87">28</finishy>
        <startx number="88">4</startx>
        <starty number="88">22</starty>
        <finishx number="88">61</finishx>
        <finishy number="88">44</finishy>
        <startx number="89">7</startx>
        <starty number="89">5</starty>
        <finishx number="89">0</finishx>
        <finishy number="89">38</finishy>
        <startx number="90">6</startx>
        <starty number="90">48</starty>
        <finishx number="90">61</finishx>
        <finishy number="90">36</finishy>
        <startx number="91">22</startx>
        <starty number="91">43</starty>
        <finishx number="91">59</finishx>
        <finishy number="91">31</finishy>
        <startx number="92">34</startx>
        <starty number="92">56</starty>
        <finishx number="92">5</finishx>
        <finishy number="92">16</finishy>
        <startx number="93">43</startx>
        <starty number="93">34</starty>
        <finishx number="93">1</finishx>
        <finishy number="93">46</finishy>
        <startx number="94">21</startx>
        <starty number="94">19</starty>
        <finishx number="94">47</finishx>
        <finishy number="94">46</finishy>
        <startx number="95">1</startx>
        <starty number="95">51</starty>
        <finishx number="95">61</finishx>
        <finishy number="95">38</finishy>
        <startx number="96">42</startx>
        <starty number="96">31</starty>
        <finishx number="96">14</finishx>
        <finishy number="96">12</finishy>
        <startx number="97">30</startx>
        <starty number="97">28</starty>
        <finishx number="97">38</finishx>
        <finishy number="97">43</finishy>
        <startx number="98">52</startx>
        <starty number="98">51</starty>
        <finishx number="98">6</finishx>
        <finishy number="98">2</finishy>
        <startx number="99">45</startx>
        <starty number="99">50</starty>
        <finishx number="99">30</finishx>
        <finishy number="99">23</finishy>
        <startx number="100">48</startx>
        <starty number="100">22</starty>
        <finishx number="100">38</finishx>
        <finishy number="100">56</finishy>
        <startx number="101">36</startx>
        <starty number="101">19</starty>
        <finishx number="101">42</finishx>
        <finishy number="101">50</finishy>
        <startx number="102">15</startx>
        <starty number="102">20</starty>
        <finishx number="102">25</finishx>
        <finishy number="102">28</finishy>
        <startx number="103">59</startx>
        <starty number="103">1</starty>
        <finishx number="103">23</finishx>
        <finishy number="103">51</finishy>
        <startx number="104">51</startx>
        <starty number="104">21</starty>
        <finishx number="104">27</finishx>
        <finishy number="104">18</finishy>
        <startx number="105">24</startx>
        <starty number="105">8</starty>
        <finishx number="105">35</finishx>
        <finishy number="105">59</finishy>
        <startx number="106">14</startx>
        <starty number="106">52</starty>
        <finishx number="106">0</finishx>
        <finishy number="106">41</finishy>
        <startx number="107">6</startx>
        <starty number="107">0</starty>
        <finishx number="107">30</finishx>
        <finishy number="107">25</finishy>
        <startx number="108">5</startx>
        <starty number="108">32</starty>
        <finishx number="108">2</finishx>
        <finishy number="108">6</finishy>
        <startx number="109">14</startx>
        <starty number="109">4</starty>
        <finishx number="109">46</finishx>
        <finishy number="109">60</finishy>
        <startx number="110">23</startx>
        <starty number="110">3</starty>
        <finishx number="110">57</finishx>
        <finishy number="110">47</finishy>
        <startx number="111">49</startx>
        <starty number="111">41</starty>
        <finishx number="111">58</finishx>
        <finishy number="111">15</finishy>
        <startx number="112">4</startx>
        <starty number="112">56</starty>
        <finishx number="112">26</finishx>
        <finishy number="112">20</finishy>
        <startx number="113">48</startx>
        <starty number="113">30</starty>
        <finishx number="113">50</finishx>
        <finishy number="113">59</finishy>
        <startx number="114">53</startx>
        <starty number="114">8</starty>
        <finishx number="114">13</finishx>
        <finishy number="114">17</finishy>
        <startx number="115">31</startx>
        <starty number="115">31</starty>
        <finishx number="115">7</finishx>
        <finishy number="115">61</finishy>
        <startx number="116">38</startx>
        <starty number="116">29</starty>
        <finishx number="116">45</finishx>
        <finishy number="116">39</finishy>
        <startx number="117">14</startx>
        <starty number="117">60</starty>
        <finishx number="117">16</finishx>
        <finishy number="117">38</finishy>
        <startx number="118">34</startx>
        <starty number="118">30</starty>
        <finishx number="118">7</finishx>
        <finishy number="118">16</finishy>
        <startx number="119">29</startx>
        <starty number="119">50</starty>
        <finishx number="119">51</finishx>
        <finishy number="119">43</finishy>
        <startx number="120">4</startx>
        <starty number="120">0</starty>
        <finishx number="120">53</finishx>
        <finishy number="120">30</finishy>
        <startx number="121">18</startx>
        <starty number="121">0</starty>
        <finishx number="121">44</finishx>
        <finishy number="121">47</finishy>
        <startx number="122">30</startx>
        <starty number="122">1</starty>
        <finishx number="122">35</finishx>
        <finishy number="122">38</finishy>
        <startx number="123">43</startx>
        <starty number="123">13</starty>
        <finishx number="123">40</finishx>
        <finishy number="123">53</finishy>
        <startx number="124">13</startx>
        <starty number="124">36</starty>
        <finishx number="124">10</finishx>
        <finishy number="124">61</finishy>
        <startx number="125">53</startx>
        <starty number="125">48</starty>
        <finishx number="125">10</finishx>
        <finishy number="125">31</finishy>
        <startx number="126">5</startx>
        <starty number="126">29</starty>
        <finishx number="126">24</finishx>
        <finishy number="126">34</finishy>
        <startx number="127">14</startx>
        <starty number="127">57</starty>
        <finishx number="127">34</finishx>
        <finishy number="127">35</finishy>
        <startx number="128">23</startx>
        <starty number="128">53</starty>
        <finishx number="128">12</finishx>
        <finishy number="128">23</finishy>
        <startx number="129">61</startx>
        <starty number="129">15</starty>
        <finishx number="129">11</finishx>
        <finishy number="129">36</finishy>
        <startx number="130">1</startx>
        <starty number="130">59</starty>
        <finishx number="130">17</finishx>
        <finishy number="130">22</finishy>
        <startx number="131">56</startx>
        <starty number="131">18</starty>
        <finishx number="131">17</finishx>
        <finishy number="131">43</finishy>
        <startx number="132">45</startx>
        <starty number="132">36</starty>
        <finishx number="132">36</finishx>
        <finishy number="132">32</finishy>
        <startx number="133">45</startx>
        <starty number="133">31</starty>
        <finishx number="133">11</finishx>
        <finishy number="133">18</finishy>
        <startx number="134">8</startx>
        <starty number="134">37</starty>
        <finishx number="134">42</finishx>
        <finishy number="134">44</finishy>
        <startx number="135">7</startx>
        <starty number="135">18</starty>
        <finishx number="135">61</finishx>
        <finishy number="135">41</finishy>
        <startx number="136">32</startx>
        <starty number="136">49</starty>
        <finishx number="136">38</finishx>
        <finishy number="136">13</finishy>
        <startx number="137">55</startx>
        <starty number="137">61</starty>
        <finishx number="137">61</finishx>
        <finishy number="137">17</finishy>
        <startx number="138">60</startx>
        <starty number="138">12</starty>
        <finishx number="138">34</finishx>
        <finishy number="138">19</finishy>
        <startx number="139">56</startx>
        <starty number="139">24</starty>
        <finishx number="139">47</finishx>
        <finishy number="139">44</finishy>
        <startx number="140">47</startx>
        <starty number="140">1</starty>
        <finishx number="140">15</finishx>
        <finishy number="140">17</finishy>
        <startx number="141">36</startx>
        <starty number="141">40</starty>
        <finishx number="141">12</finishx>
        <finishy number="141">42</finishy>
        <startx number="142">62</startx>
        <starty number="142">12</starty>
        <finishx number="142">9</finishx>
        <finishy number="142">16</finishy>
        <startx number="143">53</startx>
        <starty number="143">59</starty>
        <finishx number="143">17</finishx>
        <finishy number="143">32</finishy>
        <startx number="144">51</startx>
        <starty number="144">37</starty>
        <finishx number="144">13</finishx>
        <finishy number="144">50</finishy>
        <startx number="145">60</startx>
        <starty number="145">23</starty>
        <finishx number="145">42</finishx>
        <finishy number="145">58</finishy>
        <startx number="146">32</startx>
        <starty number="146">25</starty>
        <finishx number="146">36</finishx>
        <finishy number="146">48</finishy>
        <startx number="147">40</startx>
        <starty number="147">32</starty>
        <finishx number="147">23</finishx>
        <finishy number="147">29</finishy>
        <startx number="148">8</startx>
        <starty number="148">21</starty>
        <finishx number="148">50</finishx>
        <finishy number="148">6</finishy>
        <startx number="149">12</startx>
        <starty number="149">7</starty>
        <finishx number="149">39</finishx>
        <finishy number="149">18</finishy>
        <grid>
            <row>0 0 0 0 0 0 0 0 0 0 0 0 0 0 0 0 0 0 0 0 0 0 0 0 0 0 0 0 0 0 0 0 0 0 0 0 0 0 0 0 0 0 0 0 0 0 0 0 0 0 0 0 0 0 0 0 0 0 0 0 0 0 0 0</row>
            <row>0 0 0 0 0 0 0 0 0 0 0 0 0 0 0 0 0 0 0 0 0 0 0 0 0 0 0 0 0 0 0 0 0 0 0 0 0 0 0 0 0 0 0 0 0 0 0 0 0 0 0 0 0 0 0 0 0 0 0 0 0 0 0 0</row>
            <row>0 0 0 0 0 0 0 0 0 0 0 0 0 0 0 0 0 0 0 0 0 0 0 0 0 0 0 0 0 0 0 0 0 0 0 0 0 0 0 0 0 0 0 0 0 0 0 0 0 0 0 0 0 0 0 0 0 0 0 0 0 0 0 0</row>
            <row>0 0 0 0 0 0 0 0 0 0 0 0 0 0 0 0 0 0 0 0 0 0 0 0 0 0 0 0 0 0 0 0 0 0 0 0 0 0 0 0 0 0 0 0 0 0 0 0 0 0 0 0 0 0 0 0 0 0 0 0 0 0 0 0</row>
            <row>0 0 0 0 0 0 0 0 0 0 0 0 0 0 0 0 0 0 0 0 0 0 0 0 0 0 0 0 0 0 0 0 0 0 0 0 0 0 0 0 0 0 0 0 0 0 0 0 0 0 0 0 0 0 0 0 0 0 0 0 0 0 0 0</row>
            <row>0 0 0 0 0 0 0 0 0 0 0 0 0 0 0 0 0 0 0 0 0 0 0 0 0 0 0 0 0 0 0 0 0 0 0 0 0 0 0 0 0 0 0 0 0 0 0 0 0 0 0 0 0 0 0 0 0 0 0 0 0 0 0 0</row>
            <row>0 0 0 0 0 0 0 0 0 0 0 0 0 0 0 0 0 0 0 0 0 0 0 0 0 0 0 0 0 0 0 0 0 0 0 0 0 0 0 0 0 0 0 0 0 0 0 0 0 0 0 0 0 0 0 0 0 0 0 0 0 0 0 0</row>
            <row>0 0 0 0 0 0 0 0 0 0 0 0 0 0 0 0 0 0 0 0 0 0 0 0 0 0 0 0 0 0 0 0 0 0 0 0 0 0 0 0 0 0 0 0 0 0 0 0 0 0 0 0 0 0 0 0 0 0 0 0 0 0 0 0</row>
            <row>0 0 0 0 0 0 0 0 0 0 0 0 0 0 0 0 0 0 0 0 0 0 0 0 0 0 0 0 0 0 0 0 0 0 0 0 0 0 0 0 0 0 0 0 0 0 0 0 0 0 0 0 0 0 0 0 0 0 0 0 0 0 0 0</row>
            <row>0 0 0 0 0 0 0 0 0 0 0 0 0 0 0 0 0 0 0 0 0 0 0 0 0 0 0 0 0 0 0 0 0 0 0 0 0 0 0 0 0 0 0 0 0 0 0 0 0 0 0 0 0 0 0 0 0 0 0 0 0 0 0 0</row>
            <row>0 0 0 0 0 0 0 0 0 0 0 0 0 0 0 0 0 0 0 0 0 0 0 0 0 0 0 0 0 0 0 0 0 0 0 0 0 0 0 0 0 0 0 0 0 0 0 0 0 0 0 0 0 0 0 0 0 0 0 0 0 0 0 0</row>
            <row>0 0 0 0 0 0 0 0 0 0 0 0 0 0 0 0 0 0 0 0 0 0 0 0 0 0 0 0 0 0 0 0 0 0 0 0 0 0 0 0 0 0 0 0 0 0 0 0 0 0 0 0 0 0 0 0 0 0 0 0 0 0 0 0</row>
            <row>0 0 0 0 0 0 0 0 0 0 0 0 0 0 0 0 0 0 0 0 0 0 0 0 0 0 0 0 0 0 0 0 0 0 0 0 0 0 0 0 0 0 0 0 0 0 0 0 0 0 0 0 0 0 0 0 0 0 0 0 0 0 0 0</row>
            <row>0 0 0 0 0 0 0 0 0 0 0 0 0 0 0 0 0 0 0 0 0 0 0 0 0 0 0 0 0 0 0 0 0 0 0 0 0 0 0 0 0 0 0 0 0 0 0 0 0 0 0 0 0 0 0 0 0 0 0 0 0 0 0 0</row>
            <row>0 0 0 0 0 0 0 0 0 0 0 0 0 0 0 0 0 0 0 0 0 0 0 0 0 0 0 0 0 0 0 0 0 0 0 0 0 0 0 0 0 0 0 0 0 0 0 0 0 0 0 0 0 0 0 0 0 0 0 0 0 0 0 0</row>
            <row>0 0 0 0 0 0 0 0 0 0 0 0 0 0 0 0 0 0 0 0 0 0 0 0 0 0 0 0 0 0 0 0 0 0 0 0 0 0 0 0 0 0 0 0 0 0 0 0 0 0 0 0 0 0 0 0 0 0 0 0 0 0 0 0</row>
            <row>0 0 0 0 0 0 0 0 0 0 0 0 0 0 0 0 0 0 0 0 0 0 0 0 0 0 0 0 0 0 0 0 0 0 0 0 0 0 0 0 0 0 0 0 0 0 0 0 0 0 0 0 0 0 0 0 0 0 0 0 0 0 0 0</row>
            <row>0 0 0 0 0 0 0 0 0 0 0 0 0 0 0 0 0 0 0 0 0 0 0 0 0 0 0 0 0 0 0 0 0 0 0 0 0 0 0 0 0 0 0 0 0 0 0 0 0 0 0 0 0 0 0 0 0 0 0 0 0 0 0 0</row>
            <row>0 0 0 0 0 0 0 0 0 0 0 0 0 0 0 0 0 0 0 0 0 0 0 0 0 0 0 0 0 0 0 0 0 0 0 0 0 0 0 0 0 0 0 0 0 0 0 0 0 0 0 0 0 0 0 0 0 0 0 0 0 0 0 0</row>
            <row>0 0 0 0 0 0 0 0 0 0 0 0 0 0 0 0 0 0 0 0 0 0 0 0 0 0 0 0 0 0 0 0 0 0 0 0 0 0 0 0 0 0 0 0 0 0 0 0 0 0 0 0 0 0 0 0 0 0 0 0 0 0 0 0</row>
            <row>0 0 0 0 0 0 0 0 0 0 0 0 0 0 0 0 0 0 0 0 0 0 0 0 0 0 0 0 0 0 0 0 0 0 0 0 0 0 0 0 0 0 0 0 0 0 0 0 0 0 0 0 0 0 0 0 0 0 0 0 0 0 0 0</row>
            <row>0 0 0 0 0 0 0 0 0 0 0 0 0 0 0 0 0 0 0 0 0 0 0 0 0 0 0 0 0 0 0 0 0 0 0 0 0 0 0 0 0 0 0 0 0 0 0 0 0 0 0 0 0 0 0 0 0 0 0 0 0 0 0 0</row>
            <row>0 0 0 0 0 0 0 0 0 0 0 0 0 0 0 0 0 0 0 0 0 0 0 0 0 0 0 0 0 0 0 0 0 0 0 0 0 0 0 0 0 0 0 0 0 0 0 0 0 0 0 0 0 0 0 0 0 0 0 0 0 0 0 0</row>
            <row>0 0 0 0 0 0 0 0 0 0 0 0 0 0 0 0 0 0 0 0 0 0 0 0 0 0 0 0 0 0 0 0 0 0 0 0 0 0 0 0 0 0 0 0 0 0 0 0 0 0 0 0 0 0 0 0 0 0 0 0 0 0 0 0</row>
            <row>0 0 0 0 0 0 0 0 0 0 0 0 0 0 0 0 0 0 0 0 0 0 0 0 0 0 0 0 0 0 0 0 0 0 0 0 0 0 0 0 0 0 0 0 0 0 0 0 0 0 0 0 0 0 0 0 0 0 0 0 0 0 0 0</row>
            <row>0 0 0 0 0 0 0 0 0 0 0 0 0 0 0 0 0 0 0 0 0 0 0 0 0 0 0 0 0 0 0 0 0 0 0 0 0 0 0 0 0 0 0 0 0 0 0 0 0 0 0 0 0 0 0 0 0 0 0 0 0 0 0 0</row>
            <row>0 0 0 0 0 0 0 0 0 0 0 0 0 0 0 0 0 0 0 0 0 0 0 0 0 0 0 0 0 0 0 0 0 0 0 0 0 0 0 0 0 0 0 0 0 0 0 0 0 0 0 0 0 0 0 0 0 0 0 0 0 0 0 0</row>
            <row>0 0 0 0 0 0 0 0 0 0 0 0 0 0 0 0 0 0 0 0 0 0 0 0 0 0 0 0 0 0 0 0 0 0 0 0 0 0 0 0 0 0 0 0 0 0 0 0 0 0 0 0 0 0 0 0 0 0 0 0 0 0 0 0</row>
            <row>0 0 0 0 0 0 0 0 0 0 0 0 0 0 0 0 0 0 0 0 0 0 0 0 0 0 0 0 0 0 0 0 0 0 0 0 0 0 0 0 0 0 0 0 0 0 0 0 0 0 0 0 0 0 0 0 0 0 0 0 0 0 0 0</row>
            <row>0 0 0 0 0 0 0 0 0 0 0 0 0 0 0 0 0 0 0 0 0 0 0 0 0 0 0 0 0 0 0 0 0 0 0 0 0 0 0 0 0 0 0 0 0 0 0 0 0 0 0 0 0 0 0 0 0 0 0 0 0 0 0 0</row>
            <row>0 0 0 0 0 0 0 0 0 0 0 0 0 0 0 0 0 0 0 0 0 0 0 0 0 0 0 0 0 0 0 0 0 0 0 0 0 0 0 0 0 0 0 0 0 0 0 0 0 0 0 0 0 0 0 0 0 0 0 0 0 0 0 0</row>
            <row>0 0 0 0 0 0 0 0 0 0 0 0 0 0 0 0 0 0 0 0 0 0 0 0 0 0 0 0 0 0 0 0 0 0 0 0 0 0 0 0 0 0 0 0 0 0 0 0 0 0 0 0 0 0 0 0 0 0 0 0 0 0 0 0</row>
            <row>0 0 0 0 0 0 0 0 0 0 0 0 0 0 0 0 0 0 0 0 0 0 0 0 0 0 0 0 0 0 0 0 0 0 0 0 0 0 0 0 0 0 0 0 0 0 0 0 0 0 0 0 0 0 0 0 0 0 0 0 0 0 0 0</row>
            <row>0 0 0 0 0 0 0 0 0 0 0 0 0 0 0 0 0 0 0 0 0 0 0 0 0 0 0 0 0 0 0 0 0 0 0 0 0 0 0 0 0 0 0 0 0 0 0 0 0 0 0 0 0 0 0 0 0 0 0 0 0 0 0 0</row>
            <row>0 0 0 0 0 0 0 0 0 0 0 0 0 0 0 0 0 0 0 0 0 0 0 0 0 0 0 0 0 0 0 0 0 0 0 0 0 0 0 0 0 0 0 0 0 0 0 0 0 0 0 0 0 0 0 0 0 0 0 0 0 0 0 0</row>
            <row>0 0 0 0 0 0 0 0 0 0 0 0 0 0 0 0 0 0 0 0 0 0 0 0 0 0 0 0 0 0 0 0 0 0 0 0 0 0 0 0 0 0 0 0 0 0 0 0 0 0 0 0 0 0 0 0 0 0 0 0 0 0 0 0</row>
            <row>0 0 0 0 0 0 0 0 0 0 0 0 0 0 0 0 0 0 0 0 0 0 0 0 0 0 0 0 0 0 0 0 0 0 0 0 0 0 0 0 0 0 0 0 0 0 0 0 0 0 0 0 0 0 0 0 0 0 0 0 0 0 0 0</row>
            <row>0 0 0 0 0 0 0 0 0 0 0 0 0 0 0 0 0 0 0 0 0 0 0 0 0 0 0 0 0 0 0 0 0 0 0 0 0 0 0 0 0 0 0 0 0 0 0 0 0 0 0 0 0 0 0 0 0 0 0 0 0 0 0 0</row>
            <row>0 0 0 0 0 0 0 0 0 0 0 0 0 0 0 0 0 0 0 0 0 0 0 0 0 0 0 0 0 0 0 0 0 0 0 0 0 0 0 0 0 0 0 0 0 0 0 0 0 0 0 0 0 0 0 0 0 0 0 0 0 0 0 0</row>
            <row>0 0 0 0 0 0 0 0 0 0 0 0 0 0 0 0 0 0 0 0 0 0 0 0 0 0 0 0 0 0 0 0 0 0 0 0 0 0 0 0 0 0 0 0 0 0 0 0 0 0 0 0 0 0 0 0 0 0 0 0 0 0 0 0</row>
            <row>0 0 0 0 0 0 0 0 0 0 0 0 0 0 0 0 0 0 0 0 0 0 0 0 0 0 0 0 0 0 0 0 0 0 0 0 0 0 0 0 0 0 0 0 0 0 0 0 0 0 0 0 0 0 0 0 0 0 0 0 0 0 0 0</row>
            <row>0 0 0 0 0 0 0 0 0 0 0 0 0 0 0 0 0 0 0 0 0 0 0 0 0 0 0 0 0 0 0 0 0 0 0 0 0 0 0 0 0 0 0 0 0 0 0 0 0 0 0 0 0 0 0 0 0 0 0 0 0 0 0 0</row>
            <row>0 0 0 0 0 0 0 0 0 0 0 0 0 0 0 0 0 0 0 0 0 0 0 0 0 0 0 0 0 0 0 0 0 0 0 0 0 0 0 0 0 0 0 0 0 0 0 0 0 0 0 0 0 0 0 0 0 0 0 0 0 0 0 0</row>
            <row>0 0 0 0 0 0 0 0 0 0 0 0 0 0 0 0 0 0 0 0 0 0 0 0 0 0 0 0 0 0 0 0 0 0 0 0 0 0 0 0 0 0 0 0 0 0 0 0 0 0 0 0 0 0 0 0 0 0 0 0 0 0 0 0</row>
            <row>0 0 0 0 0 0 0 0 0 0 0 0 0 0 0 0 0 0 0 0 0 0 0 0 0 0 0 0 0 0 0 0 0 0 0 0 0 0 0 0 0 0 0 0 0 0 0 0 0 0 0 0 0 0 0 0 0 0 0 0 0 0 0 0</row>
            <row>0 0 0 0 0 0 0 0 0 0 0 0 0 0 0 0 0 0 0 0 0 0 0 0 0 0 0 0 0 0 0 0 0 0 0 0 0 0 0 0 0 0 0 0 0 0 0 0 0 0 0 0 0 0 0 0 0 0 0 0 0 0 0 0</row>
            <row>0 0 0 0 0 0 0 0 0 0 0 0 0 0 0 0 0 0 0 0 0 0 0 0 0 0 0 0 0 0 0 0 0 0 0 0 0 0 0 0 0 0 0 0 0 0 0 0 0 0 0 0 0 0 0 0 0 0 0 0 0 0 0 0</row>
            <row>0 0 0 0 0 0 0 0 0 0 0 0 0 0 0 0 0 0 0 0 0 0 0 0 0 0 0 0 0 0 0 0 0 0 0 0 0 0 0 0 0 0 0 0 0 0 0 0 0 0 0 0 0 0 0 0 0 0 0 0 0 0 0 0</row>
            <row>0 0 0 0 0 0 0 0 0 0 0 0 0 0 0 0 0 0 0 0 0 0 0 0 0 0 0 0 0 0 0 0 0 0 0 0 0 0 0 0 0 0 0 0 0 0 0 0 0 0 0 0 0 0 0 0 0 0 0 0 0 0 0 0</row>
            <row>0 0 0 0 0 0 0 0 0 0 0 0 0 0 0 0 0 0 0 0 0 0 0 0 0 0 0 0 0 0 0 0 0 0 0 0 0 0 0 0 0 0 0 0 0 0 0 0 0 0 0 0 0 0 0 0 0 0 0 0 0 0 0 0</row>
            <row>0 0 0 0 0 0 0 0 0 0 0 0 0 0 0 0 0 0 0 0 0 0 0 0 0 0 0 0 0 0 0 0 0 0 0 0 0 0 0 0 0 0 0 0 0 0 0 0 0 0 0 0 0 0 0 0 0 0 0 0 0 0 0 0</row>
            <row>0 0 0 0 0 0 0 0 0 0 0 0 0 0 0 0 0 0 0 0 0 0 0 0 0 0 0 0 0 0 0 0 0 0 0 0 0 0 0 0 0 0 0 0 0 0 0 0 0 0 0 0 0 0 0 0 0 0 0 0 0 0 0 0</row>
            <row>0 0 0 0 0 0 0 0 0 0 0 0 0 0 0 0 0 0 0 0 0 0 0 0 0 0 0 0 0 0 0 0 0 0 0 0 0 0 0 0 0 0 0 0 0 0 0 0 0 0 0 0 0 0 0 0 0 0 0 0 0 0 0 0</row>
            <row>0 0 0 0 0 0 0 0 0 0 0 0 0 0 0 0 0 0 0 0 0 0 0 0 0 0 0 0 0 0 0 0 0 0 0 0 0 0 0 0 0 0 0 0 0 0 0 0 0 0 0 0 0 0 0 0 0 0 0 0 0 0 0 0</row>
            <row>0 0 0 0 0 0 0 0 0 0 0 0 0 0 0 0 0 0 0 0 0 0 0 0 0 0 0 0 0 0 0 0 0 0 0 0 0 0 0 0 0 0 0 0 0 0 0 0 0 0 0 0 0 0 0 0 0 0 0 0 0 0 0 0</row>
            <row>0 0 0 0 0 0 0 0 0 0 0 0 0 0 0 0 0 0 0 0 0 0 0 0 0 0 0 0 0 0 0 0 0 0 0 0 0 0 0 0 0 0 0 0 0 0 0 0 0 0 0 0 0 0 0 0 0 0 0 0 0 0 0 0</row>
            <row>0 0 0 0 0 0 0 0 0 0 0 0 0 0 0 0 0 0 0 0 0 0 0 0 0 0 0 0 0 0 0 0 0 0 0 0 0 0 0 0 0 0 0 0 0 0 0 0 0 0 0 0 0 0 0 0 0 0 0 0 0 0 0 0</row>
            <row>0 0 0 0 0 0 0 0 0 0 0 0 0 0 0 0 0 0 0 0 0 0 0 0 0 0 0 0 0 0 0 0 0 0 0 0 0 0 0 0 0 0 0 0 0 0 0 0 0 0 0 0 0 0 0 0 0 0 0 0 0 0 0 0</row>
            <row>0 0 0 0 0 0 0 0 0 0 0 0 0 0 0 0 0 0 0 0 0 0 0 0 0 0 0 0 0 0 0 0 0 0 0 0 0 0 0 0 0 0 0 0 0 0 0 0 0 0 0 0 0 0 0 0 0 0 0 0 0 0 0 0</row>
            <row>0 0 0 0 0 0 0 0 0 0 0 0 0 0 0 0 0 0 0 0 0 0 0 0 0 0 0 0 0 0 0 0 0 0 0 0 0 0 0 0 0 0 0 0 0 0 0 0 0 0 0 0 0 0 0 0 0 0 0 0 0 0 0 0</row>
            <row>0 0 0 0 0 0 0 0 0 0 0 0 0 0 0 0 0 0 0 0 0 0 0 0 0 0 0 0 0 0 0 0 0 0 0 0 0 0 0 0 0 0 0 0 0 0 0 0 0 0 0 0 0 0 0 0 0 0 0 0 0 0 0 0</row>
            <row>0 0 0 0 0 0 0 0 0 0 0 0 0 0 0 0 0 0 0 0 0 0 0 0 0 0 0 0 0 0 0 0 0 0 0 0 0 0 0 0 0 0 0 0 0 0 0 0 0 0 0 0 0 0 0 0 0 0 0 0 0 0 0 0</row>
            <row>0 0 0 0 0 0 0 0 0 0 0 0 0 0 0 0 0 0 0 0 0 0 0 0 0 0 0 0 0 0 0 0 0 0 0 0 0 0 0 0 0 0 0 0 0 0 0 0 0 0 0 0 0 0 0 0 0 0 0 0 0 0 0 0</row>
            <row>0 0 0 0 0 0 0 0 0 0 0 0 0 0 0 0 0 0 0 0 0 0 0 0 0 0 0 0 0 0 0 0 0 0 0 0 0 0 0 0 0 0 0 0 0 0 0 0 0 0 0 0 0 0 0 0 0 0 0 0 0 0 0 0</row>
        </grid>
    </map>
    <algorithm>
        <allowanyangle>true</allowanyangle>
        <metrictype>euclid</metrictype>
        <breakingties>g-max</breakingties>
        <weight>1</weight>
    </algorithm>
    <options>
        <loglevel>1</loglevel>
        <logpath />
        <logfilename />
    </options>
</root>
