<?xml version="1.0" ?>
<root>
    <map>
        <width>64</width>
        <height>64</height>
        <agents>200</agents>
        <startx number="0">6</startx>
        <starty number="0">29</starty>
        <finishx number="0">51</finishx>
        <finishy number="0">43</finishy>
        <startx number="1">53</startx>
        <starty number="1">8</starty>
        <finishx number="1">44</finishx>
        <finishy number="1">39</finishy>
        <startx number="2">8</startx>
        <starty number="2">15</starty>
        <finishx number="2">46</finishx>
        <finishy number="2">41</finishy>
        <startx number="3">23</startx>
        <starty number="3">0</starty>
        <finishx number="3">42</finishx>
        <finishy number="3">2</finishy>
        <startx number="4">44</startx>
        <starty number="4">36</starty>
        <finishx number="4">21</finishx>
        <finishy number="4">32</finishy>
        <startx number="5">51</startx>
        <starty number="5">9</starty>
        <finishx number="5">48</finishx>
        <finishy number="5">25</finishy>
        <startx number="6">18</startx>
        <starty number="6">19</starty>
        <finishx number="6">35</finishx>
        <finishy number="6">59</finishy>
        <startx number="7">49</startx>
        <starty number="7">32</starty>
        <finishx number="7">14</finishx>
        <finishy number="7">25</finishy>
        <startx number="8">31</startx>
        <starty number="8">17</starty>
        <finishx number="8">45</finishx>
        <finishy number="8">2</finishy>
        <startx number="9">16</startx>
        <starty number="9">43</starty>
        <finishx number="9">60</finishx>
        <finishy number="9">28</finishy>
        <startx number="10">0</startx>
        <starty number="10">22</starty>
        <finishx number="10">42</finishx>
        <finishy number="10">50</finishy>
        <startx number="11">57</startx>
        <starty number="11">47</starty>
        <finishx number="11">27</finishx>
        <finishy number="11">5</finishy>
        <startx number="12">55</startx>
        <starty number="12">24</starty>
        <finishx number="12">26</finishx>
        <finishy number="12">58</finishy>
        <startx number="13">6</startx>
        <starty number="13">54</starty>
        <finishx number="13">52</finishx>
        <finishy number="13">35</finishy>
        <startx number="14">36</startx>
        <starty number="14">34</starty>
        <finishx number="14">5</finishx>
        <finishy number="14">38</finishy>
        <startx number="15">26</startx>
        <starty number="15">31</starty>
        <finishx number="15">11</finishx>
        <finishy number="15">7</finishy>
        <startx number="16">62</startx>
        <starty number="16">60</starty>
        <finishx number="16">55</finishx>
        <finishy number="16">50</finishy>
        <startx number="17">57</startx>
        <starty number="17">15</starty>
        <finishx number="17">48</finishx>
        <finishy number="17">62</finishy>
        <startx number="18">46</startx>
        <starty number="18">49</starty>
        <finishx number="18">4</finishx>
        <finishy number="18">32</finishy>
        <startx number="19">10</startx>
        <starty number="19">28</starty>
        <finishx number="19">42</finishx>
        <finishy number="19">44</finishy>
        <startx number="20">12</startx>
        <starty number="20">23</starty>
        <finishx number="20">48</finishx>
        <finishy number="20">9</finishy>
        <startx number="21">28</startx>
        <starty number="21">57</starty>
        <finishx number="21">49</finishx>
        <finishy number="21">22</finishy>
        <startx number="22">50</startx>
        <starty number="22">3</starty>
        <finishx number="22">32</finishx>
        <finishy number="22">9</finishy>
        <startx number="23">23</startx>
        <starty number="23">29</starty>
        <finishx number="23">21</finishx>
        <finishy number="23">5</finishy>
        <startx number="24">10</startx>
        <starty number="24">26</starty>
        <finishx number="24">42</finishx>
        <finishy number="24">23</finishy>
        <startx number="25">9</startx>
        <starty number="25">63</starty>
        <finishx number="25">62</finishx>
        <finishy number="25">46</finishy>
        <startx number="26">19</startx>
        <starty number="26">21</starty>
        <finishx number="26">28</finishx>
        <finishy number="26">17</finishy>
        <startx number="27">3</startx>
        <starty number="27">56</starty>
        <finishx number="27">58</finishx>
        <finishy number="27">60</finishy>
        <startx number="28">16</startx>
        <starty number="28">30</starty>
        <finishx number="28">62</finishx>
        <finishy number="28">7</finishy>
        <startx number="29">33</startx>
        <starty number="29">60</starty>
        <finishx number="29">10</finishx>
        <finishy number="29">15</finishy>
        <startx number="30">42</startx>
        <starty number="30">42</starty>
        <finishx number="30">57</finishx>
        <finishy number="30">40</finishy>
        <startx number="31">45</startx>
        <starty number="31">4</starty>
        <finishx number="31">39</finishx>
        <finishy number="31">35</finishy>
        <startx number="32">17</startx>
        <starty number="32">62</starty>
        <finishx number="32">30</finishx>
        <finishy number="32">20</finishy>
        <startx number="33">44</startx>
        <starty number="33">63</starty>
        <finishx number="33">15</finishx>
        <finishy number="33">39</finishy>
        <startx number="34">3</startx>
        <starty number="34">40</starty>
        <finishx number="34">8</finishx>
        <finishy number="34">29</finishy>
        <startx number="35">11</startx>
        <starty number="35">13</starty>
        <finishx number="35">37</finishx>
        <finishy number="35">59</finishy>
        <startx number="36">29</startx>
        <starty number="36">28</starty>
        <finishx number="36">9</finishx>
        <finishy number="36">13</finishy>
        <startx number="37">38</startx>
        <starty number="37">29</starty>
        <finishx number="37">26</finishx>
        <finishy number="37">26</finishy>
        <startx number="38">38</startx>
        <starty number="38">61</starty>
        <finishx number="38">50</finishx>
        <finishy number="38">14</finishy>
        <startx number="39">10</startx>
        <starty number="39">2</starty>
        <finishx number="39">44</finishx>
        <finishy number="39">7</finishy>
        <startx number="40">59</startx>
        <starty number="40">57</starty>
        <finishx number="40">32</finishx>
        <finishy number="40">49</finishy>
        <startx number="41">34</startx>
        <starty number="41">35</starty>
        <finishx number="41">9</finishx>
        <finishy number="41">50</finishy>
        <startx number="42">40</startx>
        <starty number="42">21</starty>
        <finishx number="42">49</finishx>
        <finishy number="42">6</finishy>
        <startx number="43">35</startx>
        <starty number="43">51</starty>
        <finishx number="43">49</finishx>
        <finishy number="43">1</finishy>
        <startx number="44">29</startx>
        <starty number="44">55</starty>
        <finishx number="44">3</finishx>
        <finishy number="44">0</finishy>
        <startx number="45">54</startx>
        <starty number="45">5</starty>
        <finishx number="45">46</finishx>
        <finishy number="45">31</finishy>
        <startx number="46">16</startx>
        <starty number="46">41</starty>
        <finishx number="46">2</finishx>
        <finishy number="46">59</finishy>
        <startx number="47">12</startx>
        <starty number="47">28</starty>
        <finishx number="47">22</finishx>
        <finishy number="47">34</finishy>
        <startx number="48">27</startx>
        <starty number="48">10</starty>
        <finishx number="48">48</finishx>
        <finishy number="48">46</finishy>
        <startx number="49">57</startx>
        <starty number="49">42</starty>
        <finishx number="49">48</finishx>
        <finishy number="49">57</finishy>
        <startx number="50">48</startx>
        <starty number="50">41</starty>
        <finishx number="50">38</finishx>
        <finishy number="50">48</finishy>
        <startx number="51">21</startx>
        <starty number="51">62</starty>
        <finishx number="51">63</finishx>
        <finishy number="51">9</finishy>
        <startx number="52">48</startx>
        <starty number="52">4</starty>
        <finishx number="52">31</finishx>
        <finishy number="52">36</finishy>
        <startx number="53">0</startx>
        <starty number="53">49</starty>
        <finishx number="53">50</finishx>
        <finishy number="53">24</finishy>
        <startx number="54">3</startx>
        <starty number="54">62</starty>
        <finishx number="54">32</finishx>
        <finishy number="54">41</finishy>
        <startx number="55">36</startx>
        <starty number="55">30</starty>
        <finishx number="55">26</finishx>
        <finishy number="55">7</finishy>
        <startx number="56">48</startx>
        <starty number="56">54</starty>
        <finishx number="56">38</finishx>
        <finishy number="56">0</finishy>
        <startx number="57">3</startx>
        <starty number="57">24</starty>
        <finishx number="57">27</finishx>
        <finishy number="57">47</finishy>
        <startx number="58">29</startx>
        <starty number="58">50</starty>
        <finishx number="58">18</finishx>
        <finishy number="58">0</finishy>
        <startx number="59">28</startx>
        <starty number="59">23</starty>
        <finishx number="59">24</finishx>
        <finishy number="59">13</finishy>
        <startx number="60">20</startx>
        <starty number="60">54</starty>
        <finishx number="60">47</finishx>
        <finishy number="60">38</finishy>
        <startx number="61">33</startx>
        <starty number="61">17</starty>
        <finishx number="61">30</finishx>
        <finishy number="61">41</finishy>
        <startx number="62">39</startx>
        <starty number="62">51</starty>
        <finishx number="62">29</finishx>
        <finishy number="62">9</finishy>
        <startx number="63">8</startx>
        <starty number="63">21</starty>
        <finishx number="63">15</finishx>
        <finishy number="63">54</finishy>
        <startx number="64">5</startx>
        <starty number="64">19</starty>
        <finishx number="64">41</finishx>
        <finishy number="64">55</finishy>
        <startx number="65">23</startx>
        <starty number="65">58</starty>
        <finishx number="65">9</finishx>
        <finishy number="65">7</finishy>
        <startx number="66">17</startx>
        <starty number="66">12</starty>
        <finishx number="66">11</finishx>
        <finishy number="66">63</finishy>
        <startx number="67">61</startx>
        <starty number="67">4</starty>
        <finishx number="67">18</finishx>
        <finishy number="67">59</finishy>
        <startx number="68">49</startx>
        <starty number="68">11</starty>
        <finishx number="68">51</finishx>
        <finishy number="68">0</finishy>
        <startx number="69">18</startx>
        <starty number="69">16</starty>
        <finishx number="69">59</finishx>
        <finishy number="69">41</finishy>
        <startx number="70">56</startx>
        <starty number="70">0</starty>
        <finishx number="70">5</finishx>
        <finishy number="70">56</finishy>
        <startx number="71">24</startx>
        <starty number="71">31</starty>
        <finishx number="71">14</finishx>
        <finishy number="71">1</finishy>
        <startx number="72">58</startx>
        <starty number="72">10</starty>
        <finishx number="72">10</finishx>
        <finishy number="72">18</finishy>
        <startx number="73">13</startx>
        <starty number="73">54</starty>
        <finishx number="73">16</finishx>
        <finishy number="73">57</finishy>
        <startx number="74">63</startx>
        <starty number="74">12</starty>
        <finishx number="74">40</finishx>
        <finishy number="74">42</finishy>
        <startx number="75">22</startx>
        <starty number="75">13</starty>
        <finishx number="75">43</finishx>
        <finishy number="75">15</finishy>
        <startx number="76">44</startx>
        <starty number="76">58</starty>
        <finishx number="76">34</finishx>
        <finishy number="76">32</finishy>
        <startx number="77">2</startx>
        <starty number="77">6</starty>
        <finishx number="77">58</finishx>
        <finishy number="77">36</finishy>
        <startx number="78">29</startx>
        <starty number="78">63</starty>
        <finishx number="78">20</finishx>
        <finishy number="78">35</finishy>
        <startx number="79">52</startx>
        <starty number="79">3</starty>
        <finishx number="79">12</finishx>
        <finishy number="79">17</finishy>
        <startx number="80">12</startx>
        <starty number="80">1</starty>
        <finishx number="80">30</finishx>
        <finishy number="80">39</finishy>
        <startx number="81">11</startx>
        <starty number="81">20</starty>
        <finishx number="81">62</finishx>
        <finishy number="81">54</finishy>
        <startx number="82">12</startx>
        <starty number="82">31</starty>
        <finishx number="82">6</finishx>
        <finishy number="82">48</finishy>
        <startx number="83">53</startx>
        <starty number="83">53</starty>
        <finishx number="83">15</finishx>
        <finishy number="83">14</finishy>
        <startx number="84">23</startx>
        <starty number="84">48</starty>
        <finishx number="84">59</finishx>
        <finishy number="84">26</finishy>
        <startx number="85">36</startx>
        <starty number="85">43</starty>
        <finishx number="85">25</finishx>
        <finishy number="85">2</finishy>
        <startx number="86">60</startx>
        <starty number="86">33</starty>
        <finishx number="86">14</finishx>
        <finishy number="86">20</finishy>
        <startx number="87">31</startx>
        <starty number="87">1</starty>
        <finishx number="87">3</finishx>
        <finishy number="87">11</finishy>
        <startx number="88">4</startx>
        <starty number="88">43</starty>
        <finishx number="88">60</finishx>
        <finishy number="88">18</finishy>
        <startx number="89">21</startx>
        <starty number="89">16</starty>
        <finishx number="89">28</finishx>
        <finishy number="89">31</finishy>
        <startx number="90">54</startx>
        <starty number="90">62</starty>
        <finishx number="90">27</finishx>
        <finishy number="90">44</finishy>
        <startx number="91">13</startx>
        <starty number="91">60</starty>
        <finishx number="91">53</finishx>
        <finishy number="91">45</finishy>
        <startx number="92">53</startx>
        <starty number="92">29</starty>
        <finishx number="92">7</finishx>
        <finishy number="92">23</finishy>
        <startx number="93">60</startx>
        <starty number="93">23</starty>
        <finishx number="93">55</finishx>
        <finishy number="93">16</finishy>
        <startx number="94">40</startx>
        <starty number="94">37</starty>
        <finishx number="94">35</finishx>
        <finishy number="94">16</finishy>
        <startx number="95">24</startx>
        <starty number="95">50</starty>
        <finishx number="95">40</finishx>
        <finishy number="95">10</finishy>
        <startx number="96">20</startx>
        <starty number="96">43</starty>
        <finishx number="96">34</finishx>
        <finishy number="96">30</finishy>
        <startx number="97">3</startx>
        <starty number="97">51</starty>
        <finishx number="97">27</finishx>
        <finishy number="97">39</finishy>
        <startx number="98">6</startx>
        <starty number="98">32</starty>
        <finishx number="98">38</finishx>
        <finishy number="98">13</finishy>
        <startx number="99">44</startx>
        <starty number="99">30</starty>
        <finishx number="99">49</finishx>
        <finishy number="99">44</finishy>
        <startx number="100">33</startx>
        <starty number="100">38</starty>
        <finishx number="100">55</finishx>
        <finishy number="100">34</finishy>
        <startx number="101">25</startx>
        <starty number="101">48</starty>
        <finishx number="101">47</finishx>
        <finishy number="101">33</finishy>
        <startx number="102">48</startx>
        <starty number="102">20</starty>
        <finishx number="102">12</finishx>
        <finishy number="102">15</finishy>
        <startx number="103">44</startx>
        <starty number="103">52</starty>
        <finishx number="103">60</finishx>
        <finishy number="103">7</finishy>
        <startx number="104">49</startx>
        <starty number="104">59</starty>
        <finishx number="104">10</finishx>
        <finishy number="104">31</finishy>
        <startx number="105">28</startx>
        <starty number="105">20</starty>
        <finishx number="105">41</finishx>
        <finishy number="105">15</finishy>
        <startx number="106">7</startx>
        <starty number="106">45</starty>
        <finishx number="106">27</finishx>
        <finishy number="106">37</finishy>
        <startx number="107">52</startx>
        <starty number="107">62</starty>
        <finishx number="107">31</finishx>
        <finishy number="107">31</finishy>
        <startx number="108">24</startx>
        <starty number="108">39</starty>
        <finishx number="108">37</finishx>
        <finishy number="108">22</finishy>
        <startx number="109">55</startx>
        <starty number="109">42</starty>
        <finishx number="109">0</finishx>
        <finishy number="109">14</finishy>
        <startx number="110">36</startx>
        <starty number="110">11</starty>
        <finishx number="110">48</finishx>
        <finishy number="110">35</finishy>
        <startx number="111">18</startx>
        <starty number="111">54</starty>
        <finishx number="111">58</finishx>
        <finishy number="111">29</finishy>
        <startx number="112">14</startx>
        <starty number="112">22</starty>
        <finishx number="112">38</finishx>
        <finishy number="112">8</finishy>
        <startx number="113">21</startx>
        <starty number="113">48</starty>
        <finishx number="113">5</finishx>
        <finishy number="113">61</finishy>
        <startx number="114">16</startx>
        <starty number="114">17</starty>
        <finishx number="114">58</finishx>
        <finishy number="114">21</finishy>
        <startx number="115">38</startx>
        <starty number="115">37</starty>
        <finishx number="115">44</finishx>
        <finishy number="115">60</finishy>
        <startx number="116">46</startx>
        <starty number="116">36</starty>
        <finishx number="116">61</finishx>
        <finishy number="116">9</finishy>
        <startx number="117">24</startx>
        <starty number="117">23</starty>
        <finishx number="117">50</finishx>
        <finishy number="117">16</finishy>
        <startx number="118">25</startx>
        <starty number="118">63</starty>
        <finishx number="118">33</finishx>
        <finishy number="118">1</finishy>
        <startx number="119">14</startx>
        <starty number="119">28</starty>
        <finishx number="119">16</finishx>
        <finishy number="119">46</finishy>
        <startx number="120">63</startx>
        <starty number="120">15</starty>
        <finishx number="120">28</finishx>
        <finishy number="120">52</finishy>
        <startx number="121">20</startx>
        <starty number="121">3</starty>
        <finishx number="121">48</finishx>
        <finishy number="121">51</finishy>
        <startx number="122">62</startx>
        <starty number="122">38</starty>
        <finishx number="122">38</finishx>
        <finishy number="122">16</finishy>
        <startx number="123">40</startx>
        <starty number="123">45</starty>
        <finishx number="123">59</finishx>
        <finishy number="123">39</finishy>
        <startx number="124">15</startx>
        <starty number="124">6</starty>
        <finishx number="124">50</finishx>
        <finishy number="124">27</finishy>
        <startx number="125">12</startx>
        <starty number="125">47</starty>
        <finishx number="125">56</finishx>
        <finishy number="125">61</finishy>
        <startx number="126">33</startx>
        <starty number="126">22</starty>
        <finishx number="126">4</finishx>
        <finishy number="126">3</finishy>
        <startx number="127">61</startx>
        <starty number="127">31</starty>
        <finishx number="127">19</finishx>
        <finishy number="127">6</finishy>
        <startx number="128">59</startx>
        <starty number="128">55</starty>
        <finishx number="128">41</finishx>
        <finishy number="128">26</finishy>
        <startx number="129">62</startx>
        <starty number="129">25</starty>
        <finishx number="129">40</finishx>
        <finishy number="129">58</finishy>
        <startx number="130">11</startx>
        <starty number="130">61</starty>
        <finishx number="130">57</finishx>
        <finishy number="130">13</finishy>
        <startx number="131">15</startx>
        <starty number="131">52</starty>
        <finishx number="131">19</finishx>
        <finishy number="131">29</finishy>
        <startx number="132">52</startx>
        <starty number="132">32</starty>
        <finishx number="132">57</finishx>
        <finishy number="132">58</finishy>
        <startx number="133">35</startx>
        <starty number="133">1</starty>
        <finishx number="133">44</finishx>
        <finishy number="133">28</finishy>
        <startx number="134">10</startx>
        <starty number="134">23</starty>
        <finishx number="134">56</finishx>
        <finishy number="134">5</finishy>
        <startx number="135">1</startx>
        <starty number="135">9</starty>
        <finishx number="135">42</finishx>
        <finishy number="135">53</finishy>
        <startx number="136">1</startx>
        <starty number="136">41</starty>
        <finishx number="136">7</finishx>
        <finishy number="136">8</finishy>
        <startx number="137">44</startx>
        <starty number="137">20</starty>
        <finishx number="137">23</finishx>
        <finishy number="137">8</finishy>
        <startx number="138">24</startx>
        <starty number="138">15</starty>
        <finishx number="138">31</finishx>
        <finishy number="138">25</finishy>
        <startx number="139">0</startx>
        <starty number="139">39</starty>
        <finishx number="139">22</finishx>
        <finishy number="139">11</finishy>
        <startx number="140">36</startx>
        <starty number="140">19</starty>
        <finishx number="140">12</finishx>
        <finishy number="140">45</finishy>
        <startx number="141">40</startx>
        <starty number="141">29</starty>
        <finishx number="141">0</finishx>
        <finishy number="141">27</finishy>
        <startx number="142">17</startx>
        <starty number="142">52</starty>
        <finishx number="142">0</finishx>
        <finishy number="142">33</finishy>
        <startx number="143">41</startx>
        <starty number="143">47</starty>
        <finishx number="143">31</finishx>
        <finishy number="143">43</finishy>
        <startx number="144">62</startx>
        <starty number="144">17</starty>
        <finishx number="144">15</finishx>
        <finishy number="144">60</finishy>
        <startx number="145">21</startx>
        <starty number="145">21</starty>
        <finishx number="145">15</finishx>
        <finishy number="145">4</finishy>
        <startx number="146">0</startx>
        <starty number="146">25</starty>
        <finishx number="146">45</finishx>
        <finishy number="146">44</finishy>
        <startx number="147">0</startx>
        <starty number="147">11</starty>
        <finishx number="147">36</finishx>
        <finishy number="147">48</finishy>
        <startx number="148">23</startx>
        <starty number="148">53</starty>
        <finishx number="148">27</finishx>
        <finishy number="148">63</finishy>
        <startx number="149">25</startx>
        <starty number="149">52</starty>
        <finishx number="149">34</finishx>
        <finishy number="149">6</finishy>
        <startx number="150">32</startx>
        <starty number="150">12</starty>
        <finishx number="150">5</finishx>
        <finishy number="150">27</finishy>
        <startx number="151">62</startx>
        <starty number="151">28</starty>
        <finishx number="151">35</finishx>
        <finishy number="151">8</finishy>
        <startx number="152">3</startx>
        <starty number="152">17</starty>
        <finishx number="152">54</finishx>
        <finishy number="152">37</finishy>
        <startx number="153">10</startx>
        <starty number="153">44</starty>
        <finishx number="153">20</finishx>
        <finishy number="153">11</finishy>
        <startx number="154">51</startx>
        <starty number="154">22</starty>
        <finishx number="154">57</finishx>
        <finishy number="154">18</finishy>
        <startx number="155">56</startx>
        <starty number="155">56</starty>
        <finishx number="155">41</finishx>
        <finishy number="155">7</finishy>
        <startx number="156">34</startx>
        <starty number="156">3</starty>
        <finishx number="156">38</finishx>
        <finishy number="156">5</finishy>
        <startx number="157">23</startx>
        <starty number="157">55</starty>
        <finishx number="157">30</finishx>
        <finishy number="157">15</finishy>
        <startx number="158">12</startx>
        <starty number="158">34</starty>
        <finishx number="158">55</finishx>
        <finishy number="158">45</finishy>
        <startx number="159">6</startx>
        <starty number="159">0</starty>
        <finishx number="159">63</finishx>
        <finishy number="159">20</finishy>
        <startx number="160">63</startx>
        <starty number="160">49</starty>
        <finishx number="160">40</finishx>
        <finishy number="160">24</finishy>
        <startx number="161">36</startx>
        <starty number="161">5</starty>
        <finishx number="161">19</finishx>
        <finishy number="161">9</finishy>
        <startx number="162">0</startx>
        <starty number="162">44</starty>
        <finishx number="162">63</finishx>
        <finishy number="162">30</finishy>
        <startx number="163">16</startx>
        <starty number="163">33</starty>
        <finishx number="163">46</finishx>
        <finishy number="163">28</finishy>
        <startx number="164">35</startx>
        <starty number="164">54</starty>
        <finishx number="164">29</finishx>
        <finishy number="164">7</finishy>
        <startx number="165">48</startx>
        <starty number="165">49</starty>
        <finishx number="165">62</finishx>
        <finishy number="165">41</finishy>
        <startx number="166">10</startx>
        <starty number="166">55</starty>
        <finishx number="166">25</finishx>
        <finishy number="166">36</finishy>
        <startx number="167">3</startx>
        <starty number="167">21</starty>
        <finishx number="167">43</finishx>
        <finishy number="167">47</finishy>
        <startx number="168">33</startx>
        <starty number="168">24</starty>
        <finishx number="168">3</finishx>
        <finishy number="168">46</finishy>
        <startx number="169">4</startx>
        <starty number="169">29</starty>
        <finishx number="169">1</finishx>
        <finishy number="169">51</finishy>
        <startx number="170">14</startx>
        <starty number="170">41</starty>
        <finishx number="170">8</finishx>
        <finishy number="170">61</finishy>
        <startx number="171">35</startx>
        <starty number="171">14</starty>
        <finishx number="171">42</finishx>
        <finishy number="171">9</finishy>
        <startx number="172">8</startx>
        <starty number="172">18</starty>
        <finishx number="172">33</finishx>
        <finishy number="172">28</finishy>
        <startx number="173">36</startx>
        <starty number="173">27</starty>
        <finishx number="173">29</finishx>
        <finishy number="173">60</finishy>
        <startx number="174">32</startx>
        <starty number="174">19</starty>
        <finishx number="174">36</finishx>
        <finishy number="174">46</finishy>
        <startx number="175">35</startx>
        <starty number="175">57</starty>
        <finishx number="175">13</finishx>
        <finishy number="175">49</finishy>
        <startx number="176">36</startx>
        <starty number="176">40</starty>
        <finishx number="176">38</finishx>
        <finishy number="176">10</finishy>
        <startx number="177">8</startx>
        <starty number="177">2</starty>
        <finishx number="177">42</finishx>
        <finishy number="177">29</finishy>
        <startx number="178">51</startx>
        <starty number="178">56</starty>
        <finishx number="178">61</finishx>
        <finishy number="178">15</finishy>
        <startx number="179">7</startx>
        <starty number="179">58</starty>
        <finishx number="179">20</finishx>
        <finishy number="179">51</finishy>
        <startx number="180">51</startx>
        <starty number="180">48</starty>
        <finishx number="180">46</finishx>
        <finishy number="180">62</finishy>
        <startx number="181">38</startx>
        <starty number="181">40</starty>
        <finishx number="181">19</finishx>
        <finishy number="181">37</finishy>
        <startx number="182">31</startx>
        <starty number="182">28</starty>
        <finishx number="182">57</finishx>
        <finishy number="182">31</finishy>
        <startx number="183">25</startx>
        <starty number="183">42</starty>
        <finishx number="183">20</finishx>
        <finishy number="183">24</finishy>
        <startx number="184">2</startx>
        <starty number="184">3</starty>
        <finishx number="184">59</finishx>
        <finishy number="184">52</finishy>
        <startx number="185">39</startx>
        <starty number="185">18</starty>
        <finishx number="185">62</finishx>
        <finishy number="185">57</finishy>
        <startx number="186">46</startx>
        <starty number="186">23</starty>
        <finishx number="186">4</finishx>
        <finishy number="186">54</finishy>
        <startx number="187">37</startx>
        <starty number="187">2</starty>
        <finishx number="187">32</finishx>
        <finishy number="187">62</finishy>
        <startx number="188">25</startx>
        <starty number="188">56</starty>
        <finishx number="188">9</finishx>
        <finishy number="188">47</finishy>
        <startx number="189">25</startx>
        <starty number="189">18</starty>
        <finishx number="189">14</finishx>
        <finishy number="189">47</finishy>
        <startx number="190">44</startx>
        <starty number="190">18</starty>
        <finishx number="190">38</finishx>
        <finishy number="190">53</finishy>
        <startx number="191">55</startx>
        <starty number="191">40</starty>
        <finishx number="191">63</finishx>
        <finishy number="191">36</finishy>
        <startx number="192">30</startx>
        <starty number="192">12</starty>
        <finishx number="192">9</finishx>
        <finishy number="192">36</finishy>
        <startx number="193">25</startx>
        <starty number="193">10</starty>
        <finishx number="193">41</finishx>
        <finishy number="193">63</finishy>
        <startx number="194">50</startx>
        <starty number="194">29</starty>
        <finishx number="194">21</finishx>
        <finishy number="194">8</finishy>
        <startx number="195">32</startx>
        <starty number="195">57</starty>
        <finishx number="195">39</finishx>
        <finishy number="195">26</finishy>
        <startx number="196">45</startx>
        <starty number="196">55</starty>
        <finishx number="196">48</finishx>
        <finishy number="196">14</finishy>
        <startx number="197">3</startx>
        <starty number="197">38</starty>
        <finishx number="197">17</finishx>
        <finishy number="197">3</finishy>
        <startx number="198">61</startx>
        <starty number="198">20</starty>
        <finishx number="198">5</finishx>
        <finishy number="198">24</finishy>
        <startx number="199">9</startx>
        <starty number="199">10</starty>
        <finishx number="199">7</finishx>
        <finishy number="199">37</finishy>
        <grid>
            <row>0 0 0 0 0 0 0 0 0 0 0 0 0 0 0 0 0 0 0 0 0 0 0 0 0 0 0 0 0 0 0 0 0 0 0 0 0 0 0 0 0 0 0 0 0 0 0 0 0 0 0 0 0 0 0 0 0 0 0 0 0 0 0 0</row>
            <row>0 0 0 0 0 0 0 0 0 0 0 0 0 0 0 0 0 0 0 0 0 0 0 0 0 0 0 0 0 0 0 0 0 0 0 0 0 0 0 0 0 0 0 0 0 0 0 0 0 0 0 0 0 0 0 0 0 0 0 0 0 0 0 0</row>
            <row>0 0 0 0 0 0 0 0 0 0 0 0 0 0 0 0 0 0 0 0 0 0 0 0 0 0 0 0 0 0 0 0 0 0 0 0 0 0 0 0 0 0 0 0 0 0 0 0 0 0 0 0 0 0 0 0 0 0 0 0 0 0 0 0</row>
            <row>0 0 0 0 0 0 0 0 0 0 0 0 0 0 0 0 0 0 0 0 0 0 0 0 0 0 0 0 0 0 0 0 0 0 0 0 0 0 0 0 0 0 0 0 0 0 0 0 0 0 0 0 0 0 0 0 0 0 0 0 0 0 0 0</row>
            <row>0 0 0 0 0 0 0 0 0 0 0 0 0 0 0 0 0 0 0 0 0 0 0 0 0 0 0 0 0 0 0 0 0 0 0 0 0 0 0 0 0 0 0 0 0 0 0 0 0 0 0 0 0 0 0 0 0 0 0 0 0 0 0 0</row>
            <row>0 0 0 0 0 0 0 0 0 0 0 0 0 0 0 0 0 0 0 0 0 0 0 0 0 0 0 0 0 0 0 0 0 0 0 0 0 0 0 0 0 0 0 0 0 0 0 0 0 0 0 0 0 0 0 0 0 0 0 0 0 0 0 0</row>
            <row>0 0 0 0 0 0 0 0 0 0 0 0 0 0 0 0 0 0 0 0 0 0 0 0 0 0 0 0 0 0 0 0 0 0 0 0 0 0 0 0 0 0 0 0 0 0 0 0 0 0 0 0 0 0 0 0 0 0 0 0 0 0 0 0</row>
            <row>0 0 0 0 0 0 0 0 0 0 0 0 0 0 0 0 0 0 0 0 0 0 0 0 0 0 0 0 0 0 0 0 0 0 0 0 0 0 0 0 0 0 0 0 0 0 0 0 0 0 0 0 0 0 0 0 0 0 0 0 0 0 0 0</row>
            <row>0 0 0 0 0 0 0 0 0 0 0 0 0 0 0 0 0 0 0 0 0 0 0 0 0 0 0 0 0 0 0 0 0 0 0 0 0 0 0 0 0 0 0 0 0 0 0 0 0 0 0 0 0 0 0 0 0 0 0 0 0 0 0 0</row>
            <row>0 0 0 0 0 0 0 0 0 0 0 0 0 0 0 0 0 0 0 0 0 0 0 0 0 0 0 0 0 0 0 0 0 0 0 0 0 0 0 0 0 0 0 0 0 0 0 0 0 0 0 0 0 0 0 0 0 0 0 0 0 0 0 0</row>
            <row>0 0 0 0 0 0 0 0 0 0 0 0 0 0 0 0 0 0 0 0 0 0 0 0 0 0 0 0 0 0 0 0 0 0 0 0 0 0 0 0 0 0 0 0 0 0 0 0 0 0 0 0 0 0 0 0 0 0 0 0 0 0 0 0</row>
            <row>0 0 0 0 0 0 0 0 0 0 0 0 0 0 0 0 0 0 0 0 0 0 0 0 0 0 0 0 0 0 0 0 0 0 0 0 0 0 0 0 0 0 0 0 0 0 0 0 0 0 0 0 0 0 0 0 0 0 0 0 0 0 0 0</row>
            <row>0 0 0 0 0 0 0 0 0 0 0 0 0 0 0 0 0 0 0 0 0 0 0 0 0 0 0 0 0 0 0 0 0 0 0 0 0 0 0 0 0 0 0 0 0 0 0 0 0 0 0 0 0 0 0 0 0 0 0 0 0 0 0 0</row>
            <row>0 0 0 0 0 0 0 0 0 0 0 0 0 0 0 0 0 0 0 0 0 0 0 0 0 0 0 0 0 0 0 0 0 0 0 0 0 0 0 0 0 0 0 0 0 0 0 0 0 0 0 0 0 0 0 0 0 0 0 0 0 0 0 0</row>
            <row>0 0 0 0 0 0 0 0 0 0 0 0 0 0 0 0 0 0 0 0 0 0 0 0 0 0 0 0 0 0 0 0 0 0 0 0 0 0 0 0 0 0 0 0 0 0 0 0 0 0 0 0 0 0 0 0 0 0 0 0 0 0 0 0</row>
            <row>0 0 0 0 0 0 0 0 0 0 0 0 0 0 0 0 0 0 0 0 0 0 0 0 0 0 0 0 0 0 0 0 0 0 0 0 0 0 0 0 0 0 0 0 0 0 0 0 0 0 0 0 0 0 0 0 0 0 0 0 0 0 0 0</row>
            <row>0 0 0 0 0 0 0 0 0 0 0 0 0 0 0 0 0 0 0 0 0 0 0 0 0 0 0 0 0 0 0 0 0 0 0 0 0 0 0 0 0 0 0 0 0 0 0 0 0 0 0 0 0 0 0 0 0 0 0 0 0 0 0 0</row>
            <row>0 0 0 0 0 0 0 0 0 0 0 0 0 0 0 0 0 0 0 0 0 0 0 0 0 0 0 0 0 0 0 0 0 0 0 0 0 0 0 0 0 0 0 0 0 0 0 0 0 0 0 0 0 0 0 0 0 0 0 0 0 0 0 0</row>
            <row>0 0 0 0 0 0 0 0 0 0 0 0 0 0 0 0 0 0 0 0 0 0 0 0 0 0 0 0 0 0 0 0 0 0 0 0 0 0 0 0 0 0 0 0 0 0 0 0 0 0 0 0 0 0 0 0 0 0 0 0 0 0 0 0</row>
            <row>0 0 0 0 0 0 0 0 0 0 0 0 0 0 0 0 0 0 0 0 0 0 0 0 0 0 0 0 0 0 0 0 0 0 0 0 0 0 0 0 0 0 0 0 0 0 0 0 0 0 0 0 0 0 0 0 0 0 0 0 0 0 0 0</row>
            <row>0 0 0 0 0 0 0 0 0 0 0 0 0 0 0 0 0 0 0 0 0 0 0 0 0 0 0 0 0 0 0 0 0 0 0 0 0 0 0 0 0 0 0 0 0 0 0 0 0 0 0 0 0 0 0 0 0 0 0 0 0 0 0 0</row>
            <row>0 0 0 0 0 0 0 0 0 0 0 0 0 0 0 0 0 0 0 0 0 0 0 0 0 0 0 0 0 0 0 0 0 0 0 0 0 0 0 0 0 0 0 0 0 0 0 0 0 0 0 0 0 0 0 0 0 0 0 0 0 0 0 0</row>
            <row>0 0 0 0 0 0 0 0 0 0 0 0 0 0 0 0 0 0 0 0 0 0 0 0 0 0 0 0 0 0 0 0 0 0 0 0 0 0 0 0 0 0 0 0 0 0 0 0 0 0 0 0 0 0 0 0 0 0 0 0 0 0 0 0</row>
            <row>0 0 0 0 0 0 0 0 0 0 0 0 0 0 0 0 0 0 0 0 0 0 0 0 0 0 0 0 0 0 0 0 0 0 0 0 0 0 0 0 0 0 0 0 0 0 0 0 0 0 0 0 0 0 0 0 0 0 0 0 0 0 0 0</row>
            <row>0 0 0 0 0 0 0 0 0 0 0 0 0 0 0 0 0 0 0 0 0 0 0 0 0 0 0 0 0 0 0 0 0 0 0 0 0 0 0 0 0 0 0 0 0 0 0 0 0 0 0 0 0 0 0 0 0 0 0 0 0 0 0 0</row>
            <row>0 0 0 0 0 0 0 0 0 0 0 0 0 0 0 0 0 0 0 0 0 0 0 0 0 0 0 0 0 0 0 0 0 0 0 0 0 0 0 0 0 0 0 0 0 0 0 0 0 0 0 0 0 0 0 0 0 0 0 0 0 0 0 0</row>
            <row>0 0 0 0 0 0 0 0 0 0 0 0 0 0 0 0 0 0 0 0 0 0 0 0 0 0 0 0 0 0 0 0 0 0 0 0 0 0 0 0 0 0 0 0 0 0 0 0 0 0 0 0 0 0 0 0 0 0 0 0 0 0 0 0</row>
            <row>0 0 0 0 0 0 0 0 0 0 0 0 0 0 0 0 0 0 0 0 0 0 0 0 0 0 0 0 0 0 0 0 0 0 0 0 0 0 0 0 0 0 0 0 0 0 0 0 0 0 0 0 0 0 0 0 0 0 0 0 0 0 0 0</row>
            <row>0 0 0 0 0 0 0 0 0 0 0 0 0 0 0 0 0 0 0 0 0 0 0 0 0 0 0 0 0 0 0 0 0 0 0 0 0 0 0 0 0 0 0 0 0 0 0 0 0 0 0 0 0 0 0 0 0 0 0 0 0 0 0 0</row>
            <row>0 0 0 0 0 0 0 0 0 0 0 0 0 0 0 0 0 0 0 0 0 0 0 0 0 0 0 0 0 0 0 0 0 0 0 0 0 0 0 0 0 0 0 0 0 0 0 0 0 0 0 0 0 0 0 0 0 0 0 0 0 0 0 0</row>
            <row>0 0 0 0 0 0 0 0 0 0 0 0 0 0 0 0 0 0 0 0 0 0 0 0 0 0 0 0 0 0 0 0 0 0 0 0 0 0 0 0 0 0 0 0 0 0 0 0 0 0 0 0 0 0 0 0 0 0 0 0 0 0 0 0</row>
            <row>0 0 0 0 0 0 0 0 0 0 0 0 0 0 0 0 0 0 0 0 0 0 0 0 0 0 0 0 0 0 0 0 0 0 0 0 0 0 0 0 0 0 0 0 0 0 0 0 0 0 0 0 0 0 0 0 0 0 0 0 0 0 0 0</row>
            <row>0 0 0 0 0 0 0 0 0 0 0 0 0 0 0 0 0 0 0 0 0 0 0 0 0 0 0 0 0 0 0 0 0 0 0 0 0 0 0 0 0 0 0 0 0 0 0 0 0 0 0 0 0 0 0 0 0 0 0 0 0 0 0 0</row>
            <row>0 0 0 0 0 0 0 0 0 0 0 0 0 0 0 0 0 0 0 0 0 0 0 0 0 0 0 0 0 0 0 0 0 0 0 0 0 0 0 0 0 0 0 0 0 0 0 0 0 0 0 0 0 0 0 0 0 0 0 0 0 0 0 0</row>
            <row>0 0 0 0 0 0 0 0 0 0 0 0 0 0 0 0 0 0 0 0 0 0 0 0 0 0 0 0 0 0 0 0 0 0 0 0 0 0 0 0 0 0 0 0 0 0 0 0 0 0 0 0 0 0 0 0 0 0 0 0 0 0 0 0</row>
            <row>0 0 0 0 0 0 0 0 0 0 0 0 0 0 0 0 0 0 0 0 0 0 0 0 0 0 0 0 0 0 0 0 0 0 0 0 0 0 0 0 0 0 0 0 0 0 0 0 0 0 0 0 0 0 0 0 0 0 0 0 0 0 0 0</row>
            <row>0 0 0 0 0 0 0 0 0 0 0 0 0 0 0 0 0 0 0 0 0 0 0 0 0 0 0 0 0 0 0 0 0 0 0 0 0 0 0 0 0 0 0 0 0 0 0 0 0 0 0 0 0 0 0 0 0 0 0 0 0 0 0 0</row>
            <row>0 0 0 0 0 0 0 0 0 0 0 0 0 0 0 0 0 0 0 0 0 0 0 0 0 0 0 0 0 0 0 0 0 0 0 0 0 0 0 0 0 0 0 0 0 0 0 0 0 0 0 0 0 0 0 0 0 0 0 0 0 0 0 0</row>
            <row>0 0 0 0 0 0 0 0 0 0 0 0 0 0 0 0 0 0 0 0 0 0 0 0 0 0 0 0 0 0 0 0 0 0 0 0 0 0 0 0 0 0 0 0 0 0 0 0 0 0 0 0 0 0 0 0 0 0 0 0 0 0 0 0</row>
            <row>0 0 0 0 0 0 0 0 0 0 0 0 0 0 0 0 0 0 0 0 0 0 0 0 0 0 0 0 0 0 0 0 0 0 0 0 0 0 0 0 0 0 0 0 0 0 0 0 0 0 0 0 0 0 0 0 0 0 0 0 0 0 0 0</row>
            <row>0 0 0 0 0 0 0 0 0 0 0 0 0 0 0 0 0 0 0 0 0 0 0 0 0 0 0 0 0 0 0 0 0 0 0 0 0 0 0 0 0 0 0 0 0 0 0 0 0 0 0 0 0 0 0 0 0 0 0 0 0 0 0 0</row>
            <row>0 0 0 0 0 0 0 0 0 0 0 0 0 0 0 0 0 0 0 0 0 0 0 0 0 0 0 0 0 0 0 0 0 0 0 0 0 0 0 0 0 0 0 0 0 0 0 0 0 0 0 0 0 0 0 0 0 0 0 0 0 0 0 0</row>
            <row>0 0 0 0 0 0 0 0 0 0 0 0 0 0 0 0 0 0 0 0 0 0 0 0 0 0 0 0 0 0 0 0 0 0 0 0 0 0 0 0 0 0 0 0 0 0 0 0 0 0 0 0 0 0 0 0 0 0 0 0 0 0 0 0</row>
            <row>0 0 0 0 0 0 0 0 0 0 0 0 0 0 0 0 0 0 0 0 0 0 0 0 0 0 0 0 0 0 0 0 0 0 0 0 0 0 0 0 0 0 0 0 0 0 0 0 0 0 0 0 0 0 0 0 0 0 0 0 0 0 0 0</row>
            <row>0 0 0 0 0 0 0 0 0 0 0 0 0 0 0 0 0 0 0 0 0 0 0 0 0 0 0 0 0 0 0 0 0 0 0 0 0 0 0 0 0 0 0 0 0 0 0 0 0 0 0 0 0 0 0 0 0 0 0 0 0 0 0 0</row>
            <row>0 0 0 0 0 0 0 0 0 0 0 0 0 0 0 0 0 0 0 0 0 0 0 0 0 0 0 0 0 0 0 0 0 0 0 0 0 0 0 0 0 0 0 0 0 0 0 0 0 0 0 0 0 0 0 0 0 0 0 0 0 0 0 0</row>
            <row>0 0 0 0 0 0 0 0 0 0 0 0 0 0 0 0 0 0 0 0 0 0 0 0 0 0 0 0 0 0 0 0 0 0 0 0 0 0 0 0 0 0 0 0 0 0 0 0 0 0 0 0 0 0 0 0 0 0 0 0 0 0 0 0</row>
            <row>0 0 0 0 0 0 0 0 0 0 0 0 0 0 0 0 0 0 0 0 0 0 0 0 0 0 0 0 0 0 0 0 0 0 0 0 0 0 0 0 0 0 0 0 0 0 0 0 0 0 0 0 0 0 0 0 0 0 0 0 0 0 0 0</row>
            <row>0 0 0 0 0 0 0 0 0 0 0 0 0 0 0 0 0 0 0 0 0 0 0 0 0 0 0 0 0 0 0 0 0 0 0 0 0 0 0 0 0 0 0 0 0 0 0 0 0 0 0 0 0 0 0 0 0 0 0 0 0 0 0 0</row>
            <row>0 0 0 0 0 0 0 0 0 0 0 0 0 0 0 0 0 0 0 0 0 0 0 0 0 0 0 0 0 0 0 0 0 0 0 0 0 0 0 0 0 0 0 0 0 0 0 0 0 0 0 0 0 0 0 0 0 0 0 0 0 0 0 0</row>
            <row>0 0 0 0 0 0 0 0 0 0 0 0 0 0 0 0 0 0 0 0 0 0 0 0 0 0 0 0 0 0 0 0 0 0 0 0 0 0 0 0 0 0 0 0 0 0 0 0 0 0 0 0 0 0 0 0 0 0 0 0 0 0 0 0</row>
            <row>0 0 0 0 0 0 0 0 0 0 0 0 0 0 0 0 0 0 0 0 0 0 0 0 0 0 0 0 0 0 0 0 0 0 0 0 0 0 0 0 0 0 0 0 0 0 0 0 0 0 0 0 0 0 0 0 0 0 0 0 0 0 0 0</row>
            <row>0 0 0 0 0 0 0 0 0 0 0 0 0 0 0 0 0 0 0 0 0 0 0 0 0 0 0 0 0 0 0 0 0 0 0 0 0 0 0 0 0 0 0 0 0 0 0 0 0 0 0 0 0 0 0 0 0 0 0 0 0 0 0 0</row>
            <row>0 0 0 0 0 0 0 0 0 0 0 0 0 0 0 0 0 0 0 0 0 0 0 0 0 0 0 0 0 0 0 0 0 0 0 0 0 0 0 0 0 0 0 0 0 0 0 0 0 0 0 0 0 0 0 0 0 0 0 0 0 0 0 0</row>
            <row>0 0 0 0 0 0 0 0 0 0 0 0 0 0 0 0 0 0 0 0 0 0 0 0 0 0 0 0 0 0 0 0 0 0 0 0 0 0 0 0 0 0 0 0 0 0 0 0 0 0 0 0 0 0 0 0 0 0 0 0 0 0 0 0</row>
            <row>0 0 0 0 0 0 0 0 0 0 0 0 0 0 0 0 0 0 0 0 0 0 0 0 0 0 0 0 0 0 0 0 0 0 0 0 0 0 0 0 0 0 0 0 0 0 0 0 0 0 0 0 0 0 0 0 0 0 0 0 0 0 0 0</row>
            <row>0 0 0 0 0 0 0 0 0 0 0 0 0 0 0 0 0 0 0 0 0 0 0 0 0 0 0 0 0 0 0 0 0 0 0 0 0 0 0 0 0 0 0 0 0 0 0 0 0 0 0 0 0 0 0 0 0 0 0 0 0 0 0 0</row>
            <row>0 0 0 0 0 0 0 0 0 0 0 0 0 0 0 0 0 0 0 0 0 0 0 0 0 0 0 0 0 0 0 0 0 0 0 0 0 0 0 0 0 0 0 0 0 0 0 0 0 0 0 0 0 0 0 0 0 0 0 0 0 0 0 0</row>
            <row>0 0 0 0 0 0 0 0 0 0 0 0 0 0 0 0 0 0 0 0 0 0 0 0 0 0 0 0 0 0 0 0 0 0 0 0 0 0 0 0 0 0 0 0 0 0 0 0 0 0 0 0 0 0 0 0 0 0 0 0 0 0 0 0</row>
            <row>0 0 0 0 0 0 0 0 0 0 0 0 0 0 0 0 0 0 0 0 0 0 0 0 0 0 0 0 0 0 0 0 0 0 0 0 0 0 0 0 0 0 0 0 0 0 0 0 0 0 0 0 0 0 0 0 0 0 0 0 0 0 0 0</row>
            <row>0 0 0 0 0 0 0 0 0 0 0 0 0 0 0 0 0 0 0 0 0 0 0 0 0 0 0 0 0 0 0 0 0 0 0 0 0 0 0 0 0 0 0 0 0 0 0 0 0 0 0 0 0 0 0 0 0 0 0 0 0 0 0 0</row>
            <row>0 0 0 0 0 0 0 0 0 0 0 0 0 0 0 0 0 0 0 0 0 0 0 0 0 0 0 0 0 0 0 0 0 0 0 0 0 0 0 0 0 0 0 0 0 0 0 0 0 0 0 0 0 0 0 0 0 0 0 0 0 0 0 0</row>
            <row>0 0 0 0 0 0 0 0 0 0 0 0 0 0 0 0 0 0 0 0 0 0 0 0 0 0 0 0 0 0 0 0 0 0 0 0 0 0 0 0 0 0 0 0 0 0 0 0 0 0 0 0 0 0 0 0 0 0 0 0 0 0 0 0</row>
            <row>0 0 0 0 0 0 0 0 0 0 0 0 0 0 0 0 0 0 0 0 0 0 0 0 0 0 0 0 0 0 0 0 0 0 0 0 0 0 0 0 0 0 0 0 0 0 0 0 0 0 0 0 0 0 0 0 0 0 0 0 0 0 0 0</row>
        </grid>
    </map>
    <algorithm>
        <allowanyangle>true</allowanyangle>
        <metrictype>euclid</metrictype>
        <breakingties>g-max</breakingties>
        <weight>1</weight>
    </algorithm>
    <options>
        <loglevel>1</loglevel>
        <logpath />
        <logfilename />
    </options>
</root>
