<?xml version="1.0" ?>
<root>
    <map>
        <width>64</width>
        <height>64</height>
        <agents>100</agents>
        <startx number="0">31</startx>
        <starty number="0">52</starty>
        <finishx number="0">54</finishx>
        <finishy number="0">26</finishy>
        <startx number="1">56</startx>
        <starty number="1">37</starty>
        <finishx number="1">4</finishx>
        <finishy number="1">19</finishy>
        <startx number="2">56</startx>
        <starty number="2">50</starty>
        <finishx number="2">8</finishx>
        <finishy number="2">48</finishy>
        <startx number="3">18</startx>
        <starty number="3">35</starty>
        <finishx number="3">1</finishx>
        <finishy number="3">30</finishy>
        <startx number="4">29</startx>
        <starty number="4">36</starty>
        <finishx number="4">5</finishx>
        <finishy number="4">32</finishy>
        <startx number="5">44</startx>
        <starty number="5">31</starty>
        <finishx number="5">25</finishx>
        <finishy number="5">37</finishy>
        <startx number="6">39</startx>
        <starty number="6">37</starty>
        <finishx number="6">25</finishx>
        <finishy number="6">58</finishy>
        <startx number="7">56</startx>
        <starty number="7">53</starty>
        <finishx number="7">53</finishx>
        <finishy number="7">32</finishy>
        <startx number="8">12</startx>
        <starty number="8">18</starty>
        <finishx number="8">4</finishx>
        <finishy number="8">16</finishy>
        <startx number="9">60</startx>
        <starty number="9">33</starty>
        <finishx number="9">1</finishx>
        <finishy number="9">25</finishy>
        <startx number="10">25</startx>
        <starty number="10">63</starty>
        <finishx number="10">28</finishx>
        <finishy number="10">55</finishy>
        <startx number="11">8</startx>
        <starty number="11">50</starty>
        <finishx number="11">57</finishx>
        <finishy number="11">58</finishy>
        <startx number="12">5</startx>
        <starty number="12">56</starty>
        <finishx number="12">42</finishx>
        <finishy number="12">12</finishy>
        <startx number="13">61</startx>
        <starty number="13">57</starty>
        <finishx number="13">8</finishx>
        <finishy number="13">21</finishy>
        <startx number="14">51</startx>
        <starty number="14">56</starty>
        <finishx number="14">54</finishx>
        <finishy number="14">53</finishy>
        <startx number="15">63</startx>
        <starty number="15">14</starty>
        <finishx number="15">22</finishx>
        <finishy number="15">61</finishy>
        <startx number="16">49</startx>
        <starty number="16">38</starty>
        <finishx number="16">25</finishx>
        <finishy number="16">29</finishy>
        <startx number="17">8</startx>
        <starty number="17">8</starty>
        <finishx number="17">3</finishx>
        <finishy number="17">41</finishy>
        <startx number="18">4</startx>
        <starty number="18">30</starty>
        <finishx number="18">33</finishx>
        <finishy number="18">20</finishy>
        <startx number="19">63</startx>
        <starty number="19">57</starty>
        <finishx number="19">55</finishx>
        <finishy number="19">61</finishy>
        <startx number="20">35</startx>
        <starty number="20">54</starty>
        <finishx number="20">15</finishx>
        <finishy number="20">39</finishy>
        <startx number="21">35</startx>
        <starty number="21">62</starty>
        <finishx number="21">42</finishx>
        <finishy number="21">10</finishy>
        <startx number="22">20</startx>
        <starty number="22">53</starty>
        <finishx number="22">40</finishx>
        <finishy number="22">8</finishy>
        <startx number="23">12</startx>
        <starty number="23">34</starty>
        <finishx number="23">41</finishx>
        <finishy number="23">37</finishy>
        <startx number="24">18</startx>
        <starty number="24">9</starty>
        <finishx number="24">10</finishx>
        <finishy number="24">18</finishy>
        <startx number="25">29</startx>
        <starty number="25">41</starty>
        <finishx number="25">60</finishx>
        <finishy number="25">18</finishy>
        <startx number="26">37</startx>
        <starty number="26">29</starty>
        <finishx number="26">7</finishx>
        <finishy number="26">3</finishy>
        <startx number="27">51</startx>
        <starty number="27">11</starty>
        <finishx number="27">39</finishx>
        <finishy number="27">47</finishy>
        <startx number="28">46</startx>
        <starty number="28">28</starty>
        <finishx number="28">29</finishx>
        <finishy number="28">2</finishy>
        <startx number="29">58</startx>
        <starty number="29">34</starty>
        <finishx number="29">11</finishx>
        <finishy number="29">23</finishy>
        <startx number="30">37</startx>
        <starty number="30">13</starty>
        <finishx number="30">24</finishx>
        <finishy number="30">48</finishy>
        <startx number="31">53</startx>
        <starty number="31">5</starty>
        <finishx number="31">48</finishx>
        <finishy number="31">62</finishy>
        <startx number="32">21</startx>
        <starty number="32">29</starty>
        <finishx number="32">28</finishx>
        <finishy number="32">4</finishy>
        <startx number="33">52</startx>
        <starty number="33">41</starty>
        <finishx number="33">61</finishx>
        <finishy number="33">60</finishy>
        <startx number="34">44</startx>
        <starty number="34">23</starty>
        <finishx number="34">15</finishx>
        <finishy number="34">25</finishy>
        <startx number="35">4</startx>
        <starty number="35">5</starty>
        <finishx number="35">40</finishx>
        <finishy number="35">34</finishy>
        <startx number="36">19</startx>
        <starty number="36">32</starty>
        <finishx number="36">22</finishx>
        <finishy number="36">19</finishy>
        <startx number="37">1</startx>
        <starty number="37">54</starty>
        <finishx number="37">6</finishx>
        <finishy number="37">45</finishy>
        <startx number="38">30</startx>
        <starty number="38">39</starty>
        <finishx number="38">58</finishx>
        <finishy number="38">61</finishy>
        <startx number="39">0</startx>
        <starty number="39">62</starty>
        <finishx number="39">25</finishx>
        <finishy number="39">56</finishy>
        <startx number="40">57</startx>
        <starty number="40">10</starty>
        <finishx number="40">62</finishx>
        <finishy number="40">1</finishy>
        <startx number="41">2</startx>
        <starty number="41">62</starty>
        <finishx number="41">13</finishx>
        <finishy number="41">44</finishy>
        <startx number="42">51</startx>
        <starty number="42">48</starty>
        <finishx number="42">38</finishx>
        <finishy number="42">35</finishy>
        <startx number="43">50</startx>
        <starty number="43">8</starty>
        <finishx number="43">45</finishx>
        <finishy number="43">52</finishy>
        <startx number="44">8</startx>
        <starty number="44">43</starty>
        <finishx number="44">14</finishx>
        <finishy number="44">63</finishy>
        <startx number="45">7</startx>
        <starty number="45">56</starty>
        <finishx number="45">25</finishx>
        <finishy number="45">53</finishy>
        <startx number="46">11</startx>
        <starty number="46">31</starty>
        <finishx number="46">3</finishx>
        <finishy number="46">13</finishy>
        <startx number="47">54</startx>
        <starty number="47">48</starty>
        <finishx number="47">17</finishx>
        <finishy number="47">25</finishy>
        <startx number="48">9</startx>
        <starty number="48">53</starty>
        <finishx number="48">32</finishx>
        <finishy number="48">57</finishy>
        <startx number="49">12</startx>
        <starty number="49">15</starty>
        <finishx number="49">22</finishx>
        <finishy number="49">32</finishy>
        <startx number="50">34</startx>
        <starty number="50">33</starty>
        <finishx number="50">4</finishx>
        <finishy number="50">37</finishy>
        <startx number="51">30</startx>
        <starty number="51">49</starty>
        <finishx number="51">15</finishx>
        <finishy number="51">28</finishy>
        <startx number="52">21</startx>
        <starty number="52">5</starty>
        <finishx number="52">23</finishx>
        <finishy number="52">45</finishy>
        <startx number="53">36</startx>
        <starty number="53">56</starty>
        <finishx number="53">7</finishx>
        <finishy number="53">16</finishy>
        <startx number="54">57</startx>
        <starty number="54">42</starty>
        <finishx number="54">35</finishx>
        <finishy number="54">19</finishy>
        <startx number="55">17</startx>
        <starty number="55">33</starty>
        <finishx number="55">25</finishx>
        <finishy number="55">13</finishy>
        <startx number="56">27</startx>
        <starty number="56">63</starty>
        <finishx number="56">19</finishx>
        <finishy number="56">11</finishy>
        <startx number="57">13</startx>
        <starty number="57">47</starty>
        <finishx number="57">42</finishx>
        <finishy number="57">7</finishy>
        <startx number="58">7</startx>
        <starty number="58">61</starty>
        <finishx number="58">60</finishx>
        <finishy number="58">1</finishy>
        <startx number="59">61</startx>
        <starty number="59">39</starty>
        <finishx number="59">32</finishx>
        <finishy number="59">25</finishy>
        <startx number="60">11</startx>
        <starty number="60">21</starty>
        <finishx number="60">53</finishx>
        <finishy number="60">51</finishy>
        <startx number="61">9</startx>
        <starty number="61">28</starty>
        <finishx number="61">25</finishx>
        <finishy number="61">40</finishy>
        <startx number="62">33</startx>
        <starty number="62">6</starty>
        <finishx number="62">21</finishx>
        <finishy number="62">43</finishy>
        <startx number="63">22</startx>
        <starty number="63">26</starty>
        <finishx number="63">31</finishx>
        <finishy number="63">15</finishy>
        <startx number="64">9</startx>
        <starty number="64">63</starty>
        <finishx number="64">45</finishx>
        <finishy number="64">18</finishy>
        <startx number="65">47</startx>
        <starty number="65">22</starty>
        <finishx number="65">54</finishx>
        <finishy number="65">3</finishy>
        <startx number="66">6</startx>
        <starty number="66">13</starty>
        <finishx number="66">47</finishx>
        <finishy number="66">33</finishy>
        <startx number="67">13</startx>
        <starty number="67">12</starty>
        <finishx number="67">24</finishx>
        <finishy number="67">24</finishy>
        <startx number="68">55</startx>
        <starty number="68">42</starty>
        <finishx number="68">46</finishx>
        <finishy number="68">57</finishy>
        <startx number="69">33</startx>
        <starty number="69">60</starty>
        <finishx number="69">1</finishx>
        <finishy number="69">56</finishy>
        <startx number="70">6</startx>
        <starty number="70">35</starty>
        <finishx number="70">3</finishx>
        <finishy number="70">33</finishy>
        <startx number="71">21</startx>
        <starty number="71">8</starty>
        <finishx number="71">3</finishx>
        <finishy number="71">11</finishy>
        <startx number="72">23</startx>
        <starty number="72">43</starty>
        <finishx number="72">7</finishx>
        <finishy number="72">29</finishy>
        <startx number="73">55</startx>
        <starty number="73">24</starty>
        <finishx number="73">3</finishx>
        <finishy number="73">48</finishy>
        <startx number="74">6</startx>
        <starty number="74">59</starty>
        <finishx number="74">15</finishx>
        <finishy number="74">17</finishy>
        <startx number="75">59</startx>
        <starty number="75">39</starty>
        <finishx number="75">41</finishx>
        <finishy number="75">5</finishy>
        <startx number="76">0</startx>
        <starty number="76">52</starty>
        <finishx number="76">14</finishx>
        <finishy number="76">4</finishy>
        <startx number="77">35</startx>
        <starty number="77">48</starty>
        <finishx number="77">58</finishx>
        <finishy number="77">36</finishy>
        <startx number="78">2</startx>
        <starty number="78">8</starty>
        <finishx number="78">37</finishx>
        <finishy number="78">61</finishy>
        <startx number="79">52</startx>
        <starty number="79">59</starty>
        <finishx number="79">43</finishx>
        <finishy number="79">18</finishy>
        <startx number="80">44</startx>
        <starty number="80">44</starty>
        <finishx number="80">30</finishx>
        <finishy number="80">20</finishy>
        <startx number="81">14</startx>
        <starty number="81">33</starty>
        <finishx number="81">41</finishx>
        <finishy number="81">56</finishy>
        <startx number="82">27</startx>
        <starty number="82">18</starty>
        <finishx number="82">51</finishx>
        <finishy number="82">27</finishy>
        <startx number="83">0</startx>
        <starty number="83">20</starty>
        <finishx number="83">48</finishx>
        <finishy number="83">30</finishy>
        <startx number="84">40</startx>
        <starty number="84">13</starty>
        <finishx number="84">15</finishx>
        <finishy number="84">31</finishy>
        <startx number="85">40</startx>
        <starty number="85">2</starty>
        <finishx number="85">4</finishx>
        <finishy number="85">43</finishy>
        <startx number="86">32</startx>
        <starty number="86">28</starty>
        <finishx number="86">41</finishx>
        <finishy number="86">24</finishy>
        <startx number="87">25</startx>
        <starty number="87">10</starty>
        <finishx number="87">37</finishx>
        <finishy number="87">3</finishy>
        <startx number="88">31</startx>
        <starty number="88">31</starty>
        <finishx number="88">24</finishx>
        <finishy number="88">26</finishy>
        <startx number="89">11</startx>
        <starty number="89">55</starty>
        <finishx number="89">14</finishx>
        <finishy number="89">60</finishy>
        <startx number="90">41</startx>
        <starty number="90">58</starty>
        <finishx number="90">37</finishx>
        <finishy number="90">40</finishy>
        <startx number="91">58</startx>
        <starty number="91">26</starty>
        <finishx number="91">39</finishx>
        <finishy number="91">53</finishy>
        <startx number="92">23</startx>
        <starty number="92">53</starty>
        <finishx number="92">17</finishx>
        <finishy number="92">22</finishy>
        <startx number="93">48</startx>
        <starty number="93">9</starty>
        <finishx number="93">58</finishx>
        <finishy number="93">18</finishy>
        <startx number="94">30</startx>
        <starty number="94">55</starty>
        <finishx number="94">44</finishx>
        <finishy number="94">10</finishy>
        <startx number="95">56</startx>
        <starty number="95">18</starty>
        <finishx number="95">29</finishx>
        <finishy number="95">23</finishy>
        <startx number="96">49</startx>
        <starty number="96">52</starty>
        <finishx number="96">25</finishx>
        <finishy number="96">7</finishy>
        <startx number="97">38</startx>
        <starty number="97">16</starty>
        <finishx number="97">61</finishx>
        <finishy number="97">14</finishy>
        <startx number="98">33</startx>
        <starty number="98">9</starty>
        <finishx number="98">58</finishx>
        <finishy number="98">29</finishy>
        <startx number="99">44</startx>
        <starty number="99">39</starty>
        <finishx number="99">48</finishx>
        <finishy number="99">14</finishy>
        <grid>
            <row>0 0 0 0 0 0 0 0 0 0 0 0 0 0 0 0 0 0 0 0 0 0 0 0 0 0 0 0 0 0 0 0 0 0 0 0 0 0 0 0 0 0 0 0 0 0 0 0 0 0 0 0 0 0 0 0 0 0 0 0 0 0 0 0</row>
            <row>0 0 0 0 0 0 0 0 0 0 0 0 0 0 0 0 0 0 0 0 0 0 0 0 0 0 0 0 0 0 0 0 0 0 0 0 0 0 0 0 0 0 0 0 0 0 0 0 0 0 0 0 0 0 0 0 0 0 0 0 0 0 0 0</row>
            <row>0 0 0 0 0 0 0 0 0 0 0 0 0 0 0 0 0 0 0 0 0 0 0 0 0 0 0 0 0 0 0 0 0 0 0 0 0 0 0 0 0 0 0 0 0 0 0 0 0 0 0 0 0 0 0 0 0 0 0 0 0 0 0 0</row>
            <row>0 0 0 0 0 0 0 0 0 0 0 0 0 0 0 0 0 0 0 0 0 0 0 0 0 0 0 0 0 0 0 0 0 0 0 0 0 0 0 0 0 0 0 0 0 0 0 0 0 0 0 0 0 0 0 0 0 0 0 0 0 0 0 0</row>
            <row>0 0 0 0 0 0 0 0 0 0 0 0 0 0 0 0 0 0 0 0 0 0 0 0 0 0 0 0 0 0 0 0 0 0 0 0 0 0 0 0 0 0 0 0 0 0 0 0 0 0 0 0 0 0 0 0 0 0 0 0 0 0 0 0</row>
            <row>0 0 0 0 0 0 0 0 0 0 0 0 0 0 0 0 0 0 0 0 0 0 0 0 0 0 0 0 0 0 0 0 0 0 0 0 0 0 0 0 0 0 0 0 0 0 0 0 0 0 0 0 0 0 0 0 0 0 0 0 0 0 0 0</row>
            <row>0 0 0 0 0 0 0 0 0 0 0 0 0 0 0 0 0 0 0 0 0 0 0 0 0 0 0 0 0 0 0 0 0 0 0 0 0 0 0 0 0 0 0 0 0 0 0 0 0 0 0 0 0 0 0 0 0 0 0 0 0 0 0 0</row>
            <row>0 0 0 0 0 0 0 0 0 0 0 0 0 0 0 0 0 0 0 0 0 0 0 0 0 0 0 0 0 0 0 0 0 0 0 0 0 0 0 0 0 0 0 0 0 0 0 0 0 0 0 0 0 0 0 0 0 0 0 0 0 0 0 0</row>
            <row>0 0 0 0 0 0 0 0 0 0 0 0 0 0 0 0 0 0 0 0 0 0 0 0 0 0 0 0 0 0 0 0 0 0 0 0 0 0 0 0 0 0 0 0 0 0 0 0 0 0 0 0 0 0 0 0 0 0 0 0 0 0 0 0</row>
            <row>0 0 0 0 0 0 0 0 0 0 0 0 0 0 0 0 0 0 0 0 0 0 0 0 0 0 0 0 0 0 0 0 0 0 0 0 0 0 0 0 0 0 0 0 0 0 0 0 0 0 0 0 0 0 0 0 0 0 0 0 0 0 0 0</row>
            <row>0 0 0 0 0 0 0 0 0 0 0 0 0 0 0 0 0 0 0 0 0 0 0 0 0 0 0 0 0 0 0 0 0 0 0 0 0 0 0 0 0 0 0 0 0 0 0 0 0 0 0 0 0 0 0 0 0 0 0 0 0 0 0 0</row>
            <row>0 0 0 0 0 0 0 0 0 0 0 0 0 0 0 0 0 0 0 0 0 0 0 0 0 0 0 0 0 0 0 0 0 0 0 0 0 0 0 0 0 0 0 0 0 0 0 0 0 0 0 0 0 0 0 0 0 0 0 0 0 0 0 0</row>
            <row>0 0 0 0 0 0 0 0 0 0 0 0 0 0 0 0 0 0 0 0 0 0 0 0 0 0 0 0 0 0 0 0 0 0 0 0 0 0 0 0 0 0 0 0 0 0 0 0 0 0 0 0 0 0 0 0 0 0 0 0 0 0 0 0</row>
            <row>0 0 0 0 0 0 0 0 0 0 0 0 0 0 0 0 0 0 0 0 0 0 0 0 0 0 0 0 0 0 0 0 0 0 0 0 0 0 0 0 0 0 0 0 0 0 0 0 0 0 0 0 0 0 0 0 0 0 0 0 0 0 0 0</row>
            <row>0 0 0 0 0 0 0 0 0 0 0 0 0 0 0 0 0 0 0 0 0 0 0 0 0 0 0 0 0 0 0 0 0 0 0 0 0 0 0 0 0 0 0 0 0 0 0 0 0 0 0 0 0 0 0 0 0 0 0 0 0 0 0 0</row>
            <row>0 0 0 0 0 0 0 0 0 0 0 0 0 0 0 0 0 0 0 0 0 0 0 0 0 0 0 0 0 0 0 0 0 0 0 0 0 0 0 0 0 0 0 0 0 0 0 0 0 0 0 0 0 0 0 0 0 0 0 0 0 0 0 0</row>
            <row>0 0 0 0 0 0 0 0 0 0 0 0 0 0 0 0 0 0 0 0 0 0 0 0 0 0 0 0 0 0 0 0 0 0 0 0 0 0 0 0 0 0 0 0 0 0 0 0 0 0 0 0 0 0 0 0 0 0 0 0 0 0 0 0</row>
            <row>0 0 0 0 0 0 0 0 0 0 0 0 0 0 0 0 0 0 0 0 0 0 0 0 0 0 0 0 0 0 0 0 0 0 0 0 0 0 0 0 0 0 0 0 0 0 0 0 0 0 0 0 0 0 0 0 0 0 0 0 0 0 0 0</row>
            <row>0 0 0 0 0 0 0 0 0 0 0 0 0 0 0 0 0 0 0 0 0 0 0 0 0 0 0 0 0 0 0 0 0 0 0 0 0 0 0 0 0 0 0 0 0 0 0 0 0 0 0 0 0 0 0 0 0 0 0 0 0 0 0 0</row>
            <row>0 0 0 0 0 0 0 0 0 0 0 0 0 0 0 0 0 0 0 0 0 0 0 0 0 0 0 0 0 0 0 0 0 0 0 0 0 0 0 0 0 0 0 0 0 0 0 0 0 0 0 0 0 0 0 0 0 0 0 0 0 0 0 0</row>
            <row>0 0 0 0 0 0 0 0 0 0 0 0 0 0 0 0 0 0 0 0 0 0 0 0 0 0 0 0 0 0 0 0 0 0 0 0 0 0 0 0 0 0 0 0 0 0 0 0 0 0 0 0 0 0 0 0 0 0 0 0 0 0 0 0</row>
            <row>0 0 0 0 0 0 0 0 0 0 0 0 0 0 0 0 0 0 0 0 0 0 0 0 0 0 0 0 0 0 0 0 0 0 0 0 0 0 0 0 0 0 0 0 0 0 0 0 0 0 0 0 0 0 0 0 0 0 0 0 0 0 0 0</row>
            <row>0 0 0 0 0 0 0 0 0 0 0 0 0 0 0 0 0 0 0 0 0 0 0 0 0 0 0 0 0 0 0 0 0 0 0 0 0 0 0 0 0 0 0 0 0 0 0 0 0 0 0 0 0 0 0 0 0 0 0 0 0 0 0 0</row>
            <row>0 0 0 0 0 0 0 0 0 0 0 0 0 0 0 0 0 0 0 0 0 0 0 0 0 0 0 0 0 0 0 0 0 0 0 0 0 0 0 0 0 0 0 0 0 0 0 0 0 0 0 0 0 0 0 0 0 0 0 0 0 0 0 0</row>
            <row>0 0 0 0 0 0 0 0 0 0 0 0 0 0 0 0 0 0 0 0 0 0 0 0 0 0 0 0 0 0 0 0 0 0 0 0 0 0 0 0 0 0 0 0 0 0 0 0 0 0 0 0 0 0 0 0 0 0 0 0 0 0 0 0</row>
            <row>0 0 0 0 0 0 0 0 0 0 0 0 0 0 0 0 0 0 0 0 0 0 0 0 0 0 0 0 0 0 0 0 0 0 0 0 0 0 0 0 0 0 0 0 0 0 0 0 0 0 0 0 0 0 0 0 0 0 0 0 0 0 0 0</row>
            <row>0 0 0 0 0 0 0 0 0 0 0 0 0 0 0 0 0 0 0 0 0 0 0 0 0 0 0 0 0 0 0 0 0 0 0 0 0 0 0 0 0 0 0 0 0 0 0 0 0 0 0 0 0 0 0 0 0 0 0 0 0 0 0 0</row>
            <row>0 0 0 0 0 0 0 0 0 0 0 0 0 0 0 0 0 0 0 0 0 0 0 0 0 0 0 0 0 0 0 0 0 0 0 0 0 0 0 0 0 0 0 0 0 0 0 0 0 0 0 0 0 0 0 0 0 0 0 0 0 0 0 0</row>
            <row>0 0 0 0 0 0 0 0 0 0 0 0 0 0 0 0 0 0 0 0 0 0 0 0 0 0 0 0 0 0 0 0 0 0 0 0 0 0 0 0 0 0 0 0 0 0 0 0 0 0 0 0 0 0 0 0 0 0 0 0 0 0 0 0</row>
            <row>0 0 0 0 0 0 0 0 0 0 0 0 0 0 0 0 0 0 0 0 0 0 0 0 0 0 0 0 0 0 0 0 0 0 0 0 0 0 0 0 0 0 0 0 0 0 0 0 0 0 0 0 0 0 0 0 0 0 0 0 0 0 0 0</row>
            <row>0 0 0 0 0 0 0 0 0 0 0 0 0 0 0 0 0 0 0 0 0 0 0 0 0 0 0 0 0 0 0 0 0 0 0 0 0 0 0 0 0 0 0 0 0 0 0 0 0 0 0 0 0 0 0 0 0 0 0 0 0 0 0 0</row>
            <row>0 0 0 0 0 0 0 0 0 0 0 0 0 0 0 0 0 0 0 0 0 0 0 0 0 0 0 0 0 0 0 0 0 0 0 0 0 0 0 0 0 0 0 0 0 0 0 0 0 0 0 0 0 0 0 0 0 0 0 0 0 0 0 0</row>
            <row>0 0 0 0 0 0 0 0 0 0 0 0 0 0 0 0 0 0 0 0 0 0 0 0 0 0 0 0 0 0 0 0 0 0 0 0 0 0 0 0 0 0 0 0 0 0 0 0 0 0 0 0 0 0 0 0 0 0 0 0 0 0 0 0</row>
            <row>0 0 0 0 0 0 0 0 0 0 0 0 0 0 0 0 0 0 0 0 0 0 0 0 0 0 0 0 0 0 0 0 0 0 0 0 0 0 0 0 0 0 0 0 0 0 0 0 0 0 0 0 0 0 0 0 0 0 0 0 0 0 0 0</row>
            <row>0 0 0 0 0 0 0 0 0 0 0 0 0 0 0 0 0 0 0 0 0 0 0 0 0 0 0 0 0 0 0 0 0 0 0 0 0 0 0 0 0 0 0 0 0 0 0 0 0 0 0 0 0 0 0 0 0 0 0 0 0 0 0 0</row>
            <row>0 0 0 0 0 0 0 0 0 0 0 0 0 0 0 0 0 0 0 0 0 0 0 0 0 0 0 0 0 0 0 0 0 0 0 0 0 0 0 0 0 0 0 0 0 0 0 0 0 0 0 0 0 0 0 0 0 0 0 0 0 0 0 0</row>
            <row>0 0 0 0 0 0 0 0 0 0 0 0 0 0 0 0 0 0 0 0 0 0 0 0 0 0 0 0 0 0 0 0 0 0 0 0 0 0 0 0 0 0 0 0 0 0 0 0 0 0 0 0 0 0 0 0 0 0 0 0 0 0 0 0</row>
            <row>0 0 0 0 0 0 0 0 0 0 0 0 0 0 0 0 0 0 0 0 0 0 0 0 0 0 0 0 0 0 0 0 0 0 0 0 0 0 0 0 0 0 0 0 0 0 0 0 0 0 0 0 0 0 0 0 0 0 0 0 0 0 0 0</row>
            <row>0 0 0 0 0 0 0 0 0 0 0 0 0 0 0 0 0 0 0 0 0 0 0 0 0 0 0 0 0 0 0 0 0 0 0 0 0 0 0 0 0 0 0 0 0 0 0 0 0 0 0 0 0 0 0 0 0 0 0 0 0 0 0 0</row>
            <row>0 0 0 0 0 0 0 0 0 0 0 0 0 0 0 0 0 0 0 0 0 0 0 0 0 0 0 0 0 0 0 0 0 0 0 0 0 0 0 0 0 0 0 0 0 0 0 0 0 0 0 0 0 0 0 0 0 0 0 0 0 0 0 0</row>
            <row>0 0 0 0 0 0 0 0 0 0 0 0 0 0 0 0 0 0 0 0 0 0 0 0 0 0 0 0 0 0 0 0 0 0 0 0 0 0 0 0 0 0 0 0 0 0 0 0 0 0 0 0 0 0 0 0 0 0 0 0 0 0 0 0</row>
            <row>0 0 0 0 0 0 0 0 0 0 0 0 0 0 0 0 0 0 0 0 0 0 0 0 0 0 0 0 0 0 0 0 0 0 0 0 0 0 0 0 0 0 0 0 0 0 0 0 0 0 0 0 0 0 0 0 0 0 0 0 0 0 0 0</row>
            <row>0 0 0 0 0 0 0 0 0 0 0 0 0 0 0 0 0 0 0 0 0 0 0 0 0 0 0 0 0 0 0 0 0 0 0 0 0 0 0 0 0 0 0 0 0 0 0 0 0 0 0 0 0 0 0 0 0 0 0 0 0 0 0 0</row>
            <row>0 0 0 0 0 0 0 0 0 0 0 0 0 0 0 0 0 0 0 0 0 0 0 0 0 0 0 0 0 0 0 0 0 0 0 0 0 0 0 0 0 0 0 0 0 0 0 0 0 0 0 0 0 0 0 0 0 0 0 0 0 0 0 0</row>
            <row>0 0 0 0 0 0 0 0 0 0 0 0 0 0 0 0 0 0 0 0 0 0 0 0 0 0 0 0 0 0 0 0 0 0 0 0 0 0 0 0 0 0 0 0 0 0 0 0 0 0 0 0 0 0 0 0 0 0 0 0 0 0 0 0</row>
            <row>0 0 0 0 0 0 0 0 0 0 0 0 0 0 0 0 0 0 0 0 0 0 0 0 0 0 0 0 0 0 0 0 0 0 0 0 0 0 0 0 0 0 0 0 0 0 0 0 0 0 0 0 0 0 0 0 0 0 0 0 0 0 0 0</row>
            <row>0 0 0 0 0 0 0 0 0 0 0 0 0 0 0 0 0 0 0 0 0 0 0 0 0 0 0 0 0 0 0 0 0 0 0 0 0 0 0 0 0 0 0 0 0 0 0 0 0 0 0 0 0 0 0 0 0 0 0 0 0 0 0 0</row>
            <row>0 0 0 0 0 0 0 0 0 0 0 0 0 0 0 0 0 0 0 0 0 0 0 0 0 0 0 0 0 0 0 0 0 0 0 0 0 0 0 0 0 0 0 0 0 0 0 0 0 0 0 0 0 0 0 0 0 0 0 0 0 0 0 0</row>
            <row>0 0 0 0 0 0 0 0 0 0 0 0 0 0 0 0 0 0 0 0 0 0 0 0 0 0 0 0 0 0 0 0 0 0 0 0 0 0 0 0 0 0 0 0 0 0 0 0 0 0 0 0 0 0 0 0 0 0 0 0 0 0 0 0</row>
            <row>0 0 0 0 0 0 0 0 0 0 0 0 0 0 0 0 0 0 0 0 0 0 0 0 0 0 0 0 0 0 0 0 0 0 0 0 0 0 0 0 0 0 0 0 0 0 0 0 0 0 0 0 0 0 0 0 0 0 0 0 0 0 0 0</row>
            <row>0 0 0 0 0 0 0 0 0 0 0 0 0 0 0 0 0 0 0 0 0 0 0 0 0 0 0 0 0 0 0 0 0 0 0 0 0 0 0 0 0 0 0 0 0 0 0 0 0 0 0 0 0 0 0 0 0 0 0 0 0 0 0 0</row>
            <row>0 0 0 0 0 0 0 0 0 0 0 0 0 0 0 0 0 0 0 0 0 0 0 0 0 0 0 0 0 0 0 0 0 0 0 0 0 0 0 0 0 0 0 0 0 0 0 0 0 0 0 0 0 0 0 0 0 0 0 0 0 0 0 0</row>
            <row>0 0 0 0 0 0 0 0 0 0 0 0 0 0 0 0 0 0 0 0 0 0 0 0 0 0 0 0 0 0 0 0 0 0 0 0 0 0 0 0 0 0 0 0 0 0 0 0 0 0 0 0 0 0 0 0 0 0 0 0 0 0 0 0</row>
            <row>0 0 0 0 0 0 0 0 0 0 0 0 0 0 0 0 0 0 0 0 0 0 0 0 0 0 0 0 0 0 0 0 0 0 0 0 0 0 0 0 0 0 0 0 0 0 0 0 0 0 0 0 0 0 0 0 0 0 0 0 0 0 0 0</row>
            <row>0 0 0 0 0 0 0 0 0 0 0 0 0 0 0 0 0 0 0 0 0 0 0 0 0 0 0 0 0 0 0 0 0 0 0 0 0 0 0 0 0 0 0 0 0 0 0 0 0 0 0 0 0 0 0 0 0 0 0 0 0 0 0 0</row>
            <row>0 0 0 0 0 0 0 0 0 0 0 0 0 0 0 0 0 0 0 0 0 0 0 0 0 0 0 0 0 0 0 0 0 0 0 0 0 0 0 0 0 0 0 0 0 0 0 0 0 0 0 0 0 0 0 0 0 0 0 0 0 0 0 0</row>
            <row>0 0 0 0 0 0 0 0 0 0 0 0 0 0 0 0 0 0 0 0 0 0 0 0 0 0 0 0 0 0 0 0 0 0 0 0 0 0 0 0 0 0 0 0 0 0 0 0 0 0 0 0 0 0 0 0 0 0 0 0 0 0 0 0</row>
            <row>0 0 0 0 0 0 0 0 0 0 0 0 0 0 0 0 0 0 0 0 0 0 0 0 0 0 0 0 0 0 0 0 0 0 0 0 0 0 0 0 0 0 0 0 0 0 0 0 0 0 0 0 0 0 0 0 0 0 0 0 0 0 0 0</row>
            <row>0 0 0 0 0 0 0 0 0 0 0 0 0 0 0 0 0 0 0 0 0 0 0 0 0 0 0 0 0 0 0 0 0 0 0 0 0 0 0 0 0 0 0 0 0 0 0 0 0 0 0 0 0 0 0 0 0 0 0 0 0 0 0 0</row>
            <row>0 0 0 0 0 0 0 0 0 0 0 0 0 0 0 0 0 0 0 0 0 0 0 0 0 0 0 0 0 0 0 0 0 0 0 0 0 0 0 0 0 0 0 0 0 0 0 0 0 0 0 0 0 0 0 0 0 0 0 0 0 0 0 0</row>
            <row>0 0 0 0 0 0 0 0 0 0 0 0 0 0 0 0 0 0 0 0 0 0 0 0 0 0 0 0 0 0 0 0 0 0 0 0 0 0 0 0 0 0 0 0 0 0 0 0 0 0 0 0 0 0 0 0 0 0 0 0 0 0 0 0</row>
            <row>0 0 0 0 0 0 0 0 0 0 0 0 0 0 0 0 0 0 0 0 0 0 0 0 0 0 0 0 0 0 0 0 0 0 0 0 0 0 0 0 0 0 0 0 0 0 0 0 0 0 0 0 0 0 0 0 0 0 0 0 0 0 0 0</row>
            <row>0 0 0 0 0 0 0 0 0 0 0 0 0 0 0 0 0 0 0 0 0 0 0 0 0 0 0 0 0 0 0 0 0 0 0 0 0 0 0 0 0 0 0 0 0 0 0 0 0 0 0 0 0 0 0 0 0 0 0 0 0 0 0 0</row>
            <row>0 0 0 0 0 0 0 0 0 0 0 0 0 0 0 0 0 0 0 0 0 0 0 0 0 0 0 0 0 0 0 0 0 0 0 0 0 0 0 0 0 0 0 0 0 0 0 0 0 0 0 0 0 0 0 0 0 0 0 0 0 0 0 0</row>
        </grid>
    </map>
    <algorithm>
        <allowanyangle>true</allowanyangle>
        <metrictype>euclid</metrictype>
        <breakingties>g-max</breakingties>
        <weight>1</weight>
    </algorithm>
    <options>
        <loglevel>1</loglevel>
        <logpath />
        <logfilename />
    </options>
</root>
