<?xml version="1.0" ?>
<root>
    <map>
        <width>64</width>
        <height>64</height>
        <agents>200</agents>
        <startx number="0">41</startx>
        <starty number="0">42</starty>
        <finishx number="0">60</finishx>
        <finishy number="0">63</finishy>
        <startx number="1">8</startx>
        <starty number="1">2</starty>
        <finishx number="1">36</finishx>
        <finishy number="1">11</finishy>
        <startx number="2">50</startx>
        <starty number="2">54</starty>
        <finishx number="2">1</finishx>
        <finishy number="2">14</finishy>
        <startx number="3">9</startx>
        <starty number="3">37</starty>
        <finishx number="3">42</finishx>
        <finishy number="3">2</finishy>
        <startx number="4">24</startx>
        <starty number="4">37</starty>
        <finishx number="4">31</finishx>
        <finishy number="4">20</finishy>
        <startx number="5">31</startx>
        <starty number="5">41</starty>
        <finishx number="5">34</finishx>
        <finishy number="5">30</finishy>
        <startx number="6">15</startx>
        <starty number="6">36</starty>
        <finishx number="6">8</finishx>
        <finishy number="6">0</finishy>
        <startx number="7">56</startx>
        <starty number="7">8</starty>
        <finishx number="7">14</finishx>
        <finishy number="7">33</finishy>
        <startx number="8">41</startx>
        <starty number="8">47</starty>
        <finishx number="8">31</finishx>
        <finishy number="8">49</finishy>
        <startx number="9">47</startx>
        <starty number="9">41</starty>
        <finishx number="9">33</finishx>
        <finishy number="9">1</finishy>
        <startx number="10">49</startx>
        <starty number="10">56</starty>
        <finishx number="10">5</finishx>
        <finishy number="10">29</finishy>
        <startx number="11">25</startx>
        <starty number="11">39</starty>
        <finishx number="11">20</finishx>
        <finishy number="11">48</finishy>
        <startx number="12">21</startx>
        <starty number="12">56</starty>
        <finishx number="12">14</finishx>
        <finishy number="12">60</finishy>
        <startx number="13">2</startx>
        <starty number="13">43</starty>
        <finishx number="13">51</finishx>
        <finishy number="13">24</finishy>
        <startx number="14">19</startx>
        <starty number="14">13</starty>
        <finishx number="14">48</finishx>
        <finishy number="14">33</finishy>
        <startx number="15">43</startx>
        <starty number="15">52</starty>
        <finishx number="15">49</finishx>
        <finishy number="15">38</finishy>
        <startx number="16">16</startx>
        <starty number="16">54</starty>
        <finishx number="16">56</finishx>
        <finishy number="16">40</finishy>
        <startx number="17">62</startx>
        <starty number="17">49</starty>
        <finishx number="17">39</finishx>
        <finishy number="17">16</finishy>
        <startx number="18">45</startx>
        <starty number="18">1</starty>
        <finishx number="18">36</finishx>
        <finishy number="18">6</finishy>
        <startx number="19">21</startx>
        <starty number="19">24</starty>
        <finishx number="19">53</finishx>
        <finishy number="19">58</finishy>
        <startx number="20">54</startx>
        <starty number="20">2</starty>
        <finishx number="20">58</finishx>
        <finishy number="20">4</finishy>
        <startx number="21">58</startx>
        <starty number="21">2</starty>
        <finishx number="21">35</finishx>
        <finishy number="21">22</finishy>
        <startx number="22">60</startx>
        <starty number="22">60</starty>
        <finishx number="22">54</finishx>
        <finishy number="22">16</finishy>
        <startx number="23">26</startx>
        <starty number="23">20</starty>
        <finishx number="23">43</finishx>
        <finishy number="23">39</finishy>
        <startx number="24">32</startx>
        <starty number="24">9</starty>
        <finishx number="24">58</finishx>
        <finishy number="24">18</finishy>
        <startx number="25">60</startx>
        <starty number="25">5</starty>
        <finishx number="25">8</finishx>
        <finishy number="25">26</finishy>
        <startx number="26">40</startx>
        <starty number="26">26</starty>
        <finishx number="26">11</finishx>
        <finishy number="26">5</finishy>
        <startx number="27">5</startx>
        <starty number="27">27</starty>
        <finishx number="27">50</finishx>
        <finishy number="27">51</finishy>
        <startx number="28">32</startx>
        <starty number="28">22</starty>
        <finishx number="28">58</finishx>
        <finishy number="28">34</finishy>
        <startx number="29">29</startx>
        <starty number="29">1</starty>
        <finishx number="29">63</finishx>
        <finishy number="29">11</finishy>
        <startx number="30">8</startx>
        <starty number="30">61</starty>
        <finishx number="30">58</finishx>
        <finishy number="30">37</finishy>
        <startx number="31">52</startx>
        <starty number="31">37</starty>
        <finishx number="31">27</finishx>
        <finishy number="31">58</finishy>
        <startx number="32">63</startx>
        <starty number="32">6</starty>
        <finishx number="32">55</finishx>
        <finishy number="32">29</finishy>
        <startx number="33">49</startx>
        <starty number="33">17</starty>
        <finishx number="33">3</finishx>
        <finishy number="33">0</finishy>
        <startx number="34">2</startx>
        <starty number="34">56</starty>
        <finishx number="34">49</finishx>
        <finishy number="34">46</finishy>
        <startx number="35">63</startx>
        <starty number="35">33</starty>
        <finishx number="35">43</finishx>
        <finishy number="35">50</finishy>
        <startx number="36">7</startx>
        <starty number="36">45</starty>
        <finishx number="36">5</finishx>
        <finishy number="36">56</finishy>
        <startx number="37">43</startx>
        <starty number="37">61</starty>
        <finishx number="37">11</finishx>
        <finishy number="37">55</finishy>
        <startx number="38">27</startx>
        <starty number="38">7</starty>
        <finishx number="38">45</finishx>
        <finishy number="38">17</finishy>
        <startx number="39">1</startx>
        <starty number="39">1</starty>
        <finishx number="39">7</finishx>
        <finishy number="39">31</finishy>
        <startx number="40">18</startx>
        <starty number="40">38</starty>
        <finishx number="40">0</finishx>
        <finishy number="40">3</finishy>
        <startx number="41">44</startx>
        <starty number="41">7</starty>
        <finishx number="41">23</finishx>
        <finishy number="41">42</finishy>
        <startx number="42">11</startx>
        <starty number="42">31</starty>
        <finishx number="42">62</finishx>
        <finishy number="42">36</finishy>
        <startx number="43">18</startx>
        <starty number="43">40</starty>
        <finishx number="43">55</finishx>
        <finishy number="43">50</finishy>
        <startx number="44">54</startx>
        <starty number="44">21</starty>
        <finishx number="44">15</finishx>
        <finishy number="44">49</finishy>
        <startx number="45">50</startx>
        <starty number="45">48</starty>
        <finishx number="45">38</finishx>
        <finishy number="45">45</finishy>
        <startx number="46">22</startx>
        <starty number="46">0</starty>
        <finishx number="46">35</finishx>
        <finishy number="46">25</finishy>
        <startx number="47">23</startx>
        <starty number="47">7</starty>
        <finishx number="47">60</finishx>
        <finishy number="47">41</finishy>
        <startx number="48">24</startx>
        <starty number="48">26</starty>
        <finishx number="48">31</finishx>
        <finishy number="48">6</finishy>
        <startx number="49">35</startx>
        <starty number="49">59</starty>
        <finishx number="49">60</finishx>
        <finishy number="49">15</finishy>
        <startx number="50">41</startx>
        <starty number="50">45</starty>
        <finishx number="50">29</finishx>
        <finishy number="50">36</finishy>
        <startx number="51">6</startx>
        <starty number="51">2</starty>
        <finishx number="51">48</finishx>
        <finishy number="51">23</finishy>
        <startx number="52">38</startx>
        <starty number="52">27</starty>
        <finishx number="52">3</finishx>
        <finishy number="52">24</finishy>
        <startx number="53">15</startx>
        <starty number="53">7</starty>
        <finishx number="53">32</finishx>
        <finishy number="53">54</finishy>
        <startx number="54">0</startx>
        <starty number="54">9</starty>
        <finishx number="54">31</finishx>
        <finishy number="54">46</finishy>
        <startx number="55">36</startx>
        <starty number="55">16</starty>
        <finishx number="55">20</finishx>
        <finishy number="55">8</finishy>
        <startx number="56">62</startx>
        <starty number="56">1</starty>
        <finishx number="56">21</finishx>
        <finishy number="56">16</finishy>
        <startx number="57">36</startx>
        <starty number="57">0</starty>
        <finishx number="57">25</finishx>
        <finishy number="57">42</finishy>
        <startx number="58">40</startx>
        <starty number="58">31</starty>
        <finishx number="58">48</finishx>
        <finishy number="58">12</finishy>
        <startx number="59">45</startx>
        <starty number="59">22</starty>
        <finishx number="59">5</finishx>
        <finishy number="59">43</finishy>
        <startx number="60">19</startx>
        <starty number="60">62</starty>
        <finishx number="60">58</finishx>
        <finishy number="60">52</finishy>
        <startx number="61">48</startx>
        <starty number="61">1</starty>
        <finishx number="61">33</finishx>
        <finishy number="61">56</finishy>
        <startx number="62">46</startx>
        <starty number="62">52</starty>
        <finishx number="62">36</finishx>
        <finishy number="62">8</finishy>
        <startx number="63">10</startx>
        <starty number="63">7</starty>
        <finishx number="63">57</finishx>
        <finishy number="63">13</finishy>
        <startx number="64">44</startx>
        <starty number="64">5</starty>
        <finishx number="64">27</finishx>
        <finishy number="64">52</finishy>
        <startx number="65">4</startx>
        <starty number="65">37</starty>
        <finishx number="65">0</finishx>
        <finishy number="65">33</finishy>
        <startx number="66">12</startx>
        <starty number="66">47</starty>
        <finishx number="66">40</finishx>
        <finishy number="66">24</finishy>
        <startx number="67">44</startx>
        <starty number="67">12</starty>
        <finishx number="67">56</finishx>
        <finishy number="67">56</finishy>
        <startx number="68">1</startx>
        <starty number="68">48</starty>
        <finishx number="68">30</finishx>
        <finishy number="68">17</finishy>
        <startx number="69">44</startx>
        <starty number="69">10</starty>
        <finishx number="69">63</finishx>
        <finishy number="69">15</finishy>
        <startx number="70">50</startx>
        <starty number="70">43</starty>
        <finishx number="70">61</finishx>
        <finishy number="70">52</finishy>
        <startx number="71">24</startx>
        <starty number="71">34</starty>
        <finishx number="71">39</finishx>
        <finishy number="71">43</finishy>
        <startx number="72">9</startx>
        <starty number="72">5</starty>
        <finishx number="72">1</finishx>
        <finishy number="72">36</finishy>
        <startx number="73">26</startx>
        <starty number="73">31</starty>
        <finishx number="73">58</finishx>
        <finishy number="73">58</finishy>
        <startx number="74">57</startx>
        <starty number="74">21</starty>
        <finishx number="74">13</finishx>
        <finishy number="74">10</finishy>
        <startx number="75">19</startx>
        <starty number="75">11</starty>
        <finishx number="75">59</finishx>
        <finishy number="75">23</finishy>
        <startx number="76">40</startx>
        <starty number="76">13</starty>
        <finishx number="76">3</finishx>
        <finishy number="76">27</finishy>
        <startx number="77">3</startx>
        <starty number="77">14</starty>
        <finishx number="77">62</finishx>
        <finishy number="77">47</finishy>
        <startx number="78">14</startx>
        <starty number="78">44</starty>
        <finishx number="78">40</finishx>
        <finishy number="78">2</finishy>
        <startx number="79">1</startx>
        <starty number="79">38</starty>
        <finishx number="79">21</finishx>
        <finishy number="79">43</finishy>
        <startx number="80">26</startx>
        <starty number="80">36</starty>
        <finishx number="80">21</finishx>
        <finishy number="80">27</finishy>
        <startx number="81">52</startx>
        <starty number="81">17</starty>
        <finishx number="81">54</finishx>
        <finishy number="81">34</finishy>
        <startx number="82">51</startx>
        <starty number="82">11</starty>
        <finishx number="82">17</finishx>
        <finishy number="82">27</finishy>
        <startx number="83">30</startx>
        <starty number="83">15</starty>
        <finishx number="83">46</finishx>
        <finishy number="83">49</finishy>
        <startx number="84">12</startx>
        <starty number="84">7</starty>
        <finishx number="84">41</finishx>
        <finishy number="84">34</finishy>
        <startx number="85">9</startx>
        <starty number="85">21</starty>
        <finishx number="85">56</finishx>
        <finishy number="85">34</finishy>
        <startx number="86">15</startx>
        <starty number="86">52</starty>
        <finishx number="86">5</finishx>
        <finishy number="86">6</finishy>
        <startx number="87">57</startx>
        <starty number="87">50</starty>
        <finishx number="87">51</finishx>
        <finishy number="87">27</finishy>
        <startx number="88">49</startx>
        <starty number="88">9</starty>
        <finishx number="88">51</finishx>
        <finishy number="88">3</finishy>
        <startx number="89">36</startx>
        <starty number="89">37</starty>
        <finishx number="89">43</finishx>
        <finishy number="89">28</finishy>
        <startx number="90">46</startx>
        <starty number="90">38</starty>
        <finishx number="90">42</finishx>
        <finishy number="90">63</finishy>
        <startx number="91">24</startx>
        <starty number="91">24</starty>
        <finishx number="91">36</finishx>
        <finishy number="91">35</finishy>
        <startx number="92">26</startx>
        <starty number="92">55</starty>
        <finishx number="92">1</finishx>
        <finishy number="92">11</finishy>
        <startx number="93">62</startx>
        <starty number="93">60</starty>
        <finishx number="93">37</finishx>
        <finishy number="93">56</finishy>
        <startx number="94">45</startx>
        <starty number="94">44</starty>
        <finishx number="94">23</finishx>
        <finishy number="94">48</finishy>
        <startx number="95">0</startx>
        <starty number="95">52</starty>
        <finishx number="95">6</finishx>
        <finishy number="95">35</finishy>
        <startx number="96">24</startx>
        <starty number="96">2</starty>
        <finishx number="96">6</finishx>
        <finishy number="96">37</finishy>
        <startx number="97">1</startx>
        <starty number="97">40</starty>
        <finishx number="97">7</finishx>
        <finishy number="97">58</finishy>
        <startx number="98">55</startx>
        <starty number="98">63</starty>
        <finishx number="98">8</finishx>
        <finishy number="98">53</finishy>
        <startx number="99">3</startx>
        <starty number="99">19</starty>
        <finishx number="99">42</finishx>
        <finishy number="99">15</finishy>
        <startx number="100">7</startx>
        <starty number="100">42</starty>
        <finishx number="100">26</finishx>
        <finishy number="100">2</finishy>
        <startx number="101">9</startx>
        <starty number="101">40</starty>
        <finishx number="101">22</finishx>
        <finishy number="101">32</finishy>
        <startx number="102">59</startx>
        <starty number="102">39</starty>
        <finishx number="102">38</finishx>
        <finishy number="102">3</finishy>
        <startx number="103">11</startx>
        <starty number="103">42</starty>
        <finishx number="103">3</finishx>
        <finishy number="103">16</finishy>
        <startx number="104">61</startx>
        <starty number="104">7</starty>
        <finishx number="104">53</finishx>
        <finishy number="104">11</finishy>
        <startx number="105">0</startx>
        <starty number="105">6</starty>
        <finishx number="105">57</finishx>
        <finishy number="105">23</finishy>
        <startx number="106">4</startx>
        <starty number="106">3</starty>
        <finishx number="106">44</finishx>
        <finishy number="106">55</finishy>
        <startx number="107">1</startx>
        <starty number="107">28</starty>
        <finishx number="107">62</finishx>
        <finishy number="107">44</finishy>
        <startx number="108">55</startx>
        <starty number="108">10</starty>
        <finishx number="108">19</finishx>
        <finishy number="108">3</finishy>
        <startx number="109">28</startx>
        <starty number="109">12</starty>
        <finishx number="109">7</finishx>
        <finishy number="109">50</finishy>
        <startx number="110">12</startx>
        <starty number="110">52</starty>
        <finishx number="110">19</finishx>
        <finishy number="110">16</finishy>
        <startx number="111">45</startx>
        <starty number="111">20</starty>
        <finishx number="111">20</finishx>
        <finishy number="111">45</finishy>
        <startx number="112">34</startx>
        <starty number="112">11</starty>
        <finishx number="112">43</finishx>
        <finishy number="112">34</finishy>
        <startx number="113">36</startx>
        <starty number="113">19</starty>
        <finishx number="113">53</finishx>
        <finishy number="113">46</finishy>
        <startx number="114">0</startx>
        <starty number="114">54</starty>
        <finishx number="114">11</finishx>
        <finishy number="114">23</finishy>
        <startx number="115">30</startx>
        <starty number="115">28</starty>
        <finishx number="115">47</finishx>
        <finishy number="115">20</finishy>
        <startx number="116">22</startx>
        <starty number="116">37</starty>
        <finishx number="116">45</finishx>
        <finishy number="116">31</finishy>
        <startx number="117">8</startx>
        <starty number="117">18</starty>
        <finishx number="117">14</finishx>
        <finishy number="117">62</finishy>
        <startx number="118">1</startx>
        <starty number="118">62</starty>
        <finishx number="118">28</finishx>
        <finishy number="118">39</finishy>
        <startx number="119">45</startx>
        <starty number="119">25</starty>
        <finishx number="119">58</finishx>
        <finishy number="119">7</finishy>
        <startx number="120">29</startx>
        <starty number="120">60</starty>
        <finishx number="120">27</finishx>
        <finishy number="120">44</finishy>
        <startx number="121">32</startx>
        <starty number="121">28</starty>
        <finishx number="121">35</finishx>
        <finishy number="121">53</finishy>
        <startx number="122">16</startx>
        <starty number="122">20</starty>
        <finishx number="122">25</finishx>
        <finishy number="122">7</finishy>
        <startx number="123">29</startx>
        <starty number="123">4</starty>
        <finishx number="123">38</finishx>
        <finishy number="123">29</finishy>
        <startx number="124">56</startx>
        <starty number="124">26</starty>
        <finishx number="124">1</finishx>
        <finishy number="124">22</finishy>
        <startx number="125">5</startx>
        <starty number="125">21</starty>
        <finishx number="125">12</finishx>
        <finishy number="125">26</finishy>
        <startx number="126">16</startx>
        <starty number="126">41</starty>
        <finishx number="126">57</finishx>
        <finishy number="126">0</finishy>
        <startx number="127">46</startx>
        <starty number="127">57</starty>
        <finishx number="127">14</finishx>
        <finishy number="127">46</finishy>
        <startx number="128">5</startx>
        <starty number="128">45</starty>
        <finishx number="128">24</finishx>
        <finishy number="128">10</finishy>
        <startx number="129">4</startx>
        <starty number="129">8</starty>
        <finishx number="129">13</finishx>
        <finishy number="129">49</finishy>
        <startx number="130">54</startx>
        <starty number="130">18</starty>
        <finishx number="130">46</finishx>
        <finishy number="130">12</finishy>
        <startx number="131">27</startx>
        <starty number="131">15</starty>
        <finishx number="131">60</finishx>
        <finishy number="131">34</finishy>
        <startx number="132">38</startx>
        <starty number="132">48</starty>
        <finishx number="132">43</finishx>
        <finishy number="132">23</finishy>
        <startx number="133">58</startx>
        <starty number="133">55</starty>
        <finishx number="133">21</finishx>
        <finishy number="133">21</finishy>
        <startx number="134">35</startx>
        <starty number="134">14</starty>
        <finishx number="134">30</finishx>
        <finishy number="134">25</finishy>
        <startx number="135">9</startx>
        <starty number="135">16</starty>
        <finishx number="135">13</finishx>
        <finishy number="135">42</finishy>
        <startx number="136">57</startx>
        <starty number="136">28</starty>
        <finishx number="136">43</finishx>
        <finishy number="136">58</finishy>
        <startx number="137">6</startx>
        <starty number="137">11</starty>
        <finishx number="137">0</finishx>
        <finishy number="137">19</finishy>
        <startx number="138">30</startx>
        <starty number="138">55</starty>
        <finishx number="138">41</finishx>
        <finishy number="138">52</finishy>
        <startx number="139">33</startx>
        <starty number="139">3</starty>
        <finishx number="139">26</finishx>
        <finishy number="139">18</finishy>
        <startx number="140">39</startx>
        <starty number="140">53</starty>
        <finishx number="140">13</finishx>
        <finishy number="140">36</finishy>
        <startx number="141">17</startx>
        <starty number="141">14</starty>
        <finishx number="141">49</finishx>
        <finishy number="141">6</finishy>
        <startx number="142">14</startx>
        <starty number="142">39</starty>
        <finishx number="142">6</finishx>
        <finishy number="142">8</finishy>
        <startx number="143">37</startx>
        <starty number="143">32</starty>
        <finishx number="143">53</finishx>
        <finishy number="143">62</finishy>
        <startx number="144">7</startx>
        <starty number="144">40</starty>
        <finishx number="144">35</finishx>
        <finishy number="144">62</finishy>
        <startx number="145">26</startx>
        <starty number="145">12</starty>
        <finishx number="145">16</finishx>
        <finishy number="145">4</finishy>
        <startx number="146">27</startx>
        <starty number="146">9</starty>
        <finishx number="146">30</finishx>
        <finishy number="146">33</finishy>
        <startx number="147">29</startx>
        <starty number="147">62</starty>
        <finishx number="147">14</finishx>
        <finishy number="147">14</finishy>
        <startx number="148">16</startx>
        <starty number="148">12</starty>
        <finishx number="148">63</finishx>
        <finishy number="148">54</finishy>
        <startx number="149">21</startx>
        <starty number="149">13</starty>
        <finishx number="149">43</finishx>
        <finishy number="149">20</finishy>
        <startx number="150">32</startx>
        <starty number="150">44</starty>
        <finishx number="150">22</finishx>
        <finishy number="150">40</finishy>
        <startx number="151">21</startx>
        <starty number="151">59</starty>
        <finishx number="151">56</finishx>
        <finishy number="151">32</finishy>
        <startx number="152">19</startx>
        <starty number="152">51</starty>
        <finishx number="152">49</finishx>
        <finishy number="152">14</finishy>
        <startx number="153">0</startx>
        <starty number="153">57</starty>
        <finishx number="153">48</finishx>
        <finishy number="153">27</finishy>
        <startx number="154">44</startx>
        <starty number="154">15</starty>
        <finishx number="154">38</finishx>
        <finishy number="154">40</finishy>
        <startx number="155">11</startx>
        <starty number="155">39</starty>
        <finishx number="155">22</finishx>
        <finishy number="155">51</finishy>
        <startx number="156">3</startx>
        <starty number="156">40</starty>
        <finishx number="156">58</finishx>
        <finishy number="156">48</finishy>
        <startx number="157">30</startx>
        <starty number="157">12</starty>
        <finishx number="157">55</finishx>
        <finishy number="157">45</finishy>
        <startx number="158">37</startx>
        <starty number="158">24</starty>
        <finishx number="158">34</finishx>
        <finishy number="158">33</finishy>
        <startx number="159">37</startx>
        <starty number="159">43</starty>
        <finishx number="159">61</finishx>
        <finishy number="159">17</finishy>
        <startx number="160">53</startx>
        <starty number="160">24</starty>
        <finishx number="160">24</finishx>
        <finishy number="160">50</finishy>
        <startx number="161">54</startx>
        <starty number="161">8</starty>
        <finishx number="161">19</finishx>
        <finishy number="161">0</finishy>
        <startx number="162">56</startx>
        <starty number="162">58</starty>
        <finishx number="162">23</finishx>
        <finishy number="162">16</finishy>
        <startx number="163">12</startx>
        <starty number="163">17</starty>
        <finishx number="163">5</finishx>
        <finishy number="163">0</finishy>
        <startx number="164">33</startx>
        <starty number="164">6</starty>
        <finishx number="164">11</finishx>
        <finishy number="164">15</finishy>
        <startx number="165">31</startx>
        <starty number="165">60</starty>
        <finishx number="165">12</finishx>
        <finishy number="165">58</finishy>
        <startx number="166">18</startx>
        <starty number="166">35</starty>
        <finishx number="166">4</finishx>
        <finishy number="166">32</finishy>
        <startx number="167">46</startx>
        <starty number="167">15</starty>
        <finishx number="167">29</finishx>
        <finishy number="167">22</finishy>
        <startx number="168">48</startx>
        <starty number="168">60</starty>
        <finishx number="168">52</finishx>
        <finishy number="168">6</finishy>
        <startx number="169">51</startx>
        <starty number="169">45</starty>
        <finishx number="169">55</finishx>
        <finishy number="169">47</finishy>
        <startx number="170">42</startx>
        <starty number="170">36</starty>
        <finishx number="170">11</finishx>
        <finishy number="170">63</finishy>
        <startx number="171">30</startx>
        <starty number="171">44</starty>
        <finishx number="171">27</finishx>
        <finishy number="171">26</finishy>
        <startx number="172">38</startx>
        <starty number="172">11</starty>
        <finishx number="172">29</finishx>
        <finishy number="172">49</finishy>
        <startx number="173">23</startx>
        <starty number="173">13</starty>
        <finishx number="173">26</finishx>
        <finishy number="173">23</finishy>
        <startx number="174">17</startx>
        <starty number="174">16</starty>
        <finishx number="174">44</finishx>
        <finishy number="174">42</finishy>
        <startx number="175">38</startx>
        <starty number="175">59</starty>
        <finishx number="175">42</finishx>
        <finishy number="175">18</finishy>
        <startx number="176">23</startx>
        <starty number="176">18</starty>
        <finishx number="176">62</finishx>
        <finishy number="176">9</finishy>
        <startx number="177">3</startx>
        <starty number="177">6</starty>
        <finishx number="177">38</finishx>
        <finishy number="177">50</finishy>
        <startx number="178">19</startx>
        <starty number="178">54</starty>
        <finishx number="178">27</finishx>
        <finishy number="178">50</finishy>
        <startx number="179">46</startx>
        <starty number="179">60</starty>
        <finishx number="179">7</finishx>
        <finishy number="179">23</finishy>
        <startx number="180">46</startx>
        <starty number="180">6</starty>
        <finishx number="180">15</finishx>
        <finishy number="180">17</finishy>
        <startx number="181">33</startx>
        <starty number="181">48</starty>
        <finishx number="181">61</finishx>
        <finishy number="181">20</finishy>
        <startx number="182">36</startx>
        <starty number="182">45</starty>
        <finishx number="182">0</finishx>
        <finishy number="182">30</finishy>
        <startx number="183">54</startx>
        <starty number="183">32</starty>
        <finishx number="183">33</finishx>
        <finishy number="183">41</finishy>
        <startx number="184">32</startx>
        <starty number="184">12</starty>
        <finishx number="184">53</finishx>
        <finishy number="184">53</finishy>
        <startx number="185">53</startx>
        <starty number="185">48</starty>
        <finishx number="185">23</finishx>
        <finishy number="185">21</finishy>
        <startx number="186">17</startx>
        <starty number="186">43</starty>
        <finishx number="186">40</finishx>
        <finishy number="186">21</finishy>
        <startx number="187">14</startx>
        <starty number="187">12</starty>
        <finishx number="187">18</finishx>
        <finishy number="187">8</finishy>
        <startx number="188">17</startx>
        <starty number="188">57</starty>
        <finishx number="188">36</finishx>
        <finishy number="188">50</finishy>
        <startx number="189">12</startx>
        <starty number="189">60</starty>
        <finishx number="189">49</finishx>
        <finishy number="189">20</finishy>
        <startx number="190">9</startx>
        <starty number="190">34</starty>
        <finishx number="190">59</finishx>
        <finishy number="190">44</finishy>
        <startx number="191">57</startx>
        <starty number="191">42</starty>
        <finishx number="191">40</finishx>
        <finishy number="191">61</finishy>
        <startx number="192">2</startx>
        <starty number="192">59</starty>
        <finishx number="192">30</finishx>
        <finishy number="192">31</finishy>
        <startx number="193">5</startx>
        <starty number="193">61</starty>
        <finishx number="193">14</finishx>
        <finishy number="193">54</finishy>
        <startx number="194">24</startx>
        <starty number="194">45</starty>
        <finishx number="194">47</finishx>
        <finishy number="194">62</finishy>
        <startx number="195">25</startx>
        <starty number="195">15</starty>
        <finishx number="195">4</finishx>
        <finishy number="195">59</finishy>
        <startx number="196">54</startx>
        <starty number="196">14</starty>
        <finishx number="196">58</finishx>
        <finishy number="196">63</finishy>
        <startx number="197">38</startx>
        <starty number="197">5</starty>
        <finishx number="197">60</finishx>
        <finishy number="197">10</finishy>
        <startx number="198">25</startx>
        <starty number="198">58</starty>
        <finishx number="198">59</finishx>
        <finishy number="198">26</finishy>
        <startx number="199">56</startx>
        <starty number="199">36</starty>
        <finishx number="199">5</finishx>
        <finishy number="199">48</finishy>
        <grid>
            <row>0 0 0 0 0 0 0 0 0 0 0 0 0 0 0 0 0 0 0 0 0 0 0 0 0 0 0 0 0 0 0 0 0 0 0 0 0 0 0 0 0 0 0 0 0 0 0 0 0 0 0 0 0 0 0 0 0 0 0 0 0 0 0 0</row>
            <row>0 0 0 0 0 0 0 0 0 0 0 0 0 0 0 0 0 0 0 0 0 0 0 0 0 0 0 0 0 0 0 0 0 0 0 0 0 0 0 0 0 0 0 0 0 0 0 0 0 0 0 0 0 0 0 0 0 0 0 0 0 0 0 0</row>
            <row>0 0 0 0 0 0 0 0 0 0 0 0 0 0 0 0 0 0 0 0 0 0 0 0 0 0 0 0 0 0 0 0 0 0 0 0 0 0 0 0 0 0 0 0 0 0 0 0 0 0 0 0 0 0 0 0 0 0 0 0 0 0 0 0</row>
            <row>0 0 0 0 0 0 0 0 0 0 0 0 0 0 0 0 0 0 0 0 0 0 0 0 0 0 0 0 0 0 0 0 0 0 0 0 0 0 0 0 0 0 0 0 0 0 0 0 0 0 0 0 0 0 0 0 0 0 0 0 0 0 0 0</row>
            <row>0 0 0 0 0 0 0 0 0 0 0 0 0 0 0 0 0 0 0 0 0 0 0 0 0 0 0 0 0 0 0 0 0 0 0 0 0 0 0 0 0 0 0 0 0 0 0 0 0 0 0 0 0 0 0 0 0 0 0 0 0 0 0 0</row>
            <row>0 0 0 0 0 0 0 0 0 0 0 0 0 0 0 0 0 0 0 0 0 0 0 0 0 0 0 0 0 0 0 0 0 0 0 0 0 0 0 0 0 0 0 0 0 0 0 0 0 0 0 0 0 0 0 0 0 0 0 0 0 0 0 0</row>
            <row>0 0 0 0 0 0 0 0 0 0 0 0 0 0 0 0 0 0 0 0 0 0 0 0 0 0 0 0 0 0 0 0 0 0 0 0 0 0 0 0 0 0 0 0 0 0 0 0 0 0 0 0 0 0 0 0 0 0 0 0 0 0 0 0</row>
            <row>0 0 0 0 0 0 0 0 0 0 0 0 0 0 0 0 0 0 0 0 0 0 0 0 0 0 0 0 0 0 0 0 0 0 0 0 0 0 0 0 0 0 0 0 0 0 0 0 0 0 0 0 0 0 0 0 0 0 0 0 0 0 0 0</row>
            <row>0 0 0 0 0 0 0 0 0 0 0 0 0 0 0 0 0 0 0 0 0 0 0 0 0 0 0 0 0 0 0 0 0 0 0 0 0 0 0 0 0 0 0 0 0 0 0 0 0 0 0 0 0 0 0 0 0 0 0 0 0 0 0 0</row>
            <row>0 0 0 0 0 0 0 0 0 0 0 0 0 0 0 0 0 0 0 0 0 0 0 0 0 0 0 0 0 0 0 0 0 0 0 0 0 0 0 0 0 0 0 0 0 0 0 0 0 0 0 0 0 0 0 0 0 0 0 0 0 0 0 0</row>
            <row>0 0 0 0 0 0 0 0 0 0 0 0 0 0 0 0 0 0 0 0 0 0 0 0 0 0 0 0 0 0 0 0 0 0 0 0 0 0 0 0 0 0 0 0 0 0 0 0 0 0 0 0 0 0 0 0 0 0 0 0 0 0 0 0</row>
            <row>0 0 0 0 0 0 0 0 0 0 0 0 0 0 0 0 0 0 0 0 0 0 0 0 0 0 0 0 0 0 0 0 0 0 0 0 0 0 0 0 0 0 0 0 0 0 0 0 0 0 0 0 0 0 0 0 0 0 0 0 0 0 0 0</row>
            <row>0 0 0 0 0 0 0 0 0 0 0 0 0 0 0 0 0 0 0 0 0 0 0 0 0 0 0 0 0 0 0 0 0 0 0 0 0 0 0 0 0 0 0 0 0 0 0 0 0 0 0 0 0 0 0 0 0 0 0 0 0 0 0 0</row>
            <row>0 0 0 0 0 0 0 0 0 0 0 0 0 0 0 0 0 0 0 0 0 0 0 0 0 0 0 0 0 0 0 0 0 0 0 0 0 0 0 0 0 0 0 0 0 0 0 0 0 0 0 0 0 0 0 0 0 0 0 0 0 0 0 0</row>
            <row>0 0 0 0 0 0 0 0 0 0 0 0 0 0 0 0 0 0 0 0 0 0 0 0 0 0 0 0 0 0 0 0 0 0 0 0 0 0 0 0 0 0 0 0 0 0 0 0 0 0 0 0 0 0 0 0 0 0 0 0 0 0 0 0</row>
            <row>0 0 0 0 0 0 0 0 0 0 0 0 0 0 0 0 0 0 0 0 0 0 0 0 0 0 0 0 0 0 0 0 0 0 0 0 0 0 0 0 0 0 0 0 0 0 0 0 0 0 0 0 0 0 0 0 0 0 0 0 0 0 0 0</row>
            <row>0 0 0 0 0 0 0 0 0 0 0 0 0 0 0 0 0 0 0 0 0 0 0 0 0 0 0 0 0 0 0 0 0 0 0 0 0 0 0 0 0 0 0 0 0 0 0 0 0 0 0 0 0 0 0 0 0 0 0 0 0 0 0 0</row>
            <row>0 0 0 0 0 0 0 0 0 0 0 0 0 0 0 0 0 0 0 0 0 0 0 0 0 0 0 0 0 0 0 0 0 0 0 0 0 0 0 0 0 0 0 0 0 0 0 0 0 0 0 0 0 0 0 0 0 0 0 0 0 0 0 0</row>
            <row>0 0 0 0 0 0 0 0 0 0 0 0 0 0 0 0 0 0 0 0 0 0 0 0 0 0 0 0 0 0 0 0 0 0 0 0 0 0 0 0 0 0 0 0 0 0 0 0 0 0 0 0 0 0 0 0 0 0 0 0 0 0 0 0</row>
            <row>0 0 0 0 0 0 0 0 0 0 0 0 0 0 0 0 0 0 0 0 0 0 0 0 0 0 0 0 0 0 0 0 0 0 0 0 0 0 0 0 0 0 0 0 0 0 0 0 0 0 0 0 0 0 0 0 0 0 0 0 0 0 0 0</row>
            <row>0 0 0 0 0 0 0 0 0 0 0 0 0 0 0 0 0 0 0 0 0 0 0 0 0 0 0 0 0 0 0 0 0 0 0 0 0 0 0 0 0 0 0 0 0 0 0 0 0 0 0 0 0 0 0 0 0 0 0 0 0 0 0 0</row>
            <row>0 0 0 0 0 0 0 0 0 0 0 0 0 0 0 0 0 0 0 0 0 0 0 0 0 0 0 0 0 0 0 0 0 0 0 0 0 0 0 0 0 0 0 0 0 0 0 0 0 0 0 0 0 0 0 0 0 0 0 0 0 0 0 0</row>
            <row>0 0 0 0 0 0 0 0 0 0 0 0 0 0 0 0 0 0 0 0 0 0 0 0 0 0 0 0 0 0 0 0 0 0 0 0 0 0 0 0 0 0 0 0 0 0 0 0 0 0 0 0 0 0 0 0 0 0 0 0 0 0 0 0</row>
            <row>0 0 0 0 0 0 0 0 0 0 0 0 0 0 0 0 0 0 0 0 0 0 0 0 0 0 0 0 0 0 0 0 0 0 0 0 0 0 0 0 0 0 0 0 0 0 0 0 0 0 0 0 0 0 0 0 0 0 0 0 0 0 0 0</row>
            <row>0 0 0 0 0 0 0 0 0 0 0 0 0 0 0 0 0 0 0 0 0 0 0 0 0 0 0 0 0 0 0 0 0 0 0 0 0 0 0 0 0 0 0 0 0 0 0 0 0 0 0 0 0 0 0 0 0 0 0 0 0 0 0 0</row>
            <row>0 0 0 0 0 0 0 0 0 0 0 0 0 0 0 0 0 0 0 0 0 0 0 0 0 0 0 0 0 0 0 0 0 0 0 0 0 0 0 0 0 0 0 0 0 0 0 0 0 0 0 0 0 0 0 0 0 0 0 0 0 0 0 0</row>
            <row>0 0 0 0 0 0 0 0 0 0 0 0 0 0 0 0 0 0 0 0 0 0 0 0 0 0 0 0 0 0 0 0 0 0 0 0 0 0 0 0 0 0 0 0 0 0 0 0 0 0 0 0 0 0 0 0 0 0 0 0 0 0 0 0</row>
            <row>0 0 0 0 0 0 0 0 0 0 0 0 0 0 0 0 0 0 0 0 0 0 0 0 0 0 0 0 0 0 0 0 0 0 0 0 0 0 0 0 0 0 0 0 0 0 0 0 0 0 0 0 0 0 0 0 0 0 0 0 0 0 0 0</row>
            <row>0 0 0 0 0 0 0 0 0 0 0 0 0 0 0 0 0 0 0 0 0 0 0 0 0 0 0 0 0 0 0 0 0 0 0 0 0 0 0 0 0 0 0 0 0 0 0 0 0 0 0 0 0 0 0 0 0 0 0 0 0 0 0 0</row>
            <row>0 0 0 0 0 0 0 0 0 0 0 0 0 0 0 0 0 0 0 0 0 0 0 0 0 0 0 0 0 0 0 0 0 0 0 0 0 0 0 0 0 0 0 0 0 0 0 0 0 0 0 0 0 0 0 0 0 0 0 0 0 0 0 0</row>
            <row>0 0 0 0 0 0 0 0 0 0 0 0 0 0 0 0 0 0 0 0 0 0 0 0 0 0 0 0 0 0 0 0 0 0 0 0 0 0 0 0 0 0 0 0 0 0 0 0 0 0 0 0 0 0 0 0 0 0 0 0 0 0 0 0</row>
            <row>0 0 0 0 0 0 0 0 0 0 0 0 0 0 0 0 0 0 0 0 0 0 0 0 0 0 0 0 0 0 0 0 0 0 0 0 0 0 0 0 0 0 0 0 0 0 0 0 0 0 0 0 0 0 0 0 0 0 0 0 0 0 0 0</row>
            <row>0 0 0 0 0 0 0 0 0 0 0 0 0 0 0 0 0 0 0 0 0 0 0 0 0 0 0 0 0 0 0 0 0 0 0 0 0 0 0 0 0 0 0 0 0 0 0 0 0 0 0 0 0 0 0 0 0 0 0 0 0 0 0 0</row>
            <row>0 0 0 0 0 0 0 0 0 0 0 0 0 0 0 0 0 0 0 0 0 0 0 0 0 0 0 0 0 0 0 0 0 0 0 0 0 0 0 0 0 0 0 0 0 0 0 0 0 0 0 0 0 0 0 0 0 0 0 0 0 0 0 0</row>
            <row>0 0 0 0 0 0 0 0 0 0 0 0 0 0 0 0 0 0 0 0 0 0 0 0 0 0 0 0 0 0 0 0 0 0 0 0 0 0 0 0 0 0 0 0 0 0 0 0 0 0 0 0 0 0 0 0 0 0 0 0 0 0 0 0</row>
            <row>0 0 0 0 0 0 0 0 0 0 0 0 0 0 0 0 0 0 0 0 0 0 0 0 0 0 0 0 0 0 0 0 0 0 0 0 0 0 0 0 0 0 0 0 0 0 0 0 0 0 0 0 0 0 0 0 0 0 0 0 0 0 0 0</row>
            <row>0 0 0 0 0 0 0 0 0 0 0 0 0 0 0 0 0 0 0 0 0 0 0 0 0 0 0 0 0 0 0 0 0 0 0 0 0 0 0 0 0 0 0 0 0 0 0 0 0 0 0 0 0 0 0 0 0 0 0 0 0 0 0 0</row>
            <row>0 0 0 0 0 0 0 0 0 0 0 0 0 0 0 0 0 0 0 0 0 0 0 0 0 0 0 0 0 0 0 0 0 0 0 0 0 0 0 0 0 0 0 0 0 0 0 0 0 0 0 0 0 0 0 0 0 0 0 0 0 0 0 0</row>
            <row>0 0 0 0 0 0 0 0 0 0 0 0 0 0 0 0 0 0 0 0 0 0 0 0 0 0 0 0 0 0 0 0 0 0 0 0 0 0 0 0 0 0 0 0 0 0 0 0 0 0 0 0 0 0 0 0 0 0 0 0 0 0 0 0</row>
            <row>0 0 0 0 0 0 0 0 0 0 0 0 0 0 0 0 0 0 0 0 0 0 0 0 0 0 0 0 0 0 0 0 0 0 0 0 0 0 0 0 0 0 0 0 0 0 0 0 0 0 0 0 0 0 0 0 0 0 0 0 0 0 0 0</row>
            <row>0 0 0 0 0 0 0 0 0 0 0 0 0 0 0 0 0 0 0 0 0 0 0 0 0 0 0 0 0 0 0 0 0 0 0 0 0 0 0 0 0 0 0 0 0 0 0 0 0 0 0 0 0 0 0 0 0 0 0 0 0 0 0 0</row>
            <row>0 0 0 0 0 0 0 0 0 0 0 0 0 0 0 0 0 0 0 0 0 0 0 0 0 0 0 0 0 0 0 0 0 0 0 0 0 0 0 0 0 0 0 0 0 0 0 0 0 0 0 0 0 0 0 0 0 0 0 0 0 0 0 0</row>
            <row>0 0 0 0 0 0 0 0 0 0 0 0 0 0 0 0 0 0 0 0 0 0 0 0 0 0 0 0 0 0 0 0 0 0 0 0 0 0 0 0 0 0 0 0 0 0 0 0 0 0 0 0 0 0 0 0 0 0 0 0 0 0 0 0</row>
            <row>0 0 0 0 0 0 0 0 0 0 0 0 0 0 0 0 0 0 0 0 0 0 0 0 0 0 0 0 0 0 0 0 0 0 0 0 0 0 0 0 0 0 0 0 0 0 0 0 0 0 0 0 0 0 0 0 0 0 0 0 0 0 0 0</row>
            <row>0 0 0 0 0 0 0 0 0 0 0 0 0 0 0 0 0 0 0 0 0 0 0 0 0 0 0 0 0 0 0 0 0 0 0 0 0 0 0 0 0 0 0 0 0 0 0 0 0 0 0 0 0 0 0 0 0 0 0 0 0 0 0 0</row>
            <row>0 0 0 0 0 0 0 0 0 0 0 0 0 0 0 0 0 0 0 0 0 0 0 0 0 0 0 0 0 0 0 0 0 0 0 0 0 0 0 0 0 0 0 0 0 0 0 0 0 0 0 0 0 0 0 0 0 0 0 0 0 0 0 0</row>
            <row>0 0 0 0 0 0 0 0 0 0 0 0 0 0 0 0 0 0 0 0 0 0 0 0 0 0 0 0 0 0 0 0 0 0 0 0 0 0 0 0 0 0 0 0 0 0 0 0 0 0 0 0 0 0 0 0 0 0 0 0 0 0 0 0</row>
            <row>0 0 0 0 0 0 0 0 0 0 0 0 0 0 0 0 0 0 0 0 0 0 0 0 0 0 0 0 0 0 0 0 0 0 0 0 0 0 0 0 0 0 0 0 0 0 0 0 0 0 0 0 0 0 0 0 0 0 0 0 0 0 0 0</row>
            <row>0 0 0 0 0 0 0 0 0 0 0 0 0 0 0 0 0 0 0 0 0 0 0 0 0 0 0 0 0 0 0 0 0 0 0 0 0 0 0 0 0 0 0 0 0 0 0 0 0 0 0 0 0 0 0 0 0 0 0 0 0 0 0 0</row>
            <row>0 0 0 0 0 0 0 0 0 0 0 0 0 0 0 0 0 0 0 0 0 0 0 0 0 0 0 0 0 0 0 0 0 0 0 0 0 0 0 0 0 0 0 0 0 0 0 0 0 0 0 0 0 0 0 0 0 0 0 0 0 0 0 0</row>
            <row>0 0 0 0 0 0 0 0 0 0 0 0 0 0 0 0 0 0 0 0 0 0 0 0 0 0 0 0 0 0 0 0 0 0 0 0 0 0 0 0 0 0 0 0 0 0 0 0 0 0 0 0 0 0 0 0 0 0 0 0 0 0 0 0</row>
            <row>0 0 0 0 0 0 0 0 0 0 0 0 0 0 0 0 0 0 0 0 0 0 0 0 0 0 0 0 0 0 0 0 0 0 0 0 0 0 0 0 0 0 0 0 0 0 0 0 0 0 0 0 0 0 0 0 0 0 0 0 0 0 0 0</row>
            <row>0 0 0 0 0 0 0 0 0 0 0 0 0 0 0 0 0 0 0 0 0 0 0 0 0 0 0 0 0 0 0 0 0 0 0 0 0 0 0 0 0 0 0 0 0 0 0 0 0 0 0 0 0 0 0 0 0 0 0 0 0 0 0 0</row>
            <row>0 0 0 0 0 0 0 0 0 0 0 0 0 0 0 0 0 0 0 0 0 0 0 0 0 0 0 0 0 0 0 0 0 0 0 0 0 0 0 0 0 0 0 0 0 0 0 0 0 0 0 0 0 0 0 0 0 0 0 0 0 0 0 0</row>
            <row>0 0 0 0 0 0 0 0 0 0 0 0 0 0 0 0 0 0 0 0 0 0 0 0 0 0 0 0 0 0 0 0 0 0 0 0 0 0 0 0 0 0 0 0 0 0 0 0 0 0 0 0 0 0 0 0 0 0 0 0 0 0 0 0</row>
            <row>0 0 0 0 0 0 0 0 0 0 0 0 0 0 0 0 0 0 0 0 0 0 0 0 0 0 0 0 0 0 0 0 0 0 0 0 0 0 0 0 0 0 0 0 0 0 0 0 0 0 0 0 0 0 0 0 0 0 0 0 0 0 0 0</row>
            <row>0 0 0 0 0 0 0 0 0 0 0 0 0 0 0 0 0 0 0 0 0 0 0 0 0 0 0 0 0 0 0 0 0 0 0 0 0 0 0 0 0 0 0 0 0 0 0 0 0 0 0 0 0 0 0 0 0 0 0 0 0 0 0 0</row>
            <row>0 0 0 0 0 0 0 0 0 0 0 0 0 0 0 0 0 0 0 0 0 0 0 0 0 0 0 0 0 0 0 0 0 0 0 0 0 0 0 0 0 0 0 0 0 0 0 0 0 0 0 0 0 0 0 0 0 0 0 0 0 0 0 0</row>
            <row>0 0 0 0 0 0 0 0 0 0 0 0 0 0 0 0 0 0 0 0 0 0 0 0 0 0 0 0 0 0 0 0 0 0 0 0 0 0 0 0 0 0 0 0 0 0 0 0 0 0 0 0 0 0 0 0 0 0 0 0 0 0 0 0</row>
            <row>0 0 0 0 0 0 0 0 0 0 0 0 0 0 0 0 0 0 0 0 0 0 0 0 0 0 0 0 0 0 0 0 0 0 0 0 0 0 0 0 0 0 0 0 0 0 0 0 0 0 0 0 0 0 0 0 0 0 0 0 0 0 0 0</row>
            <row>0 0 0 0 0 0 0 0 0 0 0 0 0 0 0 0 0 0 0 0 0 0 0 0 0 0 0 0 0 0 0 0 0 0 0 0 0 0 0 0 0 0 0 0 0 0 0 0 0 0 0 0 0 0 0 0 0 0 0 0 0 0 0 0</row>
            <row>0 0 0 0 0 0 0 0 0 0 0 0 0 0 0 0 0 0 0 0 0 0 0 0 0 0 0 0 0 0 0 0 0 0 0 0 0 0 0 0 0 0 0 0 0 0 0 0 0 0 0 0 0 0 0 0 0 0 0 0 0 0 0 0</row>
            <row>0 0 0 0 0 0 0 0 0 0 0 0 0 0 0 0 0 0 0 0 0 0 0 0 0 0 0 0 0 0 0 0 0 0 0 0 0 0 0 0 0 0 0 0 0 0 0 0 0 0 0 0 0 0 0 0 0 0 0 0 0 0 0 0</row>
            <row>0 0 0 0 0 0 0 0 0 0 0 0 0 0 0 0 0 0 0 0 0 0 0 0 0 0 0 0 0 0 0 0 0 0 0 0 0 0 0 0 0 0 0 0 0 0 0 0 0 0 0 0 0 0 0 0 0 0 0 0 0 0 0 0</row>
        </grid>
    </map>
    <algorithm>
        <allowanyangle>true</allowanyangle>
        <metrictype>euclid</metrictype>
        <breakingties>g-max</breakingties>
        <weight>1</weight>
    </algorithm>
    <options>
        <loglevel>1</loglevel>
        <logpath />
        <logfilename />
    </options>
</root>
