<?xml version="1.0" ?>
<root>
    <map>
        <width>64</width>
        <height>64</height>
        <agents>200</agents>
        <startx number="0">28</startx>
        <starty number="0">44</starty>
        <finishx number="0">41</finishx>
        <finishy number="0">5</finishy>
        <startx number="1">44</startx>
        <starty number="1">26</starty>
        <finishx number="1">53</finishx>
        <finishy number="1">32</finishy>
        <startx number="2">61</startx>
        <starty number="2">47</starty>
        <finishx number="2">48</finishx>
        <finishy number="2">51</finishy>
        <startx number="3">16</startx>
        <starty number="3">33</starty>
        <finishx number="3">33</finishx>
        <finishy number="3">60</finishy>
        <startx number="4">21</startx>
        <starty number="4">59</starty>
        <finishx number="4">2</finishx>
        <finishy number="4">24</finishy>
        <startx number="5">62</startx>
        <starty number="5">60</starty>
        <finishx number="5">48</finishx>
        <finishy number="5">3</finishy>
        <startx number="6">3</startx>
        <starty number="6">59</starty>
        <finishx number="6">31</finishx>
        <finishy number="6">25</finishy>
        <startx number="7">8</startx>
        <starty number="7">42</starty>
        <finishx number="7">13</finishx>
        <finishy number="7">28</finishy>
        <startx number="8">53</startx>
        <starty number="8">59</starty>
        <finishx number="8">26</finishx>
        <finishy number="8">2</finishy>
        <startx number="9">6</startx>
        <starty number="9">8</starty>
        <finishx number="9">9</finishx>
        <finishy number="9">10</finishy>
        <startx number="10">40</startx>
        <starty number="10">0</starty>
        <finishx number="10">10</finishx>
        <finishy number="10">31</finishy>
        <startx number="11">51</startx>
        <starty number="11">62</starty>
        <finishx number="11">22</finishx>
        <finishy number="11">11</finishy>
        <startx number="12">53</startx>
        <starty number="12">13</starty>
        <finishx number="12">16</finishx>
        <finishy number="12">3</finishy>
        <startx number="13">34</startx>
        <starty number="13">62</starty>
        <finishx number="13">46</finishx>
        <finishy number="13">25</finishy>
        <startx number="14">53</startx>
        <starty number="14">16</starty>
        <finishx number="14">62</finishx>
        <finishy number="14">52</finishy>
        <startx number="15">5</startx>
        <starty number="15">29</starty>
        <finishx number="15">48</finishx>
        <finishy number="15">9</finishy>
        <startx number="16">43</startx>
        <starty number="16">60</starty>
        <finishx number="16">15</finishx>
        <finishy number="16">41</finishy>
        <startx number="17">15</startx>
        <starty number="17">43</starty>
        <finishx number="17">53</finishx>
        <finishy number="17">8</finishy>
        <startx number="18">30</startx>
        <starty number="18">33</starty>
        <finishx number="18">28</finishx>
        <finishy number="18">25</finishy>
        <startx number="19">36</startx>
        <starty number="19">8</starty>
        <finishx number="19">56</finishx>
        <finishy number="19">56</finishy>
        <startx number="20">0</startx>
        <starty number="20">35</starty>
        <finishx number="20">36</finishx>
        <finishy number="20">0</finishy>
        <startx number="21">51</startx>
        <starty number="21">32</starty>
        <finishx number="21">56</finishx>
        <finishy number="21">18</finishy>
        <startx number="22">60</startx>
        <starty number="22">55</starty>
        <finishx number="22">19</finishx>
        <finishy number="22">40</finishy>
        <startx number="23">32</startx>
        <starty number="23">3</starty>
        <finishx number="23">41</finishx>
        <finishy number="23">42</finishy>
        <startx number="24">6</startx>
        <starty number="24">45</starty>
        <finishx number="24">18</finishx>
        <finishy number="24">17</finishy>
        <startx number="25">49</startx>
        <starty number="25">33</starty>
        <finishx number="25">54</finishx>
        <finishy number="25">26</finishy>
        <startx number="26">50</startx>
        <starty number="26">43</starty>
        <finishx number="26">6</finishx>
        <finishy number="26">0</finishy>
        <startx number="27">13</startx>
        <starty number="27">15</starty>
        <finishx number="27">2</finishx>
        <finishy number="27">43</finishy>
        <startx number="28">28</startx>
        <starty number="28">49</starty>
        <finishx number="28">22</finishx>
        <finishy number="28">56</finishy>
        <startx number="29">21</startx>
        <starty number="29">61</starty>
        <finishx number="29">54</finishx>
        <finishy number="29">34</finishy>
        <startx number="30">33</startx>
        <starty number="30">19</starty>
        <finishx number="30">14</finishx>
        <finishy number="30">63</finishy>
        <startx number="31">42</startx>
        <starty number="31">52</starty>
        <finishx number="31">0</finishx>
        <finishy number="31">62</finishy>
        <startx number="32">27</startx>
        <starty number="32">58</starty>
        <finishx number="32">38</finishx>
        <finishy number="32">8</finishy>
        <startx number="33">51</startx>
        <starty number="33">27</starty>
        <finishx number="33">16</finishx>
        <finishy number="33">20</finishy>
        <startx number="34">1</startx>
        <starty number="34">14</starty>
        <finishx number="34">19</finishx>
        <finishy number="34">51</finishy>
        <startx number="35">51</startx>
        <starty number="35">25</starty>
        <finishx number="35">23</finishx>
        <finishy number="35">5</finishy>
        <startx number="36">4</startx>
        <starty number="36">56</starty>
        <finishx number="36">28</finishx>
        <finishy number="36">29</finishy>
        <startx number="37">32</startx>
        <starty number="37">49</starty>
        <finishx number="37">4</finishx>
        <finishy number="37">38</finishy>
        <startx number="38">31</startx>
        <starty number="38">43</starty>
        <finishx number="38">37</finishx>
        <finishy number="38">38</finishy>
        <startx number="39">39</startx>
        <starty number="39">29</starty>
        <finishx number="39">62</finishx>
        <finishy number="39">14</finishy>
        <startx number="40">9</startx>
        <starty number="40">55</starty>
        <finishx number="40">23</finishx>
        <finishy number="40">61</finishy>
        <startx number="41">42</startx>
        <starty number="41">18</starty>
        <finishx number="41">31</finishx>
        <finishy number="41">9</finishy>
        <startx number="42">23</startx>
        <starty number="42">37</starty>
        <finishx number="42">43</finishx>
        <finishy number="42">31</finishy>
        <startx number="43">60</startx>
        <starty number="43">36</starty>
        <finishx number="43">49</finishx>
        <finishy number="43">30</finishy>
        <startx number="44">51</startx>
        <starty number="44">37</starty>
        <finishx number="44">34</finishx>
        <finishy number="44">56</finishy>
        <startx number="45">44</startx>
        <starty number="45">52</starty>
        <finishx number="45">47</finishx>
        <finishy number="45">39</finishy>
        <startx number="46">35</startx>
        <starty number="46">37</starty>
        <finishx number="46">46</finishx>
        <finishy number="46">34</finishy>
        <startx number="47">61</startx>
        <starty number="47">6</starty>
        <finishx number="47">9</finishx>
        <finishy number="47">39</finishy>
        <startx number="48">22</startx>
        <starty number="48">24</starty>
        <finishx number="48">37</finishx>
        <finishy number="48">3</finishy>
        <startx number="49">60</startx>
        <starty number="49">13</starty>
        <finishx number="49">31</finishx>
        <finishy number="49">60</finishy>
        <startx number="50">40</startx>
        <starty number="50">40</starty>
        <finishx number="50">59</finishx>
        <finishy number="50">34</finishy>
        <startx number="51">10</startx>
        <starty number="51">24</starty>
        <finishx number="51">42</finishx>
        <finishy number="51">44</finishy>
        <startx number="52">61</startx>
        <starty number="52">44</starty>
        <finishx number="52">15</finishx>
        <finishy number="52">14</finishy>
        <startx number="53">47</startx>
        <starty number="53">62</starty>
        <finishx number="53">58</finishx>
        <finishy number="53">7</finishy>
        <startx number="54">27</startx>
        <starty number="54">31</starty>
        <finishx number="54">52</finishx>
        <finishy number="54">45</finishy>
        <startx number="55">5</startx>
        <starty number="55">19</starty>
        <finishx number="55">29</finishx>
        <finishy number="55">41</finishy>
        <startx number="56">3</startx>
        <starty number="56">46</starty>
        <finishx number="56">26</finishx>
        <finishy number="56">42</finishy>
        <startx number="57">29</startx>
        <starty number="57">15</starty>
        <finishx number="57">57</finishx>
        <finishy number="57">34</finishy>
        <startx number="58">57</startx>
        <starty number="58">32</starty>
        <finishx number="58">19</finishx>
        <finishy number="58">3</finishy>
        <startx number="59">50</startx>
        <starty number="59">14</starty>
        <finishx number="59">24</finishx>
        <finishy number="59">48</finishy>
        <startx number="60">58</startx>
        <starty number="60">26</starty>
        <finishx number="60">41</finishx>
        <finishy number="60">55</finishy>
        <startx number="61">61</startx>
        <starty number="61">25</starty>
        <finishx number="61">39</finishx>
        <finishy number="61">18</finishy>
        <startx number="62">35</startx>
        <starty number="62">22</starty>
        <finishx number="62">60</finishx>
        <finishy number="62">20</finishy>
        <startx number="63">59</startx>
        <starty number="63">52</starty>
        <finishx number="63">45</finishx>
        <finishy number="63">17</finishy>
        <startx number="64">25</startx>
        <starty number="64">45</starty>
        <finishx number="64">60</finishx>
        <finishy number="64">23</finishy>
        <startx number="65">0</startx>
        <starty number="65">51</starty>
        <finishx number="65">26</finishx>
        <finishy number="65">63</finishy>
        <startx number="66">39</startx>
        <starty number="66">26</starty>
        <finishx number="66">12</finishx>
        <finishy number="66">17</finishy>
        <startx number="67">11</startx>
        <starty number="67">63</starty>
        <finishx number="67">34</finishx>
        <finishy number="67">54</finishy>
        <startx number="68">22</startx>
        <starty number="68">26</starty>
        <finishx number="68">36</finishx>
        <finishy number="68">30</finishy>
        <startx number="69">46</startx>
        <starty number="69">22</starty>
        <finishx number="69">3</finishx>
        <finishy number="69">61</finishy>
        <startx number="70">50</startx>
        <starty number="70">59</starty>
        <finishx number="70">40</finishx>
        <finishy number="70">8</finishy>
        <startx number="71">15</startx>
        <starty number="71">52</starty>
        <finishx number="71">8</finishx>
        <finishy number="71">37</finishy>
        <startx number="72">8</startx>
        <starty number="72">5</starty>
        <finishx number="72">24</finishx>
        <finishy number="72">13</finishy>
        <startx number="73">11</startx>
        <starty number="73">29</starty>
        <finishx number="73">8</finishx>
        <finishy number="73">26</finishy>
        <startx number="74">41</startx>
        <starty number="74">15</starty>
        <finishx number="74">61</finishx>
        <finishy number="74">17</finishy>
        <startx number="75">37</startx>
        <starty number="75">5</starty>
        <finishx number="75">5</finishx>
        <finishy number="75">48</finishy>
        <startx number="76">23</startx>
        <starty number="76">42</starty>
        <finishx number="76">9</finishx>
        <finishy number="76">50</finishy>
        <startx number="77">50</startx>
        <starty number="77">48</starty>
        <finishx number="77">45</finishx>
        <finishy number="77">44</finishy>
        <startx number="78">18</startx>
        <starty number="78">62</starty>
        <finishx number="78">63</finishx>
        <finishy number="78">33</finishy>
        <startx number="79">46</startx>
        <starty number="79">31</starty>
        <finishx number="79">15</finishx>
        <finishy number="79">1</finishy>
        <startx number="80">1</startx>
        <starty number="80">27</starty>
        <finishx number="80">5</finishx>
        <finishy number="80">42</finishy>
        <startx number="81">31</startx>
        <starty number="81">36</starty>
        <finishx number="81">5</finishx>
        <finishy number="81">61</finishy>
        <startx number="82">54</startx>
        <starty number="82">0</starty>
        <finishx number="82">2</finishx>
        <finishy number="82">22</finishy>
        <startx number="83">9</startx>
        <starty number="83">45</starty>
        <finishx number="83">11</finishx>
        <finishy number="83">55</finishy>
        <startx number="84">43</startx>
        <starty number="84">39</starty>
        <finishx number="84">49</finishx>
        <finishy number="84">17</finishy>
        <startx number="85">35</startx>
        <starty number="85">59</starty>
        <finishx number="85">57</finishx>
        <finishy number="85">61</finishy>
        <startx number="86">26</startx>
        <starty number="86">28</starty>
        <finishx number="86">7</finishx>
        <finishy number="86">61</finishy>
        <startx number="87">13</startx>
        <starty number="87">60</starty>
        <finishx number="87">43</finishx>
        <finishy number="87">7</finishy>
        <startx number="88">42</startx>
        <starty number="88">9</starty>
        <finishx number="88">24</finishx>
        <finishy number="88">55</finishy>
        <startx number="89">60</startx>
        <starty number="89">60</starty>
        <finishx number="89">57</finishx>
        <finishy number="89">21</finishy>
        <startx number="90">39</startx>
        <starty number="90">13</starty>
        <finishx number="90">13</finishx>
        <finishy number="90">20</finishy>
        <startx number="91">46</startx>
        <starty number="91">15</starty>
        <finishx number="91">32</finishx>
        <finishy number="91">28</finishy>
        <startx number="92">63</startx>
        <starty number="92">44</starty>
        <finishx number="92">55</finishx>
        <finishy number="92">29</finishy>
        <startx number="93">13</startx>
        <starty number="93">23</starty>
        <finishx number="93">30</finishx>
        <finishy number="93">7</finishy>
        <startx number="94">2</startx>
        <starty number="94">30</starty>
        <finishx number="94">45</finishx>
        <finishy number="94">60</finishy>
        <startx number="95">21</startx>
        <starty number="95">51</starty>
        <finishx number="95">42</finishx>
        <finishy number="95">28</finishy>
        <startx number="96">51</startx>
        <starty number="96">40</starty>
        <finishx number="96">21</finishx>
        <finishy number="96">48</finishy>
        <startx number="97">19</startx>
        <starty number="97">19</starty>
        <finishx number="97">30</finishx>
        <finishy number="97">30</finishy>
        <startx number="98">59</startx>
        <starty number="98">50</starty>
        <finishx number="98">52</finishx>
        <finishy number="98">19</finishy>
        <startx number="99">57</startx>
        <starty number="99">0</starty>
        <finishx number="99">49</finishx>
        <finishy number="99">41</finishy>
        <startx number="100">30</startx>
        <starty number="100">49</starty>
        <finishx number="100">6</finishx>
        <finishy number="100">10</finishy>
        <startx number="101">43</startx>
        <starty number="101">34</starty>
        <finishx number="101">7</finishx>
        <finishy number="101">21</finishy>
        <startx number="102">12</startx>
        <starty number="102">4</starty>
        <finishx number="102">4</finishx>
        <finishy number="102">40</finishy>
        <startx number="103">61</startx>
        <starty number="103">4</starty>
        <finishx number="103">2</finishx>
        <finishy number="103">11</finishy>
        <startx number="104">58</startx>
        <starty number="104">45</starty>
        <finishx number="104">18</finishx>
        <finishy number="104">24</finishy>
        <startx number="105">43</startx>
        <starty number="105">47</starty>
        <finishx number="105">16</finishx>
        <finishy number="105">62</finishy>
        <startx number="106">18</startx>
        <starty number="106">43</starty>
        <finishx number="106">23</finishx>
        <finishy number="106">35</finishy>
        <startx number="107">34</startx>
        <starty number="107">48</starty>
        <finishx number="107">55</finishx>
        <finishy number="107">45</finishy>
        <startx number="108">29</startx>
        <starty number="108">55</starty>
        <finishx number="108">43</finishx>
        <finishy number="108">36</finishy>
        <startx number="109">7</startx>
        <starty number="109">29</starty>
        <finishx number="109">36</finishx>
        <finishy number="109">40</finishy>
        <startx number="110">60</startx>
        <starty number="110">39</starty>
        <finishx number="110">35</finishx>
        <finishy number="110">45</finishy>
        <startx number="111">35</startx>
        <starty number="111">51</starty>
        <finishx number="111">44</finishx>
        <finishy number="111">10</finishy>
        <startx number="112">39</startx>
        <starty number="112">31</starty>
        <finishx number="112">55</finishx>
        <finishy number="112">53</finishy>
        <startx number="113">14</startx>
        <starty number="113">36</starty>
        <finishx number="113">20</finishx>
        <finishy number="113">29</finishy>
        <startx number="114">12</startx>
        <starty number="114">58</starty>
        <finishx number="114">48</finishx>
        <finishy number="114">54</finishy>
        <startx number="115">13</startx>
        <starty number="115">7</starty>
        <finishx number="115">53</finishx>
        <finishy number="115">38</finishy>
        <startx number="116">37</startx>
        <starty number="116">19</starty>
        <finishx number="116">57</finishx>
        <finishy number="116">50</finishy>
        <startx number="117">19</startx>
        <starty number="117">46</starty>
        <finishx number="117">12</finishx>
        <finishy number="117">44</finishy>
        <startx number="118">36</startx>
        <starty number="118">53</starty>
        <finishx number="118">26</finishx>
        <finishy number="118">39</finishy>
        <startx number="119">44</startx>
        <starty number="119">28</starty>
        <finishx number="119">39</finishx>
        <finishy number="119">47</finishy>
        <startx number="120">61</startx>
        <starty number="120">49</starty>
        <finishx number="120">42</finishx>
        <finishy number="120">21</finishy>
        <startx number="121">14</startx>
        <starty number="121">12</starty>
        <finishx number="121">16</finishx>
        <finishy number="121">25</finishy>
        <startx number="122">7</startx>
        <starty number="122">3</starty>
        <finishx number="122">28</finishx>
        <finishy number="122">23</finishy>
        <startx number="123">40</startx>
        <starty number="123">37</starty>
        <finishx number="123">17</finishx>
        <finishy number="123">41</finishy>
        <startx number="124">58</startx>
        <starty number="124">28</starty>
        <finishx number="124">36</finishx>
        <finishy number="124">24</finishy>
        <startx number="125">34</startx>
        <starty number="125">8</starty>
        <finishx number="125">62</finishx>
        <finishy number="125">41</finishy>
        <startx number="126">37</startx>
        <starty number="126">32</starty>
        <finishx number="126">49</finishx>
        <finishy number="126">22</finishy>
        <startx number="127">12</startx>
        <starty number="127">12</starty>
        <finishx number="127">20</finishx>
        <finishy number="127">37</finishy>
        <startx number="128">26</startx>
        <starty number="128">13</starty>
        <finishx number="128">15</finishx>
        <finishy number="128">22</finishy>
        <startx number="129">4</startx>
        <starty number="129">3</starty>
        <finishx number="129">41</finishx>
        <finishy number="129">34</finishy>
        <startx number="130">55</startx>
        <starty number="130">10</starty>
        <finishx number="130">20</finishx>
        <finishy number="130">32</finishy>
        <startx number="131">43</startx>
        <starty number="131">2</starty>
        <finishx number="131">55</finishx>
        <finishy number="131">13</finishy>
        <startx number="132">51</startx>
        <starty number="132">51</starty>
        <finishx number="132">12</finishx>
        <finishy number="132">42</finishy>
        <startx number="133">45</startx>
        <starty number="133">57</starty>
        <finishx number="133">26</finishx>
        <finishy number="133">50</finishy>
        <startx number="134">7</startx>
        <starty number="134">53</starty>
        <finishx number="134">34</finishx>
        <finishy number="134">33</finishy>
        <startx number="135">34</startx>
        <starty number="135">35</starty>
        <finishx number="135">56</finishx>
        <finishy number="135">48</finishy>
        <startx number="136">2</startx>
        <starty number="136">40</starty>
        <finishx number="136">0</finishx>
        <finishy number="136">6</finishy>
        <startx number="137">13</startx>
        <starty number="137">31</starty>
        <finishx number="137">52</finishx>
        <finishy number="137">53</finishy>
        <startx number="138">36</startx>
        <starty number="138">43</starty>
        <finishx number="138">3</finishx>
        <finishy number="138">14</finishy>
        <startx number="139">5</startx>
        <starty number="139">32</starty>
        <finishx number="139">27</finishx>
        <finishy number="139">18</finishy>
        <startx number="140">17</startx>
        <starty number="140">22</starty>
        <finishx number="140">19</finishx>
        <finishy number="140">14</finishy>
        <startx number="141">33</startx>
        <starty number="141">41</starty>
        <finishx number="141">37</finishx>
        <finishy number="141">16</finishy>
        <startx number="142">20</startx>
        <starty number="142">0</starty>
        <finishx number="142">44</finishx>
        <finishy number="142">15</finishy>
        <startx number="143">38</startx>
        <starty number="143">43</starty>
        <finishx number="143">62</finishx>
        <finishy number="143">28</finishy>
        <startx number="144">9</startx>
        <starty number="144">13</starty>
        <finishx number="144">36</finishx>
        <finishy number="144">62</finishy>
        <startx number="145">55</startx>
        <starty number="145">61</starty>
        <finishx number="145">13</finishx>
        <finishy number="145">55</finishy>
        <startx number="146">24</startx>
        <starty number="146">8</starty>
        <finishx number="146">46</finishx>
        <finishy number="146">28</finishy>
        <startx number="147">40</startx>
        <starty number="147">2</starty>
        <finishx number="147">7</finishx>
        <finishy number="147">18</finishy>
        <startx number="148">9</startx>
        <starty number="148">34</starty>
        <finishx number="148">53</finishx>
        <finishy number="148">11</finishy>
        <startx number="149">60</startx>
        <starty number="149">31</starty>
        <finishx number="149">17</finishx>
        <finishy number="149">9</finishy>
        <startx number="150">43</startx>
        <starty number="150">42</starty>
        <finishx number="150">46</finishx>
        <finishy number="150">49</finishy>
        <startx number="151">22</startx>
        <starty number="151">15</starty>
        <finishx number="151">29</finishx>
        <finishy number="151">9</finishy>
        <startx number="152">10</startx>
        <starty number="152">58</starty>
        <finishx number="152">56</finishx>
        <finishy number="152">15</finishy>
        <startx number="153">63</startx>
        <starty number="153">57</starty>
        <finishx number="153">49</finishx>
        <finishy number="153">38</finishy>
        <startx number="154">63</startx>
        <starty number="154">62</starty>
        <finishx number="154">36</finishx>
        <finishy number="154">11</finishy>
        <startx number="155">32</startx>
        <starty number="155">17</starty>
        <finishx number="155">25</finishx>
        <finishy number="155">31</finishy>
        <startx number="156">16</startx>
        <starty number="156">11</starty>
        <finishx number="156">11</finishx>
        <finishy number="156">20</finishy>
        <startx number="157">1</startx>
        <starty number="157">19</starty>
        <finishx number="157">45</finishx>
        <finishy number="157">63</finishy>
        <startx number="158">29</startx>
        <starty number="158">47</starty>
        <finishx number="158">16</finishx>
        <finishy number="158">27</finishy>
        <startx number="159">23</startx>
        <starty number="159">29</starty>
        <finishx number="159">5</finishx>
        <finishy number="159">22</finishy>
        <startx number="160">38</startx>
        <starty number="160">45</starty>
        <finishx number="160">50</finishx>
        <finishy number="160">57</finishy>
        <startx number="161">53</startx>
        <starty number="161">24</starty>
        <finishx number="161">18</finishx>
        <finishy number="161">35</finishy>
        <startx number="162">62</startx>
        <starty number="162">1</starty>
        <finishx number="162">29</finishx>
        <finishy number="162">52</finishy>
        <startx number="163">21</startx>
        <starty number="163">21</starty>
        <finishx number="163">2</finishx>
        <finishy number="163">35</finishy>
        <startx number="164">49</startx>
        <starty number="164">25</starty>
        <finishx number="164">34</finishx>
        <finishy number="164">14</finishy>
        <startx number="165">17</startx>
        <starty number="165">30</starty>
        <finishx number="165">33</finishx>
        <finishy number="165">38</finishy>
        <startx number="166">23</startx>
        <starty number="166">0</starty>
        <finishx number="166">27</finishx>
        <finishy number="166">36</finishy>
        <startx number="167">5</startx>
        <starty number="167">34</starty>
        <finishx number="167">17</finishx>
        <finishy number="167">46</finishy>
        <startx number="168">63</startx>
        <starty number="168">36</starty>
        <finishx number="168">42</finishx>
        <finishy number="168">24</finishy>
        <startx number="169">56</startx>
        <starty number="169">63</starty>
        <finishx number="169">1</finishx>
        <finishy number="169">1</finishy>
        <startx number="170">10</startx>
        <starty number="170">42</starty>
        <finishx number="170">18</finishx>
        <finishy number="170">59</finishy>
        <startx number="171">14</startx>
        <starty number="171">57</starty>
        <finishx number="171">53</finishx>
        <finishy number="171">2</finishy>
        <startx number="172">48</startx>
        <starty number="172">1</starty>
        <finishx number="172">33</finishx>
        <finishy number="172">30</finishy>
        <startx number="173">39</startx>
        <starty number="173">59</starty>
        <finishx number="173">36</finishx>
        <finishy number="173">48</finishy>
        <startx number="174">24</startx>
        <starty number="174">50</starty>
        <finishx number="174">27</finishx>
        <finishy number="174">21</finishy>
        <startx number="175">0</startx>
        <starty number="175">57</starty>
        <finishx number="175">59</finishx>
        <finishy number="175">17</finishy>
        <startx number="176">10</startx>
        <starty number="176">47</starty>
        <finishx number="176">57</finishx>
        <finishy number="176">58</finishy>
        <startx number="177">42</startx>
        <starty number="177">26</starty>
        <finishx number="177">0</finishx>
        <finishy number="177">48</finishy>
        <startx number="178">31</startx>
        <starty number="178">1</starty>
        <finishx number="178">54</finishx>
        <finishy number="178">5</finishy>
        <startx number="179">63</startx>
        <starty number="179">11</starty>
        <finishx number="179">36</finishx>
        <finishy number="179">27</finishy>
        <startx number="180">6</startx>
        <starty number="180">27</starty>
        <finishx number="180">46</finishx>
        <finishy number="180">11</finishy>
        <startx number="181">11</startx>
        <starty number="181">39</starty>
        <finishx number="181">18</finishx>
        <finishy number="181">57</finishy>
        <startx number="182">13</startx>
        <starty number="182">47</starty>
        <finishx number="182">38</finishx>
        <finishy number="182">21</finishy>
        <startx number="183">62</startx>
        <starty number="183">20</starty>
        <finishx number="183">1</finishx>
        <finishy number="183">54</finishy>
        <startx number="184">12</startx>
        <starty number="184">33</starty>
        <finishx number="184">52</finishx>
        <finishy number="184">56</finishy>
        <startx number="185">2</startx>
        <starty number="185">6</starty>
        <finishx number="185">48</finishx>
        <finishy number="185">60</finishy>
        <startx number="186">54</startx>
        <starty number="186">19</starty>
        <finishx number="186">32</finishx>
        <finishy number="186">62</finishy>
        <startx number="187">46</startx>
        <starty number="187">4</starty>
        <finishx number="187">26</finishx>
        <finishy number="187">26</finishy>
        <startx number="188">29</startx>
        <starty number="188">4</starty>
        <finishx number="188">41</finishx>
        <finishy number="188">58</finishy>
        <startx number="189">25</startx>
        <starty number="189">61</starty>
        <finishx number="189">37</finishx>
        <finishy number="189">34</finishy>
        <startx number="190">24</startx>
        <starty number="190">27</starty>
        <finishx number="190">16</finishx>
        <finishy number="190">38</finishy>
        <startx number="191">15</startx>
        <starty number="191">54</starty>
        <finishx number="191">63</finishx>
        <finishy number="191">38</finishy>
        <startx number="192">52</startx>
        <starty number="192">22</starty>
        <finishx number="192">25</finishx>
        <finishy number="192">58</finishy>
        <startx number="193">26</startx>
        <starty number="193">23</starty>
        <finishx number="193">19</finishx>
        <finishy number="193">49</finishy>
        <startx number="194">46</startx>
        <starty number="194">2</starty>
        <finishx number="194">31</finishx>
        <finishy number="194">54</finishy>
        <startx number="195">52</startx>
        <starty number="195">43</starty>
        <finishx number="195">57</finishx>
        <finishy number="195">13</finishy>
        <startx number="196">8</startx>
        <starty number="196">48</starty>
        <finishx number="196">57</finishx>
        <finishy number="196">39</finishy>
        <startx number="197">23</startx>
        <starty number="197">40</starty>
        <finishx number="197">17</finishx>
        <finishy number="197">54</finishy>
        <startx number="198">51</startx>
        <starty number="198">30</starty>
        <finishx number="198">4</finishx>
        <finishy number="198">8</finishy>
        <startx number="199">27</startx>
        <starty number="199">53</starty>
        <finishx number="199">58</finishx>
        <finishy number="199">63</finishy>
        <grid>
            <row>0 0 0 0 0 0 0 0 0 0 0 0 0 0 0 0 0 0 0 0 0 0 0 0 0 0 0 0 0 0 0 0 0 0 0 0 0 0 0 0 0 0 0 0 0 0 0 0 0 0 0 0 0 0 0 0 0 0 0 0 0 0 0 0</row>
            <row>0 0 0 0 0 0 0 0 0 0 0 0 0 0 0 0 0 0 0 0 0 0 0 0 0 0 0 0 0 0 0 0 0 0 0 0 0 0 0 0 0 0 0 0 0 0 0 0 0 0 0 0 0 0 0 0 0 0 0 0 0 0 0 0</row>
            <row>0 0 0 0 0 0 0 0 0 0 0 0 0 0 0 0 0 0 0 0 0 0 0 0 0 0 0 0 0 0 0 0 0 0 0 0 0 0 0 0 0 0 0 0 0 0 0 0 0 0 0 0 0 0 0 0 0 0 0 0 0 0 0 0</row>
            <row>0 0 0 0 0 0 0 0 0 0 0 0 0 0 0 0 0 0 0 0 0 0 0 0 0 0 0 0 0 0 0 0 0 0 0 0 0 0 0 0 0 0 0 0 0 0 0 0 0 0 0 0 0 0 0 0 0 0 0 0 0 0 0 0</row>
            <row>0 0 0 0 0 0 0 0 0 0 0 0 0 0 0 0 0 0 0 0 0 0 0 0 0 0 0 0 0 0 0 0 0 0 0 0 0 0 0 0 0 0 0 0 0 0 0 0 0 0 0 0 0 0 0 0 0 0 0 0 0 0 0 0</row>
            <row>0 0 0 0 0 0 0 0 0 0 0 0 0 0 0 0 0 0 0 0 0 0 0 0 0 0 0 0 0 0 0 0 0 0 0 0 0 0 0 0 0 0 0 0 0 0 0 0 0 0 0 0 0 0 0 0 0 0 0 0 0 0 0 0</row>
            <row>0 0 0 0 0 0 0 0 0 0 0 0 0 0 0 0 0 0 0 0 0 0 0 0 0 0 0 0 0 0 0 0 0 0 0 0 0 0 0 0 0 0 0 0 0 0 0 0 0 0 0 0 0 0 0 0 0 0 0 0 0 0 0 0</row>
            <row>0 0 0 0 0 0 0 0 0 0 0 0 0 0 0 0 0 0 0 0 0 0 0 0 0 0 0 0 0 0 0 0 0 0 0 0 0 0 0 0 0 0 0 0 0 0 0 0 0 0 0 0 0 0 0 0 0 0 0 0 0 0 0 0</row>
            <row>0 0 0 0 0 0 0 0 0 0 0 0 0 0 0 0 0 0 0 0 0 0 0 0 0 0 0 0 0 0 0 0 0 0 0 0 0 0 0 0 0 0 0 0 0 0 0 0 0 0 0 0 0 0 0 0 0 0 0 0 0 0 0 0</row>
            <row>0 0 0 0 0 0 0 0 0 0 0 0 0 0 0 0 0 0 0 0 0 0 0 0 0 0 0 0 0 0 0 0 0 0 0 0 0 0 0 0 0 0 0 0 0 0 0 0 0 0 0 0 0 0 0 0 0 0 0 0 0 0 0 0</row>
            <row>0 0 0 0 0 0 0 0 0 0 0 0 0 0 0 0 0 0 0 0 0 0 0 0 0 0 0 0 0 0 0 0 0 0 0 0 0 0 0 0 0 0 0 0 0 0 0 0 0 0 0 0 0 0 0 0 0 0 0 0 0 0 0 0</row>
            <row>0 0 0 0 0 0 0 0 0 0 0 0 0 0 0 0 0 0 0 0 0 0 0 0 0 0 0 0 0 0 0 0 0 0 0 0 0 0 0 0 0 0 0 0 0 0 0 0 0 0 0 0 0 0 0 0 0 0 0 0 0 0 0 0</row>
            <row>0 0 0 0 0 0 0 0 0 0 0 0 0 0 0 0 0 0 0 0 0 0 0 0 0 0 0 0 0 0 0 0 0 0 0 0 0 0 0 0 0 0 0 0 0 0 0 0 0 0 0 0 0 0 0 0 0 0 0 0 0 0 0 0</row>
            <row>0 0 0 0 0 0 0 0 0 0 0 0 0 0 0 0 0 0 0 0 0 0 0 0 0 0 0 0 0 0 0 0 0 0 0 0 0 0 0 0 0 0 0 0 0 0 0 0 0 0 0 0 0 0 0 0 0 0 0 0 0 0 0 0</row>
            <row>0 0 0 0 0 0 0 0 0 0 0 0 0 0 0 0 0 0 0 0 0 0 0 0 0 0 0 0 0 0 0 0 0 0 0 0 0 0 0 0 0 0 0 0 0 0 0 0 0 0 0 0 0 0 0 0 0 0 0 0 0 0 0 0</row>
            <row>0 0 0 0 0 0 0 0 0 0 0 0 0 0 0 0 0 0 0 0 0 0 0 0 0 0 0 0 0 0 0 0 0 0 0 0 0 0 0 0 0 0 0 0 0 0 0 0 0 0 0 0 0 0 0 0 0 0 0 0 0 0 0 0</row>
            <row>0 0 0 0 0 0 0 0 0 0 0 0 0 0 0 0 0 0 0 0 0 0 0 0 0 0 0 0 0 0 0 0 0 0 0 0 0 0 0 0 0 0 0 0 0 0 0 0 0 0 0 0 0 0 0 0 0 0 0 0 0 0 0 0</row>
            <row>0 0 0 0 0 0 0 0 0 0 0 0 0 0 0 0 0 0 0 0 0 0 0 0 0 0 0 0 0 0 0 0 0 0 0 0 0 0 0 0 0 0 0 0 0 0 0 0 0 0 0 0 0 0 0 0 0 0 0 0 0 0 0 0</row>
            <row>0 0 0 0 0 0 0 0 0 0 0 0 0 0 0 0 0 0 0 0 0 0 0 0 0 0 0 0 0 0 0 0 0 0 0 0 0 0 0 0 0 0 0 0 0 0 0 0 0 0 0 0 0 0 0 0 0 0 0 0 0 0 0 0</row>
            <row>0 0 0 0 0 0 0 0 0 0 0 0 0 0 0 0 0 0 0 0 0 0 0 0 0 0 0 0 0 0 0 0 0 0 0 0 0 0 0 0 0 0 0 0 0 0 0 0 0 0 0 0 0 0 0 0 0 0 0 0 0 0 0 0</row>
            <row>0 0 0 0 0 0 0 0 0 0 0 0 0 0 0 0 0 0 0 0 0 0 0 0 0 0 0 0 0 0 0 0 0 0 0 0 0 0 0 0 0 0 0 0 0 0 0 0 0 0 0 0 0 0 0 0 0 0 0 0 0 0 0 0</row>
            <row>0 0 0 0 0 0 0 0 0 0 0 0 0 0 0 0 0 0 0 0 0 0 0 0 0 0 0 0 0 0 0 0 0 0 0 0 0 0 0 0 0 0 0 0 0 0 0 0 0 0 0 0 0 0 0 0 0 0 0 0 0 0 0 0</row>
            <row>0 0 0 0 0 0 0 0 0 0 0 0 0 0 0 0 0 0 0 0 0 0 0 0 0 0 0 0 0 0 0 0 0 0 0 0 0 0 0 0 0 0 0 0 0 0 0 0 0 0 0 0 0 0 0 0 0 0 0 0 0 0 0 0</row>
            <row>0 0 0 0 0 0 0 0 0 0 0 0 0 0 0 0 0 0 0 0 0 0 0 0 0 0 0 0 0 0 0 0 0 0 0 0 0 0 0 0 0 0 0 0 0 0 0 0 0 0 0 0 0 0 0 0 0 0 0 0 0 0 0 0</row>
            <row>0 0 0 0 0 0 0 0 0 0 0 0 0 0 0 0 0 0 0 0 0 0 0 0 0 0 0 0 0 0 0 0 0 0 0 0 0 0 0 0 0 0 0 0 0 0 0 0 0 0 0 0 0 0 0 0 0 0 0 0 0 0 0 0</row>
            <row>0 0 0 0 0 0 0 0 0 0 0 0 0 0 0 0 0 0 0 0 0 0 0 0 0 0 0 0 0 0 0 0 0 0 0 0 0 0 0 0 0 0 0 0 0 0 0 0 0 0 0 0 0 0 0 0 0 0 0 0 0 0 0 0</row>
            <row>0 0 0 0 0 0 0 0 0 0 0 0 0 0 0 0 0 0 0 0 0 0 0 0 0 0 0 0 0 0 0 0 0 0 0 0 0 0 0 0 0 0 0 0 0 0 0 0 0 0 0 0 0 0 0 0 0 0 0 0 0 0 0 0</row>
            <row>0 0 0 0 0 0 0 0 0 0 0 0 0 0 0 0 0 0 0 0 0 0 0 0 0 0 0 0 0 0 0 0 0 0 0 0 0 0 0 0 0 0 0 0 0 0 0 0 0 0 0 0 0 0 0 0 0 0 0 0 0 0 0 0</row>
            <row>0 0 0 0 0 0 0 0 0 0 0 0 0 0 0 0 0 0 0 0 0 0 0 0 0 0 0 0 0 0 0 0 0 0 0 0 0 0 0 0 0 0 0 0 0 0 0 0 0 0 0 0 0 0 0 0 0 0 0 0 0 0 0 0</row>
            <row>0 0 0 0 0 0 0 0 0 0 0 0 0 0 0 0 0 0 0 0 0 0 0 0 0 0 0 0 0 0 0 0 0 0 0 0 0 0 0 0 0 0 0 0 0 0 0 0 0 0 0 0 0 0 0 0 0 0 0 0 0 0 0 0</row>
            <row>0 0 0 0 0 0 0 0 0 0 0 0 0 0 0 0 0 0 0 0 0 0 0 0 0 0 0 0 0 0 0 0 0 0 0 0 0 0 0 0 0 0 0 0 0 0 0 0 0 0 0 0 0 0 0 0 0 0 0 0 0 0 0 0</row>
            <row>0 0 0 0 0 0 0 0 0 0 0 0 0 0 0 0 0 0 0 0 0 0 0 0 0 0 0 0 0 0 0 0 0 0 0 0 0 0 0 0 0 0 0 0 0 0 0 0 0 0 0 0 0 0 0 0 0 0 0 0 0 0 0 0</row>
            <row>0 0 0 0 0 0 0 0 0 0 0 0 0 0 0 0 0 0 0 0 0 0 0 0 0 0 0 0 0 0 0 0 0 0 0 0 0 0 0 0 0 0 0 0 0 0 0 0 0 0 0 0 0 0 0 0 0 0 0 0 0 0 0 0</row>
            <row>0 0 0 0 0 0 0 0 0 0 0 0 0 0 0 0 0 0 0 0 0 0 0 0 0 0 0 0 0 0 0 0 0 0 0 0 0 0 0 0 0 0 0 0 0 0 0 0 0 0 0 0 0 0 0 0 0 0 0 0 0 0 0 0</row>
            <row>0 0 0 0 0 0 0 0 0 0 0 0 0 0 0 0 0 0 0 0 0 0 0 0 0 0 0 0 0 0 0 0 0 0 0 0 0 0 0 0 0 0 0 0 0 0 0 0 0 0 0 0 0 0 0 0 0 0 0 0 0 0 0 0</row>
            <row>0 0 0 0 0 0 0 0 0 0 0 0 0 0 0 0 0 0 0 0 0 0 0 0 0 0 0 0 0 0 0 0 0 0 0 0 0 0 0 0 0 0 0 0 0 0 0 0 0 0 0 0 0 0 0 0 0 0 0 0 0 0 0 0</row>
            <row>0 0 0 0 0 0 0 0 0 0 0 0 0 0 0 0 0 0 0 0 0 0 0 0 0 0 0 0 0 0 0 0 0 0 0 0 0 0 0 0 0 0 0 0 0 0 0 0 0 0 0 0 0 0 0 0 0 0 0 0 0 0 0 0</row>
            <row>0 0 0 0 0 0 0 0 0 0 0 0 0 0 0 0 0 0 0 0 0 0 0 0 0 0 0 0 0 0 0 0 0 0 0 0 0 0 0 0 0 0 0 0 0 0 0 0 0 0 0 0 0 0 0 0 0 0 0 0 0 0 0 0</row>
            <row>0 0 0 0 0 0 0 0 0 0 0 0 0 0 0 0 0 0 0 0 0 0 0 0 0 0 0 0 0 0 0 0 0 0 0 0 0 0 0 0 0 0 0 0 0 0 0 0 0 0 0 0 0 0 0 0 0 0 0 0 0 0 0 0</row>
            <row>0 0 0 0 0 0 0 0 0 0 0 0 0 0 0 0 0 0 0 0 0 0 0 0 0 0 0 0 0 0 0 0 0 0 0 0 0 0 0 0 0 0 0 0 0 0 0 0 0 0 0 0 0 0 0 0 0 0 0 0 0 0 0 0</row>
            <row>0 0 0 0 0 0 0 0 0 0 0 0 0 0 0 0 0 0 0 0 0 0 0 0 0 0 0 0 0 0 0 0 0 0 0 0 0 0 0 0 0 0 0 0 0 0 0 0 0 0 0 0 0 0 0 0 0 0 0 0 0 0 0 0</row>
            <row>0 0 0 0 0 0 0 0 0 0 0 0 0 0 0 0 0 0 0 0 0 0 0 0 0 0 0 0 0 0 0 0 0 0 0 0 0 0 0 0 0 0 0 0 0 0 0 0 0 0 0 0 0 0 0 0 0 0 0 0 0 0 0 0</row>
            <row>0 0 0 0 0 0 0 0 0 0 0 0 0 0 0 0 0 0 0 0 0 0 0 0 0 0 0 0 0 0 0 0 0 0 0 0 0 0 0 0 0 0 0 0 0 0 0 0 0 0 0 0 0 0 0 0 0 0 0 0 0 0 0 0</row>
            <row>0 0 0 0 0 0 0 0 0 0 0 0 0 0 0 0 0 0 0 0 0 0 0 0 0 0 0 0 0 0 0 0 0 0 0 0 0 0 0 0 0 0 0 0 0 0 0 0 0 0 0 0 0 0 0 0 0 0 0 0 0 0 0 0</row>
            <row>0 0 0 0 0 0 0 0 0 0 0 0 0 0 0 0 0 0 0 0 0 0 0 0 0 0 0 0 0 0 0 0 0 0 0 0 0 0 0 0 0 0 0 0 0 0 0 0 0 0 0 0 0 0 0 0 0 0 0 0 0 0 0 0</row>
            <row>0 0 0 0 0 0 0 0 0 0 0 0 0 0 0 0 0 0 0 0 0 0 0 0 0 0 0 0 0 0 0 0 0 0 0 0 0 0 0 0 0 0 0 0 0 0 0 0 0 0 0 0 0 0 0 0 0 0 0 0 0 0 0 0</row>
            <row>0 0 0 0 0 0 0 0 0 0 0 0 0 0 0 0 0 0 0 0 0 0 0 0 0 0 0 0 0 0 0 0 0 0 0 0 0 0 0 0 0 0 0 0 0 0 0 0 0 0 0 0 0 0 0 0 0 0 0 0 0 0 0 0</row>
            <row>0 0 0 0 0 0 0 0 0 0 0 0 0 0 0 0 0 0 0 0 0 0 0 0 0 0 0 0 0 0 0 0 0 0 0 0 0 0 0 0 0 0 0 0 0 0 0 0 0 0 0 0 0 0 0 0 0 0 0 0 0 0 0 0</row>
            <row>0 0 0 0 0 0 0 0 0 0 0 0 0 0 0 0 0 0 0 0 0 0 0 0 0 0 0 0 0 0 0 0 0 0 0 0 0 0 0 0 0 0 0 0 0 0 0 0 0 0 0 0 0 0 0 0 0 0 0 0 0 0 0 0</row>
            <row>0 0 0 0 0 0 0 0 0 0 0 0 0 0 0 0 0 0 0 0 0 0 0 0 0 0 0 0 0 0 0 0 0 0 0 0 0 0 0 0 0 0 0 0 0 0 0 0 0 0 0 0 0 0 0 0 0 0 0 0 0 0 0 0</row>
            <row>0 0 0 0 0 0 0 0 0 0 0 0 0 0 0 0 0 0 0 0 0 0 0 0 0 0 0 0 0 0 0 0 0 0 0 0 0 0 0 0 0 0 0 0 0 0 0 0 0 0 0 0 0 0 0 0 0 0 0 0 0 0 0 0</row>
            <row>0 0 0 0 0 0 0 0 0 0 0 0 0 0 0 0 0 0 0 0 0 0 0 0 0 0 0 0 0 0 0 0 0 0 0 0 0 0 0 0 0 0 0 0 0 0 0 0 0 0 0 0 0 0 0 0 0 0 0 0 0 0 0 0</row>
            <row>0 0 0 0 0 0 0 0 0 0 0 0 0 0 0 0 0 0 0 0 0 0 0 0 0 0 0 0 0 0 0 0 0 0 0 0 0 0 0 0 0 0 0 0 0 0 0 0 0 0 0 0 0 0 0 0 0 0 0 0 0 0 0 0</row>
            <row>0 0 0 0 0 0 0 0 0 0 0 0 0 0 0 0 0 0 0 0 0 0 0 0 0 0 0 0 0 0 0 0 0 0 0 0 0 0 0 0 0 0 0 0 0 0 0 0 0 0 0 0 0 0 0 0 0 0 0 0 0 0 0 0</row>
            <row>0 0 0 0 0 0 0 0 0 0 0 0 0 0 0 0 0 0 0 0 0 0 0 0 0 0 0 0 0 0 0 0 0 0 0 0 0 0 0 0 0 0 0 0 0 0 0 0 0 0 0 0 0 0 0 0 0 0 0 0 0 0 0 0</row>
            <row>0 0 0 0 0 0 0 0 0 0 0 0 0 0 0 0 0 0 0 0 0 0 0 0 0 0 0 0 0 0 0 0 0 0 0 0 0 0 0 0 0 0 0 0 0 0 0 0 0 0 0 0 0 0 0 0 0 0 0 0 0 0 0 0</row>
            <row>0 0 0 0 0 0 0 0 0 0 0 0 0 0 0 0 0 0 0 0 0 0 0 0 0 0 0 0 0 0 0 0 0 0 0 0 0 0 0 0 0 0 0 0 0 0 0 0 0 0 0 0 0 0 0 0 0 0 0 0 0 0 0 0</row>
            <row>0 0 0 0 0 0 0 0 0 0 0 0 0 0 0 0 0 0 0 0 0 0 0 0 0 0 0 0 0 0 0 0 0 0 0 0 0 0 0 0 0 0 0 0 0 0 0 0 0 0 0 0 0 0 0 0 0 0 0 0 0 0 0 0</row>
            <row>0 0 0 0 0 0 0 0 0 0 0 0 0 0 0 0 0 0 0 0 0 0 0 0 0 0 0 0 0 0 0 0 0 0 0 0 0 0 0 0 0 0 0 0 0 0 0 0 0 0 0 0 0 0 0 0 0 0 0 0 0 0 0 0</row>
            <row>0 0 0 0 0 0 0 0 0 0 0 0 0 0 0 0 0 0 0 0 0 0 0 0 0 0 0 0 0 0 0 0 0 0 0 0 0 0 0 0 0 0 0 0 0 0 0 0 0 0 0 0 0 0 0 0 0 0 0 0 0 0 0 0</row>
            <row>0 0 0 0 0 0 0 0 0 0 0 0 0 0 0 0 0 0 0 0 0 0 0 0 0 0 0 0 0 0 0 0 0 0 0 0 0 0 0 0 0 0 0 0 0 0 0 0 0 0 0 0 0 0 0 0 0 0 0 0 0 0 0 0</row>
            <row>0 0 0 0 0 0 0 0 0 0 0 0 0 0 0 0 0 0 0 0 0 0 0 0 0 0 0 0 0 0 0 0 0 0 0 0 0 0 0 0 0 0 0 0 0 0 0 0 0 0 0 0 0 0 0 0 0 0 0 0 0 0 0 0</row>
            <row>0 0 0 0 0 0 0 0 0 0 0 0 0 0 0 0 0 0 0 0 0 0 0 0 0 0 0 0 0 0 0 0 0 0 0 0 0 0 0 0 0 0 0 0 0 0 0 0 0 0 0 0 0 0 0 0 0 0 0 0 0 0 0 0</row>
            <row>0 0 0 0 0 0 0 0 0 0 0 0 0 0 0 0 0 0 0 0 0 0 0 0 0 0 0 0 0 0 0 0 0 0 0 0 0 0 0 0 0 0 0 0 0 0 0 0 0 0 0 0 0 0 0 0 0 0 0 0 0 0 0 0</row>
        </grid>
    </map>
    <algorithm>
        <allowanyangle>true</allowanyangle>
        <metrictype>euclid</metrictype>
        <breakingties>g-max</breakingties>
        <weight>1</weight>
    </algorithm>
    <options>
        <loglevel>1</loglevel>
        <logpath />
        <logfilename />
    </options>
</root>
