<root>
    <map>
        <width>35</width>
        <height>27</height>
        <agents>16</agents>
        <startx>31</startx>
        <starty>6</starty>
        <finishx>14</finishx>
        <finishy>14</finishy>
        <startx>8</startx>
        <starty>2</starty>
        <finishx>9</finishx>
        <finishy>4</finishy>
        <startx>4</startx>
        <starty>16</starty>
        <finishx>2</finishx>
        <finishy>6</finishy>
        <startx>10</startx>
        <starty>12</starty>
        <finishx>10</finishx>
        <finishy>14</finishy>
        <startx>14</startx>
        <starty>1</starty>
        <finishx>3</finishx>
        <finishy>12</finishy>
        <startx>30</startx>
        <starty>4</starty>
        <finishx>17</finishx>
        <finishy>24</finishy>
        <startx>24</startx>
        <starty>8</starty>
        <finishx>25</finishx>
        <finishy>1</finishy>
        <startx>26</startx>
        <starty>11</starty>
        <finishx>23</finishx>
        <finishy>23</finishy>
        <startx>5</startx>
        <starty>7</starty>
        <finishx>30</finishx>
        <finishy>2</finishy>
        <startx>15</startx>
        <starty>8</starty>
        <finishx>3</finishx>
        <finishy>2</finishy>
        <startx>3</startx>
        <starty>22</starty>
        <finishx>33</finishx>
        <finishy>9</finishy>
        <startx>24</startx>
        <starty>16</starty>
        <finishx>33</finishx>
        <finishy>5</finishy>
        <startx>18</startx>
        <starty>21</starty>
        <finishx>17</finishx>
        <finishy>1</finishy>
        <startx>16</startx>
        <starty>14</starty>
        <finishx>16</finishx>
        <finishy>18</finishy>
        <startx>30</startx>
        <starty>20</starty>
        <finishx>13</finishx>
        <finishy>19</finishy>
        <startx>18</startx>
        <starty>4</starty>
        <finishx>33</finishx>
        <finishy>23</finishy>
        <grid>
            <row>0 0 0 0 0 0 0 0 0 0 0 0 0 0 0 0 0 0 0 0 0 0 0 0 0 0 0 0 0 0 0 0 0 0 0 </row>
            <row>0 0 0 0 0 0 0 0 0 0 0 0 0 0 0 0 0 0 0 0 0 0 0 0 0 0 0 0 0 0 0 0 0 0 0 </row>
            <row>0 0 0 0 0 0 0 0 0 0 0 0 0 0 0 0 0 0 0 0 0 0 0 0 0 0 0 0 0 0 0 0 0 0 0 </row>
            <row>0 0 0 0 0 0 0 0 0 0 0 0 0 0 0 0 0 0 0 0 0 0 0 0 0 0 0 0 0 0 0 0 0 0 0 </row>
            <row>0 0 0 0 0 0 0 0 0 0 0 0 0 0 0 0 0 0 0 0 0 0 0 0 0 0 0 0 0 0 0 0 0 0 0 </row>
            <row>0 0 0 0 0 0 1 1 1 1 1 1 1 1 1 1 0 0 0 1 1 1 1 1 1 1 1 1 1 0 0 0 0 0 0 </row>
            <row>0 0 0 0 0 0 0 0 0 0 0 0 0 0 0 0 0 0 0 0 0 0 0 0 0 0 0 0 0 0 0 0 0 0 0 </row>
            <row>0 0 0 0 0 0 0 0 0 0 0 0 0 0 0 0 0 0 0 0 0 0 0 0 0 0 0 0 0 0 0 0 0 0 0 </row>
            <row>0 0 0 0 0 0 0 0 0 0 0 0 0 0 0 0 0 0 0 0 0 0 0 0 0 0 0 0 0 0 0 0 0 0 0 </row>
            <row>0 0 0 0 0 0 1 1 1 1 1 1 1 1 1 1 0 0 0 1 1 1 1 1 1 1 1 1 1 0 0 0 0 0 0 </row>
            <row>0 0 0 0 0 0 0 0 0 0 0 0 0 0 0 0 0 0 0 0 0 0 0 0 0 0 0 0 0 0 0 0 0 0 0 </row>
            <row>0 0 0 0 0 0 0 0 0 0 0 0 0 0 0 0 0 0 0 0 0 0 0 0 0 0 0 0 0 0 0 0 0 0 0 </row>
            <row>0 0 0 0 0 0 0 0 0 0 0 0 0 0 0 0 0 0 0 0 0 0 0 0 0 0 0 0 0 0 0 0 0 0 0 </row>
            <row>0 0 0 0 0 0 1 1 1 1 1 1 1 1 1 1 0 0 0 1 1 1 1 1 1 1 1 1 1 0 0 0 0 0 0 </row>
            <row>0 0 0 0 0 0 0 0 0 0 0 0 0 0 0 0 0 0 0 0 0 0 0 0 0 0 0 0 0 0 0 0 0 0 0 </row>
            <row>0 0 0 0 0 0 0 0 0 0 0 0 0 0 0 0 0 0 0 0 0 0 0 0 0 0 0 0 0 0 0 0 0 0 0 </row>
            <row>0 0 0 0 0 0 0 0 0 0 0 0 0 0 0 0 0 0 0 0 0 0 0 0 0 0 0 0 0 0 0 0 0 0 0 </row>
            <row>0 0 0 0 0 0 1 1 1 1 1 1 1 1 1 1 0 0 0 1 1 1 1 1 1 1 1 1 1 0 0 0 0 0 0 </row>
            <row>0 0 0 0 0 0 0 0 0 0 0 0 0 0 0 0 0 0 0 0 0 0 0 0 0 0 0 0 0 0 0 0 0 0 0 </row>
            <row>0 0 0 0 0 0 0 0 0 0 0 0 0 0 0 0 0 0 0 0 0 0 0 0 0 0 0 0 0 0 0 0 0 0 0 </row>
            <row>0 0 0 0 0 0 0 0 0 0 0 0 0 0 0 0 0 0 0 0 0 0 0 0 0 0 0 0 0 0 0 0 0 0 0 </row>
            <row>0 0 0 0 0 0 1 1 1 1 1 1 1 1 1 1 0 0 0 1 1 1 1 1 1 1 1 1 1 0 0 0 0 0 0 </row>
            <row>0 0 0 0 0 0 0 0 0 0 0 0 0 0 0 0 0 0 0 0 0 0 0 0 0 0 0 0 0 0 0 0 0 0 0 </row>
            <row>0 0 0 0 0 0 0 0 0 0 0 0 0 0 0 0 0 0 0 0 0 0 0 0 0 0 0 0 0 0 0 0 0 0 0 </row>
            <row>0 0 0 0 0 0 0 0 0 0 0 0 0 0 0 0 0 0 0 0 0 0 0 0 0 0 0 0 0 0 0 0 0 0 0 </row>
            <row>0 0 0 0 0 0 0 0 0 0 0 0 0 0 0 0 0 0 0 0 0 0 0 0 0 0 0 0 0 0 0 0 0 0 0 </row>
            <row>0 0 0 0 0 0 0 0 0 0 0 0 0 0 0 0 0 0 0 0 0 0 0 0 0 0 0 0 0 0 0 0 0 0 0 </row>
        </grid>
    </map>
    <algorithm>
        <allowanyangle>true</allowanyangle>
        <hweight>1</hweight>
        <startsafeinterval>5</startsafeinterval>
        <rescheduling>no</rescheduling>
        <prioritization>fifo</prioritization>
        <turningweight>1</turningweight>
        <constraintstype>velocity</constraintstype>
    </algorithm>
    <options>
        <loglevel>1</loglevel>
        <logpath/>
        <logfilename/>
    </options>
</root>
