<root>
    <map>
        <width>35</width>
        <height>27</height>
        <agents>16</agents>
        <startx>9</startx>
        <starty>1</starty>
        <finishx>14</finishx>
        <finishy>16</finishy>
        <startx>26</startx>
        <starty>11</starty>
        <finishx>23</finishx>
        <finishy>23</finishy>
        <startx>1</startx>
        <starty>11</starty>
        <finishx>32</finishx>
        <finishy>17</finishy>
        <startx>13</startx>
        <starty>25</starty>
        <finishx>18</finishx>
        <finishy>12</finishy>
        <startx>32</startx>
        <starty>4</starty>
        <finishx>12</finishx>
        <finishy>12</finishy>
        <startx>27</startx>
        <starty>1</starty>
        <finishx>2</finishx>
        <finishy>20</finishy>
        <startx>31</startx>
        <starty>9</starty>
        <finishx>18</finishx>
        <finishy>6</finishy>
        <startx>4</startx>
        <starty>19</starty>
        <finishx>4</finishx>
        <finishy>7</finishy>
        <startx>10</startx>
        <starty>4</starty>
        <finishx>5</finishx>
        <finishy>15</finishy>
        <startx>15</startx>
        <starty>3</starty>
        <finishx>8</finishx>
        <finishy>23</finishy>
        <startx>12</startx>
        <starty>1</starty>
        <finishx>15</finishx>
        <finishy>25</finishy>
        <startx>25</startx>
        <starty>7</starty>
        <finishx>20</finishx>
        <finishy>18</finishy>
        <startx>20</startx>
        <starty>6</starty>
        <finishx>32</finishx>
        <finishy>19</finishy>
        <startx>27</startx>
        <starty>6</starty>
        <finishx>29</finishx>
        <finishy>18</finishy>
        <startx>3</startx>
        <starty>11</starty>
        <finishx>7</finishx>
        <finishy>15</finishy>
        <startx>2</startx>
        <starty>17</starty>
        <finishx>6</finishx>
        <finishy>7</finishy>
        <grid>
            <row>0 0 0 0 0 0 0 0 0 0 0 0 0 0 0 0 0 0 0 0 0 0 0 0 0 0 0 0 0 0 0 0 0 0 0 </row>
            <row>0 0 0 0 0 0 0 0 0 0 0 0 0 0 0 0 0 0 0 0 0 0 0 0 0 0 0 0 0 0 0 0 0 0 0 </row>
            <row>0 0 0 0 0 0 0 0 0 0 0 0 0 0 0 0 0 0 0 0 0 0 0 0 0 0 0 0 0 0 0 0 0 0 0 </row>
            <row>0 0 0 0 0 0 0 0 0 0 0 0 0 0 0 0 0 0 0 0 0 0 0 0 0 0 0 0 0 0 0 0 0 0 0 </row>
            <row>0 0 0 0 0 0 0 0 0 0 0 0 0 0 0 0 0 0 0 0 0 0 0 0 0 0 0 0 0 0 0 0 0 0 0 </row>
            <row>0 0 0 0 0 0 1 1 1 1 1 1 1 1 1 1 0 0 0 1 1 1 1 1 1 1 1 1 1 0 0 0 0 0 0 </row>
            <row>0 0 0 0 0 0 0 0 0 0 0 0 0 0 0 0 0 0 0 0 0 0 0 0 0 0 0 0 0 0 0 0 0 0 0 </row>
            <row>0 0 0 0 0 0 0 0 0 0 0 0 0 0 0 0 0 0 0 0 0 0 0 0 0 0 0 0 0 0 0 0 0 0 0 </row>
            <row>0 0 0 0 0 0 0 0 0 0 0 0 0 0 0 0 0 0 0 0 0 0 0 0 0 0 0 0 0 0 0 0 0 0 0 </row>
            <row>0 0 0 0 0 0 1 1 1 1 1 1 1 1 1 1 0 0 0 1 1 1 1 1 1 1 1 1 1 0 0 0 0 0 0 </row>
            <row>0 0 0 0 0 0 0 0 0 0 0 0 0 0 0 0 0 0 0 0 0 0 0 0 0 0 0 0 0 0 0 0 0 0 0 </row>
            <row>0 0 0 0 0 0 0 0 0 0 0 0 0 0 0 0 0 0 0 0 0 0 0 0 0 0 0 0 0 0 0 0 0 0 0 </row>
            <row>0 0 0 0 0 0 0 0 0 0 0 0 0 0 0 0 0 0 0 0 0 0 0 0 0 0 0 0 0 0 0 0 0 0 0 </row>
            <row>0 0 0 0 0 0 1 1 1 1 1 1 1 1 1 1 0 0 0 1 1 1 1 1 1 1 1 1 1 0 0 0 0 0 0 </row>
            <row>0 0 0 0 0 0 0 0 0 0 0 0 0 0 0 0 0 0 0 0 0 0 0 0 0 0 0 0 0 0 0 0 0 0 0 </row>
            <row>0 0 0 0 0 0 0 0 0 0 0 0 0 0 0 0 0 0 0 0 0 0 0 0 0 0 0 0 0 0 0 0 0 0 0 </row>
            <row>0 0 0 0 0 0 0 0 0 0 0 0 0 0 0 0 0 0 0 0 0 0 0 0 0 0 0 0 0 0 0 0 0 0 0 </row>
            <row>0 0 0 0 0 0 1 1 1 1 1 1 1 1 1 1 0 0 0 1 1 1 1 1 1 1 1 1 1 0 0 0 0 0 0 </row>
            <row>0 0 0 0 0 0 0 0 0 0 0 0 0 0 0 0 0 0 0 0 0 0 0 0 0 0 0 0 0 0 0 0 0 0 0 </row>
            <row>0 0 0 0 0 0 0 0 0 0 0 0 0 0 0 0 0 0 0 0 0 0 0 0 0 0 0 0 0 0 0 0 0 0 0 </row>
            <row>0 0 0 0 0 0 0 0 0 0 0 0 0 0 0 0 0 0 0 0 0 0 0 0 0 0 0 0 0 0 0 0 0 0 0 </row>
            <row>0 0 0 0 0 0 1 1 1 1 1 1 1 1 1 1 0 0 0 1 1 1 1 1 1 1 1 1 1 0 0 0 0 0 0 </row>
            <row>0 0 0 0 0 0 0 0 0 0 0 0 0 0 0 0 0 0 0 0 0 0 0 0 0 0 0 0 0 0 0 0 0 0 0 </row>
            <row>0 0 0 0 0 0 0 0 0 0 0 0 0 0 0 0 0 0 0 0 0 0 0 0 0 0 0 0 0 0 0 0 0 0 0 </row>
            <row>0 0 0 0 0 0 0 0 0 0 0 0 0 0 0 0 0 0 0 0 0 0 0 0 0 0 0 0 0 0 0 0 0 0 0 </row>
            <row>0 0 0 0 0 0 0 0 0 0 0 0 0 0 0 0 0 0 0 0 0 0 0 0 0 0 0 0 0 0 0 0 0 0 0 </row>
            <row>0 0 0 0 0 0 0 0 0 0 0 0 0 0 0 0 0 0 0 0 0 0 0 0 0 0 0 0 0 0 0 0 0 0 0 </row>
        </grid>
    </map>
    <algorithm>
        <allowanyangle>true</allowanyangle>
        <hweight>1</hweight>
        <startsafeinterval>5</startsafeinterval>
        <rescheduling>no</rescheduling>
        <prioritization>fifo</prioritization>
        <turningweight>1</turningweight>
        <constraintstype>velocity</constraintstype>
    </algorithm>
    <options>
        <loglevel>1</loglevel>
        <logpath/>
        <logfilename/>
    </options>
</root>
