<root>
    <map>
        <width>35</width>
        <height>27</height>
        <agents>16</agents>
        <startx>1</startx>
        <starty>5</starty>
        <finishx>1</finishx>
        <finishy>15</finishy>
        <startx>23</startx>
        <starty>4</starty>
        <finishx>25</finishx>
        <finishy>18</finishy>
        <startx>5</startx>
        <starty>22</starty>
        <finishx>26</finishx>
        <finishy>8</finishy>
        <startx>20</startx>
        <starty>16</starty>
        <finishx>12</finishx>
        <finishy>19</finishy>
        <startx>15</startx>
        <starty>16</starty>
        <finishx>18</finishx>
        <finishy>5</finishy>
        <startx>3</startx>
        <starty>5</starty>
        <finishx>1</finishx>
        <finishy>7</finishy>
        <startx>8</startx>
        <starty>2</starty>
        <finishx>9</finishx>
        <finishy>4</finishy>
        <startx>5</startx>
        <starty>24</starty>
        <finishx>9</finishx>
        <finishy>16</finishy>
        <startx>8</startx>
        <starty>25</starty>
        <finishx>17</finishx>
        <finishy>16</finishy>
        <startx>31</startx>
        <starty>13</starty>
        <finishx>33</finishx>
        <finishy>21</finishy>
        <startx>8</startx>
        <starty>12</starty>
        <finishx>32</finishx>
        <finishy>18</finishy>
        <startx>32</startx>
        <starty>8</starty>
        <finishx>15</finishx>
        <finishy>2</finishy>
        <startx>3</startx>
        <starty>3</starty>
        <finishx>2</finishx>
        <finishy>25</finishy>
        <startx>33</startx>
        <starty>1</starty>
        <finishx>31</finishx>
        <finishy>1</finishy>
        <startx>31</startx>
        <starty>15</starty>
        <finishx>28</finishx>
        <finishy>3</finishy>
        <startx>21</startx>
        <starty>8</starty>
        <finishx>28</finishx>
        <finishy>25</finishy>
        <grid>
            <row>0 0 0 0 0 0 0 0 0 0 0 0 0 0 0 0 0 0 0 0 0 0 0 0 0 0 0 0 0 0 0 0 0 0 0 </row>
            <row>0 0 0 0 0 0 0 0 0 0 0 0 0 0 0 0 0 0 0 0 0 0 0 0 0 0 0 0 0 0 0 0 0 0 0 </row>
            <row>0 0 0 0 0 0 0 0 0 0 0 0 0 0 0 0 0 0 0 0 0 0 0 0 0 0 0 0 0 0 0 0 0 0 0 </row>
            <row>0 0 0 0 0 0 0 0 0 0 0 0 0 0 0 0 0 0 0 0 0 0 0 0 0 0 0 0 0 0 0 0 0 0 0 </row>
            <row>0 0 0 0 0 0 0 0 0 0 0 0 0 0 0 0 0 0 0 0 0 0 0 0 0 0 0 0 0 0 0 0 0 0 0 </row>
            <row>0 0 0 0 0 0 1 1 1 1 1 1 1 1 1 1 0 0 0 1 1 1 1 1 1 1 1 1 1 0 0 0 0 0 0 </row>
            <row>0 0 0 0 0 0 0 0 0 0 0 0 0 0 0 0 0 0 0 0 0 0 0 0 0 0 0 0 0 0 0 0 0 0 0 </row>
            <row>0 0 0 0 0 0 0 0 0 0 0 0 0 0 0 0 0 0 0 0 0 0 0 0 0 0 0 0 0 0 0 0 0 0 0 </row>
            <row>0 0 0 0 0 0 0 0 0 0 0 0 0 0 0 0 0 0 0 0 0 0 0 0 0 0 0 0 0 0 0 0 0 0 0 </row>
            <row>0 0 0 0 0 0 1 1 1 1 1 1 1 1 1 1 0 0 0 1 1 1 1 1 1 1 1 1 1 0 0 0 0 0 0 </row>
            <row>0 0 0 0 0 0 0 0 0 0 0 0 0 0 0 0 0 0 0 0 0 0 0 0 0 0 0 0 0 0 0 0 0 0 0 </row>
            <row>0 0 0 0 0 0 0 0 0 0 0 0 0 0 0 0 0 0 0 0 0 0 0 0 0 0 0 0 0 0 0 0 0 0 0 </row>
            <row>0 0 0 0 0 0 0 0 0 0 0 0 0 0 0 0 0 0 0 0 0 0 0 0 0 0 0 0 0 0 0 0 0 0 0 </row>
            <row>0 0 0 0 0 0 1 1 1 1 1 1 1 1 1 1 0 0 0 1 1 1 1 1 1 1 1 1 1 0 0 0 0 0 0 </row>
            <row>0 0 0 0 0 0 0 0 0 0 0 0 0 0 0 0 0 0 0 0 0 0 0 0 0 0 0 0 0 0 0 0 0 0 0 </row>
            <row>0 0 0 0 0 0 0 0 0 0 0 0 0 0 0 0 0 0 0 0 0 0 0 0 0 0 0 0 0 0 0 0 0 0 0 </row>
            <row>0 0 0 0 0 0 0 0 0 0 0 0 0 0 0 0 0 0 0 0 0 0 0 0 0 0 0 0 0 0 0 0 0 0 0 </row>
            <row>0 0 0 0 0 0 1 1 1 1 1 1 1 1 1 1 0 0 0 1 1 1 1 1 1 1 1 1 1 0 0 0 0 0 0 </row>
            <row>0 0 0 0 0 0 0 0 0 0 0 0 0 0 0 0 0 0 0 0 0 0 0 0 0 0 0 0 0 0 0 0 0 0 0 </row>
            <row>0 0 0 0 0 0 0 0 0 0 0 0 0 0 0 0 0 0 0 0 0 0 0 0 0 0 0 0 0 0 0 0 0 0 0 </row>
            <row>0 0 0 0 0 0 0 0 0 0 0 0 0 0 0 0 0 0 0 0 0 0 0 0 0 0 0 0 0 0 0 0 0 0 0 </row>
            <row>0 0 0 0 0 0 1 1 1 1 1 1 1 1 1 1 0 0 0 1 1 1 1 1 1 1 1 1 1 0 0 0 0 0 0 </row>
            <row>0 0 0 0 0 0 0 0 0 0 0 0 0 0 0 0 0 0 0 0 0 0 0 0 0 0 0 0 0 0 0 0 0 0 0 </row>
            <row>0 0 0 0 0 0 0 0 0 0 0 0 0 0 0 0 0 0 0 0 0 0 0 0 0 0 0 0 0 0 0 0 0 0 0 </row>
            <row>0 0 0 0 0 0 0 0 0 0 0 0 0 0 0 0 0 0 0 0 0 0 0 0 0 0 0 0 0 0 0 0 0 0 0 </row>
            <row>0 0 0 0 0 0 0 0 0 0 0 0 0 0 0 0 0 0 0 0 0 0 0 0 0 0 0 0 0 0 0 0 0 0 0 </row>
            <row>0 0 0 0 0 0 0 0 0 0 0 0 0 0 0 0 0 0 0 0 0 0 0 0 0 0 0 0 0 0 0 0 0 0 0 </row>
        </grid>
    </map>
    <algorithm>
        <allowanyangle>true</allowanyangle>
        <hweight>1</hweight>
        <startsafeinterval>5</startsafeinterval>
        <rescheduling>no</rescheduling>
        <prioritization>fifo</prioritization>
        <turningweight>1</turningweight>
        <constraintstype>velocity</constraintstype>
    </algorithm>
    <options>
        <loglevel>1</loglevel>
        <logpath/>
        <logfilename/>
    </options>
</root>
