<root>
    <map>
        <width>35</width>
        <height>27</height>
        <agents>16</agents>
        <startx>31</startx>
        <starty>16</starty>
        <finishx>29</finishx>
        <finishy>24</finishy>
        <startx>32</startx>
        <starty>2</starty>
        <finishx>21</finishx>
        <finishy>4</finishy>
        <startx>14</startx>
        <starty>2</starty>
        <finishx>5</finishx>
        <finishy>25</finishy>
        <startx>30</startx>
        <starty>1</starty>
        <finishx>27</finishx>
        <finishy>6</finishy>
        <startx>32</startx>
        <starty>21</starty>
        <finishx>26</finishx>
        <finishy>8</finishy>
        <startx>26</startx>
        <starty>3</starty>
        <finishx>32</finishx>
        <finishy>4</finishy>
        <startx>14</startx>
        <starty>8</starty>
        <finishx>19</finishx>
        <finishy>14</finishy>
        <startx>18</startx>
        <starty>24</starty>
        <finishx>16</finishx>
        <finishy>5</finishy>
        <startx>11</startx>
        <starty>25</starty>
        <finishx>2</finishx>
        <finishy>17</finishy>
        <startx>11</startx>
        <starty>20</starty>
        <finishx>3</finishx>
        <finishy>24</finishy>
        <startx>14</startx>
        <starty>4</starty>
        <finishx>8</finishx>
        <finishy>14</finishy>
        <startx>13</startx>
        <starty>23</starty>
        <finishx>1</finishx>
        <finishy>8</finishy>
        <startx>28</startx>
        <starty>4</starty>
        <finishx>1</finishx>
        <finishy>15</finishy>
        <startx>6</startx>
        <starty>23</starty>
        <finishx>3</finishx>
        <finishy>15</finishy>
        <startx>12</startx>
        <starty>1</starty>
        <finishx>15</finishx>
        <finishy>25</finishy>
        <startx>32</startx>
        <starty>8</starty>
        <finishx>24</finishx>
        <finishy>3</finishy>
        <grid>
            <row>0 0 0 0 0 0 0 0 0 0 0 0 0 0 0 0 0 0 0 0 0 0 0 0 0 0 0 0 0 0 0 0 0 0 0 </row>
            <row>0 0 0 0 0 0 0 0 0 0 0 0 0 0 0 0 0 0 0 0 0 0 0 0 0 0 0 0 0 0 0 0 0 0 0 </row>
            <row>0 0 0 0 0 0 0 0 0 0 0 0 0 0 0 0 0 0 0 0 0 0 0 0 0 0 0 0 0 0 0 0 0 0 0 </row>
            <row>0 0 0 0 0 0 0 0 0 0 0 0 0 0 0 0 0 0 0 0 0 0 0 0 0 0 0 0 0 0 0 0 0 0 0 </row>
            <row>0 0 0 0 0 0 0 0 0 0 0 0 0 0 0 0 0 0 0 0 0 0 0 0 0 0 0 0 0 0 0 0 0 0 0 </row>
            <row>0 0 0 0 0 0 1 1 1 1 1 1 1 1 1 1 0 0 0 1 1 1 1 1 1 1 1 1 1 0 0 0 0 0 0 </row>
            <row>0 0 0 0 0 0 0 0 0 0 0 0 0 0 0 0 0 0 0 0 0 0 0 0 0 0 0 0 0 0 0 0 0 0 0 </row>
            <row>0 0 0 0 0 0 0 0 0 0 0 0 0 0 0 0 0 0 0 0 0 0 0 0 0 0 0 0 0 0 0 0 0 0 0 </row>
            <row>0 0 0 0 0 0 0 0 0 0 0 0 0 0 0 0 0 0 0 0 0 0 0 0 0 0 0 0 0 0 0 0 0 0 0 </row>
            <row>0 0 0 0 0 0 1 1 1 1 1 1 1 1 1 1 0 0 0 1 1 1 1 1 1 1 1 1 1 0 0 0 0 0 0 </row>
            <row>0 0 0 0 0 0 0 0 0 0 0 0 0 0 0 0 0 0 0 0 0 0 0 0 0 0 0 0 0 0 0 0 0 0 0 </row>
            <row>0 0 0 0 0 0 0 0 0 0 0 0 0 0 0 0 0 0 0 0 0 0 0 0 0 0 0 0 0 0 0 0 0 0 0 </row>
            <row>0 0 0 0 0 0 0 0 0 0 0 0 0 0 0 0 0 0 0 0 0 0 0 0 0 0 0 0 0 0 0 0 0 0 0 </row>
            <row>0 0 0 0 0 0 1 1 1 1 1 1 1 1 1 1 0 0 0 1 1 1 1 1 1 1 1 1 1 0 0 0 0 0 0 </row>
            <row>0 0 0 0 0 0 0 0 0 0 0 0 0 0 0 0 0 0 0 0 0 0 0 0 0 0 0 0 0 0 0 0 0 0 0 </row>
            <row>0 0 0 0 0 0 0 0 0 0 0 0 0 0 0 0 0 0 0 0 0 0 0 0 0 0 0 0 0 0 0 0 0 0 0 </row>
            <row>0 0 0 0 0 0 0 0 0 0 0 0 0 0 0 0 0 0 0 0 0 0 0 0 0 0 0 0 0 0 0 0 0 0 0 </row>
            <row>0 0 0 0 0 0 1 1 1 1 1 1 1 1 1 1 0 0 0 1 1 1 1 1 1 1 1 1 1 0 0 0 0 0 0 </row>
            <row>0 0 0 0 0 0 0 0 0 0 0 0 0 0 0 0 0 0 0 0 0 0 0 0 0 0 0 0 0 0 0 0 0 0 0 </row>
            <row>0 0 0 0 0 0 0 0 0 0 0 0 0 0 0 0 0 0 0 0 0 0 0 0 0 0 0 0 0 0 0 0 0 0 0 </row>
            <row>0 0 0 0 0 0 0 0 0 0 0 0 0 0 0 0 0 0 0 0 0 0 0 0 0 0 0 0 0 0 0 0 0 0 0 </row>
            <row>0 0 0 0 0 0 1 1 1 1 1 1 1 1 1 1 0 0 0 1 1 1 1 1 1 1 1 1 1 0 0 0 0 0 0 </row>
            <row>0 0 0 0 0 0 0 0 0 0 0 0 0 0 0 0 0 0 0 0 0 0 0 0 0 0 0 0 0 0 0 0 0 0 0 </row>
            <row>0 0 0 0 0 0 0 0 0 0 0 0 0 0 0 0 0 0 0 0 0 0 0 0 0 0 0 0 0 0 0 0 0 0 0 </row>
            <row>0 0 0 0 0 0 0 0 0 0 0 0 0 0 0 0 0 0 0 0 0 0 0 0 0 0 0 0 0 0 0 0 0 0 0 </row>
            <row>0 0 0 0 0 0 0 0 0 0 0 0 0 0 0 0 0 0 0 0 0 0 0 0 0 0 0 0 0 0 0 0 0 0 0 </row>
            <row>0 0 0 0 0 0 0 0 0 0 0 0 0 0 0 0 0 0 0 0 0 0 0 0 0 0 0 0 0 0 0 0 0 0 0 </row>
        </grid>
    </map>
    <algorithm>
        <allowanyangle>true</allowanyangle>
        <hweight>1</hweight>
        <startsafeinterval>5</startsafeinterval>
        <rescheduling>no</rescheduling>
        <prioritization>fifo</prioritization>
        <turningweight>1</turningweight>
        <constraintstype>velocity</constraintstype>
    </algorithm>
    <options>
        <loglevel>1</loglevel>
        <logpath/>
        <logfilename/>
    </options>
</root>
