<root>
    <map>
        <width>35</width>
        <height>27</height>
        <agents>16</agents>
        <startx>4</startx>
        <starty>3</starty>
        <finishx>32</finishx>
        <finishy>2</finishy>
        <startx>29</startx>
        <starty>8</starty>
        <finishx>16</finishx>
        <finishy>2</finishy>
        <startx>20</startx>
        <starty>11</starty>
        <finishx>31</finishx>
        <finishy>23</finishy>
        <startx>19</startx>
        <starty>4</starty>
        <finishx>3</finishx>
        <finishy>11</finishy>
        <startx>4</startx>
        <starty>16</starty>
        <finishx>2</finishx>
        <finishy>6</finishy>
        <startx>30</startx>
        <starty>1</starty>
        <finishx>27</finishx>
        <finishy>6</finishy>
        <startx>18</startx>
        <starty>17</starty>
        <finishx>10</finishx>
        <finishy>12</finishy>
        <startx>20</startx>
        <starty>2</starty>
        <finishx>29</finishx>
        <finishy>5</finishy>
        <startx>32</startx>
        <starty>6</starty>
        <finishx>29</finishx>
        <finishy>18</finishy>
        <startx>22</startx>
        <starty>23</starty>
        <finishx>11</finishx>
        <finishy>15</finishy>
        <startx>5</startx>
        <starty>1</starty>
        <finishx>6</finishx>
        <finishy>11</finishy>
        <startx>8</startx>
        <starty>19</starty>
        <finishx>27</finishx>
        <finishy>8</finishy>
        <startx>20</startx>
        <starty>19</starty>
        <finishx>3</finishx>
        <finishy>14</finishy>
        <startx>9</startx>
        <starty>10</starty>
        <finishx>33</finishx>
        <finishy>4</finishy>
        <startx>2</startx>
        <starty>19</starty>
        <finishx>29</finishx>
        <finishy>10</finishy>
        <startx>1</startx>
        <starty>15</starty>
        <finishx>13</finishx>
        <finishy>24</finishy>
        <grid>
            <row>0 0 0 0 0 0 0 0 0 0 0 0 0 0 0 0 0 0 0 0 0 0 0 0 0 0 0 0 0 0 0 0 0 0 0 </row>
            <row>0 0 0 0 0 0 0 0 0 0 0 0 0 0 0 0 0 0 0 0 0 0 0 0 0 0 0 0 0 0 0 0 0 0 0 </row>
            <row>0 0 0 0 0 0 0 0 0 0 0 0 0 0 0 0 0 0 0 0 0 0 0 0 0 0 0 0 0 0 0 0 0 0 0 </row>
            <row>0 0 0 0 0 0 0 0 0 0 0 0 0 0 0 0 0 0 0 0 0 0 0 0 0 0 0 0 0 0 0 0 0 0 0 </row>
            <row>0 0 0 0 0 0 0 0 0 0 0 0 0 0 0 0 0 0 0 0 0 0 0 0 0 0 0 0 0 0 0 0 0 0 0 </row>
            <row>0 0 0 0 0 0 1 1 1 1 1 1 1 1 1 1 0 0 0 1 1 1 1 1 1 1 1 1 1 0 0 0 0 0 0 </row>
            <row>0 0 0 0 0 0 0 0 0 0 0 0 0 0 0 0 0 0 0 0 0 0 0 0 0 0 0 0 0 0 0 0 0 0 0 </row>
            <row>0 0 0 0 0 0 0 0 0 0 0 0 0 0 0 0 0 0 0 0 0 0 0 0 0 0 0 0 0 0 0 0 0 0 0 </row>
            <row>0 0 0 0 0 0 0 0 0 0 0 0 0 0 0 0 0 0 0 0 0 0 0 0 0 0 0 0 0 0 0 0 0 0 0 </row>
            <row>0 0 0 0 0 0 1 1 1 1 1 1 1 1 1 1 0 0 0 1 1 1 1 1 1 1 1 1 1 0 0 0 0 0 0 </row>
            <row>0 0 0 0 0 0 0 0 0 0 0 0 0 0 0 0 0 0 0 0 0 0 0 0 0 0 0 0 0 0 0 0 0 0 0 </row>
            <row>0 0 0 0 0 0 0 0 0 0 0 0 0 0 0 0 0 0 0 0 0 0 0 0 0 0 0 0 0 0 0 0 0 0 0 </row>
            <row>0 0 0 0 0 0 0 0 0 0 0 0 0 0 0 0 0 0 0 0 0 0 0 0 0 0 0 0 0 0 0 0 0 0 0 </row>
            <row>0 0 0 0 0 0 1 1 1 1 1 1 1 1 1 1 0 0 0 1 1 1 1 1 1 1 1 1 1 0 0 0 0 0 0 </row>
            <row>0 0 0 0 0 0 0 0 0 0 0 0 0 0 0 0 0 0 0 0 0 0 0 0 0 0 0 0 0 0 0 0 0 0 0 </row>
            <row>0 0 0 0 0 0 0 0 0 0 0 0 0 0 0 0 0 0 0 0 0 0 0 0 0 0 0 0 0 0 0 0 0 0 0 </row>
            <row>0 0 0 0 0 0 0 0 0 0 0 0 0 0 0 0 0 0 0 0 0 0 0 0 0 0 0 0 0 0 0 0 0 0 0 </row>
            <row>0 0 0 0 0 0 1 1 1 1 1 1 1 1 1 1 0 0 0 1 1 1 1 1 1 1 1 1 1 0 0 0 0 0 0 </row>
            <row>0 0 0 0 0 0 0 0 0 0 0 0 0 0 0 0 0 0 0 0 0 0 0 0 0 0 0 0 0 0 0 0 0 0 0 </row>
            <row>0 0 0 0 0 0 0 0 0 0 0 0 0 0 0 0 0 0 0 0 0 0 0 0 0 0 0 0 0 0 0 0 0 0 0 </row>
            <row>0 0 0 0 0 0 0 0 0 0 0 0 0 0 0 0 0 0 0 0 0 0 0 0 0 0 0 0 0 0 0 0 0 0 0 </row>
            <row>0 0 0 0 0 0 1 1 1 1 1 1 1 1 1 1 0 0 0 1 1 1 1 1 1 1 1 1 1 0 0 0 0 0 0 </row>
            <row>0 0 0 0 0 0 0 0 0 0 0 0 0 0 0 0 0 0 0 0 0 0 0 0 0 0 0 0 0 0 0 0 0 0 0 </row>
            <row>0 0 0 0 0 0 0 0 0 0 0 0 0 0 0 0 0 0 0 0 0 0 0 0 0 0 0 0 0 0 0 0 0 0 0 </row>
            <row>0 0 0 0 0 0 0 0 0 0 0 0 0 0 0 0 0 0 0 0 0 0 0 0 0 0 0 0 0 0 0 0 0 0 0 </row>
            <row>0 0 0 0 0 0 0 0 0 0 0 0 0 0 0 0 0 0 0 0 0 0 0 0 0 0 0 0 0 0 0 0 0 0 0 </row>
            <row>0 0 0 0 0 0 0 0 0 0 0 0 0 0 0 0 0 0 0 0 0 0 0 0 0 0 0 0 0 0 0 0 0 0 0 </row>
        </grid>
    </map>
    <algorithm>
        <allowanyangle>true</allowanyangle>
        <hweight>1</hweight>
        <startsafeinterval>5</startsafeinterval>
        <rescheduling>no</rescheduling>
        <prioritization>fifo</prioritization>
        <turningweight>1</turningweight>
        <constraintstype>velocity</constraintstype>
    </algorithm>
    <options>
        <loglevel>1</loglevel>
        <logpath/>
        <logfilename/>
    </options>
</root>
